inventory_id,warehouse_id,product_id,quantity,available_stock,reserved_stock,last_updated
INV00001,WH001,PROD003,1162,1084,78,2026-06-03 09:21:00
INV00002,WH001,PROD005,25,2,23,2026-07-01 13:59:00
INV00003,WH001,PROD014,1408,1321,87,2026-06-15 10:53:00
INV00004,WH001,PROD015,759,692,67,2026-06-20 20:54:00
INV00005,WH001,PROD016,20,8,12,2026-06-26 08:00:00
INV00006,WH001,PROD017,619,604,15,2026-07-23 14:15:00
INV00007,WH001,PROD019,312,247,65,2026-06-05 08:34:00
INV00008,WH001,PROD020,1082,1003,79,2026-06-02 16:55:00
INV00009,WH001,PROD025,1571,1460,111,2026-07-21 09:49:00
INV00010,WH001,PROD026,1183,1167,16,2026-07-08 06:34:00
INV00011,WH001,PROD032,433,387,46,2026-07-25 07:59:00
INV00012,WH001,PROD034,903,822,81,2026-06-12 17:41:00
INV00013,WH001,PROD035,1126,1029,97,2026-06-06 10:41:00
INV00014,WH001,PROD036,263,192,71,2026-06-07 04:59:00
INV00015,WH001,PROD038,539,496,43,2026-07-13 09:42:00
INV00016,WH001,PROD041,1053,1023,30,2026-06-14 23:10:00
INV00017,WH001,PROD042,848,741,107,2026-06-20 17:44:00
INV00018,WH001,PROD049,324,306,18,2026-06-10 03:54:00
INV00019,WH001,PROD051,325,285,40,2026-07-20 08:11:00
INV00020,WH001,PROD052,29,10,19,2026-06-08 16:49:00
INV00021,WH001,PROD058,1180,1102,78,2026-07-03 03:30:00
INV00022,WH001,PROD062,365,320,45,2026-06-23 02:22:00
INV00023,WH001,PROD063,650,537,113,2026-07-05 08:46:00
INV00024,WH001,PROD064,26,2,24,2026-06-05 05:09:00
INV00025,WH001,PROD065,1321,1245,76,2026-06-13 15:59:00
INV00026,WH001,PROD072,265,211,54,2026-06-22 12:50:00
INV00027,WH001,PROD074,1222,1199,23,2026-07-20 12:13:00
INV00028,WH001,PROD076,1544,1455,89,2026-07-01 18:47:00
INV00029,WH001,PROD079,719,614,105,2026-07-24 21:59:00
INV00030,WH001,PROD082,1364,1291,73,2026-07-20 14:24:00
INV00031,WH001,PROD083,614,557,57,2026-07-28 01:02:00
INV00032,WH001,PROD086,1329,1319,10,2026-06-23 00:42:00
INV00033,WH001,PROD087,936,843,93,2026-06-27 23:53:00
INV00034,WH001,PROD088,29,14,15,2026-06-06 04:53:00
INV00035,WH001,PROD091,24,3,21,2026-07-08 04:30:00
INV00036,WH001,PROD092,927,847,80,2026-06-08 19:51:00
INV00037,WH001,PROD095,35,10,25,2026-06-16 09:34:00
INV00038,WH001,PROD098,276,229,47,2026-07-25 03:03:00
INV00039,WH001,PROD101,525,430,95,2026-07-15 08:52:00
INV00040,WH001,PROD102,753,724,29,2026-06-22 13:04:00
INV00041,WH001,PROD105,359,303,56,2026-07-02 09:47:00
INV00042,WH001,PROD106,215,203,12,2026-06-19 10:11:00
INV00043,WH001,PROD108,1252,1225,27,2026-07-09 19:54:00
INV00044,WH001,PROD111,11,3,8,2026-06-17 10:20:00
INV00045,WH001,PROD112,1363,1330,33,2026-06-14 18:51:00
INV00046,WH001,PROD114,14,8,6,2026-06-20 17:48:00
INV00047,WH001,PROD115,432,313,119,2026-07-22 22:35:00
INV00048,WH001,PROD116,1366,1268,98,2026-06-20 17:42:00
INV00049,WH001,PROD118,294,233,61,2026-06-20 13:05:00
INV00050,WH001,PROD120,300,256,44,2026-06-09 02:06:00
INV00051,WH001,PROD126,243,158,85,2026-06-07 15:02:00
INV00052,WH001,PROD129,1037,981,56,2026-07-05 03:16:00
INV00053,WH001,PROD138,738,657,81,2026-06-06 10:10:00
INV00054,WH001,PROD141,444,362,82,2026-07-11 00:30:00
INV00055,WH001,PROD144,509,409,100,2026-06-11 23:52:00
INV00056,WH001,PROD146,713,638,75,2026-06-27 00:43:00
INV00057,WH001,PROD147,1375,1331,44,2026-07-21 23:49:00
INV00058,WH001,PROD152,1344,1271,73,2026-06-16 01:27:00
INV00059,WH001,PROD153,1040,945,95,2026-06-13 16:18:00
INV00060,WH001,PROD155,1420,1359,61,2026-06-27 18:18:00
INV00061,WH001,PROD156,493,405,88,2026-07-16 13:16:00
INV00062,WH001,PROD159,225,152,73,2026-06-08 12:37:00
INV00063,WH001,PROD160,454,412,42,2026-07-07 05:52:00
INV00064,WH001,PROD161,684,659,25,2026-06-09 22:02:00
INV00065,WH001,PROD164,286,245,41,2026-07-17 02:43:00
INV00066,WH001,PROD166,753,716,37,2026-06-08 18:00:00
INV00067,WH001,PROD167,477,376,101,2026-07-24 22:00:00
INV00068,WH001,PROD168,625,572,53,2026-06-29 04:09:00
INV00069,WH001,PROD170,512,402,110,2026-07-26 11:20:00
INV00070,WH001,PROD171,1558,1500,58,2026-07-04 21:17:00
INV00071,WH001,PROD173,1485,1450,35,2026-06-10 06:24:00
INV00072,WH001,PROD175,742,647,95,2026-07-02 15:17:00
INV00073,WH001,PROD180,198,156,42,2026-06-28 14:10:00
INV00074,WH001,PROD184,20,14,6,2026-07-04 09:13:00
INV00075,WH001,PROD185,484,438,46,2026-06-19 08:11:00
INV00076,WH001,PROD186,1130,1119,11,2026-07-21 16:04:00
INV00077,WH001,PROD190,824,770,54,2026-07-12 07:28:00
INV00078,WH001,PROD193,834,714,120,2026-07-24 15:24:00
INV00079,WH001,PROD195,672,601,71,2026-06-29 04:01:00
INV00080,WH001,PROD200,1237,1145,92,2026-06-25 07:35:00
INV00081,WH001,PROD201,402,374,28,2026-06-18 23:23:00
INV00082,WH001,PROD204,450,352,98,2026-06-18 21:33:00
INV00083,WH001,PROD206,1081,976,105,2026-06-02 02:36:00
INV00084,WH001,PROD209,667,644,23,2026-07-28 09:16:00
INV00085,WH001,PROD212,1394,1288,106,2026-07-25 19:36:00
INV00086,WH001,PROD214,601,524,77,2026-07-11 15:33:00
INV00087,WH001,PROD223,15,10,5,2026-07-20 22:49:00
INV00088,WH001,PROD224,930,848,82,2026-06-01 15:12:00
INV00089,WH001,PROD225,880,777,103,2026-07-17 13:16:00
INV00090,WH001,PROD227,1394,1350,44,2026-06-13 20:25:00
INV00091,WH001,PROD229,1394,1307,87,2026-07-07 11:06:00
INV00092,WH001,PROD230,640,551,89,2026-07-27 07:20:00
INV00093,WH001,PROD233,26,11,15,2026-07-01 07:34:00
INV00094,WH001,PROD237,1071,1032,39,2026-07-06 00:44:00
INV00095,WH001,PROD242,27,4,23,2026-06-15 13:55:00
INV00096,WH001,PROD245,32,13,19,2026-07-05 23:04:00
INV00097,WH001,PROD251,36,14,22,2026-07-16 04:14:00
INV00098,WH001,PROD252,946,909,37,2026-06-07 01:16:00
INV00099,WH001,PROD254,36,13,23,2026-06-08 08:41:00
INV00100,WH001,PROD255,645,578,67,2026-06-06 10:59:00
INV00101,WH001,PROD256,366,341,25,2026-07-22 08:50:00
INV00102,WH001,PROD257,1543,1438,105,2026-07-19 07:02:00
INV00103,WH001,PROD261,1303,1258,45,2026-06-11 21:48:00
INV00104,WH001,PROD266,1162,1152,10,2026-07-23 06:50:00
INV00105,WH001,PROD276,406,354,52,2026-06-06 16:37:00
INV00106,WH001,PROD278,801,718,83,2026-06-01 13:44:00
INV00107,WH001,PROD283,1131,1076,55,2026-07-06 22:10:00
INV00108,WH001,PROD284,8,0,8,2026-07-13 08:12:00
INV00109,WH001,PROD288,659,629,30,2026-07-18 01:46:00
INV00110,WH001,PROD290,693,578,115,2026-06-13 04:18:00
INV00111,WH001,PROD291,1164,1070,94,2026-06-15 19:08:00
INV00112,WH001,PROD292,22,11,11,2026-07-11 09:53:00
INV00113,WH001,PROD293,308,279,29,2026-07-24 05:30:00
INV00114,WH001,PROD296,948,917,31,2026-06-03 17:11:00
INV00115,WH001,PROD298,435,372,63,2026-06-06 05:13:00
INV00116,WH001,PROD300,21,3,18,2026-06-28 07:44:00
INV00117,WH001,PROD301,1259,1215,44,2026-07-16 17:56:00
INV00118,WH001,PROD304,1434,1349,85,2026-06-22 14:10:00
INV00119,WH001,PROD305,1327,1241,86,2026-07-13 18:13:00
INV00120,WH001,PROD309,566,502,64,2026-07-10 14:17:00
INV00121,WH001,PROD311,675,588,87,2026-07-17 00:12:00
INV00122,WH001,PROD312,1304,1246,58,2026-06-30 02:55:00
INV00123,WH001,PROD313,520,409,111,2026-07-28 01:14:00
INV00124,WH001,PROD316,459,381,78,2026-07-06 15:25:00
INV00125,WH001,PROD317,510,426,84,2026-06-04 16:11:00
INV00126,WH001,PROD318,447,408,39,2026-06-16 01:32:00
INV00127,WH001,PROD320,380,301,79,2026-06-16 17:35:00
INV00128,WH001,PROD321,23,2,21,2026-06-17 08:21:00
INV00129,WH001,PROD322,630,515,115,2026-06-03 13:31:00
INV00130,WH001,PROD323,472,436,36,2026-07-22 07:44:00
INV00131,WH001,PROD324,528,452,76,2026-07-10 14:04:00
INV00132,WH001,PROD327,1360,1269,91,2026-06-06 23:48:00
INV00133,WH001,PROD328,746,715,31,2026-07-25 10:01:00
INV00134,WH001,PROD333,5,0,5,2026-07-20 21:44:00
INV00135,WH001,PROD336,7,2,5,2026-06-21 05:48:00
INV00136,WH001,PROD341,1440,1349,91,2026-06-06 02:44:00
INV00137,WH001,PROD342,464,351,113,2026-06-29 17:41:00
INV00138,WH001,PROD343,1551,1441,110,2026-07-18 19:01:00
INV00139,WH001,PROD345,845,790,55,2026-06-25 21:07:00
INV00140,WH001,PROD352,1546,1472,74,2026-06-19 09:16:00
INV00141,WH001,PROD357,531,452,79,2026-07-09 21:36:00
INV00142,WH001,PROD358,1201,1155,46,2026-07-04 02:09:00
INV00143,WH001,PROD363,848,741,107,2026-07-03 19:50:00
INV00144,WH001,PROD366,32,15,17,2026-06-03 16:27:00
INV00145,WH001,PROD368,1392,1377,15,2026-06-04 00:42:00
INV00146,WH001,PROD374,964,923,41,2026-06-23 20:21:00
INV00147,WH001,PROD378,29,8,21,2026-07-04 04:25:00
INV00148,WH001,PROD381,657,632,25,2026-06-27 04:51:00
INV00149,WH001,PROD382,847,808,39,2026-06-24 21:03:00
INV00150,WH001,PROD385,613,498,115,2026-07-21 18:24:00
INV00151,WH001,PROD387,310,230,80,2026-07-11 15:03:00
INV00152,WH001,PROD388,1030,990,40,2026-07-09 19:35:00
INV00153,WH001,PROD391,239,184,55,2026-07-20 19:49:00
INV00154,WH001,PROD393,1345,1226,119,2026-06-12 04:04:00
INV00155,WH001,PROD406,9,3,6,2026-07-26 12:16:00
INV00156,WH001,PROD410,1313,1288,25,2026-07-04 23:00:00
INV00157,WH001,PROD413,782,679,103,2026-07-25 20:11:00
INV00158,WH001,PROD414,1240,1170,70,2026-07-27 07:33:00
INV00159,WH001,PROD421,635,534,101,2026-07-04 20:04:00
INV00160,WH001,PROD422,508,467,41,2026-07-14 02:09:00
INV00161,WH001,PROD431,843,754,89,2026-07-17 05:33:00
INV00162,WH001,PROD436,874,779,95,2026-06-27 09:10:00
INV00163,WH001,PROD437,22,4,18,2026-06-24 23:46:00
INV00164,WH001,PROD440,653,588,65,2026-06-07 09:49:00
INV00165,WH001,PROD441,302,233,69,2026-07-23 12:18:00
INV00166,WH001,PROD442,1038,948,90,2026-06-11 11:48:00
INV00167,WH001,PROD444,283,236,47,2026-06-12 12:50:00
INV00168,WH001,PROD446,1001,905,96,2026-06-22 17:43:00
INV00169,WH001,PROD448,231,197,34,2026-07-13 02:30:00
INV00170,WH001,PROD451,785,723,62,2026-07-26 09:32:00
INV00171,WH001,PROD456,1350,1236,114,2026-07-03 00:49:00
INV00172,WH001,PROD457,927,904,23,2026-06-16 17:44:00
INV00173,WH001,PROD458,746,714,32,2026-06-22 23:08:00
INV00174,WH001,PROD462,392,276,116,2026-07-14 22:21:00
INV00175,WH001,PROD466,26,1,25,2026-07-25 09:15:00
INV00176,WH001,PROD468,614,577,37,2026-07-19 11:12:00
INV00177,WH001,PROD473,1394,1352,42,2026-06-21 22:07:00
INV00178,WH001,PROD479,477,439,38,2026-07-22 03:05:00
INV00179,WH001,PROD482,38,14,24,2026-07-04 14:46:00
INV00180,WH001,PROD485,1289,1264,25,2026-06-04 19:12:00
INV00181,WH001,PROD487,1463,1442,21,2026-07-14 06:31:00
INV00182,WH001,PROD488,1529,1468,61,2026-06-21 07:02:00
INV00183,WH001,PROD489,340,221,119,2026-07-17 02:05:00
INV00184,WH001,PROD491,1272,1184,88,2026-07-02 10:24:00
INV00185,WH001,PROD493,34,13,21,2026-07-20 17:46:00
INV00186,WH001,PROD494,182,171,11,2026-06-12 06:52:00
INV00187,WH001,PROD497,8,3,5,2026-06-22 13:07:00
INV00188,WH001,PROD498,1490,1373,117,2026-07-04 00:15:00
INV00189,WH002,PROD001,1169,1117,52,2026-07-11 22:31:00
INV00190,WH002,PROD006,1416,1370,46,2026-06-08 23:58:00
INV00191,WH002,PROD014,1431,1421,10,2026-07-14 06:25:00
INV00192,WH002,PROD016,969,858,111,2026-06-09 01:04:00
INV00193,WH002,PROD022,421,402,19,2026-07-26 16:40:00
INV00194,WH002,PROD031,418,372,46,2026-07-05 09:14:00
INV00195,WH002,PROD033,1204,1127,77,2026-06-22 00:37:00
INV00196,WH002,PROD034,24,6,18,2026-06-11 23:10:00
INV00197,WH002,PROD035,1469,1382,87,2026-07-03 04:04:00
INV00198,WH002,PROD038,881,836,45,2026-06-22 13:04:00
INV00199,WH002,PROD040,15,9,6,2026-06-09 16:34:00
INV00200,WH002,PROD044,342,237,105,2026-07-24 11:40:00
INV00201,WH002,PROD048,22,7,15,2026-07-02 12:27:00
INV00202,WH002,PROD050,355,244,111,2026-07-04 22:06:00
INV00203,WH002,PROD053,22,13,9,2026-07-20 00:02:00
INV00204,WH002,PROD057,1232,1215,17,2026-07-27 06:23:00
INV00205,WH002,PROD061,418,331,87,2026-07-23 00:24:00
INV00206,WH002,PROD063,366,298,68,2026-06-21 23:13:00
INV00207,WH002,PROD065,16,6,10,2026-06-17 10:22:00
INV00208,WH002,PROD066,23,5,18,2026-06-28 18:06:00
INV00209,WH002,PROD067,1261,1143,118,2026-06-28 17:41:00
INV00210,WH002,PROD068,670,581,89,2026-07-04 08:18:00
INV00211,WH002,PROD071,402,387,15,2026-06-16 09:57:00
INV00212,WH002,PROD074,1341,1230,111,2026-06-29 06:21:00
INV00213,WH002,PROD083,1347,1276,71,2026-07-18 16:08:00
INV00214,WH002,PROD088,665,628,37,2026-07-12 11:39:00
INV00215,WH002,PROD094,375,359,16,2026-07-13 11:28:00
INV00216,WH002,PROD095,1402,1390,12,2026-07-23 01:32:00
INV00217,WH002,PROD097,1421,1339,82,2026-07-16 02:51:00
INV00218,WH002,PROD103,605,522,83,2026-06-02 22:28:00
INV00219,WH002,PROD106,573,489,84,2026-06-26 19:45:00
INV00220,WH002,PROD107,1101,1011,90,2026-07-20 19:36:00
INV00221,WH002,PROD109,1604,1495,109,2026-06-19 17:41:00
INV00222,WH002,PROD112,1170,1084,86,2026-06-06 16:18:00
INV00223,WH002,PROD113,28,12,16,2026-07-11 18:15:00
INV00224,WH002,PROD119,26,3,23,2026-06-19 00:49:00
INV00225,WH002,PROD120,1365,1316,49,2026-07-10 06:11:00
INV00226,WH002,PROD121,551,528,23,2026-07-24 07:18:00
INV00227,WH002,PROD122,1139,1030,109,2026-06-26 18:35:00
INV00228,WH002,PROD123,1002,985,17,2026-07-10 22:01:00
INV00229,WH002,PROD124,537,467,70,2026-06-26 20:07:00
INV00230,WH002,PROD126,275,212,63,2026-07-12 14:11:00
INV00231,WH002,PROD133,1349,1300,49,2026-07-17 07:33:00
INV00232,WH002,PROD136,1434,1383,51,2026-06-24 20:15:00
INV00233,WH002,PROD138,509,433,76,2026-07-13 17:48:00
INV00234,WH002,PROD139,14,0,14,2026-07-28 11:26:00
INV00235,WH002,PROD140,466,441,25,2026-07-28 22:36:00
INV00236,WH002,PROD141,264,211,53,2026-07-06 04:25:00
INV00237,WH002,PROD142,1320,1265,55,2026-07-14 04:27:00
INV00238,WH002,PROD143,1298,1277,21,2026-06-25 18:24:00
INV00239,WH002,PROD149,389,299,90,2026-07-24 06:00:00
INV00240,WH002,PROD153,1135,1022,113,2026-06-07 21:53:00
INV00241,WH002,PROD156,567,539,28,2026-07-22 16:20:00
INV00242,WH002,PROD158,502,396,106,2026-06-17 06:49:00
INV00243,WH002,PROD162,534,455,79,2026-06-16 18:50:00
INV00244,WH002,PROD163,1310,1192,118,2026-06-18 20:57:00
INV00245,WH002,PROD164,10,5,5,2026-07-01 07:00:00
INV00246,WH002,PROD166,34,13,21,2026-07-09 12:58:00
INV00247,WH002,PROD167,280,262,18,2026-06-08 12:32:00
INV00248,WH002,PROD170,565,545,20,2026-07-23 19:21:00
INV00249,WH002,PROD176,317,202,115,2026-06-04 02:24:00
INV00250,WH002,PROD178,1565,1477,88,2026-06-18 02:18:00
INV00251,WH002,PROD187,827,808,19,2026-06-04 14:26:00
INV00252,WH002,PROD189,1559,1439,120,2026-07-04 06:55:00
INV00253,WH002,PROD190,1530,1464,66,2026-06-27 20:09:00
INV00254,WH002,PROD192,23,7,16,2026-07-11 08:17:00
INV00255,WH002,PROD194,34,14,20,2026-06-29 19:18:00
INV00256,WH002,PROD195,1086,1069,17,2026-07-27 04:46:00
INV00257,WH002,PROD196,1113,993,120,2026-07-13 04:38:00
INV00258,WH002,PROD199,7,2,5,2026-07-18 15:46:00
INV00259,WH002,PROD202,1007,937,70,2026-06-04 05:36:00
INV00260,WH002,PROD213,373,286,87,2026-07-20 08:01:00
INV00261,WH002,PROD214,1319,1242,77,2026-06-17 02:12:00
INV00262,WH002,PROD215,693,625,68,2026-06-06 04:59:00
INV00263,WH002,PROD217,601,500,101,2026-06-13 11:58:00
INV00264,WH002,PROD219,1129,1106,23,2026-07-05 02:29:00
INV00265,WH002,PROD222,13,3,10,2026-06-06 19:10:00
INV00266,WH002,PROD224,15,7,8,2026-07-19 13:15:00
INV00267,WH002,PROD227,895,800,95,2026-06-09 14:31:00
INV00268,WH002,PROD229,974,920,54,2026-06-08 06:13:00
INV00269,WH002,PROD233,1361,1266,95,2026-06-19 09:16:00
INV00270,WH002,PROD236,597,495,102,2026-07-26 18:20:00
INV00271,WH002,PROD238,26,9,17,2026-07-03 01:52:00
INV00272,WH002,PROD241,22,9,13,2026-06-04 07:28:00
INV00273,WH002,PROD251,400,358,42,2026-06-26 15:34:00
INV00274,WH002,PROD254,23,14,9,2026-07-18 15:42:00
INV00275,WH002,PROD262,336,303,33,2026-06-01 05:40:00
INV00276,WH002,PROD263,25,5,20,2026-06-07 20:12:00
INV00277,WH002,PROD266,564,501,63,2026-07-07 17:21:00
INV00278,WH002,PROD268,1464,1392,72,2026-06-29 07:48:00
INV00279,WH002,PROD269,739,624,115,2026-07-26 17:15:00
INV00280,WH002,PROD274,1323,1205,118,2026-06-12 17:43:00
INV00281,WH002,PROD276,271,209,62,2026-06-22 07:36:00
INV00282,WH002,PROD278,300,196,104,2026-07-02 22:37:00
INV00283,WH002,PROD279,1118,1027,91,2026-06-26 21:59:00
INV00284,WH002,PROD280,1197,1129,68,2026-07-15 01:25:00
INV00285,WH002,PROD289,706,633,73,2026-07-28 12:33:00
INV00286,WH002,PROD294,209,181,28,2026-06-24 00:24:00
INV00287,WH002,PROD295,1519,1499,20,2026-07-24 05:11:00
INV00288,WH002,PROD301,875,821,54,2026-07-14 05:05:00
INV00289,WH002,PROD306,1596,1500,96,2026-06-24 00:49:00
INV00290,WH002,PROD308,431,364,67,2026-07-14 08:25:00
INV00291,WH002,PROD309,402,299,103,2026-07-04 20:49:00
INV00292,WH002,PROD310,1337,1318,19,2026-06-09 10:36:00
INV00293,WH002,PROD311,1434,1366,68,2026-06-03 17:37:00
INV00294,WH002,PROD312,796,699,97,2026-06-16 13:39:00
INV00295,WH002,PROD315,1315,1269,46,2026-07-26 00:10:00
INV00296,WH002,PROD327,16,10,6,2026-07-22 01:38:00
INV00297,WH002,PROD328,1299,1260,39,2026-06-28 23:38:00
INV00298,WH002,PROD329,1231,1189,42,2026-06-19 20:08:00
INV00299,WH002,PROD330,928,841,87,2026-07-25 23:39:00
INV00300,WH002,PROD333,375,285,90,2026-07-12 02:18:00
INV00301,WH002,PROD334,1357,1267,90,2026-07-03 14:51:00
INV00302,WH002,PROD336,1505,1491,14,2026-06-29 02:22:00
INV00303,WH002,PROD337,1304,1264,40,2026-06-26 14:24:00
INV00304,WH002,PROD339,1573,1494,79,2026-06-12 00:59:00
INV00305,WH002,PROD342,974,929,45,2026-07-20 02:39:00
INV00306,WH002,PROD347,39,14,25,2026-07-02 19:34:00
INV00307,WH002,PROD348,536,457,79,2026-07-25 19:36:00
INV00308,WH002,PROD357,1242,1168,74,2026-07-16 04:53:00
INV00309,WH002,PROD360,1257,1207,50,2026-07-07 06:31:00
INV00310,WH002,PROD361,1481,1467,14,2026-07-05 10:43:00
INV00311,WH002,PROD378,1528,1467,61,2026-06-12 21:40:00
INV00312,WH002,PROD380,313,256,57,2026-07-15 08:56:00
INV00313,WH002,PROD381,28,12,16,2026-06-25 23:39:00
INV00314,WH002,PROD383,1383,1315,68,2026-06-03 00:43:00
INV00315,WH002,PROD386,18,5,13,2026-07-20 23:21:00
INV00316,WH002,PROD388,708,664,44,2026-06-12 16:25:00
INV00317,WH002,PROD390,611,551,60,2026-06-09 11:52:00
INV00318,WH002,PROD391,577,530,47,2026-07-11 07:40:00
INV00319,WH002,PROD395,1337,1240,97,2026-07-18 18:54:00
INV00320,WH002,PROD396,665,605,60,2026-07-26 06:34:00
INV00321,WH002,PROD400,444,361,83,2026-06-22 12:10:00
INV00322,WH002,PROD407,918,821,97,2026-06-12 17:48:00
INV00323,WH002,PROD410,585,514,71,2026-06-22 12:10:00
INV00324,WH002,PROD411,1007,976,31,2026-07-08 07:55:00
INV00325,WH002,PROD412,1287,1234,53,2026-07-09 21:23:00
INV00326,WH002,PROD414,24,3,21,2026-07-06 22:25:00
INV00327,WH002,PROD421,1485,1472,13,2026-07-02 16:16:00
INV00328,WH002,PROD423,1412,1294,118,2026-06-21 00:39:00
INV00329,WH002,PROD426,810,738,72,2026-07-23 08:14:00
INV00330,WH002,PROD427,17,3,14,2026-07-27 21:57:00
INV00331,WH002,PROD431,385,302,83,2026-07-24 03:58:00
INV00332,WH002,PROD436,558,487,71,2026-06-04 06:33:00
INV00333,WH002,PROD439,1393,1341,52,2026-06-16 08:50:00
INV00334,WH002,PROD445,22,6,16,2026-06-26 09:05:00
INV00335,WH002,PROD448,438,370,68,2026-06-21 10:12:00
INV00336,WH002,PROD452,21,11,10,2026-07-10 06:52:00
INV00337,WH002,PROD453,1327,1224,103,2026-06-07 07:51:00
INV00338,WH002,PROD457,917,799,118,2026-06-03 00:39:00
INV00339,WH002,PROD458,574,456,118,2026-07-15 20:51:00
INV00340,WH002,PROD459,8,1,7,2026-07-20 11:11:00
INV00341,WH002,PROD461,1321,1233,88,2026-06-08 22:37:00
INV00342,WH002,PROD465,354,273,81,2026-07-09 23:53:00
INV00343,WH002,PROD470,20,0,20,2026-06-18 11:08:00
INV00344,WH002,PROD472,1303,1228,75,2026-07-06 11:25:00
INV00345,WH002,PROD473,854,827,27,2026-07-06 13:26:00
INV00346,WH002,PROD478,28,13,15,2026-07-21 14:34:00
INV00347,WH002,PROD479,541,493,48,2026-06-09 15:45:00
INV00348,WH002,PROD480,775,722,53,2026-07-05 20:21:00
INV00349,WH002,PROD485,958,894,64,2026-07-21 10:50:00
INV00350,WH002,PROD488,827,739,88,2026-06-12 16:08:00
INV00351,WH002,PROD490,481,393,88,2026-06-06 22:27:00
INV00352,WH002,PROD491,441,428,13,2026-07-25 00:56:00
INV00353,WH002,PROD492,18,9,9,2026-06-24 20:14:00
INV00354,WH002,PROD493,337,298,39,2026-06-16 04:41:00
INV00355,WH002,PROD497,502,387,115,2026-07-22 10:55:00
INV00356,WH002,PROD498,197,161,36,2026-06-21 10:30:00
INV00357,WH002,PROD500,24,13,11,2026-07-06 23:11:00
INV00358,WH003,PROD002,817,771,46,2026-06-19 16:33:00
INV00359,WH003,PROD004,1410,1351,59,2026-07-10 22:31:00
INV00360,WH003,PROD005,25,13,12,2026-06-29 20:50:00
INV00361,WH003,PROD007,1514,1467,47,2026-06-27 04:47:00
INV00362,WH003,PROD009,21,5,16,2026-06-24 09:13:00
INV00363,WH003,PROD011,1244,1226,18,2026-06-14 05:45:00
INV00364,WH003,PROD021,480,366,114,2026-07-18 04:12:00
INV00365,WH003,PROD026,585,559,26,2026-07-09 04:56:00
INV00366,WH003,PROD031,1443,1433,10,2026-06-20 19:05:00
INV00367,WH003,PROD032,7,2,5,2026-07-04 07:26:00
INV00368,WH003,PROD035,597,567,30,2026-07-16 17:29:00
INV00369,WH003,PROD039,566,488,78,2026-07-20 15:25:00
INV00370,WH003,PROD040,1104,1083,21,2026-06-12 05:57:00
INV00371,WH003,PROD043,876,807,69,2026-06-17 23:23:00
INV00372,WH003,PROD044,1184,1140,44,2026-06-09 12:09:00
INV00373,WH003,PROD045,830,816,14,2026-06-10 19:05:00
INV00374,WH003,PROD047,1187,1078,109,2026-06-25 21:35:00
INV00375,WH003,PROD048,976,953,23,2026-06-04 17:55:00
INV00376,WH003,PROD049,463,397,66,2026-07-12 15:11:00
INV00377,WH003,PROD052,17,6,11,2026-06-29 22:46:00
INV00378,WH003,PROD053,1574,1492,82,2026-07-08 05:53:00
INV00379,WH003,PROD055,573,522,51,2026-06-12 04:36:00
INV00380,WH003,PROD056,676,588,88,2026-07-18 13:56:00
INV00381,WH003,PROD058,1046,1024,22,2026-07-22 10:42:00
INV00382,WH003,PROD059,1480,1461,19,2026-06-20 07:35:00
INV00383,WH003,PROD063,531,491,40,2026-06-21 20:23:00
INV00384,WH003,PROD064,1373,1332,41,2026-07-25 17:13:00
INV00385,WH003,PROD066,745,696,49,2026-06-27 03:31:00
INV00386,WH003,PROD068,1228,1159,69,2026-06-15 05:51:00
INV00387,WH003,PROD072,231,190,41,2026-07-07 10:16:00
INV00388,WH003,PROD074,1253,1170,83,2026-07-10 22:46:00
INV00389,WH003,PROD075,33,14,19,2026-06-01 05:36:00
INV00390,WH003,PROD079,499,481,18,2026-06-04 10:15:00
INV00391,WH003,PROD084,1195,1109,86,2026-07-19 16:58:00
INV00392,WH003,PROD085,612,588,24,2026-07-02 22:57:00
INV00393,WH003,PROD086,1363,1336,27,2026-07-06 16:15:00
INV00394,WH003,PROD088,8,3,5,2026-06-09 11:25:00
INV00395,WH003,PROD089,363,261,102,2026-07-06 06:11:00
INV00396,WH003,PROD090,14,8,6,2026-07-19 17:31:00
INV00397,WH003,PROD092,1200,1103,97,2026-07-04 16:32:00
INV00398,WH003,PROD093,931,865,66,2026-07-14 06:44:00
INV00399,WH003,PROD094,1012,912,100,2026-07-13 16:22:00
INV00400,WH003,PROD095,1336,1245,91,2026-06-26 01:51:00
INV00401,WH003,PROD096,338,232,106,2026-06-13 00:17:00
INV00402,WH003,PROD099,984,944,40,2026-07-12 02:52:00
INV00403,WH003,PROD100,1436,1325,111,2026-06-21 03:29:00
INV00404,WH003,PROD102,16,6,10,2026-07-26 23:36:00
INV00405,WH003,PROD113,217,196,21,2026-07-20 04:41:00
INV00406,WH003,PROD114,1460,1351,109,2026-07-18 11:42:00
INV00407,WH003,PROD115,20,6,14,2026-07-01 08:41:00
INV00408,WH003,PROD116,619,544,75,2026-06-04 19:52:00
INV00409,WH003,PROD119,1340,1330,10,2026-06-27 15:05:00
INV00410,WH003,PROD124,1258,1173,85,2026-06-06 19:07:00
INV00411,WH003,PROD125,10,4,6,2026-07-17 04:07:00
INV00412,WH003,PROD129,1117,1092,25,2026-06-27 14:48:00
INV00413,WH003,PROD136,401,385,16,2026-07-09 23:43:00
INV00414,WH003,PROD138,20,12,8,2026-06-26 03:08:00
INV00415,WH003,PROD139,412,397,15,2026-07-10 23:02:00
INV00416,WH003,PROD142,954,852,102,2026-07-13 23:59:00
INV00417,WH003,PROD143,725,659,66,2026-06-13 19:47:00
INV00418,WH003,PROD144,765,751,14,2026-07-07 06:27:00
INV00419,WH003,PROD148,1284,1248,36,2026-06-01 21:11:00
INV00420,WH003,PROD149,862,767,95,2026-07-20 16:06:00
INV00421,WH003,PROD151,19,5,14,2026-06-07 02:18:00
INV00422,WH003,PROD152,34,12,22,2026-07-11 16:08:00
INV00423,WH003,PROD153,287,167,120,2026-07-07 21:20:00
INV00424,WH003,PROD155,1400,1371,29,2026-06-19 12:08:00
INV00425,WH003,PROD158,29,6,23,2026-07-15 11:22:00
INV00426,WH003,PROD159,402,285,117,2026-07-22 23:47:00
INV00427,WH003,PROD161,702,589,113,2026-07-16 21:36:00
INV00428,WH003,PROD163,1370,1344,26,2026-07-02 00:49:00
INV00429,WH003,PROD166,22,3,19,2026-06-10 08:12:00
INV00430,WH003,PROD168,1330,1275,55,2026-06-21 17:23:00
INV00431,WH003,PROD169,523,416,107,2026-06-14 00:16:00
INV00432,WH003,PROD171,574,469,105,2026-06-02 04:30:00
INV00433,WH003,PROD172,466,402,64,2026-06-24 19:10:00
INV00434,WH003,PROD173,1244,1163,81,2026-06-18 01:10:00
INV00435,WH003,PROD174,1074,1057,17,2026-07-17 23:05:00
INV00436,WH003,PROD175,1479,1359,120,2026-06-02 13:14:00
INV00437,WH003,PROD176,17,3,14,2026-06-22 10:16:00
INV00438,WH003,PROD178,1473,1443,30,2026-07-12 00:14:00
INV00439,WH003,PROD179,854,734,120,2026-06-03 07:03:00
INV00440,WH003,PROD180,35,11,24,2026-07-28 12:31:00
INV00441,WH003,PROD181,1568,1460,108,2026-06-29 11:27:00
INV00442,WH003,PROD182,1474,1425,49,2026-06-05 11:28:00
INV00443,WH003,PROD184,971,862,109,2026-06-24 09:27:00
INV00444,WH003,PROD186,705,664,41,2026-07-01 03:08:00
INV00445,WH003,PROD188,1137,1095,42,2026-06-28 00:07:00
INV00446,WH003,PROD189,9,3,6,2026-07-22 16:07:00
INV00447,WH003,PROD190,18,13,5,2026-07-06 07:06:00
INV00448,WH003,PROD194,379,334,45,2026-07-02 05:27:00
INV00449,WH003,PROD198,255,176,79,2026-07-04 03:51:00
INV00450,WH003,PROD204,1123,1067,56,2026-06-07 04:37:00
INV00451,WH003,PROD205,18,10,8,2026-07-16 01:29:00
INV00452,WH003,PROD210,22,1,21,2026-06-27 14:06:00
INV00453,WH003,PROD212,688,619,69,2026-06-22 02:03:00
INV00454,WH003,PROD214,935,889,46,2026-07-04 08:31:00
INV00455,WH003,PROD219,1082,970,112,2026-06-12 03:45:00
INV00456,WH003,PROD223,1319,1307,12,2026-06-28 05:22:00
INV00457,WH003,PROD225,954,877,77,2026-06-29 13:45:00
INV00458,WH003,PROD226,1208,1166,42,2026-06-02 06:07:00
INV00459,WH003,PROD231,609,557,52,2026-07-13 06:38:00
INV00460,WH003,PROD232,1165,1050,115,2026-06-17 13:56:00
INV00461,WH003,PROD244,569,454,115,2026-06-06 11:37:00
INV00462,WH003,PROD250,16,4,12,2026-07-15 15:01:00
INV00463,WH003,PROD253,25,12,13,2026-06-27 13:06:00
INV00464,WH003,PROD254,1485,1433,52,2026-07-08 00:48:00
INV00465,WH003,PROD256,9,1,8,2026-06-29 18:31:00
INV00466,WH003,PROD258,691,666,25,2026-06-03 00:47:00
INV00467,WH003,PROD259,717,633,84,2026-07-05 17:04:00
INV00468,WH003,PROD260,1524,1442,82,2026-07-15 08:36:00
INV00469,WH003,PROD266,14,2,12,2026-06-21 05:02:00
INV00470,WH003,PROD268,1264,1177,87,2026-06-03 18:19:00
INV00471,WH003,PROD271,1253,1167,86,2026-06-26 19:33:00
INV00472,WH003,PROD272,699,608,91,2026-07-12 02:12:00
INV00473,WH003,PROD273,462,396,66,2026-07-23 13:24:00
INV00474,WH003,PROD276,854,749,105,2026-06-07 13:58:00
INV00475,WH003,PROD281,476,454,22,2026-06-14 15:18:00
INV00476,WH003,PROD285,1204,1132,72,2026-07-07 08:15:00
INV00477,WH003,PROD288,842,810,32,2026-06-28 05:13:00
INV00478,WH003,PROD290,1435,1360,75,2026-07-09 09:37:00
INV00479,WH003,PROD292,1424,1400,24,2026-06-29 00:04:00
INV00480,WH003,PROD293,531,488,43,2026-07-27 13:54:00
INV00481,WH003,PROD294,529,435,94,2026-06-02 06:29:00
INV00482,WH003,PROD298,24,5,19,2026-06-07 02:26:00
INV00483,WH003,PROD304,10,0,10,2026-07-11 21:40:00
INV00484,WH003,PROD307,1385,1267,118,2026-07-22 02:15:00
INV00485,WH003,PROD308,1508,1409,99,2026-07-07 16:38:00
INV00486,WH003,PROD315,1456,1347,109,2026-06-29 04:57:00
INV00487,WH003,PROD316,19,0,19,2026-07-17 17:32:00
INV00488,WH003,PROD318,1237,1190,47,2026-06-02 02:34:00
INV00489,WH003,PROD323,815,772,43,2026-07-05 04:10:00
INV00490,WH003,PROD324,946,879,67,2026-07-04 16:47:00
INV00491,WH003,PROD325,1134,1051,83,2026-07-03 11:28:00
INV00492,WH003,PROD327,582,503,79,2026-06-04 00:16:00
INV00493,WH003,PROD328,1184,1121,63,2026-06-21 15:42:00
INV00494,WH003,PROD329,16,6,10,2026-06-25 18:05:00
INV00495,WH003,PROD330,398,337,61,2026-07-19 20:42:00
INV00496,WH003,PROD331,25,15,10,2026-07-14 18:17:00
INV00497,WH003,PROD334,1103,1017,86,2026-07-06 16:09:00
INV00498,WH003,PROD336,1059,953,106,2026-07-08 21:59:00
INV00499,WH003,PROD342,1546,1451,95,2026-06-04 08:02:00
INV00500,WH003,PROD344,430,391,39,2026-06-17 02:50:00
INV00501,WH003,PROD350,900,876,24,2026-06-28 01:31:00
INV00502,WH003,PROD355,750,658,92,2026-06-12 15:18:00
INV00503,WH003,PROD356,1395,1282,113,2026-07-06 07:21:00
INV00504,WH003,PROD358,424,369,55,2026-07-20 14:37:00
INV00505,WH003,PROD361,1611,1498,113,2026-07-13 20:25:00
INV00506,WH003,PROD362,333,242,91,2026-07-27 19:59:00
INV00507,WH003,PROD363,820,729,91,2026-07-24 19:24:00
INV00508,WH003,PROD366,733,692,41,2026-07-10 13:01:00
INV00509,WH003,PROD368,864,789,75,2026-06-10 02:28:00
INV00510,WH003,PROD371,32,10,22,2026-06-07 12:09:00
INV00511,WH003,PROD372,1392,1337,55,2026-07-19 07:52:00
INV00512,WH003,PROD375,1306,1261,45,2026-07-05 04:00:00
INV00513,WH003,PROD377,687,604,83,2026-06-18 17:25:00
INV00514,WH003,PROD381,690,616,74,2026-07-10 01:56:00
INV00515,WH003,PROD382,1002,959,43,2026-07-01 04:48:00
INV00516,WH003,PROD387,1416,1329,87,2026-06-05 13:01:00
INV00517,WH003,PROD388,350,332,18,2026-06-20 02:13:00
INV00518,WH003,PROD389,1375,1351,24,2026-07-28 23:15:00
INV00519,WH003,PROD390,1484,1378,106,2026-07-11 05:52:00
INV00520,WH003,PROD391,1085,984,101,2026-06-07 07:13:00
INV00521,WH003,PROD394,212,150,62,2026-06-22 05:15:00
INV00522,WH003,PROD396,23,10,13,2026-07-06 16:06:00
INV00523,WH003,PROD398,303,194,109,2026-06-11 11:58:00
INV00524,WH003,PROD399,874,768,106,2026-07-02 04:16:00
INV00525,WH003,PROD401,21,13,8,2026-06-21 20:02:00
INV00526,WH003,PROD403,841,742,99,2026-06-18 00:50:00
INV00527,WH003,PROD404,340,279,61,2026-07-01 23:30:00
INV00528,WH003,PROD408,388,283,105,2026-07-20 16:08:00
INV00529,WH003,PROD410,1338,1252,86,2026-07-07 17:40:00
INV00530,WH003,PROD414,22,0,22,2026-07-26 12:29:00
INV00531,WH003,PROD417,376,348,28,2026-06-18 02:28:00
INV00532,WH003,PROD419,440,364,76,2026-07-21 07:53:00
INV00533,WH003,PROD422,990,957,33,2026-07-11 12:16:00
INV00534,WH003,PROD423,1340,1252,88,2026-07-10 07:44:00
INV00535,WH003,PROD429,1476,1416,60,2026-07-06 14:19:00
INV00536,WH003,PROD443,1369,1311,58,2026-06-20 22:57:00
INV00537,WH003,PROD444,897,846,51,2026-07-08 08:20:00
INV00538,WH003,PROD446,392,376,16,2026-06-08 19:08:00
INV00539,WH003,PROD447,615,519,96,2026-06-04 21:49:00
INV00540,WH003,PROD451,710,654,56,2026-07-15 12:56:00
INV00541,WH003,PROD454,436,382,54,2026-06-05 15:05:00
INV00542,WH003,PROD455,379,276,103,2026-06-15 19:34:00
INV00543,WH003,PROD458,1039,958,81,2026-06-14 13:20:00
INV00544,WH003,PROD459,1576,1476,100,2026-06-09 03:32:00
INV00545,WH003,PROD464,963,912,51,2026-07-09 01:24:00
INV00546,WH003,PROD467,216,200,16,2026-07-09 20:41:00
INV00547,WH003,PROD468,541,428,113,2026-06-20 16:37:00
INV00548,WH003,PROD469,766,750,16,2026-06-25 12:43:00
INV00549,WH003,PROD470,1400,1290,110,2026-07-10 13:27:00
INV00550,WH003,PROD472,835,819,16,2026-07-21 13:16:00
INV00551,WH003,PROD476,900,786,114,2026-06-21 13:55:00
INV00552,WH003,PROD479,1163,1057,106,2026-06-22 17:57:00
INV00553,WH003,PROD484,28,9,19,2026-07-20 10:14:00
INV00554,WH003,PROD485,1470,1396,74,2026-06-02 13:08:00
INV00555,WH003,PROD486,1016,906,110,2026-06-17 12:56:00
INV00556,WH003,PROD487,1473,1447,26,2026-06-12 13:21:00
INV00557,WH003,PROD490,388,372,16,2026-06-26 20:21:00
INV00558,WH003,PROD491,672,618,54,2026-06-04 00:44:00
INV00559,WH003,PROD492,542,478,64,2026-07-25 05:07:00
INV00560,WH003,PROD495,567,520,47,2026-07-19 14:27:00
INV00561,WH003,PROD496,1565,1494,71,2026-07-01 09:25:00
INV00562,WH003,PROD497,17,2,15,2026-06-25 00:06:00
INV00563,WH003,PROD498,16,3,13,2026-06-06 11:58:00
INV00564,WH003,PROD499,738,664,74,2026-07-05 16:40:00
INV00565,WH004,PROD001,179,162,17,2026-07-19 17:00:00
INV00566,WH004,PROD002,35,12,23,2026-07-01 22:31:00
INV00567,WH004,PROD006,577,551,26,2026-07-26 02:11:00
INV00568,WH004,PROD008,1114,1059,55,2026-07-21 00:59:00
INV00569,WH004,PROD009,493,426,67,2026-07-16 13:50:00
INV00570,WH004,PROD011,1488,1457,31,2026-07-22 13:04:00
INV00571,WH004,PROD012,13,5,8,2026-06-04 06:33:00
INV00572,WH004,PROD014,1234,1130,104,2026-06-22 07:27:00
INV00573,WH004,PROD015,1025,940,85,2026-07-26 17:03:00
INV00574,WH004,PROD019,1505,1451,54,2026-06-11 11:16:00
INV00575,WH004,PROD020,816,784,32,2026-06-09 03:42:00
INV00576,WH004,PROD024,732,626,106,2026-07-03 10:56:00
INV00577,WH004,PROD027,811,699,112,2026-06-04 01:43:00
INV00578,WH004,PROD028,817,775,42,2026-07-12 11:18:00
INV00579,WH004,PROD029,501,448,53,2026-07-26 06:54:00
INV00580,WH004,PROD031,460,436,24,2026-06-13 04:59:00
INV00581,WH004,PROD032,801,734,67,2026-07-20 17:39:00
INV00582,WH004,PROD034,1259,1156,103,2026-07-14 19:46:00
INV00583,WH004,PROD035,1093,1073,20,2026-06-29 12:48:00
INV00584,WH004,PROD036,846,751,95,2026-07-12 20:43:00
INV00585,WH004,PROD037,569,497,72,2026-06-02 06:55:00
INV00586,WH004,PROD039,1005,927,78,2026-07-14 05:52:00
INV00587,WH004,PROD040,31,11,20,2026-07-16 00:41:00
INV00588,WH004,PROD041,399,287,112,2026-07-09 12:15:00
INV00589,WH004,PROD044,865,823,42,2026-07-16 20:12:00
INV00590,WH004,PROD045,31,7,24,2026-06-21 23:34:00
INV00591,WH004,PROD046,724,696,28,2026-07-10 07:21:00
INV00592,WH004,PROD048,223,174,49,2026-06-03 22:50:00
INV00593,WH004,PROD050,1227,1204,23,2026-06-05 22:55:00
INV00594,WH004,PROD052,1254,1184,70,2026-06-19 16:57:00
INV00595,WH004,PROD053,29,11,18,2026-06-12 08:16:00
INV00596,WH004,PROD054,981,886,95,2026-06-17 08:27:00
INV00597,WH004,PROD057,28,6,22,2026-07-23 17:56:00
INV00598,WH004,PROD060,1141,1123,18,2026-07-09 19:13:00
INV00599,WH004,PROD061,1391,1281,110,2026-06-07 00:41:00
INV00600,WH004,PROD062,912,806,106,2026-06-16 20:38:00
INV00601,WH004,PROD065,36,14,22,2026-07-03 16:42:00
INV00602,WH004,PROD067,1018,940,78,2026-07-22 19:36:00
INV00603,WH004,PROD068,1315,1230,85,2026-07-03 04:56:00
INV00604,WH004,PROD072,1474,1376,98,2026-06-04 09:20:00
INV00605,WH004,PROD073,521,422,99,2026-07-24 15:06:00
INV00606,WH004,PROD074,498,431,67,2026-06-17 12:14:00
INV00607,WH004,PROD076,19,12,7,2026-07-16 08:11:00
INV00608,WH004,PROD079,1326,1290,36,2026-07-12 07:37:00
INV00609,WH004,PROD080,708,632,76,2026-06-16 18:50:00
INV00610,WH004,PROD086,23,15,8,2026-06-02 12:58:00
INV00611,WH004,PROD087,662,580,82,2026-06-12 16:55:00
INV00612,WH004,PROD090,1349,1333,16,2026-07-06 06:10:00
INV00613,WH004,PROD091,9,3,6,2026-06-01 05:14:00
INV00614,WH004,PROD093,193,183,10,2026-06-05 22:33:00
INV00615,WH004,PROD096,992,927,65,2026-06-08 01:58:00
INV00616,WH004,PROD098,40,15,25,2026-07-16 12:07:00
INV00617,WH004,PROD099,16,9,7,2026-06-13 11:24:00
INV00618,WH004,PROD106,322,276,46,2026-07-17 07:57:00
INV00619,WH004,PROD113,1530,1480,50,2026-06-16 20:05:00
INV00620,WH004,PROD114,353,247,106,2026-07-21 15:17:00
INV00621,WH004,PROD116,1383,1277,106,2026-07-12 04:12:00
INV00622,WH004,PROD117,1417,1355,62,2026-06-21 21:50:00
INV00623,WH004,PROD118,11,6,5,2026-07-17 00:29:00
INV00624,WH004,PROD124,584,523,61,2026-06-01 11:52:00
INV00625,WH004,PROD127,1406,1354,52,2026-06-25 14:53:00
INV00626,WH004,PROD138,6,1,5,2026-06-28 13:57:00
INV00627,WH004,PROD139,764,700,64,2026-06-06 02:00:00
INV00628,WH004,PROD142,969,909,60,2026-06-20 02:45:00
INV00629,WH004,PROD148,21,9,12,2026-06-01 14:34:00
INV00630,WH004,PROD149,1468,1407,61,2026-07-23 18:17:00
INV00631,WH004,PROD152,305,235,70,2026-07-04 19:00:00
INV00632,WH004,PROD153,629,548,81,2026-06-28 13:35:00
INV00633,WH004,PROD154,518,438,80,2026-06-25 17:46:00
INV00634,WH004,PROD155,1068,979,89,2026-06-11 12:38:00
INV00635,WH004,PROD156,1242,1231,11,2026-06-15 17:27:00
INV00636,WH004,PROD159,1527,1451,76,2026-07-07 03:30:00
INV00637,WH004,PROD160,1559,1462,97,2026-07-02 19:04:00
INV00638,WH004,PROD166,1418,1361,57,2026-06-28 05:23:00
INV00639,WH004,PROD167,1335,1316,19,2026-06-30 12:01:00
INV00640,WH004,PROD169,449,409,40,2026-06-02 02:08:00
INV00641,WH004,PROD170,983,884,99,2026-06-30 20:33:00
INV00642,WH004,PROD173,648,532,116,2026-06-25 00:19:00
INV00643,WH004,PROD174,241,161,80,2026-07-19 18:23:00
INV00644,WH004,PROD178,1113,1094,19,2026-06-24 10:32:00
INV00645,WH004,PROD180,1118,1093,25,2026-07-02 14:18:00
INV00646,WH004,PROD182,527,432,95,2026-07-02 09:24:00
INV00647,WH004,PROD183,412,302,110,2026-06-07 17:43:00
INV00648,WH004,PROD189,1371,1279,92,2026-06-10 08:05:00
INV00649,WH004,PROD190,1059,974,85,2026-06-09 13:17:00
INV00650,WH004,PROD191,1413,1385,28,2026-07-01 10:32:00
INV00651,WH004,PROD194,326,259,67,2026-07-22 22:56:00
INV00652,WH004,PROD196,943,900,43,2026-06-18 04:06:00
INV00653,WH004,PROD197,805,751,54,2026-06-24 15:53:00
INV00654,WH004,PROD198,1091,1041,50,2026-07-20 16:08:00
INV00655,WH004,PROD199,27,4,23,2026-06-09 11:31:00
INV00656,WH004,PROD200,1426,1326,100,2026-06-02 23:03:00
INV00657,WH004,PROD202,24,7,17,2026-07-16 10:26:00
INV00658,WH004,PROD203,1106,1090,16,2026-06-11 06:52:00
INV00659,WH004,PROD208,25,5,20,2026-07-03 05:58:00
INV00660,WH004,PROD215,774,723,51,2026-06-01 01:05:00
INV00661,WH004,PROD216,1301,1208,93,2026-06-12 05:44:00
INV00662,WH004,PROD217,709,642,67,2026-06-06 04:26:00
INV00663,WH004,PROD218,33,11,22,2026-06-01 15:04:00
INV00664,WH004,PROD222,17,1,16,2026-06-06 03:36:00
INV00665,WH004,PROD225,1410,1400,10,2026-06-12 14:56:00
INV00666,WH004,PROD227,1609,1495,114,2026-06-06 10:11:00
INV00667,WH004,PROD228,344,239,105,2026-07-18 11:14:00
INV00668,WH004,PROD230,1172,1052,120,2026-06-04 18:08:00
INV00669,WH004,PROD231,1110,1096,14,2026-06-05 13:37:00
INV00670,WH004,PROD232,170,159,11,2026-07-01 08:57:00
INV00671,WH004,PROD233,420,327,93,2026-07-27 16:36:00
INV00672,WH004,PROD237,901,820,81,2026-07-15 09:14:00
INV00673,WH004,PROD238,1340,1312,28,2026-07-04 14:26:00
INV00674,WH004,PROD239,669,586,83,2026-07-26 13:22:00
INV00675,WH004,PROD242,21,8,13,2026-07-01 03:26:00
INV00676,WH004,PROD243,1449,1428,21,2026-07-21 23:32:00
INV00677,WH004,PROD247,634,564,70,2026-07-22 09:51:00
INV00678,WH004,PROD248,331,294,37,2026-06-03 08:21:00
INV00679,WH004,PROD252,28,12,16,2026-06-15 21:11:00
INV00680,WH004,PROD254,20,6,14,2026-07-27 23:23:00
INV00681,WH004,PROD255,722,645,77,2026-06-22 04:26:00
INV00682,WH004,PROD257,770,709,61,2026-07-05 13:02:00
INV00683,WH004,PROD258,613,546,67,2026-07-08 17:14:00
INV00684,WH004,PROD259,805,763,42,2026-07-05 16:12:00
INV00685,WH004,PROD262,833,801,32,2026-07-22 07:24:00
INV00686,WH004,PROD265,1553,1441,112,2026-07-25 09:25:00
INV00687,WH004,PROD267,326,247,79,2026-06-22 10:03:00
INV00688,WH004,PROD268,782,716,66,2026-07-16 01:25:00
INV00689,WH004,PROD273,926,837,89,2026-06-23 02:23:00
INV00690,WH004,PROD275,601,571,30,2026-07-07 05:46:00
INV00691,WH004,PROD276,305,219,86,2026-07-05 10:57:00
INV00692,WH004,PROD278,260,237,23,2026-07-02 20:44:00
INV00693,WH004,PROD281,1391,1378,13,2026-06-07 07:06:00
INV00694,WH004,PROD284,1119,1097,22,2026-07-20 16:24:00
INV00695,WH004,PROD286,9,4,5,2026-06-22 09:45:00
INV00696,WH004,PROD287,1043,946,97,2026-06-04 21:44:00
INV00697,WH004,PROD288,289,198,91,2026-06-26 22:39:00
INV00698,WH004,PROD294,834,795,39,2026-07-23 08:44:00
INV00699,WH004,PROD295,609,512,97,2026-06-01 02:42:00
INV00700,WH004,PROD299,29,10,19,2026-07-21 18:22:00
INV00701,WH004,PROD303,188,171,17,2026-06-11 13:48:00
INV00702,WH004,PROD307,327,311,16,2026-06-21 03:21:00
INV00703,WH004,PROD308,626,524,102,2026-07-27 11:51:00
INV00704,WH004,PROD309,1451,1354,97,2026-06-17 14:40:00
INV00705,WH004,PROD310,268,215,53,2026-06-29 09:02:00
INV00706,WH004,PROD311,427,354,73,2026-07-19 14:45:00
INV00707,WH004,PROD312,1125,1099,26,2026-07-09 17:03:00
INV00708,WH004,PROD317,1458,1358,100,2026-07-14 11:41:00
INV00709,WH004,PROD321,14,2,12,2026-06-04 00:25:00
INV00710,WH004,PROD323,1519,1423,96,2026-06-14 09:49:00
INV00711,WH004,PROD324,1371,1335,36,2026-06-08 00:17:00
INV00712,WH004,PROD329,603,589,14,2026-06-28 01:32:00
INV00713,WH004,PROD330,839,732,107,2026-06-05 02:34:00
INV00714,WH004,PROD333,430,342,88,2026-06-15 20:21:00
INV00715,WH004,PROD334,594,506,88,2026-07-05 11:22:00
INV00716,WH004,PROD336,956,915,41,2026-07-14 18:21:00
INV00717,WH004,PROD340,28,12,16,2026-06-05 01:03:00
INV00718,WH004,PROD341,1388,1316,72,2026-07-07 00:41:00
INV00719,WH004,PROD343,36,13,23,2026-07-23 17:03:00
INV00720,WH004,PROD349,31,14,17,2026-07-01 08:02:00
INV00721,WH004,PROD351,1170,1130,40,2026-07-03 08:44:00
INV00722,WH004,PROD352,697,596,101,2026-07-13 06:36:00
INV00723,WH004,PROD355,1388,1339,49,2026-07-15 11:55:00
INV00724,WH004,PROD358,964,954,10,2026-07-02 14:24:00
INV00725,WH004,PROD359,589,471,118,2026-06-22 10:00:00
INV00726,WH004,PROD360,953,862,91,2026-07-24 00:04:00
INV00727,WH004,PROD365,849,791,58,2026-06-17 04:57:00
INV00728,WH004,PROD366,412,366,46,2026-06-30 17:16:00
INV00729,WH004,PROD367,1452,1435,17,2026-06-12 21:36:00
INV00730,WH004,PROD369,627,598,29,2026-07-21 07:19:00
INV00731,WH004,PROD370,314,292,22,2026-06-01 23:50:00
INV00732,WH004,PROD371,19,13,6,2026-07-24 21:02:00
INV00733,WH004,PROD376,1464,1454,10,2026-07-19 17:35:00
INV00734,WH004,PROD380,743,668,75,2026-06-16 00:09:00
INV00735,WH004,PROD381,355,331,24,2026-06-25 12:28:00
INV00736,WH004,PROD382,1439,1412,27,2026-06-01 09:57:00
INV00737,WH004,PROD388,902,834,68,2026-07-19 18:35:00
INV00738,WH004,PROD390,1152,1073,79,2026-06-21 18:55:00
INV00739,WH004,PROD395,1396,1365,31,2026-07-18 18:49:00
INV00740,WH004,PROD397,990,959,31,2026-06-03 07:53:00
INV00741,WH004,PROD399,611,516,95,2026-07-22 00:56:00
INV00742,WH004,PROD401,975,907,68,2026-06-23 16:11:00
INV00743,WH004,PROD403,33,14,19,2026-07-27 00:44:00
INV00744,WH004,PROD406,1071,1061,10,2026-06-08 02:51:00
INV00745,WH004,PROD407,642,612,30,2026-07-16 17:00:00
INV00746,WH004,PROD409,559,494,65,2026-06-07 20:50:00
INV00747,WH004,PROD413,594,500,94,2026-06-05 11:58:00
INV00748,WH004,PROD414,514,404,110,2026-07-04 18:58:00
INV00749,WH004,PROD417,909,899,10,2026-07-07 03:27:00
INV00750,WH004,PROD418,21,13,8,2026-06-14 17:23:00
INV00751,WH004,PROD421,397,317,80,2026-07-17 18:56:00
INV00752,WH004,PROD422,1204,1099,105,2026-07-15 15:10:00
INV00753,WH004,PROD424,953,931,22,2026-07-06 16:02:00
INV00754,WH004,PROD426,951,845,106,2026-06-16 15:34:00
INV00755,WH004,PROD429,1485,1386,99,2026-07-25 06:04:00
INV00756,WH004,PROD432,1454,1396,58,2026-06-10 16:58:00
INV00757,WH004,PROD434,1224,1192,32,2026-06-18 10:56:00
INV00758,WH004,PROD443,1512,1496,16,2026-06-07 16:08:00
INV00759,WH004,PROD445,1232,1126,106,2026-06-11 00:03:00
INV00760,WH004,PROD446,1446,1409,37,2026-06-19 17:08:00
INV00761,WH004,PROD453,735,618,117,2026-06-09 21:09:00
INV00762,WH004,PROD458,15,8,7,2026-06-18 15:17:00
INV00763,WH004,PROD460,522,419,103,2026-07-18 16:47:00
INV00764,WH004,PROD467,29,11,18,2026-07-07 19:45:00
INV00765,WH004,PROD468,420,409,11,2026-07-18 20:47:00
INV00766,WH004,PROD471,12,6,6,2026-06-04 08:59:00
INV00767,WH004,PROD474,627,598,29,2026-07-25 04:08:00
INV00768,WH004,PROD475,958,885,73,2026-07-25 04:44:00
INV00769,WH004,PROD478,954,913,41,2026-07-16 06:02:00
INV00770,WH004,PROD480,524,417,107,2026-07-03 02:26:00
INV00771,WH004,PROD488,999,983,16,2026-06-17 12:12:00
INV00772,WH004,PROD491,17,11,6,2026-07-16 19:14:00
INV00773,WH004,PROD492,1151,1085,66,2026-06-30 11:25:00
INV00774,WH004,PROD493,1423,1401,22,2026-07-05 07:08:00
INV00775,WH004,PROD495,293,196,97,2026-07-12 05:38:00
INV00776,WH004,PROD496,22,15,7,2026-06-20 12:55:00
INV00777,WH004,PROD497,595,475,120,2026-07-08 23:33:00
INV00778,WH004,PROD498,319,209,110,2026-06-17 07:53:00
INV00779,WH005,PROD001,794,715,79,2026-06-05 19:24:00
INV00780,WH005,PROD004,1341,1312,29,2026-06-06 06:07:00
INV00781,WH005,PROD014,1187,1176,11,2026-06-04 11:25:00
INV00782,WH005,PROD015,1062,1005,57,2026-07-24 12:29:00
INV00783,WH005,PROD019,949,934,15,2026-06-15 22:25:00
INV00784,WH005,PROD022,1338,1318,20,2026-07-03 12:23:00
INV00785,WH005,PROD023,1388,1340,48,2026-06-19 08:19:00
INV00786,WH005,PROD027,1099,1033,66,2026-06-26 06:43:00
INV00787,WH005,PROD032,644,536,108,2026-07-16 07:36:00
INV00788,WH005,PROD034,780,769,11,2026-07-12 19:24:00
INV00789,WH005,PROD036,449,415,34,2026-07-25 05:24:00
INV00790,WH005,PROD041,10,2,8,2026-06-19 04:16:00
INV00791,WH005,PROD043,493,431,62,2026-07-24 23:21:00
INV00792,WH005,PROD047,887,806,81,2026-06-18 21:09:00
INV00793,WH005,PROD049,22,1,21,2026-07-05 23:31:00
INV00794,WH005,PROD050,1501,1415,86,2026-06-07 23:39:00
INV00795,WH005,PROD053,1487,1459,28,2026-06-16 23:19:00
INV00796,WH005,PROD057,424,323,101,2026-07-13 19:36:00
INV00797,WH005,PROD061,644,601,43,2026-06-13 17:21:00
INV00798,WH005,PROD062,753,726,27,2026-06-30 05:56:00
INV00799,WH005,PROD063,913,896,17,2026-07-05 07:14:00
INV00800,WH005,PROD066,256,221,35,2026-07-22 22:15:00
INV00801,WH005,PROD067,31,15,16,2026-06-26 00:23:00
INV00802,WH005,PROD070,951,907,44,2026-07-26 14:49:00
INV00803,WH005,PROD072,1402,1304,98,2026-07-14 08:31:00
INV00804,WH005,PROD073,1040,972,68,2026-07-08 22:57:00
INV00805,WH005,PROD074,1495,1451,44,2026-06-22 06:23:00
INV00806,WH005,PROD076,974,909,65,2026-07-07 15:54:00
INV00807,WH005,PROD077,1426,1367,59,2026-07-20 16:24:00
INV00808,WH005,PROD079,1050,1032,18,2026-06-14 08:08:00
INV00809,WH005,PROD084,24,9,15,2026-06-24 00:34:00
INV00810,WH005,PROD085,1333,1322,11,2026-06-22 19:58:00
INV00811,WH005,PROD086,404,329,75,2026-07-23 10:11:00
INV00812,WH005,PROD092,528,442,86,2026-06-21 11:36:00
INV00813,WH005,PROD094,1112,1064,48,2026-06-12 03:54:00
INV00814,WH005,PROD099,1089,1078,11,2026-07-26 08:08:00
INV00815,WH005,PROD100,1464,1355,109,2026-06-08 08:11:00
INV00816,WH005,PROD102,849,735,114,2026-06-04 21:16:00
INV00817,WH005,PROD103,634,550,84,2026-06-16 05:26:00
INV00818,WH005,PROD105,846,798,48,2026-07-27 09:13:00
INV00819,WH005,PROD106,1094,1077,17,2026-07-07 13:14:00
INV00820,WH005,PROD108,680,612,68,2026-06-07 21:57:00
INV00821,WH005,PROD111,25,3,22,2026-07-02 16:52:00
INV00822,WH005,PROD113,471,440,31,2026-06-08 02:23:00
INV00823,WH005,PROD116,406,339,67,2026-07-06 08:20:00
INV00824,WH005,PROD123,1553,1497,56,2026-06-18 23:57:00
INV00825,WH005,PROD124,1167,1093,74,2026-06-17 08:54:00
INV00826,WH005,PROD125,1266,1170,96,2026-06-04 03:31:00
INV00827,WH005,PROD131,1507,1477,30,2026-07-23 21:01:00
INV00828,WH005,PROD133,911,849,62,2026-07-27 23:52:00
INV00829,WH005,PROD134,33,14,19,2026-06-29 04:36:00
INV00830,WH005,PROD135,910,813,97,2026-06-27 06:12:00
INV00831,WH005,PROD138,744,720,24,2026-06-04 20:52:00
INV00832,WH005,PROD139,36,11,25,2026-07-23 04:52:00
INV00833,WH005,PROD141,356,278,78,2026-06-02 11:20:00
INV00834,WH005,PROD143,337,243,94,2026-06-03 00:58:00
INV00835,WH005,PROD146,633,514,119,2026-07-17 04:04:00
INV00836,WH005,PROD147,1148,1098,50,2026-07-13 06:07:00
INV00837,WH005,PROD149,853,766,87,2026-06-15 18:44:00
INV00838,WH005,PROD150,703,595,108,2026-07-19 12:33:00
INV00839,WH005,PROD151,425,327,98,2026-07-02 05:58:00
INV00840,WH005,PROD152,14,6,8,2026-06-25 19:22:00
INV00841,WH005,PROD154,1240,1211,29,2026-07-20 12:11:00
INV00842,WH005,PROD155,1393,1380,13,2026-07-12 05:36:00
INV00843,WH005,PROD156,1261,1142,119,2026-07-21 07:22:00
INV00844,WH005,PROD157,27,11,16,2026-07-23 21:43:00
INV00845,WH005,PROD159,493,453,40,2026-06-11 04:40:00
INV00846,WH005,PROD160,1170,1056,114,2026-06-15 22:39:00
INV00847,WH005,PROD162,1461,1385,76,2026-07-09 05:00:00
INV00848,WH005,PROD163,1239,1120,119,2026-07-15 22:53:00
INV00849,WH005,PROD164,720,604,116,2026-07-21 11:14:00
INV00850,WH005,PROD165,31,13,18,2026-06-06 16:22:00
INV00851,WH005,PROD166,1033,963,70,2026-06-06 01:35:00
INV00852,WH005,PROD167,1212,1197,15,2026-06-12 12:38:00
INV00853,WH005,PROD168,1210,1185,25,2026-07-22 05:53:00
INV00854,WH005,PROD170,287,229,58,2026-06-07 00:31:00
INV00855,WH005,PROD171,20,3,17,2026-06-23 20:54:00
INV00856,WH005,PROD174,685,605,80,2026-07-28 17:43:00
INV00857,WH005,PROD175,366,333,33,2026-07-25 15:42:00
INV00858,WH005,PROD177,1130,1040,90,2026-07-16 08:34:00
INV00859,WH005,PROD182,1083,974,109,2026-07-01 06:20:00
INV00860,WH005,PROD183,461,418,43,2026-06-10 06:13:00
INV00861,WH005,PROD184,469,440,29,2026-06-11 22:32:00
INV00862,WH005,PROD188,17,9,8,2026-06-17 04:22:00
INV00863,WH005,PROD190,1404,1309,95,2026-06-10 22:52:00
INV00864,WH005,PROD192,1539,1442,97,2026-07-26 05:11:00
INV00865,WH005,PROD193,1034,979,55,2026-06-04 12:11:00
INV00866,WH005,PROD194,930,841,89,2026-06-14 11:41:00
INV00867,WH005,PROD196,24,7,17,2026-07-24 20:50:00
INV00868,WH005,PROD203,771,651,120,2026-06-05 20:07:00
INV00869,WH005,PROD205,1006,962,44,2026-07-14 15:17:00
INV00870,WH005,PROD206,12,0,12,2026-07-02 21:20:00
INV00871,WH005,PROD207,855,774,81,2026-07-20 03:41:00
INV00872,WH005,PROD211,206,177,29,2026-07-27 21:04:00
INV00873,WH005,PROD213,566,507,59,2026-06-26 21:03:00
INV00874,WH005,PROD214,1013,967,46,2026-06-15 18:53:00
INV00875,WH005,PROD219,992,898,94,2026-06-25 02:20:00
INV00876,WH005,PROD221,1236,1125,111,2026-06-03 11:20:00
INV00877,WH005,PROD226,525,506,19,2026-07-11 21:04:00
INV00878,WH005,PROD227,762,698,64,2026-06-05 02:36:00
INV00879,WH005,PROD229,946,850,96,2026-06-22 13:17:00
INV00880,WH005,PROD231,19,12,7,2026-07-08 06:37:00
INV00881,WH005,PROD233,1247,1167,80,2026-06-23 05:03:00
INV00882,WH005,PROD240,440,430,10,2026-06-02 08:10:00
INV00883,WH005,PROD241,210,180,30,2026-06-05 19:55:00
INV00884,WH005,PROD243,450,428,22,2026-07-17 21:05:00
INV00885,WH005,PROD244,13,6,7,2026-07-07 07:48:00
INV00886,WH005,PROD246,1065,976,89,2026-06-30 17:36:00
INV00887,WH005,PROD256,285,224,61,2026-07-07 16:30:00
INV00888,WH005,PROD257,1054,1023,31,2026-07-02 15:14:00
INV00889,WH005,PROD259,29,5,24,2026-06-09 14:41:00
INV00890,WH005,PROD264,314,207,107,2026-06-30 10:44:00
INV00891,WH005,PROD266,1322,1245,77,2026-07-10 15:41:00
INV00892,WH005,PROD267,690,635,55,2026-07-24 20:59:00
INV00893,WH005,PROD268,1410,1320,90,2026-07-28 22:44:00
INV00894,WH005,PROD270,1408,1384,24,2026-06-06 20:49:00
INV00895,WH005,PROD272,584,535,49,2026-06-02 16:43:00
INV00896,WH005,PROD274,1538,1454,84,2026-06-22 05:14:00
INV00897,WH005,PROD275,11,5,6,2026-06-08 18:04:00
INV00898,WH005,PROD276,877,864,13,2026-07-02 12:17:00
INV00899,WH005,PROD277,1542,1460,82,2026-06-30 09:30:00
INV00900,WH005,PROD281,6,0,6,2026-06-09 13:35:00
INV00901,WH005,PROD285,832,783,49,2026-07-05 21:48:00
INV00902,WH005,PROD288,820,759,61,2026-07-07 14:37:00
INV00903,WH005,PROD290,381,332,49,2026-06-27 06:24:00
INV00904,WH005,PROD291,283,219,64,2026-06-17 10:02:00
INV00905,WH005,PROD295,23,11,12,2026-06-21 22:14:00
INV00906,WH005,PROD296,1369,1355,14,2026-07-18 12:17:00
INV00907,WH005,PROD299,619,531,88,2026-06-30 14:05:00
INV00908,WH005,PROD301,36,11,25,2026-06-09 18:44:00
INV00909,WH005,PROD302,622,571,51,2026-06-04 22:23:00
INV00910,WH005,PROD308,268,166,102,2026-06-12 11:22:00
INV00911,WH005,PROD309,26,5,21,2026-06-30 13:43:00
INV00912,WH005,PROD311,678,630,48,2026-06-06 10:39:00
INV00913,WH005,PROD312,1498,1421,77,2026-07-25 17:53:00
INV00914,WH005,PROD314,1454,1402,52,2026-06-26 11:59:00
INV00915,WH005,PROD315,1134,1040,94,2026-06-16 09:21:00
INV00916,WH005,PROD318,650,603,47,2026-06-20 22:16:00
INV00917,WH005,PROD320,886,775,111,2026-07-10 03:25:00
INV00918,WH005,PROD322,1443,1356,87,2026-06-16 19:15:00
INV00919,WH005,PROD325,798,679,119,2026-06-18 18:28:00
INV00920,WH005,PROD326,785,702,83,2026-07-27 13:16:00
INV00921,WH005,PROD327,27,5,22,2026-06-10 07:03:00
INV00922,WH005,PROD333,1084,1010,74,2026-06-09 19:46:00
INV00923,WH005,PROD340,1365,1328,37,2026-07-13 17:41:00
INV00924,WH005,PROD342,1419,1343,76,2026-07-25 08:06:00
INV00925,WH005,PROD345,189,166,23,2026-07-28 18:28:00
INV00926,WH005,PROD359,13,3,10,2026-07-26 15:48:00
INV00927,WH005,PROD360,24,9,15,2026-07-28 16:22:00
INV00928,WH005,PROD361,1085,995,90,2026-06-24 10:30:00
INV00929,WH005,PROD365,433,407,26,2026-06-03 07:00:00
INV00930,WH005,PROD372,26,13,13,2026-07-25 09:24:00
INV00931,WH005,PROD373,1429,1401,28,2026-06-15 18:03:00
INV00932,WH005,PROD374,906,878,28,2026-06-07 04:49:00
INV00933,WH005,PROD379,29,10,19,2026-07-25 12:55:00
INV00934,WH005,PROD380,1468,1368,100,2026-06-26 06:21:00
INV00935,WH005,PROD381,1205,1115,90,2026-06-01 17:27:00
INV00936,WH005,PROD382,1344,1324,20,2026-07-10 06:04:00
INV00937,WH005,PROD384,1337,1281,56,2026-06-20 06:16:00
INV00938,WH005,PROD385,1004,944,60,2026-06-15 02:04:00
INV00939,WH005,PROD386,1356,1277,79,2026-06-24 01:56:00
INV00940,WH005,PROD391,573,540,33,2026-07-24 13:10:00
INV00941,WH005,PROD394,531,427,104,2026-06-03 07:12:00
INV00942,WH005,PROD395,572,525,47,2026-06-17 13:13:00
INV00943,WH005,PROD399,778,766,12,2026-06-15 21:28:00
INV00944,WH005,PROD400,1246,1183,63,2026-07-18 22:43:00
INV00945,WH005,PROD402,1316,1256,60,2026-07-24 00:02:00
INV00946,WH005,PROD404,885,792,93,2026-07-16 22:57:00
INV00947,WH005,PROD405,25,12,13,2026-07-19 18:03:00
INV00948,WH005,PROD407,1602,1489,113,2026-06-06 20:42:00
INV00949,WH005,PROD411,801,735,66,2026-06-05 14:16:00
INV00950,WH005,PROD413,782,768,14,2026-06-14 10:03:00
INV00951,WH005,PROD415,978,900,78,2026-06-04 05:10:00
INV00952,WH005,PROD417,812,724,88,2026-06-28 12:21:00
INV00953,WH005,PROD418,945,839,106,2026-07-17 05:12:00
INV00954,WH005,PROD420,539,463,76,2026-07-10 07:00:00
INV00955,WH005,PROD431,19,10,9,2026-06-26 18:06:00
INV00956,WH005,PROD434,631,620,11,2026-06-02 07:12:00
INV00957,WH005,PROD435,1122,1053,69,2026-06-05 23:44:00
INV00958,WH005,PROD436,32,14,18,2026-06-24 00:28:00
INV00959,WH005,PROD437,1157,1129,28,2026-07-10 19:22:00
INV00960,WH005,PROD438,710,660,50,2026-07-28 23:03:00
INV00961,WH005,PROD439,1000,908,92,2026-06-14 01:05:00
INV00962,WH005,PROD440,654,622,32,2026-07-18 18:35:00
INV00963,WH005,PROD444,1262,1148,114,2026-06-11 07:01:00
INV00964,WH005,PROD448,520,419,101,2026-06-03 04:34:00
INV00965,WH005,PROD450,1358,1340,18,2026-07-22 23:51:00
INV00966,WH005,PROD451,291,183,108,2026-06-06 14:45:00
INV00967,WH005,PROD458,451,421,30,2026-06-19 01:56:00
INV00968,WH005,PROD459,1063,997,66,2026-07-24 08:42:00
INV00969,WH005,PROD460,427,358,69,2026-07-24 15:41:00
INV00970,WH005,PROD466,880,807,73,2026-07-23 08:26:00
INV00971,WH005,PROD467,29,5,24,2026-06-17 01:24:00
INV00972,WH005,PROD468,694,615,79,2026-07-05 14:09:00
INV00973,WH005,PROD469,1508,1438,70,2026-06-10 10:32:00
INV00974,WH005,PROD472,536,518,18,2026-06-10 10:38:00
INV00975,WH005,PROD474,33,10,23,2026-06-25 12:48:00
INV00976,WH005,PROD475,772,671,101,2026-07-03 23:47:00
INV00977,WH005,PROD477,27,15,12,2026-06-16 20:12:00
INV00978,WH005,PROD478,414,306,108,2026-07-21 05:06:00
INV00979,WH005,PROD481,8,1,7,2026-06-08 16:29:00
INV00980,WH005,PROD482,647,632,15,2026-07-15 11:44:00
INV00981,WH005,PROD483,1520,1407,113,2026-06-04 21:58:00
INV00982,WH005,PROD485,1099,1080,19,2026-07-25 01:55:00
INV00983,WH005,PROD486,270,223,47,2026-07-22 20:59:00
INV00984,WH005,PROD489,900,871,29,2026-06-07 18:39:00
INV00985,WH005,PROD495,974,876,98,2026-06-12 19:20:00
INV00986,WH005,PROD496,481,374,107,2026-07-02 03:11:00
INV00987,WH005,PROD500,1017,944,73,2026-07-18 08:15:00
INV00988,WH006,PROD001,590,522,68,2026-06-11 00:23:00
INV00989,WH006,PROD002,474,445,29,2026-06-08 12:11:00
INV00990,WH006,PROD003,734,683,51,2026-07-08 20:24:00
INV00991,WH006,PROD006,583,549,34,2026-07-18 23:00:00
INV00992,WH006,PROD007,664,550,114,2026-06-13 09:18:00
INV00993,WH006,PROD012,303,187,116,2026-06-20 16:53:00
INV00994,WH006,PROD015,1452,1377,75,2026-07-08 10:00:00
INV00995,WH006,PROD016,502,490,12,2026-06-01 11:39:00
INV00996,WH006,PROD017,1297,1189,108,2026-07-14 11:04:00
INV00997,WH006,PROD019,588,538,50,2026-07-21 21:28:00
INV00998,WH006,PROD021,611,522,89,2026-06-26 13:40:00
INV00999,WH006,PROD022,1404,1374,30,2026-07-18 10:26:00
INV01000,WH006,PROD027,1109,1076,33,2026-07-02 15:20:00
INV01001,WH006,PROD031,914,884,30,2026-07-07 04:01:00
INV01002,WH006,PROD034,926,865,61,2026-07-05 02:09:00
INV01003,WH006,PROD041,233,206,27,2026-07-12 11:36:00
INV01004,WH006,PROD043,489,459,30,2026-07-08 09:07:00
INV01005,WH006,PROD044,24,6,18,2026-06-03 04:37:00
INV01006,WH006,PROD046,1447,1341,106,2026-06-26 07:27:00
INV01007,WH006,PROD047,560,465,95,2026-07-12 13:11:00
INV01008,WH006,PROD048,859,757,102,2026-07-13 05:02:00
INV01009,WH006,PROD050,855,836,19,2026-07-13 08:39:00
INV01010,WH006,PROD054,1370,1278,92,2026-06-22 03:12:00
INV01011,WH006,PROD057,629,606,23,2026-07-12 17:48:00
INV01012,WH006,PROD058,723,708,15,2026-07-07 17:54:00
INV01013,WH006,PROD060,571,471,100,2026-06-05 20:05:00
INV01014,WH006,PROD062,372,343,29,2026-07-24 05:50:00
INV01015,WH006,PROD063,17,3,14,2026-07-16 11:34:00
INV01016,WH006,PROD070,1327,1262,65,2026-06-27 17:31:00
INV01017,WH006,PROD072,215,167,48,2026-06-07 18:07:00
INV01018,WH006,PROD074,1332,1289,43,2026-07-05 01:24:00
INV01019,WH006,PROD076,472,423,49,2026-07-24 21:00:00
INV01020,WH006,PROD077,22,5,17,2026-07-07 16:58:00
INV01021,WH006,PROD078,1523,1457,66,2026-07-04 15:15:00
INV01022,WH006,PROD081,896,820,76,2026-07-20 23:24:00
INV01023,WH006,PROD087,1013,967,46,2026-07-18 09:49:00
INV01024,WH006,PROD088,1127,1041,86,2026-07-17 04:13:00
INV01025,WH006,PROD090,411,378,33,2026-07-10 04:45:00
INV01026,WH006,PROD093,559,446,113,2026-06-12 02:12:00
INV01027,WH006,PROD096,329,280,49,2026-06-03 09:10:00
INV01028,WH006,PROD097,672,594,78,2026-07-21 03:18:00
INV01029,WH006,PROD099,1388,1313,75,2026-07-20 22:55:00
INV01030,WH006,PROD100,34,14,20,2026-06-10 13:37:00
INV01031,WH006,PROD101,806,718,88,2026-07-07 22:33:00
INV01032,WH006,PROD102,16,6,10,2026-06-08 23:35:00
INV01033,WH006,PROD103,25,13,12,2026-06-28 13:01:00
INV01034,WH006,PROD108,599,494,105,2026-07-16 00:03:00
INV01035,WH006,PROD109,16,5,11,2026-07-05 10:12:00
INV01036,WH006,PROD112,381,347,34,2026-06-01 10:40:00
INV01037,WH006,PROD113,18,8,10,2026-06-16 16:57:00
INV01038,WH006,PROD115,253,153,100,2026-06-23 17:44:00
INV01039,WH006,PROD118,1474,1411,63,2026-06-11 21:49:00
INV01040,WH006,PROD121,365,277,88,2026-06-04 14:25:00
INV01041,WH006,PROD123,550,485,65,2026-07-23 14:48:00
INV01042,WH006,PROD124,656,615,41,2026-06-12 17:56:00
INV01043,WH006,PROD126,1472,1398,74,2026-07-28 12:43:00
INV01044,WH006,PROD127,625,589,36,2026-07-23 15:26:00
INV01045,WH006,PROD128,1205,1185,20,2026-06-22 20:07:00
INV01046,WH006,PROD131,1053,974,79,2026-06-12 12:29:00
INV01047,WH006,PROD132,27,9,18,2026-07-20 03:00:00
INV01048,WH006,PROD133,501,467,34,2026-07-13 16:50:00
INV01049,WH006,PROD140,1434,1396,38,2026-06-10 03:43:00
INV01050,WH006,PROD141,683,608,75,2026-06-23 05:29:00
INV01051,WH006,PROD143,382,279,103,2026-07-04 15:20:00
INV01052,WH006,PROD145,297,190,107,2026-06-26 15:31:00
INV01053,WH006,PROD147,331,238,93,2026-06-28 20:46:00
INV01054,WH006,PROD148,576,492,84,2026-06-01 20:57:00
INV01055,WH006,PROD149,431,355,76,2026-07-25 20:52:00
INV01056,WH006,PROD155,411,303,108,2026-07-10 04:29:00
INV01057,WH006,PROD156,451,389,62,2026-06-30 16:44:00
INV01058,WH006,PROD158,36,13,23,2026-07-08 17:41:00
INV01059,WH006,PROD162,860,762,98,2026-06-23 21:31:00
INV01060,WH006,PROD163,280,184,96,2026-07-16 23:09:00
INV01061,WH006,PROD165,962,904,58,2026-07-15 12:34:00
INV01062,WH006,PROD166,1433,1402,31,2026-07-26 11:36:00
INV01063,WH006,PROD167,839,812,27,2026-06-29 06:19:00
INV01064,WH006,PROD169,1393,1308,85,2026-07-28 05:21:00
INV01065,WH006,PROD173,795,708,87,2026-07-13 13:40:00
INV01066,WH006,PROD174,1167,1060,107,2026-07-18 09:56:00
INV01067,WH006,PROD177,24,0,24,2026-06-29 08:40:00
INV01068,WH006,PROD180,1521,1414,107,2026-06-27 13:37:00
INV01069,WH006,PROD184,326,278,48,2026-07-19 14:36:00
INV01070,WH006,PROD187,266,194,72,2026-07-06 00:35:00
INV01071,WH006,PROD188,846,778,68,2026-07-14 21:31:00
INV01072,WH006,PROD189,1470,1415,55,2026-07-25 18:18:00
INV01073,WH006,PROD192,1211,1192,19,2026-06-13 19:51:00
INV01074,WH006,PROD199,428,380,48,2026-06-27 14:15:00
INV01075,WH006,PROD201,1280,1212,68,2026-07-11 10:13:00
INV01076,WH006,PROD204,1332,1248,84,2026-07-22 17:06:00
INV01077,WH006,PROD205,1393,1346,47,2026-07-05 00:16:00
INV01078,WH006,PROD212,1399,1388,11,2026-06-11 21:40:00
INV01079,WH006,PROD213,230,170,60,2026-06-21 05:07:00
INV01080,WH006,PROD214,499,485,14,2026-06-26 04:29:00
INV01081,WH006,PROD215,26,9,17,2026-07-06 19:57:00
INV01082,WH006,PROD218,27,5,22,2026-06-18 17:53:00
INV01083,WH006,PROD223,439,363,76,2026-07-20 07:00:00
INV01084,WH006,PROD224,1402,1323,79,2026-07-06 06:55:00
INV01085,WH006,PROD228,840,825,15,2026-07-01 09:42:00
INV01086,WH006,PROD235,715,635,80,2026-07-10 19:47:00
INV01087,WH006,PROD238,483,367,116,2026-07-06 11:26:00
INV01088,WH006,PROD240,219,179,40,2026-06-10 14:50:00
INV01089,WH006,PROD244,257,246,11,2026-06-01 06:02:00
INV01090,WH006,PROD248,1051,949,102,2026-07-19 21:25:00
INV01091,WH006,PROD250,35,11,24,2026-07-12 06:01:00
INV01092,WH006,PROD258,998,943,55,2026-06-19 03:35:00
INV01093,WH006,PROD260,624,542,82,2026-07-23 14:34:00
INV01094,WH006,PROD261,1081,1034,47,2026-06-29 18:03:00
INV01095,WH006,PROD263,260,189,71,2026-07-12 03:33:00
INV01096,WH006,PROD267,1529,1466,63,2026-07-22 01:01:00
INV01097,WH006,PROD274,24,13,11,2026-06-24 22:07:00
INV01098,WH006,PROD275,22,9,13,2026-06-20 08:08:00
INV01099,WH006,PROD278,970,955,15,2026-07-01 08:42:00
INV01100,WH006,PROD283,1358,1294,64,2026-07-28 12:52:00
INV01101,WH006,PROD284,797,766,31,2026-06-03 12:09:00
INV01102,WH006,PROD288,415,389,26,2026-06-21 11:39:00
INV01103,WH006,PROD292,501,430,71,2026-06-21 13:49:00
INV01104,WH006,PROD296,639,520,119,2026-06-08 19:00:00
INV01105,WH006,PROD298,1487,1450,37,2026-07-12 21:18:00
INV01106,WH006,PROD301,692,679,13,2026-07-02 09:30:00
INV01107,WH006,PROD303,1306,1258,48,2026-06-19 21:50:00
INV01108,WH006,PROD307,692,606,86,2026-07-09 13:20:00
INV01109,WH006,PROD308,742,624,118,2026-07-05 07:20:00
INV01110,WH006,PROD311,11,4,7,2026-06-19 10:46:00
INV01111,WH006,PROD313,513,490,23,2026-07-15 19:03:00
INV01112,WH006,PROD319,24,12,12,2026-06-09 21:11:00
INV01113,WH006,PROD320,1135,1117,18,2026-06-16 20:09:00
INV01114,WH006,PROD321,1232,1163,69,2026-06-11 13:49:00
INV01115,WH006,PROD322,1359,1267,92,2026-07-17 07:39:00
INV01116,WH006,PROD323,858,807,51,2026-07-06 10:10:00
INV01117,WH006,PROD326,870,775,95,2026-06-11 21:53:00
INV01118,WH006,PROD329,891,790,101,2026-06-07 12:07:00
INV01119,WH006,PROD331,1202,1151,51,2026-06-24 19:05:00
INV01120,WH006,PROD335,855,838,17,2026-06-04 16:54:00
INV01121,WH006,PROD338,837,781,56,2026-07-09 02:16:00
INV01122,WH006,PROD341,750,701,49,2026-07-01 07:48:00
INV01123,WH006,PROD346,917,880,37,2026-07-20 04:19:00
INV01124,WH006,PROD348,832,755,77,2026-06-08 14:07:00
INV01125,WH006,PROD350,1367,1319,48,2026-06-30 06:16:00
INV01126,WH006,PROD356,653,566,87,2026-06-03 10:14:00
INV01127,WH006,PROD361,290,212,78,2026-06-15 06:07:00
INV01128,WH006,PROD363,383,320,63,2026-07-26 02:44:00
INV01129,WH006,PROD364,1584,1469,115,2026-07-04 19:11:00
INV01130,WH006,PROD370,1214,1200,14,2026-07-01 16:34:00
INV01131,WH006,PROD373,1403,1290,113,2026-06-05 11:50:00
INV01132,WH006,PROD376,1202,1123,79,2026-06-13 00:18:00
INV01133,WH006,PROD379,591,526,65,2026-06-21 21:04:00
INV01134,WH006,PROD388,1086,1061,25,2026-07-15 09:26:00
INV01135,WH006,PROD392,679,585,94,2026-06-21 23:14:00
INV01136,WH006,PROD393,1311,1198,113,2026-06-04 03:32:00
INV01137,WH006,PROD396,902,879,23,2026-06-28 21:30:00
INV01138,WH006,PROD403,976,931,45,2026-07-02 02:47:00
INV01139,WH006,PROD404,1030,925,105,2026-06-11 18:51:00
INV01140,WH006,PROD409,803,785,18,2026-06-15 06:52:00
INV01141,WH006,PROD413,1473,1388,85,2026-07-07 08:56:00
INV01142,WH006,PROD417,1141,1030,111,2026-06-17 10:03:00
INV01143,WH006,PROD419,1432,1349,83,2026-07-21 00:44:00
INV01144,WH006,PROD420,16,10,6,2026-07-01 07:36:00
INV01145,WH006,PROD422,22,10,12,2026-06-11 03:45:00
INV01146,WH006,PROD423,37,13,24,2026-07-13 16:18:00
INV01147,WH006,PROD424,1513,1482,31,2026-06-19 12:17:00
INV01148,WH006,PROD430,1283,1208,75,2026-06-20 19:48:00
INV01149,WH006,PROD432,1526,1409,117,2026-07-17 14:37:00
INV01150,WH006,PROD433,1330,1299,31,2026-07-27 11:52:00
INV01151,WH006,PROD437,894,822,72,2026-07-11 22:36:00
INV01152,WH006,PROD441,484,408,76,2026-07-04 23:07:00
INV01153,WH006,PROD443,532,516,16,2026-06-10 02:28:00
INV01154,WH006,PROD446,1322,1253,69,2026-07-09 21:57:00
INV01155,WH006,PROD449,391,301,90,2026-07-23 04:19:00
INV01156,WH006,PROD450,1493,1459,34,2026-07-09 14:57:00
INV01157,WH006,PROD454,15,10,5,2026-07-19 18:33:00
INV01158,WH006,PROD456,866,823,43,2026-07-22 03:50:00
INV01159,WH006,PROD457,1057,1021,36,2026-07-02 05:33:00
INV01160,WH006,PROD458,440,364,76,2026-06-06 05:46:00
INV01161,WH006,PROD460,592,579,13,2026-07-04 16:21:00
INV01162,WH006,PROD462,1366,1248,118,2026-06-08 02:36:00
INV01163,WH006,PROD467,1325,1253,72,2026-06-06 08:58:00
INV01164,WH006,PROD470,207,196,11,2026-07-18 19:42:00
INV01165,WH006,PROD472,1440,1323,117,2026-07-11 05:53:00
INV01166,WH006,PROD473,20,1,19,2026-06-24 10:09:00
INV01167,WH006,PROD474,1080,1016,64,2026-07-08 06:14:00
INV01168,WH006,PROD475,390,333,57,2026-07-11 21:20:00
INV01169,WH006,PROD479,270,192,78,2026-07-19 23:29:00
INV01170,WH006,PROD482,813,802,11,2026-06-13 04:43:00
INV01171,WH006,PROD483,503,398,105,2026-06-08 18:15:00
INV01172,WH006,PROD484,191,171,20,2026-06-16 17:08:00
INV01173,WH006,PROD485,849,779,70,2026-06-09 20:55:00
INV01174,WH006,PROD487,673,648,25,2026-07-17 13:02:00
INV01175,WH006,PROD489,1335,1237,98,2026-06-21 17:51:00
INV01176,WH006,PROD492,24,3,21,2026-06-03 09:20:00
INV01177,WH006,PROD494,18,9,9,2026-06-14 22:29:00
INV01178,WH006,PROD495,870,852,18,2026-07-15 16:31:00
INV01179,WH006,PROD496,1079,973,106,2026-06-09 14:05:00
INV01180,WH006,PROD498,1247,1193,54,2026-07-17 19:25:00
INV01181,WH006,PROD499,909,873,36,2026-06-16 19:03:00
INV01182,WH007,PROD001,923,833,90,2026-07-05 10:55:00
INV01183,WH007,PROD002,1148,1031,117,2026-06-06 11:40:00
INV01184,WH007,PROD003,721,654,67,2026-06-06 20:21:00
INV01185,WH007,PROD004,1034,919,115,2026-06-16 18:31:00
INV01186,WH007,PROD007,915,860,55,2026-07-21 03:06:00
INV01187,WH007,PROD010,995,954,41,2026-07-14 19:02:00
INV01188,WH007,PROD013,1307,1190,117,2026-06-16 15:31:00
INV01189,WH007,PROD016,487,474,13,2026-07-05 19:26:00
INV01190,WH007,PROD018,1017,924,93,2026-06-27 00:21:00
INV01191,WH007,PROD022,559,512,47,2026-07-04 02:24:00
INV01192,WH007,PROD026,332,290,42,2026-07-23 22:43:00
INV01193,WH007,PROD027,378,364,14,2026-07-10 22:29:00
INV01194,WH007,PROD028,1500,1449,51,2026-07-28 06:21:00
INV01195,WH007,PROD031,1564,1450,114,2026-06-20 13:53:00
INV01196,WH007,PROD044,461,404,57,2026-06-03 06:42:00
INV01197,WH007,PROD045,437,427,10,2026-07-02 06:00:00
INV01198,WH007,PROD047,1081,1009,72,2026-06-14 13:08:00
INV01199,WH007,PROD048,434,359,75,2026-06-17 20:16:00
INV01200,WH007,PROD051,455,387,68,2026-07-04 18:14:00
INV01201,WH007,PROD052,693,582,111,2026-06-02 18:26:00
INV01202,WH007,PROD053,1021,1006,15,2026-07-02 12:16:00
INV01203,WH007,PROD054,1620,1500,120,2026-07-26 19:40:00
INV01204,WH007,PROD057,1326,1316,10,2026-06-12 05:32:00
INV01205,WH007,PROD062,838,719,119,2026-07-10 16:29:00
INV01206,WH007,PROD065,918,868,50,2026-06-08 22:15:00
INV01207,WH007,PROD067,931,823,108,2026-07-05 23:57:00
INV01208,WH007,PROD072,1273,1155,118,2026-06-08 14:17:00
INV01209,WH007,PROD075,1476,1464,12,2026-06-28 17:35:00
INV01210,WH007,PROD076,476,366,110,2026-07-19 12:53:00
INV01211,WH007,PROD078,265,221,44,2026-06-13 09:13:00
INV01212,WH007,PROD080,1327,1220,107,2026-07-28 02:32:00
INV01213,WH007,PROD084,1192,1112,80,2026-06-29 20:47:00
INV01214,WH007,PROD088,680,605,75,2026-07-17 07:13:00
INV01215,WH007,PROD091,1229,1122,107,2026-06-29 00:53:00
INV01216,WH007,PROD094,206,167,39,2026-07-09 00:39:00
INV01217,WH007,PROD095,599,545,54,2026-07-03 20:55:00
INV01218,WH007,PROD096,543,531,12,2026-07-05 04:25:00
INV01219,WH007,PROD097,18,5,13,2026-06-03 08:04:00
INV01220,WH007,PROD099,657,626,31,2026-07-28 02:39:00
INV01221,WH007,PROD101,36,11,25,2026-06-29 14:08:00
INV01222,WH007,PROD103,15,2,13,2026-06-02 01:45:00
INV01223,WH007,PROD104,1459,1361,98,2026-07-24 22:17:00
INV01224,WH007,PROD115,16,5,11,2026-06-18 11:49:00
INV01225,WH007,PROD117,1547,1467,80,2026-06-05 01:39:00
INV01226,WH007,PROD119,871,783,88,2026-06-07 20:59:00
INV01227,WH007,PROD120,27,14,13,2026-06-02 18:46:00
INV01228,WH007,PROD121,529,459,70,2026-07-18 12:16:00
INV01229,WH007,PROD123,1066,983,83,2026-06-14 05:11:00
INV01230,WH007,PROD126,834,761,73,2026-07-21 04:11:00
INV01231,WH007,PROD128,1515,1472,43,2026-07-14 06:11:00
INV01232,WH007,PROD129,1265,1242,23,2026-07-24 19:03:00
INV01233,WH007,PROD133,26,12,14,2026-07-04 13:06:00
INV01234,WH007,PROD135,289,252,37,2026-07-01 00:09:00
INV01235,WH007,PROD136,1553,1486,67,2026-06-11 01:59:00
INV01236,WH007,PROD137,330,221,109,2026-06-03 19:21:00
INV01237,WH007,PROD140,990,950,40,2026-07-28 13:46:00
INV01238,WH007,PROD141,34,11,23,2026-06-13 13:34:00
INV01239,WH007,PROD143,855,844,11,2026-06-30 15:38:00
INV01240,WH007,PROD145,363,346,17,2026-07-02 07:08:00
INV01241,WH007,PROD146,1415,1303,112,2026-06-01 00:51:00
INV01242,WH007,PROD147,1183,1095,88,2026-06-06 06:48:00
INV01243,WH007,PROD150,1167,1074,93,2026-06-11 05:05:00
INV01244,WH007,PROD156,34,12,22,2026-07-07 01:47:00
INV01245,WH007,PROD157,1510,1491,19,2026-06-25 15:09:00
INV01246,WH007,PROD158,682,669,13,2026-06-21 22:49:00
INV01247,WH007,PROD159,441,379,62,2026-07-02 03:36:00
INV01248,WH007,PROD161,403,290,113,2026-07-01 00:29:00
INV01249,WH007,PROD162,1024,983,41,2026-06-04 04:52:00
INV01250,WH007,PROD166,798,750,48,2026-07-25 04:11:00
INV01251,WH007,PROD172,1497,1476,21,2026-06-26 00:09:00
INV01252,WH007,PROD173,1390,1353,37,2026-06-18 02:09:00
INV01253,WH007,PROD176,279,184,95,2026-07-08 08:19:00
INV01254,WH007,PROD177,1188,1121,67,2026-07-27 05:24:00
INV01255,WH007,PROD178,560,524,36,2026-06-27 20:40:00
INV01256,WH007,PROD179,632,610,22,2026-06-09 15:26:00
INV01257,WH007,PROD181,28,9,19,2026-07-17 17:01:00
INV01258,WH007,PROD183,520,424,96,2026-06-18 11:52:00
INV01259,WH007,PROD186,1340,1256,84,2026-06-23 03:24:00
INV01260,WH007,PROD187,11,3,8,2026-07-07 21:07:00
INV01261,WH007,PROD191,1418,1340,78,2026-07-24 02:10:00
INV01262,WH007,PROD194,1057,978,79,2026-07-19 22:18:00
INV01263,WH007,PROD196,1359,1247,112,2026-07-27 13:16:00
INV01264,WH007,PROD201,1266,1202,64,2026-07-14 13:08:00
INV01265,WH007,PROD202,328,270,58,2026-06-01 16:33:00
INV01266,WH007,PROD204,748,680,68,2026-06-02 16:47:00
INV01267,WH007,PROD205,1611,1496,115,2026-07-06 02:36:00
INV01268,WH007,PROD206,21,15,6,2026-06-19 19:54:00
INV01269,WH007,PROD208,1065,1045,20,2026-06-20 01:03:00
INV01270,WH007,PROD211,1337,1233,104,2026-07-23 06:25:00
INV01271,WH007,PROD214,1533,1430,103,2026-06-09 06:50:00
INV01272,WH007,PROD220,759,720,39,2026-07-05 08:32:00
INV01273,WH007,PROD224,297,230,67,2026-07-03 05:07:00
INV01274,WH007,PROD225,1067,990,77,2026-06-21 08:27:00
INV01275,WH007,PROD227,270,169,101,2026-06-11 02:10:00
INV01276,WH007,PROD228,1259,1156,103,2026-07-14 23:09:00
INV01277,WH007,PROD229,878,823,55,2026-06-01 06:48:00
INV01278,WH007,PROD230,209,192,17,2026-06-02 17:33:00
INV01279,WH007,PROD232,858,747,111,2026-07-18 22:25:00
INV01280,WH007,PROD235,462,377,85,2026-07-10 00:00:00
INV01281,WH007,PROD238,1396,1313,83,2026-06-06 03:16:00
INV01282,WH007,PROD239,5,0,5,2026-07-08 02:24:00
INV01283,WH007,PROD240,1539,1435,104,2026-06-10 07:08:00
INV01284,WH007,PROD244,1120,1085,35,2026-07-18 18:43:00
INV01285,WH007,PROD245,1440,1332,108,2026-07-17 14:47:00
INV01286,WH007,PROD251,960,945,15,2026-06-01 17:50:00
INV01287,WH007,PROD254,1310,1262,48,2026-07-24 02:54:00
INV01288,WH007,PROD258,1100,1020,80,2026-07-01 08:24:00
INV01289,WH007,PROD265,213,197,16,2026-07-09 18:32:00
INV01290,WH007,PROD268,698,660,38,2026-06-28 03:56:00
INV01291,WH007,PROD269,26,14,12,2026-06-06 03:33:00
INV01292,WH007,PROD270,389,339,50,2026-07-13 19:35:00
INV01293,WH007,PROD273,778,680,98,2026-06-22 16:09:00
INV01294,WH007,PROD274,895,782,113,2026-06-10 00:12:00
INV01295,WH007,PROD275,287,174,113,2026-06-05 11:13:00
INV01296,WH007,PROD277,758,718,40,2026-06-27 13:01:00
INV01297,WH007,PROD278,1385,1327,58,2026-07-09 19:16:00
INV01298,WH007,PROD288,809,709,100,2026-07-26 12:27:00
INV01299,WH007,PROD291,360,259,101,2026-06-07 01:35:00
INV01300,WH007,PROD292,25,0,25,2026-07-22 04:45:00
INV01301,WH007,PROD293,1209,1188,21,2026-06-10 04:41:00
INV01302,WH007,PROD298,1438,1371,67,2026-07-20 09:00:00
INV01303,WH007,PROD299,21,4,17,2026-06-03 16:22:00
INV01304,WH007,PROD300,1185,1167,18,2026-06-17 22:20:00
INV01305,WH007,PROD302,684,615,69,2026-07-21 11:40:00
INV01306,WH007,PROD306,850,788,62,2026-06-11 07:22:00
INV01307,WH007,PROD307,179,167,12,2026-06-19 02:10:00
INV01308,WH007,PROD309,1404,1296,108,2026-06-09 17:44:00
INV01309,WH007,PROD316,467,387,80,2026-07-14 13:04:00
INV01310,WH007,PROD317,1553,1443,110,2026-06-21 11:36:00
INV01311,WH007,PROD320,20,3,17,2026-07-27 01:03:00
INV01312,WH007,PROD323,630,598,32,2026-06-04 08:27:00
INV01313,WH007,PROD326,340,324,16,2026-06-09 17:15:00
INV01314,WH007,PROD328,395,327,68,2026-06-02 02:46:00
INV01315,WH007,PROD331,592,560,32,2026-07-28 04:36:00
INV01316,WH007,PROD336,1114,1024,90,2026-06-05 11:05:00
INV01317,WH007,PROD337,33,8,25,2026-07-05 22:23:00
INV01318,WH007,PROD338,31,13,18,2026-07-19 10:14:00
INV01319,WH007,PROD339,787,679,108,2026-06-20 12:46:00
INV01320,WH007,PROD342,19,5,14,2026-07-28 04:28:00
INV01321,WH007,PROD343,1486,1448,38,2026-06-20 12:52:00
INV01322,WH007,PROD344,1446,1423,23,2026-06-06 10:15:00
INV01323,WH007,PROD347,26,6,20,2026-07-17 09:31:00
INV01324,WH007,PROD349,674,631,43,2026-06-23 17:26:00
INV01325,WH007,PROD352,23,5,18,2026-06-11 10:48:00
INV01326,WH007,PROD353,23,14,9,2026-07-13 05:25:00
INV01327,WH007,PROD356,1203,1193,10,2026-06-26 13:45:00
INV01328,WH007,PROD359,1023,969,54,2026-06-10 04:17:00
INV01329,WH007,PROD363,1144,1055,89,2026-07-27 13:54:00
INV01330,WH007,PROD365,777,702,75,2026-07-21 19:18:00
INV01331,WH007,PROD366,430,314,116,2026-07-13 05:37:00
INV01332,WH007,PROD370,22,11,11,2026-06-01 01:26:00
INV01333,WH007,PROD371,1218,1195,23,2026-06-20 16:36:00
INV01334,WH007,PROD372,496,448,48,2026-06-09 07:20:00
INV01335,WH007,PROD376,692,579,113,2026-06-20 01:19:00
INV01336,WH007,PROD380,1028,924,104,2026-07-06 04:07:00
INV01337,WH007,PROD382,1507,1454,53,2026-06-28 08:38:00
INV01338,WH007,PROD383,540,485,55,2026-06-23 08:36:00
INV01339,WH007,PROD385,980,968,12,2026-07-13 22:17:00
INV01340,WH007,PROD387,422,330,92,2026-07-20 03:06:00
INV01341,WH007,PROD388,1247,1159,88,2026-07-20 06:34:00
INV01342,WH007,PROD390,527,450,77,2026-06-30 07:00:00
INV01343,WH007,PROD391,692,628,64,2026-06-20 07:21:00
INV01344,WH007,PROD394,848,738,110,2026-07-03 16:51:00
INV01345,WH007,PROD395,1249,1231,18,2026-07-04 08:37:00
INV01346,WH007,PROD396,275,197,78,2026-06-26 12:16:00
INV01347,WH007,PROD400,873,861,12,2026-07-25 03:52:00
INV01348,WH007,PROD401,11,5,6,2026-06-06 05:52:00
INV01349,WH007,PROD403,600,551,49,2026-07-13 23:17:00
INV01350,WH007,PROD405,17,7,10,2026-07-26 00:07:00
INV01351,WH007,PROD406,802,786,16,2026-07-10 23:33:00
INV01352,WH007,PROD412,755,640,115,2026-07-02 04:06:00
INV01353,WH007,PROD414,1276,1184,92,2026-06-25 01:03:00
INV01354,WH007,PROD416,579,562,17,2026-06-07 19:28:00
INV01355,WH007,PROD419,1510,1425,85,2026-07-09 01:05:00
INV01356,WH007,PROD423,14,1,13,2026-06-01 06:19:00
INV01357,WH007,PROD424,459,389,70,2026-06-16 03:48:00
INV01358,WH007,PROD425,457,352,105,2026-07-08 14:48:00
INV01359,WH007,PROD427,306,243,63,2026-07-20 23:06:00
INV01360,WH007,PROD431,1050,944,106,2026-07-27 04:48:00
INV01361,WH007,PROD434,1468,1413,55,2026-07-19 01:46:00
INV01362,WH007,PROD436,1363,1341,22,2026-07-12 09:54:00
INV01363,WH007,PROD438,1291,1222,69,2026-06-22 11:58:00
INV01364,WH007,PROD439,10,2,8,2026-06-14 14:21:00
INV01365,WH007,PROD440,566,489,77,2026-07-16 03:01:00
INV01366,WH007,PROD442,1324,1293,31,2026-07-04 21:55:00
INV01367,WH007,PROD443,233,157,76,2026-07-01 04:49:00
INV01368,WH007,PROD444,372,265,107,2026-07-16 07:29:00
INV01369,WH007,PROD445,21,3,18,2026-06-28 00:35:00
INV01370,WH007,PROD449,1434,1410,24,2026-07-01 04:08:00
INV01371,WH007,PROD453,1466,1370,96,2026-07-27 18:40:00
INV01372,WH007,PROD454,1177,1135,42,2026-07-02 03:34:00
INV01373,WH007,PROD462,667,614,53,2026-06-03 14:56:00
INV01374,WH007,PROD464,487,367,120,2026-07-28 00:11:00
INV01375,WH007,PROD466,260,180,80,2026-07-14 23:45:00
INV01376,WH007,PROD467,980,870,110,2026-06-30 16:02:00
INV01377,WH007,PROD468,33,8,25,2026-07-13 09:12:00
INV01378,WH007,PROD473,613,586,27,2026-07-27 12:11:00
INV01379,WH007,PROD476,513,398,115,2026-06-26 18:02:00
INV01380,WH007,PROD479,1442,1383,59,2026-07-13 12:35:00
INV01381,WH007,PROD482,749,681,68,2026-06-26 21:30:00
INV01382,WH007,PROD483,30,11,19,2026-06-05 13:39:00
INV01383,WH007,PROD486,1374,1333,41,2026-07-25 11:44:00
INV01384,WH007,PROD487,361,333,28,2026-06-21 01:47:00
INV01385,WH007,PROD489,27,9,18,2026-07-23 04:24:00
INV01386,WH007,PROD490,20,0,20,2026-06-14 06:23:00
INV01387,WH007,PROD491,33,8,25,2026-07-28 05:18:00
INV01388,WH007,PROD495,479,380,99,2026-07-10 17:55:00
INV01389,WH007,PROD498,767,740,27,2026-07-05 09:32:00
INV01390,WH008,PROD003,5,0,5,2026-06-20 03:47:00
INV01391,WH008,PROD004,415,302,113,2026-07-23 00:20:00
INV01392,WH008,PROD010,466,451,15,2026-06-07 11:58:00
INV01393,WH008,PROD011,31,11,20,2026-07-19 22:35:00
INV01394,WH008,PROD013,844,745,99,2026-06-26 22:50:00
INV01395,WH008,PROD015,1503,1408,95,2026-07-26 10:14:00
INV01396,WH008,PROD017,362,341,21,2026-06-01 10:01:00
INV01397,WH008,PROD018,822,715,107,2026-07-02 13:16:00
INV01398,WH008,PROD022,1183,1154,29,2026-07-03 18:50:00
INV01399,WH008,PROD027,830,805,25,2026-07-01 07:35:00
INV01400,WH008,PROD028,482,377,105,2026-06-09 17:49:00
INV01401,WH008,PROD029,34,15,19,2026-06-22 03:08:00
INV01402,WH008,PROD031,1359,1302,57,2026-07-02 16:06:00
INV01403,WH008,PROD032,509,466,43,2026-06-25 20:02:00
INV01404,WH008,PROD033,1488,1375,113,2026-06-30 05:14:00
INV01405,WH008,PROD034,476,464,12,2026-06-19 09:27:00
INV01406,WH008,PROD038,1024,907,117,2026-07-20 08:27:00
INV01407,WH008,PROD039,508,439,69,2026-06-03 11:04:00
INV01408,WH008,PROD040,1106,1093,13,2026-06-14 01:52:00
INV01409,WH008,PROD043,915,890,25,2026-06-25 08:48:00
INV01410,WH008,PROD048,1541,1463,78,2026-07-19 07:30:00
INV01411,WH008,PROD050,610,593,17,2026-06-07 15:20:00
INV01412,WH008,PROD051,1274,1235,39,2026-06-02 05:56:00
INV01413,WH008,PROD053,414,299,115,2026-07-24 09:32:00
INV01414,WH008,PROD054,1190,1090,100,2026-07-13 05:24:00
INV01415,WH008,PROD058,28,5,23,2026-06-22 08:49:00
INV01416,WH008,PROD062,1328,1231,97,2026-06-26 04:57:00
INV01417,WH008,PROD068,1288,1207,81,2026-07-24 09:02:00
INV01418,WH008,PROD071,727,663,64,2026-06-09 00:28:00
INV01419,WH008,PROD073,631,573,58,2026-06-10 15:04:00
INV01420,WH008,PROD078,672,572,100,2026-06-22 06:46:00
INV01421,WH008,PROD079,1185,1124,61,2026-06-27 22:08:00
INV01422,WH008,PROD083,622,596,26,2026-07-28 16:27:00
INV01423,WH008,PROD084,1239,1123,116,2026-07-09 01:26:00
INV01424,WH008,PROD088,309,211,98,2026-07-22 08:33:00
INV01425,WH008,PROD090,1031,955,76,2026-07-08 21:14:00
INV01426,WH008,PROD091,933,835,98,2026-07-20 11:49:00
INV01427,WH008,PROD092,870,860,10,2026-07-21 00:43:00
INV01428,WH008,PROD098,1502,1386,116,2026-07-20 04:30:00
INV01429,WH008,PROD101,384,321,63,2026-07-28 10:38:00
INV01430,WH008,PROD103,741,677,64,2026-07-20 00:20:00
INV01431,WH008,PROD104,901,808,93,2026-06-27 14:03:00
INV01432,WH008,PROD105,1443,1369,74,2026-07-27 14:31:00
INV01433,WH008,PROD106,725,671,54,2026-06-11 13:54:00
INV01434,WH008,PROD107,12,7,5,2026-07-24 16:16:00
INV01435,WH008,PROD108,25,15,10,2026-06-14 12:47:00
INV01436,WH008,PROD110,640,572,68,2026-06-12 01:45:00
INV01437,WH008,PROD111,543,451,92,2026-07-01 03:06:00
INV01438,WH008,PROD113,1217,1101,116,2026-07-24 11:41:00
INV01439,WH008,PROD115,1456,1392,64,2026-06-08 15:06:00
INV01440,WH008,PROD116,770,753,17,2026-06-11 19:56:00
INV01441,WH008,PROD117,765,741,24,2026-06-18 17:25:00
INV01442,WH008,PROD125,255,216,39,2026-06-24 05:06:00
INV01443,WH008,PROD126,250,166,84,2026-06-14 18:54:00
INV01444,WH008,PROD130,243,210,33,2026-07-28 05:47:00
INV01445,WH008,PROD141,1357,1275,82,2026-06-01 03:56:00
INV01446,WH008,PROD142,1060,964,96,2026-06-18 15:53:00
INV01447,WH008,PROD144,18,0,18,2026-07-26 02:28:00
INV01448,WH008,PROD145,296,189,107,2026-06-14 02:25:00
INV01449,WH008,PROD147,297,230,67,2026-07-27 10:43:00
INV01450,WH008,PROD150,15,9,6,2026-07-08 06:13:00
INV01451,WH008,PROD152,1205,1089,116,2026-06-12 08:58:00
INV01452,WH008,PROD153,691,608,83,2026-07-25 03:55:00
INV01453,WH008,PROD154,1333,1303,30,2026-06-18 14:27:00
INV01454,WH008,PROD157,241,160,81,2026-07-05 07:36:00
INV01455,WH008,PROD158,27,10,17,2026-06-17 01:10:00
INV01456,WH008,PROD159,1492,1404,88,2026-07-23 17:20:00
INV01457,WH008,PROD163,31,7,24,2026-07-18 19:14:00
INV01458,WH008,PROD164,25,15,10,2026-06-12 17:55:00
INV01459,WH008,PROD168,26,3,23,2026-07-23 12:14:00
INV01460,WH008,PROD169,777,761,16,2026-07-20 18:52:00
INV01461,WH008,PROD173,1057,1031,26,2026-07-16 13:28:00
INV01462,WH008,PROD174,553,501,52,2026-06-30 05:35:00
INV01463,WH008,PROD175,625,570,55,2026-07-08 15:16:00
INV01464,WH008,PROD177,1440,1350,90,2026-06-24 00:28:00
INV01465,WH008,PROD186,1342,1268,74,2026-06-28 09:52:00
INV01466,WH008,PROD189,31,11,20,2026-07-19 13:54:00
INV01467,WH008,PROD191,272,241,31,2026-07-05 00:42:00
INV01468,WH008,PROD192,1330,1307,23,2026-07-24 05:38:00
INV01469,WH008,PROD193,12,2,10,2026-07-28 11:49:00
INV01470,WH008,PROD194,685,637,48,2026-07-10 01:17:00
INV01471,WH008,PROD195,303,220,83,2026-07-08 07:11:00
INV01472,WH008,PROD197,598,544,54,2026-06-16 06:11:00
INV01473,WH008,PROD201,17,7,10,2026-06-23 02:02:00
INV01474,WH008,PROD203,1542,1485,57,2026-07-22 10:22:00
INV01475,WH008,PROD206,399,382,17,2026-07-10 23:14:00
INV01476,WH008,PROD212,868,822,46,2026-07-21 22:43:00
INV01477,WH008,PROD215,1017,979,38,2026-07-08 16:52:00
INV01478,WH008,PROD217,814,733,81,2026-07-15 06:39:00
INV01479,WH008,PROD219,761,652,109,2026-06-13 05:18:00
INV01480,WH008,PROD224,544,484,60,2026-07-08 13:08:00
INV01481,WH008,PROD226,22,0,22,2026-06-23 18:47:00
INV01482,WH008,PROD227,714,622,92,2026-06-08 04:53:00
INV01483,WH008,PROD228,747,703,44,2026-06-06 05:56:00
INV01484,WH008,PROD230,898,832,66,2026-07-19 19:25:00
INV01485,WH008,PROD233,1469,1381,88,2026-07-10 04:03:00
INV01486,WH008,PROD234,27,15,12,2026-06-26 06:04:00
INV01487,WH008,PROD236,1403,1354,49,2026-06-24 08:10:00
INV01488,WH008,PROD237,17,12,5,2026-06-12 19:49:00
INV01489,WH008,PROD238,432,340,92,2026-07-07 06:57:00
INV01490,WH008,PROD239,439,350,89,2026-07-08 04:11:00
INV01491,WH008,PROD241,638,619,19,2026-06-07 15:23:00
INV01492,WH008,PROD242,473,412,61,2026-06-28 08:30:00
INV01493,WH008,PROD245,1286,1191,95,2026-07-11 12:16:00
INV01494,WH008,PROD247,230,202,28,2026-07-27 19:27:00
INV01495,WH008,PROD250,12,0,12,2026-06-01 18:37:00
INV01496,WH008,PROD251,1345,1241,104,2026-07-28 08:20:00
INV01497,WH008,PROD253,319,275,44,2026-06-13 05:45:00
INV01498,WH008,PROD256,23,7,16,2026-07-26 10:22:00
INV01499,WH008,PROD258,16,8,8,2026-06-14 23:49:00
INV01500,WH008,PROD260,26,3,23,2026-06-20 07:42:00
INV01501,WH008,PROD266,1130,1054,76,2026-07-02 18:29:00
INV01502,WH008,PROD268,1147,1104,43,2026-07-09 04:23:00
INV01503,WH008,PROD269,460,418,42,2026-06-10 02:32:00
INV01504,WH008,PROD270,770,670,100,2026-07-11 21:20:00
INV01505,WH008,PROD272,453,374,79,2026-07-08 05:47:00
INV01506,WH008,PROD276,779,769,10,2026-07-20 17:30:00
INV01507,WH008,PROD285,1224,1159,65,2026-07-11 12:53:00
INV01508,WH008,PROD288,666,630,36,2026-07-19 05:37:00
INV01509,WH008,PROD290,1111,1030,81,2026-06-23 03:22:00
INV01510,WH008,PROD291,506,489,17,2026-06-22 14:45:00
INV01511,WH008,PROD294,1084,1037,47,2026-06-18 01:56:00
INV01512,WH008,PROD296,1272,1181,91,2026-07-21 11:47:00
INV01513,WH008,PROD298,1292,1258,34,2026-06-11 10:44:00
INV01514,WH008,PROD299,1239,1128,111,2026-06-09 12:50:00
INV01515,WH008,PROD300,1294,1190,104,2026-06-18 12:30:00
INV01516,WH008,PROD301,28,5,23,2026-06-24 09:59:00
INV01517,WH008,PROD303,1564,1455,109,2026-07-26 10:47:00
INV01518,WH008,PROD309,1459,1349,110,2026-06-26 05:35:00
INV01519,WH008,PROD311,900,867,33,2026-06-01 03:34:00
INV01520,WH008,PROD313,1554,1451,103,2026-06-26 05:48:00
INV01521,WH008,PROD318,1113,1065,48,2026-06-12 17:26:00
INV01522,WH008,PROD323,772,665,107,2026-07-27 05:41:00
INV01523,WH008,PROD324,15,5,10,2026-06-16 08:05:00
INV01524,WH008,PROD325,591,508,83,2026-07-09 00:50:00
INV01525,WH008,PROD327,38,13,25,2026-06-26 05:53:00
INV01526,WH008,PROD332,440,425,15,2026-06-27 12:00:00
INV01527,WH008,PROD333,967,851,116,2026-07-23 01:37:00
INV01528,WH008,PROD337,563,529,34,2026-06-05 15:53:00
INV01529,WH008,PROD338,203,188,15,2026-07-16 07:39:00
INV01530,WH008,PROD339,14,7,7,2026-06-16 11:48:00
INV01531,WH008,PROD340,602,513,89,2026-06-09 05:19:00
INV01532,WH008,PROD342,348,327,21,2026-07-08 07:24:00
INV01533,WH008,PROD344,343,245,98,2026-06-27 00:59:00
INV01534,WH008,PROD345,1214,1145,69,2026-07-13 01:20:00
INV01535,WH008,PROD351,438,377,61,2026-07-14 23:26:00
INV01536,WH008,PROD354,1137,1120,17,2026-06-28 04:25:00
INV01537,WH008,PROD355,1326,1226,100,2026-07-16 11:00:00
INV01538,WH008,PROD356,22,7,15,2026-06-30 05:12:00
INV01539,WH008,PROD358,1081,1060,21,2026-07-23 13:42:00
INV01540,WH008,PROD359,15,3,12,2026-06-14 06:50:00
INV01541,WH008,PROD360,1477,1466,11,2026-07-21 19:16:00
INV01542,WH008,PROD363,1062,1041,21,2026-06-20 04:12:00
INV01543,WH008,PROD365,923,864,59,2026-06-18 09:07:00
INV01544,WH008,PROD367,1126,1091,35,2026-06-12 14:30:00
INV01545,WH008,PROD368,1280,1221,59,2026-06-24 15:26:00
INV01546,WH008,PROD371,320,214,106,2026-06-28 22:13:00
INV01547,WH008,PROD372,835,748,87,2026-06-12 19:02:00
INV01548,WH008,PROD373,356,292,64,2026-07-01 10:54:00
INV01549,WH008,PROD374,1352,1277,75,2026-06-29 00:05:00
INV01550,WH008,PROD378,1492,1419,73,2026-07-10 18:12:00
INV01551,WH008,PROD379,623,524,99,2026-06-03 05:18:00
INV01552,WH008,PROD380,846,780,66,2026-06-18 08:04:00
INV01553,WH008,PROD384,629,598,31,2026-06-18 11:27:00
INV01554,WH008,PROD391,663,552,111,2026-07-03 12:36:00
INV01555,WH008,PROD395,254,172,82,2026-06-11 11:55:00
INV01556,WH008,PROD396,985,907,78,2026-07-18 07:24:00
INV01557,WH008,PROD398,1033,1006,27,2026-07-06 18:02:00
INV01558,WH008,PROD399,573,504,69,2026-06-13 16:27:00
INV01559,WH008,PROD405,323,279,44,2026-07-12 00:00:00
INV01560,WH008,PROD407,1214,1175,39,2026-07-26 10:40:00
INV01561,WH008,PROD408,769,698,71,2026-06-12 02:25:00
INV01562,WH008,PROD410,847,807,40,2026-07-20 18:38:00
INV01563,WH008,PROD413,13,7,6,2026-07-01 17:04:00
INV01564,WH008,PROD417,316,252,64,2026-06-20 15:54:00
INV01565,WH008,PROD422,404,342,62,2026-06-19 07:29:00
INV01566,WH008,PROD424,762,686,76,2026-06-18 06:29:00
INV01567,WH008,PROD427,19,2,17,2026-07-05 14:53:00
INV01568,WH008,PROD428,988,869,119,2026-07-27 13:16:00
INV01569,WH008,PROD431,1225,1107,118,2026-06-09 21:56:00
INV01570,WH008,PROD433,1016,977,39,2026-07-06 02:23:00
INV01571,WH008,PROD437,426,328,98,2026-07-04 11:52:00
INV01572,WH008,PROD438,1406,1319,87,2026-06-03 01:09:00
INV01573,WH008,PROD440,590,491,99,2026-07-07 03:00:00
INV01574,WH008,PROD441,884,835,49,2026-06-03 22:29:00
INV01575,WH008,PROD443,1418,1301,117,2026-06-25 00:18:00
INV01576,WH008,PROD449,1049,993,56,2026-07-19 13:02:00
INV01577,WH008,PROD451,630,616,14,2026-07-16 07:28:00
INV01578,WH008,PROD452,1426,1362,64,2026-07-03 07:13:00
INV01579,WH008,PROD454,34,14,20,2026-07-13 06:01:00
INV01580,WH008,PROD459,466,396,70,2026-07-06 04:11:00
INV01581,WH008,PROD463,1053,990,63,2026-07-27 15:58:00
INV01582,WH008,PROD465,361,316,45,2026-07-10 00:49:00
INV01583,WH008,PROD466,1550,1475,75,2026-07-03 13:21:00
INV01584,WH008,PROD468,931,824,107,2026-07-14 19:51:00
INV01585,WH008,PROD472,1173,1114,59,2026-07-19 06:36:00
INV01586,WH008,PROD473,544,496,48,2026-07-15 16:44:00
INV01587,WH008,PROD478,1299,1181,118,2026-07-19 15:25:00
INV01588,WH008,PROD480,25,10,15,2026-07-25 00:54:00
INV01589,WH008,PROD482,1367,1319,48,2026-06-09 04:53:00
INV01590,WH008,PROD484,20,1,19,2026-06-17 20:54:00
INV01591,WH008,PROD491,416,309,107,2026-07-05 12:43:00
INV01592,WH008,PROD492,996,983,13,2026-06-26 06:11:00
INV01593,WH008,PROD494,399,292,107,2026-06-26 05:36:00
INV01594,WH008,PROD495,276,180,96,2026-07-01 06:51:00
INV01595,WH008,PROD500,1224,1192,32,2026-07-24 19:05:00
INV01596,WH009,PROD005,1330,1248,82,2026-06-11 15:07:00
INV01597,WH009,PROD009,874,811,63,2026-07-27 06:49:00
INV01598,WH009,PROD010,404,335,69,2026-06-30 23:58:00
INV01599,WH009,PROD012,1094,1016,78,2026-07-23 09:39:00
INV01600,WH009,PROD013,1413,1352,61,2026-06-19 05:01:00
INV01601,WH009,PROD015,1460,1361,99,2026-07-05 21:42:00
INV01602,WH009,PROD017,657,636,21,2026-06-21 09:43:00
INV01603,WH009,PROD018,275,189,86,2026-06-08 09:22:00
INV01604,WH009,PROD028,1095,1007,88,2026-06-29 00:24:00
INV01605,WH009,PROD031,1431,1413,18,2026-06-22 17:28:00
INV01606,WH009,PROD041,736,679,57,2026-07-09 16:10:00
INV01607,WH009,PROD043,669,625,44,2026-07-06 16:47:00
INV01608,WH009,PROD044,746,652,94,2026-07-22 01:44:00
INV01609,WH009,PROD045,21,14,7,2026-07-17 17:07:00
INV01610,WH009,PROD047,235,161,74,2026-06-25 20:24:00
INV01611,WH009,PROD048,648,604,44,2026-07-14 03:21:00
INV01612,WH009,PROD050,1414,1337,77,2026-07-26 01:06:00
INV01613,WH009,PROD054,785,667,118,2026-07-27 18:58:00
INV01614,WH009,PROD055,1517,1489,28,2026-07-03 02:21:00
INV01615,WH009,PROD056,20,1,19,2026-06-08 15:03:00
INV01616,WH009,PROD058,1023,994,29,2026-07-11 09:02:00
INV01617,WH009,PROD059,582,566,16,2026-06-02 16:40:00
INV01618,WH009,PROD060,1537,1461,76,2026-07-28 02:29:00
INV01619,WH009,PROD064,1261,1232,29,2026-06-11 19:26:00
INV01620,WH009,PROD066,849,756,93,2026-07-24 09:53:00
INV01621,WH009,PROD067,317,211,106,2026-07-13 00:29:00
INV01622,WH009,PROD071,31,10,21,2026-07-07 05:41:00
INV01623,WH009,PROD072,804,714,90,2026-06-06 02:26:00
INV01624,WH009,PROD073,1427,1363,64,2026-07-14 03:46:00
INV01625,WH009,PROD074,434,375,59,2026-06-11 15:25:00
INV01626,WH009,PROD075,1302,1291,11,2026-06-03 16:08:00
INV01627,WH009,PROD081,1469,1429,40,2026-06-08 14:03:00
INV01628,WH009,PROD084,620,508,112,2026-06-27 06:43:00
INV01629,WH009,PROD091,767,724,43,2026-06-18 06:20:00
INV01630,WH009,PROD092,1498,1440,58,2026-07-12 05:41:00
INV01631,WH009,PROD095,1218,1142,76,2026-07-28 00:05:00
INV01632,WH009,PROD098,858,754,104,2026-07-22 21:59:00
INV01633,WH009,PROD099,530,482,48,2026-07-13 11:13:00
INV01634,WH009,PROD100,1361,1349,12,2026-06-06 04:14:00
INV01635,WH009,PROD102,209,168,41,2026-06-12 17:58:00
INV01636,WH009,PROD103,1046,979,67,2026-07-23 22:03:00
INV01637,WH009,PROD105,1537,1479,58,2026-07-19 14:00:00
INV01638,WH009,PROD106,21,7,14,2026-06-25 10:08:00
INV01639,WH009,PROD107,879,781,98,2026-06-03 11:22:00
INV01640,WH009,PROD112,1127,1020,107,2026-06-17 16:48:00
INV01641,WH009,PROD113,36,14,22,2026-07-21 11:49:00
INV01642,WH009,PROD117,279,183,96,2026-06-16 12:52:00
INV01643,WH009,PROD123,1311,1194,117,2026-07-05 04:07:00
INV01644,WH009,PROD124,1418,1317,101,2026-06-29 15:15:00
INV01645,WH009,PROD126,1014,969,45,2026-06-27 04:12:00
INV01646,WH009,PROD127,1065,1026,39,2026-06-03 12:25:00
INV01647,WH009,PROD128,1516,1429,87,2026-07-04 13:18:00
INV01648,WH009,PROD133,939,913,26,2026-07-08 09:36:00
INV01649,WH009,PROD136,625,506,119,2026-06-09 23:03:00
INV01650,WH009,PROD141,1421,1388,33,2026-07-04 12:11:00
INV01651,WH009,PROD146,1366,1304,62,2026-07-10 04:00:00
INV01652,WH009,PROD155,358,298,60,2026-06-30 18:37:00
INV01653,WH009,PROD156,890,856,34,2026-06-25 19:37:00
INV01654,WH009,PROD159,1582,1496,86,2026-07-23 04:37:00
INV01655,WH009,PROD163,1359,1272,87,2026-06-16 06:20:00
INV01656,WH009,PROD164,1231,1127,104,2026-07-26 12:35:00
INV01657,WH009,PROD165,1264,1164,100,2026-06-29 19:11:00
INV01658,WH009,PROD169,1147,1038,109,2026-06-01 09:07:00
INV01659,WH009,PROD175,580,503,77,2026-06-04 16:55:00
INV01660,WH009,PROD177,742,655,87,2026-06-07 10:12:00
INV01661,WH009,PROD182,643,538,105,2026-07-19 19:05:00
INV01662,WH009,PROD183,1000,974,26,2026-06-01 00:00:00
INV01663,WH009,PROD184,806,759,47,2026-06-04 20:42:00
INV01664,WH009,PROD187,511,450,61,2026-07-24 19:46:00
INV01665,WH009,PROD188,792,774,18,2026-07-18 20:42:00
INV01666,WH009,PROD191,746,732,14,2026-07-17 18:04:00
INV01667,WH009,PROD196,209,184,25,2026-06-14 16:51:00
INV01668,WH009,PROD200,512,461,51,2026-07-28 20:53:00
INV01669,WH009,PROD201,243,217,26,2026-07-08 19:34:00
INV01670,WH009,PROD202,986,935,51,2026-06-20 05:47:00
INV01671,WH009,PROD206,526,427,99,2026-06-19 00:21:00
INV01672,WH009,PROD207,1579,1479,100,2026-06-10 01:33:00
INV01673,WH009,PROD208,678,625,53,2026-06-02 18:59:00
INV01674,WH009,PROD209,1090,1026,64,2026-07-09 03:39:00
INV01675,WH009,PROD210,1501,1420,81,2026-06-26 04:58:00
INV01676,WH009,PROD211,1381,1266,115,2026-07-23 01:41:00
INV01677,WH009,PROD213,1030,973,57,2026-07-05 04:56:00
INV01678,WH009,PROD214,31,11,20,2026-06-16 20:59:00
INV01679,WH009,PROD221,37,13,24,2026-06-27 03:59:00
INV01680,WH009,PROD224,915,832,83,2026-07-01 04:48:00
INV01681,WH009,PROD230,1567,1464,103,2026-07-20 09:54:00
INV01682,WH009,PROD232,706,657,49,2026-07-21 09:31:00
INV01683,WH009,PROD233,584,484,100,2026-06-21 07:04:00
INV01684,WH009,PROD234,1488,1417,71,2026-06-21 12:06:00
INV01685,WH009,PROD235,35,15,20,2026-07-02 06:41:00
INV01686,WH009,PROD237,939,866,73,2026-06-04 07:26:00
INV01687,WH009,PROD238,28,5,23,2026-06-03 04:44:00
INV01688,WH009,PROD239,1434,1345,89,2026-07-09 23:04:00
INV01689,WH009,PROD242,1217,1141,76,2026-06-13 06:29:00
INV01690,WH009,PROD245,19,5,14,2026-07-22 09:54:00
INV01691,WH009,PROD246,1113,1068,45,2026-06-19 17:38:00
INV01692,WH009,PROD247,28,15,13,2026-06-28 00:28:00
INV01693,WH009,PROD248,1079,1001,78,2026-07-26 04:49:00
INV01694,WH009,PROD250,178,160,18,2026-07-15 15:26:00
INV01695,WH009,PROD252,1504,1395,109,2026-06-05 15:40:00
INV01696,WH009,PROD253,33,11,22,2026-06-06 15:44:00
INV01697,WH009,PROD256,584,490,94,2026-07-26 17:37:00
INV01698,WH009,PROD257,914,870,44,2026-06-25 06:16:00
INV01699,WH009,PROD258,18,11,7,2026-07-03 00:22:00
INV01700,WH009,PROD262,415,311,104,2026-07-17 23:51:00
INV01701,WH009,PROD263,27,8,19,2026-06-18 22:51:00
INV01702,WH009,PROD267,994,899,95,2026-06-16 19:42:00
INV01703,WH009,PROD276,18,1,17,2026-07-12 15:52:00
INV01704,WH009,PROD279,749,733,16,2026-06-01 18:15:00
INV01705,WH009,PROD280,287,175,112,2026-07-16 09:20:00
INV01706,WH009,PROD283,1280,1255,25,2026-06-18 00:48:00
INV01707,WH009,PROD285,1378,1268,110,2026-06-10 05:05:00
INV01708,WH009,PROD286,591,578,13,2026-07-08 12:25:00
INV01709,WH009,PROD288,339,231,108,2026-06-16 16:23:00
INV01710,WH009,PROD289,1364,1285,79,2026-06-26 21:17:00
INV01711,WH009,PROD291,291,193,98,2026-07-13 14:34:00
INV01712,WH009,PROD292,981,952,29,2026-06-21 05:38:00
INV01713,WH009,PROD295,953,932,21,2026-06-19 22:27:00
INV01714,WH009,PROD296,603,567,36,2026-07-17 07:21:00
INV01715,WH009,PROD298,585,559,26,2026-06-04 06:38:00
INV01716,WH009,PROD300,737,689,48,2026-07-25 00:32:00
INV01717,WH009,PROD302,1050,1034,16,2026-07-02 01:32:00
INV01718,WH009,PROD304,1380,1293,87,2026-07-01 01:38:00
INV01719,WH009,PROD305,486,390,96,2026-07-09 22:39:00
INV01720,WH009,PROD308,34,9,25,2026-07-26 07:05:00
INV01721,WH009,PROD310,21,12,9,2026-06-25 03:06:00
INV01722,WH009,PROD311,1328,1283,45,2026-06-22 17:03:00
INV01723,WH009,PROD312,1079,967,112,2026-06-16 05:42:00
INV01724,WH009,PROD319,36,12,24,2026-06-03 09:29:00
INV01725,WH009,PROD323,571,475,96,2026-06-10 00:20:00
INV01726,WH009,PROD324,234,164,70,2026-07-01 15:17:00
INV01727,WH009,PROD326,801,756,45,2026-07-01 23:44:00
INV01728,WH009,PROD328,1256,1239,17,2026-07-14 21:49:00
INV01729,WH009,PROD331,31,6,25,2026-06-06 14:48:00
INV01730,WH009,PROD333,19,2,17,2026-07-23 19:36:00
INV01731,WH009,PROD335,1371,1330,41,2026-06-18 13:56:00
INV01732,WH009,PROD338,1055,943,112,2026-06-27 04:55:00
INV01733,WH009,PROD347,860,819,41,2026-07-15 18:24:00
INV01734,WH009,PROD349,681,625,56,2026-06-01 04:47:00
INV01735,WH009,PROD351,1348,1244,104,2026-06-20 00:08:00
INV01736,WH009,PROD354,1401,1287,114,2026-06-29 00:13:00
INV01737,WH009,PROD357,1047,971,76,2026-06-04 10:59:00
INV01738,WH009,PROD359,694,634,60,2026-06-03 12:25:00
INV01739,WH009,PROD362,283,167,116,2026-06-24 01:08:00
INV01740,WH009,PROD364,421,329,92,2026-07-12 20:27:00
INV01741,WH009,PROD365,1438,1427,11,2026-07-05 18:07:00
INV01742,WH009,PROD369,12,1,11,2026-07-08 03:10:00
INV01743,WH009,PROD373,12,0,12,2026-06-10 11:08:00
INV01744,WH009,PROD374,23,10,13,2026-06-11 22:12:00
INV01745,WH009,PROD382,977,909,68,2026-07-07 14:44:00
INV01746,WH009,PROD384,418,379,39,2026-07-07 20:52:00
INV01747,WH009,PROD385,295,235,60,2026-06-04 19:45:00
INV01748,WH009,PROD386,437,422,15,2026-07-26 14:22:00
INV01749,WH009,PROD389,827,754,73,2026-07-13 10:16:00
INV01750,WH009,PROD390,1449,1359,90,2026-06-09 01:20:00
INV01751,WH009,PROD393,1469,1388,81,2026-06-19 22:18:00
INV01752,WH009,PROD394,1240,1202,38,2026-06-06 03:35:00
INV01753,WH009,PROD395,25,3,22,2026-07-16 17:38:00
INV01754,WH009,PROD408,957,867,90,2026-07-04 06:18:00
INV01755,WH009,PROD409,847,729,118,2026-07-19 10:25:00
INV01756,WH009,PROD413,523,493,30,2026-07-09 21:23:00
INV01757,WH009,PROD415,35,15,20,2026-06-04 10:44:00
INV01758,WH009,PROD416,641,630,11,2026-07-22 13:06:00
INV01759,WH009,PROD418,552,435,117,2026-06-20 17:27:00
INV01760,WH009,PROD429,14,9,5,2026-06-29 20:09:00
INV01761,WH009,PROD431,243,182,61,2026-06-09 06:22:00
INV01762,WH009,PROD432,917,899,18,2026-07-03 11:01:00
INV01763,WH009,PROD434,11,0,11,2026-06-05 14:14:00
INV01764,WH009,PROD435,425,334,91,2026-06-28 15:51:00
INV01765,WH009,PROD436,19,1,18,2026-06-23 16:28:00
INV01766,WH009,PROD438,471,414,57,2026-06-12 08:19:00
INV01767,WH009,PROD439,22,10,12,2026-06-20 14:36:00
INV01768,WH009,PROD442,1018,918,100,2026-06-17 23:47:00
INV01769,WH009,PROD445,827,805,22,2026-07-15 14:37:00
INV01770,WH009,PROD447,22,3,19,2026-07-07 23:05:00
INV01771,WH009,PROD448,1532,1455,77,2026-07-07 17:25:00
INV01772,WH009,PROD450,870,765,105,2026-07-25 22:25:00
INV01773,WH009,PROD452,890,826,64,2026-06-25 03:35:00
INV01774,WH009,PROD453,1444,1393,51,2026-07-02 08:40:00
INV01775,WH009,PROD461,1028,960,68,2026-07-06 00:23:00
INV01776,WH009,PROD462,546,530,16,2026-06-16 23:44:00
INV01777,WH009,PROD464,401,331,70,2026-07-05 08:15:00
INV01778,WH009,PROD465,1578,1465,113,2026-06-07 18:11:00
INV01779,WH009,PROD467,974,887,87,2026-06-28 15:15:00
INV01780,WH009,PROD470,562,444,118,2026-07-15 22:38:00
INV01781,WH009,PROD471,459,422,37,2026-06-14 18:55:00
INV01782,WH009,PROD472,274,231,43,2026-06-12 17:58:00
INV01783,WH009,PROD475,17,5,12,2026-07-23 12:59:00
INV01784,WH009,PROD476,988,920,68,2026-07-10 18:41:00
INV01785,WH009,PROD477,1080,1049,31,2026-07-01 07:39:00
INV01786,WH009,PROD478,638,608,30,2026-07-17 17:55:00
INV01787,WH009,PROD479,273,245,28,2026-06-09 07:43:00
INV01788,WH009,PROD484,425,342,83,2026-06-17 22:00:00
INV01789,WH009,PROD486,30,6,24,2026-06-15 05:33:00
INV01790,WH009,PROD487,612,585,27,2026-06-20 15:42:00
INV01791,WH009,PROD490,27,4,23,2026-07-27 19:00:00
INV01792,WH009,PROD491,899,828,71,2026-07-23 10:55:00
INV01793,WH009,PROD492,23,10,13,2026-06-09 12:03:00
INV01794,WH009,PROD495,878,812,66,2026-06-28 18:44:00
INV01795,WH009,PROD497,581,563,18,2026-07-06 07:07:00
INV01796,WH009,PROD498,26,9,17,2026-06-16 06:43:00
INV01797,WH010,PROD001,1144,1035,109,2026-07-11 23:49:00
INV01798,WH010,PROD002,1185,1159,26,2026-06-29 14:29:00
INV01799,WH010,PROD003,1017,998,19,2026-07-27 23:32:00
INV01800,WH010,PROD005,979,965,14,2026-06-26 09:46:00
INV01801,WH010,PROD006,1169,1057,112,2026-06-01 06:35:00
INV01802,WH010,PROD007,965,925,40,2026-07-22 01:21:00
INV01803,WH010,PROD008,1458,1427,31,2026-07-03 09:08:00
INV01804,WH010,PROD010,246,226,20,2026-07-11 15:50:00
INV01805,WH010,PROD013,362,259,103,2026-06-09 15:17:00
INV01806,WH010,PROD018,38,13,25,2026-07-01 11:32:00
INV01807,WH010,PROD019,1078,1010,68,2026-06-09 11:36:00
INV01808,WH010,PROD021,1147,1030,117,2026-07-24 05:00:00
INV01809,WH010,PROD023,1020,979,41,2026-06-13 16:42:00
INV01810,WH010,PROD028,1067,976,91,2026-07-27 08:26:00
INV01811,WH010,PROD032,1370,1324,46,2026-06-29 08:20:00
INV01812,WH010,PROD033,1442,1350,92,2026-06-14 03:33:00
INV01813,WH010,PROD039,1403,1318,85,2026-07-14 15:47:00
INV01814,WH010,PROD042,797,718,79,2026-07-24 19:50:00
INV01815,WH010,PROD044,37,13,24,2026-06-03 18:47:00
INV01816,WH010,PROD045,842,792,50,2026-06-01 09:38:00
INV01817,WH010,PROD046,669,575,94,2026-06-10 13:49:00
INV01818,WH010,PROD048,640,593,47,2026-06-09 04:47:00
INV01819,WH010,PROD050,761,676,85,2026-07-28 12:06:00
INV01820,WH010,PROD052,12,2,10,2026-07-13 03:21:00
INV01821,WH010,PROD056,926,845,81,2026-06-15 08:01:00
INV01822,WH010,PROD057,12,5,7,2026-07-14 14:27:00
INV01823,WH010,PROD060,461,431,30,2026-06-13 18:33:00
INV01824,WH010,PROD061,1217,1169,48,2026-06-20 05:52:00
INV01825,WH010,PROD062,571,480,91,2026-06-22 12:45:00
INV01826,WH010,PROD064,1230,1156,74,2026-06-05 16:49:00
INV01827,WH010,PROD065,441,413,28,2026-06-14 14:33:00
INV01828,WH010,PROD069,1232,1139,93,2026-06-04 10:42:00
INV01829,WH010,PROD073,862,744,118,2026-06-05 12:33:00
INV01830,WH010,PROD074,13,6,7,2026-07-15 23:16:00
INV01831,WH010,PROD075,1027,970,57,2026-06-20 14:47:00
INV01832,WH010,PROD076,1334,1248,86,2026-07-26 08:25:00
INV01833,WH010,PROD083,28,13,15,2026-07-14 14:39:00
INV01834,WH010,PROD084,1051,942,109,2026-06-13 21:34:00
INV01835,WH010,PROD085,1431,1421,10,2026-07-25 14:09:00
INV01836,WH010,PROD089,506,394,112,2026-06-04 17:03:00
INV01837,WH010,PROD093,1032,1004,28,2026-06-06 12:25:00
INV01838,WH010,PROD094,21,13,8,2026-06-21 11:57:00
INV01839,WH010,PROD097,1254,1187,67,2026-06-27 08:21:00
INV01840,WH010,PROD098,1042,966,76,2026-06-21 10:48:00
INV01841,WH010,PROD099,944,871,73,2026-06-07 05:16:00
INV01842,WH010,PROD107,206,161,45,2026-06-01 01:24:00
INV01843,WH010,PROD111,1270,1217,53,2026-07-21 13:51:00
INV01844,WH010,PROD112,772,746,26,2026-07-14 01:22:00
INV01845,WH010,PROD116,28,11,17,2026-06-17 10:06:00
INV01846,WH010,PROD121,811,769,42,2026-06-17 02:49:00
INV01847,WH010,PROD124,1205,1117,88,2026-06-19 00:09:00
INV01848,WH010,PROD133,679,563,116,2026-06-13 16:26:00
INV01849,WH010,PROD135,248,184,64,2026-07-03 07:53:00
INV01850,WH010,PROD136,305,235,70,2026-07-17 02:28:00
INV01851,WH010,PROD137,25,13,12,2026-06-13 01:56:00
INV01852,WH010,PROD138,811,698,113,2026-06-10 06:32:00
INV01853,WH010,PROD140,522,505,17,2026-06-03 22:21:00
INV01854,WH010,PROD141,1481,1402,79,2026-07-18 17:14:00
INV01855,WH010,PROD142,32,8,24,2026-07-18 02:13:00
INV01856,WH010,PROD146,258,174,84,2026-07-08 13:40:00
INV01857,WH010,PROD147,39,15,24,2026-07-09 15:55:00
INV01858,WH010,PROD150,1444,1329,115,2026-07-27 15:08:00
INV01859,WH010,PROD157,516,463,53,2026-07-06 08:07:00
INV01860,WH010,PROD158,1457,1398,59,2026-06-18 16:00:00
INV01861,WH010,PROD167,1115,1100,15,2026-06-14 11:48:00
INV01862,WH010,PROD169,1263,1157,106,2026-06-20 16:00:00
INV01863,WH010,PROD170,1534,1461,73,2026-07-11 07:36:00
INV01864,WH010,PROD171,851,839,12,2026-07-08 20:48:00
INV01865,WH010,PROD175,1524,1497,27,2026-06-28 00:10:00
INV01866,WH010,PROD176,745,703,42,2026-06-10 20:55:00
INV01867,WH010,PROD179,642,627,15,2026-06-06 11:58:00
INV01868,WH010,PROD183,543,436,107,2026-06-22 16:17:00
INV01869,WH010,PROD185,1121,1109,12,2026-06-13 09:09:00
INV01870,WH010,PROD187,22,14,8,2026-07-13 14:30:00
INV01871,WH010,PROD189,1157,1092,65,2026-06-24 19:23:00
INV01872,WH010,PROD190,1518,1494,24,2026-06-20 02:32:00
INV01873,WH010,PROD191,801,697,104,2026-07-14 16:46:00
INV01874,WH010,PROD193,1185,1175,10,2026-07-04 23:08:00
INV01875,WH010,PROD198,1513,1463,50,2026-07-04 12:44:00
INV01876,WH010,PROD199,412,367,45,2026-07-07 13:10:00
INV01877,WH010,PROD201,708,600,108,2026-06-11 13:01:00
INV01878,WH010,PROD203,1329,1273,56,2026-06-25 22:39:00
INV01879,WH010,PROD205,1121,1090,31,2026-06-27 15:18:00
INV01880,WH010,PROD206,388,352,36,2026-07-25 14:12:00
INV01881,WH010,PROD207,1034,975,59,2026-06-12 18:13:00
INV01882,WH010,PROD209,419,327,92,2026-06-24 02:51:00
INV01883,WH010,PROD215,446,334,112,2026-06-30 17:32:00
INV01884,WH010,PROD217,21,12,9,2026-07-23 11:52:00
INV01885,WH010,PROD220,1047,998,49,2026-07-10 17:37:00
INV01886,WH010,PROD223,525,462,63,2026-06-16 04:29:00
INV01887,WH010,PROD232,1526,1488,38,2026-07-01 03:28:00
INV01888,WH010,PROD233,289,205,84,2026-06-10 05:14:00
INV01889,WH010,PROD236,1438,1323,115,2026-06-04 01:45:00
INV01890,WH010,PROD240,1134,1027,107,2026-06-21 08:55:00
INV01891,WH010,PROD241,1514,1435,79,2026-07-11 14:03:00
INV01892,WH010,PROD244,804,724,80,2026-07-22 14:28:00
INV01893,WH010,PROD248,781,681,100,2026-06-05 20:50:00
INV01894,WH010,PROD249,865,792,73,2026-06-21 06:37:00
INV01895,WH010,PROD253,1379,1265,114,2026-07-05 19:43:00
INV01896,WH010,PROD255,25,6,19,2026-06-30 16:04:00
INV01897,WH010,PROD258,824,806,18,2026-07-02 19:03:00
INV01898,WH010,PROD259,954,906,48,2026-07-03 19:48:00
INV01899,WH010,PROD267,552,493,59,2026-06-26 17:13:00
INV01900,WH010,PROD275,1278,1198,80,2026-06-29 13:13:00
INV01901,WH010,PROD281,588,468,120,2026-06-02 21:30:00
INV01902,WH010,PROD283,666,637,29,2026-07-08 12:43:00
INV01903,WH010,PROD284,8,0,8,2026-07-11 10:47:00
INV01904,WH010,PROD285,25,3,22,2026-06-10 18:41:00
INV01905,WH010,PROD288,1544,1468,76,2026-06-25 20:50:00
INV01906,WH010,PROD290,499,424,75,2026-07-23 00:41:00
INV01907,WH010,PROD292,982,972,10,2026-06-25 22:48:00
INV01908,WH010,PROD294,311,225,86,2026-07-26 03:03:00
INV01909,WH010,PROD295,625,599,26,2026-07-01 04:37:00
INV01910,WH010,PROD301,1342,1283,59,2026-07-09 07:14:00
INV01911,WH010,PROD302,1297,1197,100,2026-07-13 13:42:00
INV01912,WH010,PROD305,312,244,68,2026-06-16 22:20:00
INV01913,WH010,PROD306,30,10,20,2026-06-30 16:39:00
INV01914,WH010,PROD308,687,611,76,2026-06-13 10:22:00
INV01915,WH010,PROD309,1158,1147,11,2026-06-29 07:47:00
INV01916,WH010,PROD310,16,6,10,2026-06-07 10:21:00
INV01917,WH010,PROD313,816,801,15,2026-06-29 21:57:00
INV01918,WH010,PROD315,11,2,9,2026-07-04 15:39:00
INV01919,WH010,PROD316,709,605,104,2026-07-04 08:45:00
INV01920,WH010,PROD317,284,241,43,2026-06-20 11:32:00
INV01921,WH010,PROD319,329,306,23,2026-06-20 02:19:00
INV01922,WH010,PROD320,1500,1484,16,2026-07-15 03:48:00
INV01923,WH010,PROD324,1516,1477,39,2026-07-21 10:54:00
INV01924,WH010,PROD326,31,14,17,2026-06-08 10:40:00
INV01925,WH010,PROD327,1357,1243,114,2026-07-09 02:47:00
INV01926,WH010,PROD329,39,14,25,2026-07-27 14:39:00
INV01927,WH010,PROD335,457,441,16,2026-06-15 20:19:00
INV01928,WH010,PROD338,786,696,90,2026-06-23 13:32:00
INV01929,WH010,PROD342,1180,1118,62,2026-07-07 09:01:00
INV01930,WH010,PROD343,1055,1016,39,2026-07-17 13:19:00
INV01931,WH010,PROD353,1052,1034,18,2026-06-14 04:39:00
INV01932,WH010,PROD354,1208,1171,37,2026-07-03 21:13:00
INV01933,WH010,PROD357,1397,1342,55,2026-07-02 11:28:00
INV01934,WH010,PROD359,1411,1381,30,2026-07-16 21:09:00
INV01935,WH010,PROD361,402,363,39,2026-07-03 12:35:00
INV01936,WH010,PROD363,263,227,36,2026-06-09 18:53:00
INV01937,WH010,PROD364,33,11,22,2026-07-16 21:19:00
INV01938,WH010,PROD365,729,614,115,2026-06-15 05:19:00
INV01939,WH010,PROD369,18,2,16,2026-07-06 11:40:00
INV01940,WH010,PROD370,734,656,78,2026-07-08 13:51:00
INV01941,WH010,PROD371,643,574,69,2026-06-20 09:50:00
INV01942,WH010,PROD376,741,671,70,2026-06-25 05:46:00
INV01943,WH010,PROD380,36,11,25,2026-07-05 09:41:00
INV01944,WH010,PROD385,40,15,25,2026-06-18 23:59:00
INV01945,WH010,PROD387,473,385,88,2026-06-28 02:28:00
INV01946,WH010,PROD388,10,5,5,2026-07-28 05:04:00
INV01947,WH010,PROD393,1000,978,22,2026-07-07 17:04:00
INV01948,WH010,PROD395,398,352,46,2026-06-15 09:53:00
INV01949,WH010,PROD402,1012,941,71,2026-07-15 01:45:00
INV01950,WH010,PROD403,1415,1301,114,2026-06-14 22:31:00
INV01951,WH010,PROD408,248,202,46,2026-07-18 04:37:00
INV01952,WH010,PROD411,526,406,120,2026-07-05 12:18:00
INV01953,WH010,PROD414,602,562,40,2026-07-20 00:51:00
INV01954,WH010,PROD416,1568,1449,119,2026-06-23 23:01:00
INV01955,WH010,PROD420,1440,1348,92,2026-06-25 22:52:00
INV01956,WH010,PROD421,617,536,81,2026-06-27 12:28:00
INV01957,WH010,PROD422,1009,923,86,2026-06-27 13:27:00
INV01958,WH010,PROD423,445,435,10,2026-06-21 23:25:00
INV01959,WH010,PROD425,551,506,45,2026-07-22 01:08:00
INV01960,WH010,PROD427,529,412,117,2026-06-09 21:44:00
INV01961,WH010,PROD429,1450,1406,44,2026-07-08 17:02:00
INV01962,WH010,PROD430,25,14,11,2026-06-28 17:14:00
INV01963,WH010,PROD431,955,883,72,2026-07-10 23:01:00
INV01964,WH010,PROD436,21,2,19,2026-06-21 04:40:00
INV01965,WH010,PROD437,1090,976,114,2026-06-08 08:18:00
INV01966,WH010,PROD438,16,6,10,2026-06-16 11:04:00
INV01967,WH010,PROD440,1077,959,118,2026-06-24 13:56:00
INV01968,WH010,PROD451,1034,921,113,2026-07-23 01:07:00
INV01969,WH010,PROD454,1193,1152,41,2026-07-19 04:24:00
INV01970,WH010,PROD455,1429,1347,82,2026-07-21 11:47:00
INV01971,WH010,PROD456,1462,1404,58,2026-07-11 10:22:00
INV01972,WH010,PROD460,1489,1459,30,2026-06-12 15:43:00
INV01973,WH010,PROD463,806,688,118,2026-07-22 02:19:00
INV01974,WH010,PROD464,606,593,13,2026-07-25 17:20:00
INV01975,WH010,PROD465,20,10,10,2026-06-22 02:46:00
INV01976,WH010,PROD466,741,705,36,2026-07-20 09:59:00
INV01977,WH010,PROD472,1047,967,80,2026-07-01 04:11:00
INV01978,WH010,PROD473,696,618,78,2026-07-07 00:19:00
INV01979,WH010,PROD475,668,628,40,2026-06-05 08:59:00
INV01980,WH010,PROD476,379,321,58,2026-06-24 21:30:00
INV01981,WH010,PROD477,671,555,116,2026-06-10 11:05:00
INV01982,WH010,PROD479,37,14,23,2026-07-04 16:29:00
INV01983,WH010,PROD480,637,587,50,2026-06-05 04:55:00
INV01984,WH010,PROD488,225,178,47,2026-07-08 10:18:00
INV01985,WH010,PROD491,1555,1482,73,2026-06-28 13:06:00
INV01986,WH011,PROD002,1248,1232,16,2026-07-22 11:32:00
INV01987,WH011,PROD005,23,15,8,2026-06-16 02:19:00
INV01988,WH011,PROD006,834,814,20,2026-06-06 02:16:00
INV01989,WH011,PROD008,1316,1245,71,2026-06-27 05:40:00
INV01990,WH011,PROD009,20,15,5,2026-07-22 17:04:00
INV01991,WH011,PROD011,264,242,22,2026-07-10 21:25:00
INV01992,WH011,PROD015,1066,1016,50,2026-06-20 04:21:00
INV01993,WH011,PROD022,375,258,117,2026-06-27 20:35:00
INV01994,WH011,PROD023,452,442,10,2026-07-26 13:52:00
INV01995,WH011,PROD024,685,650,35,2026-07-22 23:04:00
INV01996,WH011,PROD028,560,517,43,2026-07-16 23:12:00
INV01997,WH011,PROD030,7,1,6,2026-06-12 06:03:00
INV01998,WH011,PROD038,1108,1034,74,2026-07-26 10:41:00
INV01999,WH011,PROD044,240,188,52,2026-07-14 10:58:00
INV02000,WH011,PROD049,771,740,31,2026-07-18 03:06:00
INV02001,WH011,PROD050,234,205,29,2026-06-26 13:30:00
INV02002,WH011,PROD051,17,2,15,2026-06-17 10:47:00
INV02003,WH011,PROD054,217,189,28,2026-06-07 12:27:00
INV02004,WH011,PROD059,1249,1213,36,2026-06-10 04:08:00
INV02005,WH011,PROD061,271,226,45,2026-06-03 10:14:00
INV02006,WH011,PROD063,502,417,85,2026-06-12 21:11:00
INV02007,WH011,PROD066,21,4,17,2026-07-12 00:06:00
INV02008,WH011,PROD067,1511,1407,104,2026-07-19 01:54:00
INV02009,WH011,PROD069,19,8,11,2026-07-05 09:13:00
INV02010,WH011,PROD070,566,544,22,2026-06-15 20:11:00
INV02011,WH011,PROD071,1001,925,76,2026-06-08 06:10:00
INV02012,WH011,PROD073,756,670,86,2026-06-22 13:43:00
INV02013,WH011,PROD076,619,593,26,2026-06-20 05:32:00
INV02014,WH011,PROD079,868,760,108,2026-07-10 14:27:00
INV02015,WH011,PROD084,722,690,32,2026-07-08 16:27:00
INV02016,WH011,PROD086,550,506,44,2026-07-18 01:46:00
INV02017,WH011,PROD087,711,656,55,2026-06-28 14:40:00
INV02018,WH011,PROD089,736,646,90,2026-06-18 21:36:00
INV02019,WH011,PROD091,978,888,90,2026-06-12 19:30:00
INV02020,WH011,PROD093,1033,978,55,2026-07-24 02:21:00
INV02021,WH011,PROD094,1036,977,59,2026-06-24 10:36:00
INV02022,WH011,PROD101,1193,1149,44,2026-07-19 12:10:00
INV02023,WH011,PROD102,1500,1459,41,2026-07-03 01:39:00
INV02024,WH011,PROD105,827,764,63,2026-06-07 08:30:00
INV02025,WH011,PROD106,655,598,57,2026-06-16 12:54:00
INV02026,WH011,PROD107,533,476,57,2026-06-19 14:49:00
INV02027,WH011,PROD108,1000,956,44,2026-06-28 23:20:00
INV02028,WH011,PROD120,629,576,53,2026-07-06 18:44:00
INV02029,WH011,PROD124,472,410,62,2026-07-19 20:56:00
INV02030,WH011,PROD125,924,844,80,2026-07-18 07:09:00
INV02031,WH011,PROD127,1045,945,100,2026-07-02 18:09:00
INV02032,WH011,PROD133,1175,1122,53,2026-06-06 05:41:00
INV02033,WH011,PROD134,1098,1006,92,2026-06-13 23:40:00
INV02034,WH011,PROD138,851,813,38,2026-06-18 06:42:00
INV02035,WH011,PROD141,902,822,80,2026-07-03 23:27:00
INV02036,WH011,PROD142,286,203,83,2026-06-27 03:25:00
INV02037,WH011,PROD146,784,756,28,2026-07-07 15:37:00
INV02038,WH011,PROD152,1484,1396,88,2026-07-19 17:50:00
INV02039,WH011,PROD153,409,346,63,2026-06-23 07:43:00
INV02040,WH011,PROD154,377,357,20,2026-06-26 16:41:00
INV02041,WH011,PROD155,400,331,69,2026-06-02 07:01:00
INV02042,WH011,PROD156,1156,1120,36,2026-06-09 12:03:00
INV02043,WH011,PROD162,189,158,31,2026-06-07 08:34:00
INV02044,WH011,PROD166,1251,1137,114,2026-07-06 22:01:00
INV02045,WH011,PROD172,968,941,27,2026-07-17 08:36:00
INV02046,WH011,PROD173,426,400,26,2026-06-19 12:50:00
INV02047,WH011,PROD175,867,759,108,2026-07-21 14:25:00
INV02048,WH011,PROD178,811,719,92,2026-07-24 04:47:00
INV02049,WH011,PROD180,1562,1446,116,2026-06-11 12:53:00
INV02050,WH011,PROD190,1034,980,54,2026-06-14 06:38:00
INV02051,WH011,PROD192,18,9,9,2026-06-01 06:25:00
INV02052,WH011,PROD196,1228,1185,43,2026-07-25 21:05:00
INV02053,WH011,PROD197,545,521,24,2026-07-12 13:44:00
INV02054,WH011,PROD200,849,748,101,2026-07-07 14:05:00
INV02055,WH011,PROD201,269,202,67,2026-06-27 21:56:00
INV02056,WH011,PROD206,860,823,37,2026-06-15 19:07:00
INV02057,WH011,PROD209,20,3,17,2026-06-11 11:50:00
INV02058,WH011,PROD210,395,382,13,2026-06-26 22:15:00
INV02059,WH011,PROD212,1392,1348,44,2026-06-03 02:12:00
INV02060,WH011,PROD214,750,706,44,2026-06-14 15:58:00
INV02061,WH011,PROD216,1253,1137,116,2026-07-13 06:43:00
INV02062,WH011,PROD217,466,355,111,2026-06-19 01:52:00
INV02063,WH011,PROD218,805,693,112,2026-06-06 23:03:00
INV02064,WH011,PROD219,1159,1039,120,2026-07-02 19:13:00
INV02065,WH011,PROD220,15,2,13,2026-06-07 12:00:00
INV02066,WH011,PROD222,1574,1490,84,2026-07-16 18:42:00
INV02067,WH011,PROD225,309,201,108,2026-06-04 09:41:00
INV02068,WH011,PROD228,259,229,30,2026-06-10 16:35:00
INV02069,WH011,PROD231,1067,1004,63,2026-06-08 12:58:00
INV02070,WH011,PROD232,312,298,14,2026-07-27 19:38:00
INV02071,WH011,PROD233,18,4,14,2026-06-08 06:16:00
INV02072,WH011,PROD236,929,824,105,2026-06-20 17:16:00
INV02073,WH011,PROD237,596,579,17,2026-06-21 06:04:00
INV02074,WH011,PROD239,1228,1129,99,2026-07-07 21:06:00
INV02075,WH011,PROD240,439,354,85,2026-06-14 17:24:00
INV02076,WH011,PROD246,30,15,15,2026-06-07 22:56:00
INV02077,WH011,PROD249,23,3,20,2026-06-14 04:50:00
INV02078,WH011,PROD250,867,783,84,2026-07-25 00:08:00
INV02079,WH011,PROD251,227,158,69,2026-06-11 16:35:00
INV02080,WH011,PROD254,763,742,21,2026-06-06 03:08:00
INV02081,WH011,PROD257,1512,1444,68,2026-06-20 10:08:00
INV02082,WH011,PROD258,402,303,99,2026-07-20 19:13:00
INV02083,WH011,PROD260,1264,1194,70,2026-06-24 15:24:00
INV02084,WH011,PROD262,598,534,64,2026-07-09 02:15:00
INV02085,WH011,PROD265,246,226,20,2026-07-11 15:19:00
INV02086,WH011,PROD266,1520,1496,24,2026-06-25 03:50:00
INV02087,WH011,PROD267,542,496,46,2026-06-16 20:09:00
INV02088,WH011,PROD268,15,1,14,2026-06-05 22:15:00
INV02089,WH011,PROD270,21,6,15,2026-06-22 01:26:00
INV02090,WH011,PROD273,594,529,65,2026-06-25 02:26:00
INV02091,WH011,PROD280,969,855,114,2026-06-22 05:20:00
INV02092,WH011,PROD283,1260,1167,93,2026-07-18 09:57:00
INV02093,WH011,PROD284,20,11,9,2026-06-19 15:46:00
INV02094,WH011,PROD288,1205,1105,100,2026-07-08 17:38:00
INV02095,WH011,PROD290,1261,1216,45,2026-07-04 11:27:00
INV02096,WH011,PROD291,1233,1187,46,2026-07-07 19:14:00
INV02097,WH011,PROD293,919,906,13,2026-06-07 18:40:00
INV02098,WH011,PROD296,1089,1036,53,2026-06-29 11:42:00
INV02099,WH011,PROD297,934,898,36,2026-06-24 16:18:00
INV02100,WH011,PROD299,646,527,119,2026-06-29 20:46:00
INV02101,WH011,PROD301,21,12,9,2026-06-26 04:48:00
INV02102,WH011,PROD302,962,901,61,2026-06-02 08:24:00
INV02103,WH011,PROD303,266,196,70,2026-07-13 01:05:00
INV02104,WH011,PROD304,805,712,93,2026-06-08 07:00:00
INV02105,WH011,PROD305,1250,1192,58,2026-07-12 13:55:00
INV02106,WH011,PROD307,1213,1198,15,2026-06-29 03:56:00
INV02107,WH011,PROD308,38,13,25,2026-06-27 17:38:00
INV02108,WH011,PROD310,16,3,13,2026-07-02 04:34:00
INV02109,WH011,PROD314,33,13,20,2026-06-11 06:32:00
INV02110,WH011,PROD316,894,869,25,2026-07-26 21:10:00
INV02111,WH011,PROD319,13,4,9,2026-06-12 05:35:00
INV02112,WH011,PROD324,1258,1247,11,2026-06-18 15:20:00
INV02113,WH011,PROD325,621,544,77,2026-06-23 19:37:00
INV02114,WH011,PROD326,166,152,14,2026-06-18 02:02:00
INV02115,WH011,PROD329,778,698,80,2026-06-29 19:51:00
INV02116,WH011,PROD331,19,3,16,2026-07-16 03:59:00
INV02117,WH011,PROD337,305,210,95,2026-07-23 10:12:00
INV02118,WH011,PROD339,1166,1057,109,2026-06-10 05:49:00
INV02119,WH011,PROD341,503,418,85,2026-07-23 00:50:00
INV02120,WH011,PROD349,437,390,47,2026-07-11 22:59:00
INV02121,WH011,PROD353,1361,1289,72,2026-06-03 19:48:00
INV02122,WH011,PROD358,249,209,40,2026-06-09 17:01:00
INV02123,WH011,PROD359,777,764,13,2026-06-07 19:18:00
INV02124,WH011,PROD361,925,824,101,2026-06-16 09:04:00
INV02125,WH011,PROD362,515,408,107,2026-07-21 16:48:00
INV02126,WH011,PROD365,780,687,93,2026-06-19 15:35:00
INV02127,WH011,PROD373,807,739,68,2026-07-17 20:08:00
INV02128,WH011,PROD379,356,324,32,2026-07-12 16:43:00
INV02129,WH011,PROD380,695,607,88,2026-06-02 12:14:00
INV02130,WH011,PROD382,1368,1295,73,2026-07-12 22:01:00
INV02131,WH011,PROD384,1140,1101,39,2026-07-06 18:49:00
INV02132,WH011,PROD385,12,3,9,2026-06-15 21:39:00
INV02133,WH011,PROD386,1161,1060,101,2026-06-17 07:52:00
INV02134,WH011,PROD388,1415,1329,86,2026-06-01 10:52:00
INV02135,WH011,PROD390,906,855,51,2026-07-02 11:37:00
INV02136,WH011,PROD391,291,192,99,2026-07-05 08:11:00
INV02137,WH011,PROD393,255,151,104,2026-07-24 13:38:00
INV02138,WH011,PROD395,1537,1455,82,2026-06-04 22:19:00
INV02139,WH011,PROD397,1243,1214,29,2026-07-09 17:27:00
INV02140,WH011,PROD399,8,1,7,2026-06-25 10:26:00
INV02141,WH011,PROD400,1115,1076,39,2026-07-19 08:23:00
INV02142,WH011,PROD401,334,319,15,2026-06-26 10:09:00
INV02143,WH011,PROD403,627,606,21,2026-06-27 21:35:00
INV02144,WH011,PROD404,24,1,23,2026-06-09 11:14:00
INV02145,WH011,PROD405,799,724,75,2026-06-13 15:46:00
INV02146,WH011,PROD409,567,479,88,2026-07-11 19:54:00
INV02147,WH011,PROD410,811,767,44,2026-06-30 15:55:00
INV02148,WH011,PROD412,219,168,51,2026-07-05 09:43:00
INV02149,WH011,PROD413,543,438,105,2026-07-28 08:11:00
INV02150,WH011,PROD414,234,159,75,2026-07-20 01:17:00
INV02151,WH011,PROD420,18,9,9,2026-06-08 23:21:00
INV02152,WH011,PROD427,1439,1379,60,2026-06-07 10:34:00
INV02153,WH011,PROD428,795,727,68,2026-07-25 18:59:00
INV02154,WH011,PROD431,25,15,10,2026-07-07 12:00:00
INV02155,WH011,PROD433,936,905,31,2026-06-29 01:15:00
INV02156,WH011,PROD437,640,603,37,2026-07-13 04:39:00
INV02157,WH011,PROD441,1474,1378,96,2026-06-19 11:11:00
INV02158,WH011,PROD442,437,319,118,2026-06-21 20:34:00
INV02159,WH011,PROD443,1252,1225,27,2026-06-25 07:02:00
INV02160,WH011,PROD446,552,436,116,2026-07-09 13:25:00
INV02161,WH011,PROD447,1512,1414,98,2026-07-09 02:28:00
INV02162,WH011,PROD453,827,755,72,2026-06-11 19:08:00
INV02163,WH011,PROD455,781,768,13,2026-06-06 13:29:00
INV02164,WH011,PROD456,620,512,108,2026-07-28 03:22:00
INV02165,WH011,PROD459,595,510,85,2026-07-28 12:24:00
INV02166,WH011,PROD460,230,160,70,2026-06-26 07:08:00
INV02167,WH011,PROD461,323,217,106,2026-06-14 03:53:00
INV02168,WH011,PROD462,1204,1174,30,2026-06-03 09:34:00
INV02169,WH011,PROD463,998,883,115,2026-06-01 05:09:00
INV02170,WH011,PROD464,9,1,8,2026-06-07 18:15:00
INV02171,WH011,PROD465,952,915,37,2026-07-10 07:31:00
INV02172,WH011,PROD467,1406,1386,20,2026-06-04 00:03:00
INV02173,WH011,PROD468,1374,1341,33,2026-07-12 10:27:00
INV02174,WH011,PROD471,14,5,9,2026-07-24 10:24:00
INV02175,WH011,PROD473,821,725,96,2026-07-15 15:04:00
INV02176,WH011,PROD475,931,874,57,2026-07-09 09:00:00
INV02177,WH011,PROD476,1507,1423,84,2026-07-22 04:14:00
INV02178,WH011,PROD481,22,6,16,2026-06-09 23:14:00
INV02179,WH011,PROD482,31,14,17,2026-06-30 17:49:00
INV02180,WH011,PROD485,27,12,15,2026-06-19 14:46:00
INV02181,WH011,PROD486,1100,1059,41,2026-06-01 23:07:00
INV02182,WH011,PROD489,978,872,106,2026-06-13 21:39:00
INV02183,WH011,PROD490,337,314,23,2026-07-13 14:31:00
INV02184,WH011,PROD497,1089,1026,63,2026-06-22 01:22:00
INV02185,WH012,PROD004,1547,1477,70,2026-07-28 13:04:00
INV02186,WH012,PROD005,28,5,23,2026-07-06 02:52:00
INV02187,WH012,PROD006,1177,1126,51,2026-07-06 01:26:00
INV02188,WH012,PROD009,1541,1429,112,2026-06-04 04:08:00
INV02189,WH012,PROD012,479,383,96,2026-06-26 15:40:00
INV02190,WH012,PROD013,265,199,66,2026-06-25 20:52:00
INV02191,WH012,PROD014,632,568,64,2026-06-22 07:08:00
INV02192,WH012,PROD015,1242,1145,97,2026-06-08 17:22:00
INV02193,WH012,PROD016,451,432,19,2026-06-25 20:33:00
INV02194,WH012,PROD019,1291,1199,92,2026-06-24 13:14:00
INV02195,WH012,PROD020,340,320,20,2026-06-19 04:38:00
INV02196,WH012,PROD023,244,232,12,2026-06-02 23:15:00
INV02197,WH012,PROD025,706,653,53,2026-07-07 17:36:00
INV02198,WH012,PROD026,677,648,29,2026-07-15 22:04:00
INV02199,WH012,PROD027,1088,1045,43,2026-06-23 19:42:00
INV02200,WH012,PROD028,1046,928,118,2026-06-25 19:13:00
INV02201,WH012,PROD031,28,8,20,2026-06-07 15:42:00
INV02202,WH012,PROD034,1279,1167,112,2026-06-27 10:36:00
INV02203,WH012,PROD036,21,6,15,2026-07-04 04:02:00
INV02204,WH012,PROD037,13,0,13,2026-07-23 12:51:00
INV02205,WH012,PROD039,1125,1026,99,2026-06-26 09:11:00
INV02206,WH012,PROD043,721,601,120,2026-07-26 11:04:00
INV02207,WH012,PROD046,596,524,72,2026-06-18 10:22:00
INV02208,WH012,PROD050,772,659,113,2026-07-02 11:43:00
INV02209,WH012,PROD051,1046,940,106,2026-07-10 15:26:00
INV02210,WH012,PROD055,1263,1197,66,2026-06-19 18:27:00
INV02211,WH012,PROD056,1378,1333,45,2026-06-19 22:23:00
INV02212,WH012,PROD058,790,778,12,2026-06-27 20:08:00
INV02213,WH012,PROD059,1396,1334,62,2026-06-09 18:26:00
INV02214,WH012,PROD061,911,833,78,2026-07-25 03:09:00
INV02215,WH012,PROD064,1029,1013,16,2026-07-20 04:48:00
INV02216,WH012,PROD066,1221,1158,63,2026-06-12 19:14:00
INV02217,WH012,PROD072,293,194,99,2026-07-10 14:37:00
INV02218,WH012,PROD073,743,701,42,2026-07-26 04:04:00
INV02219,WH012,PROD076,17,9,8,2026-06-28 21:23:00
INV02220,WH012,PROD081,484,451,33,2026-07-21 06:18:00
INV02221,WH012,PROD082,1345,1276,69,2026-07-25 22:59:00
INV02222,WH012,PROD091,257,162,95,2026-06-19 11:31:00
INV02223,WH012,PROD092,499,430,69,2026-06-24 03:55:00
INV02224,WH012,PROD097,1591,1492,99,2026-06-04 14:01:00
INV02225,WH012,PROD101,1494,1401,93,2026-07-04 04:05:00
INV02226,WH012,PROD104,525,444,81,2026-07-20 07:12:00
INV02227,WH012,PROD108,572,469,103,2026-07-15 01:59:00
INV02228,WH012,PROD113,802,702,100,2026-06-21 02:45:00
INV02229,WH012,PROD115,1041,969,72,2026-07-20 23:28:00
INV02230,WH012,PROD118,24,13,11,2026-07-11 07:42:00
INV02231,WH012,PROD122,34,13,21,2026-06-13 00:07:00
INV02232,WH012,PROD124,13,4,9,2026-06-02 01:57:00
INV02233,WH012,PROD128,1306,1210,96,2026-06-19 16:58:00
INV02234,WH012,PROD130,727,668,59,2026-07-20 17:13:00
INV02235,WH012,PROD131,691,585,106,2026-06-28 14:43:00
INV02236,WH012,PROD133,1205,1193,12,2026-06-11 22:34:00
INV02237,WH012,PROD136,1529,1456,73,2026-06-06 22:13:00
INV02238,WH012,PROD138,956,837,119,2026-07-11 21:16:00
INV02239,WH012,PROD144,1086,1040,46,2026-07-27 19:08:00
INV02240,WH012,PROD148,29,13,16,2026-06-18 18:45:00
INV02241,WH012,PROD154,558,534,24,2026-06-10 08:39:00
INV02242,WH012,PROD155,461,341,120,2026-07-07 06:23:00
INV02243,WH012,PROD156,25,0,25,2026-06-05 03:57:00
INV02244,WH012,PROD157,434,374,60,2026-07-01 11:50:00
INV02245,WH012,PROD158,1566,1465,101,2026-06-04 17:56:00
INV02246,WH012,PROD160,22,1,21,2026-06-19 08:40:00
INV02247,WH012,PROD167,15,1,14,2026-06-18 07:04:00
INV02248,WH012,PROD170,1251,1192,59,2026-06-22 02:43:00
INV02249,WH012,PROD171,593,541,52,2026-07-04 20:41:00
INV02250,WH012,PROD172,27,6,21,2026-07-01 09:29:00
INV02251,WH012,PROD173,326,252,74,2026-06-13 01:39:00
INV02252,WH012,PROD174,998,975,23,2026-07-04 10:24:00
INV02253,WH012,PROD181,1171,1147,24,2026-07-24 14:35:00
INV02254,WH012,PROD183,1416,1395,21,2026-06-03 04:56:00
INV02255,WH012,PROD185,454,360,94,2026-06-26 19:33:00
INV02256,WH012,PROD186,660,568,92,2026-07-01 22:06:00
INV02257,WH012,PROD187,922,899,23,2026-07-04 12:27:00
INV02258,WH012,PROD191,1091,1015,76,2026-06-08 02:36:00
INV02259,WH012,PROD192,1054,939,115,2026-06-29 11:37:00
INV02260,WH012,PROD196,639,563,76,2026-07-13 06:10:00
INV02261,WH012,PROD198,305,235,70,2026-07-17 10:55:00
INV02262,WH012,PROD201,28,6,22,2026-06-24 06:16:00
INV02263,WH012,PROD204,366,287,79,2026-07-08 11:27:00
INV02264,WH012,PROD205,557,457,100,2026-07-05 11:15:00
INV02265,WH012,PROD208,696,656,40,2026-07-08 20:37:00
INV02266,WH012,PROD209,559,484,75,2026-06-19 05:24:00
INV02267,WH012,PROD212,371,343,28,2026-06-30 22:30:00
INV02268,WH012,PROD214,301,286,15,2026-07-14 10:34:00
INV02269,WH012,PROD219,1090,1026,64,2026-07-06 15:38:00
INV02270,WH012,PROD221,574,564,10,2026-06-01 04:50:00
INV02271,WH012,PROD225,508,472,36,2026-07-28 14:11:00
INV02272,WH012,PROD230,1089,1030,59,2026-07-08 17:51:00
INV02273,WH012,PROD234,840,798,42,2026-06-05 20:23:00
INV02274,WH012,PROD235,375,275,100,2026-06-11 10:08:00
INV02275,WH012,PROD239,821,764,57,2026-06-28 03:15:00
INV02276,WH012,PROD240,36,14,22,2026-07-23 06:58:00
INV02277,WH012,PROD245,38,15,23,2026-06-09 23:53:00
INV02278,WH012,PROD246,26,7,19,2026-07-06 22:54:00
INV02279,WH012,PROD248,1194,1123,71,2026-07-01 14:58:00
INV02280,WH012,PROD261,493,387,106,2026-06-08 16:18:00
INV02281,WH012,PROD262,24,15,9,2026-07-12 16:58:00
INV02282,WH012,PROD263,1394,1384,10,2026-06-04 00:28:00
INV02283,WH012,PROD265,327,299,28,2026-06-04 04:45:00
INV02284,WH012,PROD266,574,546,28,2026-06-19 21:18:00
INV02285,WH012,PROD270,352,256,96,2026-06-23 23:42:00
INV02286,WH012,PROD277,1180,1065,115,2026-07-01 03:48:00
INV02287,WH012,PROD281,1134,1024,110,2026-06-08 21:37:00
INV02288,WH012,PROD286,441,371,70,2026-06-25 11:45:00
INV02289,WH012,PROD289,1020,966,54,2026-06-26 14:26:00
INV02290,WH012,PROD294,1485,1398,87,2026-07-17 21:24:00
INV02291,WH012,PROD298,588,548,40,2026-06-19 08:01:00
INV02292,WH012,PROD301,20,4,16,2026-06-11 09:08:00
INV02293,WH012,PROD309,954,896,58,2026-06-13 14:39:00
INV02294,WH012,PROD311,621,523,98,2026-06-09 02:37:00
INV02295,WH012,PROD315,20,7,13,2026-07-10 22:00:00
INV02296,WH012,PROD316,788,732,56,2026-07-01 21:15:00
INV02297,WH012,PROD319,490,383,107,2026-06-22 15:50:00
INV02298,WH012,PROD320,343,319,24,2026-06-22 01:47:00
INV02299,WH012,PROD323,306,291,15,2026-06-26 22:53:00
INV02300,WH012,PROD324,231,168,63,2026-06-02 16:02:00
INV02301,WH012,PROD326,22,6,16,2026-07-13 08:54:00
INV02302,WH012,PROD330,1427,1374,53,2026-06-30 17:58:00
INV02303,WH012,PROD331,840,802,38,2026-06-19 16:32:00
INV02304,WH012,PROD332,1212,1157,55,2026-07-28 02:38:00
INV02305,WH012,PROD335,1364,1318,46,2026-06-26 15:36:00
INV02306,WH012,PROD336,25,12,13,2026-06-16 22:32:00
INV02307,WH012,PROD339,1034,943,91,2026-07-25 09:43:00
INV02308,WH012,PROD341,582,469,113,2026-06-02 06:05:00
INV02309,WH012,PROD342,507,434,73,2026-07-23 21:26:00
INV02310,WH012,PROD348,1239,1211,28,2026-06-10 09:25:00
INV02311,WH012,PROD349,1405,1362,43,2026-07-28 05:46:00
INV02312,WH012,PROD350,770,744,26,2026-06-01 01:51:00
INV02313,WH012,PROD357,9,0,9,2026-07-05 12:42:00
INV02314,WH012,PROD358,26,12,14,2026-07-21 00:20:00
INV02315,WH012,PROD360,15,10,5,2026-06-18 06:52:00
INV02316,WH012,PROD363,20,12,8,2026-07-12 06:46:00
INV02317,WH012,PROD365,31,6,25,2026-06-16 10:57:00
INV02318,WH012,PROD366,687,594,93,2026-06-25 19:45:00
INV02319,WH012,PROD369,211,176,35,2026-06-06 01:03:00
INV02320,WH012,PROD371,342,257,85,2026-07-04 19:37:00
INV02321,WH012,PROD372,1138,1058,80,2026-07-04 03:46:00
INV02322,WH012,PROD377,15,1,14,2026-06-12 16:41:00
INV02323,WH012,PROD380,876,837,39,2026-07-15 08:04:00
INV02324,WH012,PROD381,604,518,86,2026-07-10 21:03:00
INV02325,WH012,PROD385,290,251,39,2026-06-17 22:14:00
INV02326,WH012,PROD387,1082,1019,63,2026-06-06 07:49:00
INV02327,WH012,PROD388,1274,1243,31,2026-07-12 00:32:00
INV02328,WH012,PROD390,457,437,20,2026-06-09 21:40:00
INV02329,WH012,PROD391,882,864,18,2026-07-25 18:19:00
INV02330,WH012,PROD393,774,675,99,2026-07-20 14:54:00
INV02331,WH012,PROD394,23,7,16,2026-06-05 02:02:00
INV02332,WH012,PROD396,1370,1273,97,2026-06-14 21:49:00
INV02333,WH012,PROD400,1416,1405,11,2026-06-28 15:59:00
INV02334,WH012,PROD401,1484,1417,67,2026-07-03 09:08:00
INV02335,WH012,PROD405,26,3,23,2026-07-18 09:08:00
INV02336,WH012,PROD409,713,626,87,2026-07-01 13:46:00
INV02337,WH012,PROD412,300,208,92,2026-07-19 23:06:00
INV02338,WH012,PROD415,1096,1024,72,2026-07-01 22:55:00
INV02339,WH012,PROD417,35,15,20,2026-06-26 04:42:00
INV02340,WH012,PROD418,706,593,113,2026-06-27 07:27:00
INV02341,WH012,PROD421,977,882,95,2026-06-02 02:46:00
INV02342,WH012,PROD423,1569,1460,109,2026-06-11 14:59:00
INV02343,WH012,PROD425,560,475,85,2026-06-12 13:27:00
INV02344,WH012,PROD431,1279,1204,75,2026-06-01 18:44:00
INV02345,WH012,PROD432,1535,1468,67,2026-06-26 02:25:00
INV02346,WH012,PROD435,547,496,51,2026-06-12 17:58:00
INV02347,WH012,PROD438,1347,1251,96,2026-07-09 00:29:00
INV02348,WH012,PROD440,729,645,84,2026-07-22 10:36:00
INV02349,WH012,PROD448,839,812,27,2026-06-22 19:30:00
INV02350,WH012,PROD450,1067,1038,29,2026-06-21 19:53:00
INV02351,WH012,PROD451,248,201,47,2026-07-06 06:58:00
INV02352,WH012,PROD454,1343,1239,104,2026-06-02 10:01:00
INV02353,WH012,PROD455,845,745,100,2026-06-08 14:06:00
INV02354,WH012,PROD458,1052,943,109,2026-06-22 15:35:00
INV02355,WH012,PROD459,376,293,83,2026-07-23 04:37:00
INV02356,WH012,PROD460,991,871,120,2026-07-26 12:22:00
INV02357,WH012,PROD463,1319,1241,78,2026-06-29 02:41:00
INV02358,WH012,PROD464,27,13,14,2026-06-03 01:55:00
INV02359,WH012,PROD466,348,239,109,2026-06-01 22:38:00
INV02360,WH012,PROD468,1411,1367,44,2026-07-16 20:11:00
INV02361,WH012,PROD469,1366,1299,67,2026-07-24 15:22:00
INV02362,WH012,PROD473,1448,1432,16,2026-06-15 20:01:00
INV02363,WH012,PROD477,636,551,85,2026-06-02 03:06:00
INV02364,WH012,PROD478,875,846,29,2026-07-11 00:04:00
INV02365,WH012,PROD480,1491,1431,60,2026-06-03 15:17:00
INV02366,WH012,PROD481,303,197,106,2026-06-26 21:41:00
INV02367,WH012,PROD482,550,521,29,2026-06-11 07:54:00
INV02368,WH012,PROD483,668,581,87,2026-07-23 03:40:00
INV02369,WH012,PROD485,553,494,59,2026-07-27 01:00:00
INV02370,WH012,PROD486,1531,1458,73,2026-06-13 00:08:00
INV02371,WH012,PROD487,613,503,110,2026-07-28 12:41:00
INV02372,WH012,PROD488,708,681,27,2026-07-15 18:28:00
INV02373,WH012,PROD489,1520,1450,70,2026-06-19 00:44:00
INV02374,WH012,PROD493,411,338,73,2026-07-22 20:48:00
INV02375,WH012,PROD495,1433,1373,60,2026-06-24 13:43:00
INV02376,WH012,PROD497,746,673,73,2026-06-04 23:24:00
INV02377,WH012,PROD498,649,576,73,2026-06-24 20:19:00
INV02378,WH012,PROD499,655,598,57,2026-06-17 10:46:00
INV02379,WH013,PROD002,30,13,17,2026-07-28 17:34:00
INV02380,WH013,PROD005,937,874,63,2026-07-26 16:12:00
INV02381,WH013,PROD006,1231,1187,44,2026-06-13 09:35:00
INV02382,WH013,PROD008,912,873,39,2026-07-12 17:27:00
INV02383,WH013,PROD009,1121,1002,119,2026-07-24 15:13:00
INV02384,WH013,PROD010,823,763,60,2026-07-04 10:15:00
INV02385,WH013,PROD011,1213,1093,120,2026-07-01 11:33:00
INV02386,WH013,PROD012,1472,1397,75,2026-06-19 07:10:00
INV02387,WH013,PROD013,1079,986,93,2026-07-20 19:35:00
INV02388,WH013,PROD014,1594,1478,116,2026-06-17 09:15:00
INV02389,WH013,PROD015,1134,1031,103,2026-07-09 22:21:00
INV02390,WH013,PROD016,893,879,14,2026-06-02 23:50:00
INV02391,WH013,PROD019,384,272,112,2026-06-24 23:02:00
INV02392,WH013,PROD020,779,701,78,2026-06-26 14:10:00
INV02393,WH013,PROD022,265,254,11,2026-06-30 06:17:00
INV02394,WH013,PROD023,1492,1385,107,2026-07-19 06:36:00
INV02395,WH013,PROD024,33,14,19,2026-06-15 23:31:00
INV02396,WH013,PROD026,1476,1358,118,2026-06-21 08:40:00
INV02397,WH013,PROD027,1491,1437,54,2026-07-14 00:15:00
INV02398,WH013,PROD029,292,279,13,2026-06-27 04:21:00
INV02399,WH013,PROD031,429,375,54,2026-06-23 01:43:00
INV02400,WH013,PROD033,25,0,25,2026-06-20 10:01:00
INV02401,WH013,PROD035,423,342,81,2026-06-20 06:21:00
INV02402,WH013,PROD037,453,435,18,2026-06-30 19:16:00
INV02403,WH013,PROD043,723,626,97,2026-07-23 07:48:00
INV02404,WH013,PROD045,946,827,119,2026-06-13 02:51:00
INV02405,WH013,PROD046,400,378,22,2026-06-10 07:42:00
INV02406,WH013,PROD047,725,712,13,2026-07-26 05:25:00
INV02407,WH013,PROD051,759,691,68,2026-06-10 17:27:00
INV02408,WH013,PROD052,583,525,58,2026-07-22 21:22:00
INV02409,WH013,PROD053,17,11,6,2026-07-02 07:33:00
INV02410,WH013,PROD054,967,866,101,2026-06-23 09:21:00
INV02411,WH013,PROD059,1487,1444,43,2026-07-19 13:02:00
INV02412,WH013,PROD060,1546,1431,115,2026-06-06 18:14:00
INV02413,WH013,PROD064,1146,1126,20,2026-07-13 09:22:00
INV02414,WH013,PROD065,650,600,50,2026-07-15 14:44:00
INV02415,WH013,PROD066,22,4,18,2026-07-01 05:34:00
INV02416,WH013,PROD068,1146,1083,63,2026-06-13 07:28:00
INV02417,WH013,PROD069,459,437,22,2026-07-25 02:42:00
INV02418,WH013,PROD076,987,917,70,2026-06-28 23:46:00
INV02419,WH013,PROD082,596,491,105,2026-07-19 13:16:00
INV02420,WH013,PROD085,1050,1018,32,2026-06-02 16:16:00
INV02421,WH013,PROD086,1566,1491,75,2026-06-29 12:10:00
INV02422,WH013,PROD087,25,1,24,2026-06-28 18:14:00
INV02423,WH013,PROD091,25,7,18,2026-06-02 07:59:00
INV02424,WH013,PROD092,354,301,53,2026-06-28 23:31:00
INV02425,WH013,PROD095,886,837,49,2026-06-03 22:21:00
INV02426,WH013,PROD097,1473,1358,115,2026-07-05 04:58:00
INV02427,WH013,PROD099,1103,1007,96,2026-06-29 07:43:00
INV02428,WH013,PROD100,622,590,32,2026-06-18 07:52:00
INV02429,WH013,PROD102,1317,1236,81,2026-06-03 09:32:00
INV02430,WH013,PROD103,1517,1496,21,2026-06-19 20:09:00
INV02431,WH013,PROD104,23,7,16,2026-06-26 09:23:00
INV02432,WH013,PROD105,14,5,9,2026-07-21 23:15:00
INV02433,WH013,PROD106,17,4,13,2026-07-01 11:49:00
INV02434,WH013,PROD107,1163,1105,58,2026-06-12 19:39:00
INV02435,WH013,PROD111,24,9,15,2026-07-08 00:47:00
INV02436,WH013,PROD112,590,547,43,2026-07-28 02:33:00
INV02437,WH013,PROD113,1509,1474,35,2026-06-20 07:27:00
INV02438,WH013,PROD117,667,610,57,2026-07-21 02:56:00
INV02439,WH013,PROD120,30,5,25,2026-07-13 18:30:00
INV02440,WH013,PROD122,1561,1465,96,2026-06-07 10:01:00
INV02441,WH013,PROD128,1444,1347,97,2026-06-08 21:59:00
INV02442,WH013,PROD132,974,948,26,2026-07-28 10:51:00
INV02443,WH013,PROD134,25,6,19,2026-07-25 05:32:00
INV02444,WH013,PROD139,22,4,18,2026-07-14 19:05:00
INV02445,WH013,PROD145,1284,1181,103,2026-07-02 07:52:00
INV02446,WH013,PROD146,380,350,30,2026-07-08 17:15:00
INV02447,WH013,PROD151,828,809,19,2026-06-29 06:43:00
INV02448,WH013,PROD152,1250,1141,109,2026-06-08 00:22:00
INV02449,WH013,PROD154,35,14,21,2026-07-02 00:28:00
INV02450,WH013,PROD157,1422,1368,54,2026-07-18 19:53:00
INV02451,WH013,PROD161,609,552,57,2026-06-04 08:17:00
INV02452,WH013,PROD165,524,513,11,2026-06-01 04:49:00
INV02453,WH013,PROD166,1321,1216,105,2026-06-16 17:31:00
INV02454,WH013,PROD167,600,586,14,2026-07-18 09:40:00
INV02455,WH013,PROD169,515,498,17,2026-07-09 10:32:00
INV02456,WH013,PROD170,1069,962,107,2026-06-04 07:41:00
INV02457,WH013,PROD172,211,167,44,2026-07-09 23:50:00
INV02458,WH013,PROD174,1152,1090,62,2026-07-14 11:19:00
INV02459,WH013,PROD176,527,449,78,2026-06-16 13:34:00
INV02460,WH013,PROD181,319,304,15,2026-07-27 07:53:00
INV02461,WH013,PROD182,1090,1064,26,2026-06-12 02:03:00
INV02462,WH013,PROD188,405,355,50,2026-06-16 07:17:00
INV02463,WH013,PROD191,1289,1267,22,2026-06-20 05:09:00
INV02464,WH013,PROD192,17,5,12,2026-06-24 07:11:00
INV02465,WH013,PROD194,28,6,22,2026-07-14 23:04:00
INV02466,WH013,PROD195,1038,942,96,2026-07-04 03:46:00
INV02467,WH013,PROD196,667,605,62,2026-06-27 00:15:00
INV02468,WH013,PROD197,422,326,96,2026-07-12 22:30:00
INV02469,WH013,PROD201,1033,929,104,2026-07-09 00:29:00
INV02470,WH013,PROD202,862,777,85,2026-07-12 15:27:00
INV02471,WH013,PROD204,252,237,15,2026-06-02 11:08:00
INV02472,WH013,PROD206,9,1,8,2026-07-01 00:29:00
INV02473,WH013,PROD215,20,8,12,2026-07-06 11:55:00
INV02474,WH013,PROD216,1600,1489,111,2026-07-13 17:53:00
INV02475,WH013,PROD217,542,519,23,2026-06-14 14:00:00
INV02476,WH013,PROD220,395,375,20,2026-07-27 18:48:00
INV02477,WH013,PROD223,22,9,13,2026-06-24 08:59:00
INV02478,WH013,PROD229,1204,1117,87,2026-06-10 19:25:00
INV02479,WH013,PROD231,444,385,59,2026-07-09 05:29:00
INV02480,WH013,PROD238,653,633,20,2026-06-29 14:46:00
INV02481,WH013,PROD240,1200,1176,24,2026-07-03 13:48:00
INV02482,WH013,PROD242,25,7,18,2026-07-08 11:25:00
INV02483,WH013,PROD243,29,12,17,2026-07-20 14:34:00
INV02484,WH013,PROD244,925,912,13,2026-06-24 15:13:00
INV02485,WH013,PROD245,1300,1265,35,2026-07-25 16:30:00
INV02486,WH013,PROD246,360,245,115,2026-06-11 23:08:00
INV02487,WH013,PROD248,834,741,93,2026-07-13 12:04:00
INV02488,WH013,PROD251,1060,950,110,2026-07-27 12:11:00
INV02489,WH013,PROD254,633,597,36,2026-06-01 09:43:00
INV02490,WH013,PROD257,32,13,19,2026-07-20 03:43:00
INV02491,WH013,PROD258,449,359,90,2026-06-24 05:18:00
INV02492,WH013,PROD262,1404,1380,24,2026-06-26 17:47:00
INV02493,WH013,PROD263,749,686,63,2026-07-01 00:53:00
INV02494,WH013,PROD267,972,922,50,2026-07-05 18:24:00
INV02495,WH013,PROD268,265,194,71,2026-06-14 12:35:00
INV02496,WH013,PROD274,195,156,39,2026-06-02 08:34:00
INV02497,WH013,PROD276,1482,1385,97,2026-07-12 07:25:00
INV02498,WH013,PROD280,409,311,98,2026-07-19 11:36:00
INV02499,WH013,PROD282,551,446,105,2026-07-20 22:38:00
INV02500,WH013,PROD285,30,5,25,2026-07-01 01:24:00
INV02501,WH013,PROD291,761,723,38,2026-06-05 01:58:00
INV02502,WH013,PROD293,505,447,58,2026-07-08 03:05:00
INV02503,WH013,PROD294,443,412,31,2026-07-03 05:17:00
INV02504,WH013,PROD296,620,544,76,2026-06-02 02:34:00
INV02505,WH013,PROD301,35,12,23,2026-07-12 01:54:00
INV02506,WH013,PROD302,1119,1067,52,2026-07-04 19:46:00
INV02507,WH013,PROD303,1319,1216,103,2026-07-12 08:53:00
INV02508,WH013,PROD310,1387,1341,46,2026-07-10 14:39:00
INV02509,WH013,PROD311,530,480,50,2026-07-26 04:06:00
INV02510,WH013,PROD321,745,721,24,2026-07-05 13:50:00
INV02511,WH013,PROD322,941,878,63,2026-07-04 23:06:00
INV02512,WH013,PROD324,436,358,78,2026-07-28 00:27:00
INV02513,WH013,PROD326,21,10,11,2026-06-27 07:06:00
INV02514,WH013,PROD327,377,342,35,2026-06-11 19:29:00
INV02515,WH013,PROD328,927,871,56,2026-06-29 05:47:00
INV02516,WH013,PROD335,424,361,63,2026-06-27 19:19:00
INV02517,WH013,PROD336,1186,1149,37,2026-07-06 16:04:00
INV02518,WH013,PROD338,12,1,11,2026-06-26 16:10:00
INV02519,WH013,PROD344,598,574,24,2026-07-12 00:31:00
INV02520,WH013,PROD350,31,11,20,2026-06-13 21:44:00
INV02521,WH013,PROD352,663,604,59,2026-07-22 22:12:00
INV02522,WH013,PROD356,670,645,25,2026-06-05 15:39:00
INV02523,WH013,PROD357,750,698,52,2026-07-08 01:48:00
INV02524,WH013,PROD358,1432,1383,49,2026-07-24 01:15:00
INV02525,WH013,PROD362,1411,1381,30,2026-06-23 23:18:00
INV02526,WH013,PROD367,940,831,109,2026-07-03 07:21:00
INV02527,WH013,PROD368,745,630,115,2026-07-14 19:58:00
INV02528,WH013,PROD375,510,403,107,2026-06-10 15:54:00
INV02529,WH013,PROD383,699,596,103,2026-07-09 20:09:00
INV02530,WH013,PROD384,25,10,15,2026-06-07 14:51:00
INV02531,WH013,PROD386,1495,1379,116,2026-07-15 23:11:00
INV02532,WH013,PROD387,1456,1438,18,2026-07-18 08:53:00
INV02533,WH013,PROD388,580,517,63,2026-07-28 03:52:00
INV02534,WH013,PROD391,567,534,33,2026-06-26 01:07:00
INV02535,WH013,PROD393,687,627,60,2026-07-07 19:16:00
INV02536,WH013,PROD394,597,575,22,2026-07-17 17:16:00
INV02537,WH013,PROD395,814,792,22,2026-06-25 06:49:00
INV02538,WH013,PROD396,12,0,12,2026-07-28 15:38:00
INV02539,WH013,PROD397,935,841,94,2026-07-20 19:02:00
INV02540,WH013,PROD398,840,776,64,2026-06-24 18:34:00
INV02541,WH013,PROD399,808,718,90,2026-07-17 01:35:00
INV02542,WH013,PROD400,1477,1389,88,2026-07-26 05:44:00
INV02543,WH013,PROD401,26,6,20,2026-06-22 20:48:00
INV02544,WH013,PROD402,1033,970,63,2026-07-03 02:04:00
INV02545,WH013,PROD412,1460,1423,37,2026-07-01 06:59:00
INV02546,WH013,PROD413,1142,1129,13,2026-07-15 04:07:00
INV02547,WH013,PROD417,789,751,38,2026-06-01 22:58:00
INV02548,WH013,PROD418,1508,1482,26,2026-06-11 20:10:00
INV02549,WH013,PROD420,386,342,44,2026-07-15 19:33:00
INV02550,WH013,PROD421,737,620,117,2026-07-22 01:26:00
INV02551,WH013,PROD422,569,528,41,2026-07-17 07:27:00
INV02552,WH013,PROD424,353,342,11,2026-07-28 17:06:00
INV02553,WH013,PROD425,793,744,49,2026-06-18 05:18:00
INV02554,WH013,PROD426,784,704,80,2026-06-10 21:42:00
INV02555,WH013,PROD427,20,7,13,2026-07-22 11:00:00
INV02556,WH013,PROD432,1098,1049,49,2026-06-27 11:44:00
INV02557,WH013,PROD436,412,391,21,2026-07-13 23:32:00
INV02558,WH013,PROD437,856,838,18,2026-06-27 08:00:00
INV02559,WH013,PROD444,816,733,83,2026-06-07 09:31:00
INV02560,WH013,PROD445,1343,1254,89,2026-07-10 22:04:00
INV02561,WH013,PROD446,298,229,69,2026-06-21 09:53:00
INV02562,WH013,PROD447,863,815,48,2026-06-06 21:40:00
INV02563,WH013,PROD448,591,516,75,2026-06-25 02:42:00
INV02564,WH013,PROD449,403,294,109,2026-06-02 20:12:00
INV02565,WH013,PROD454,1462,1412,50,2026-06-18 05:47:00
INV02566,WH013,PROD455,254,222,32,2026-07-11 05:15:00
INV02567,WH013,PROD462,1032,931,101,2026-06-28 18:42:00
INV02568,WH013,PROD463,1442,1378,64,2026-06-12 05:36:00
INV02569,WH013,PROD467,1289,1250,39,2026-06-25 02:36:00
INV02570,WH013,PROD469,399,283,116,2026-07-11 17:50:00
INV02571,WH013,PROD473,270,183,87,2026-07-24 19:50:00
INV02572,WH013,PROD475,886,775,111,2026-06-09 08:41:00
INV02573,WH013,PROD480,781,752,29,2026-06-01 12:27:00
INV02574,WH013,PROD483,609,534,75,2026-06-18 13:12:00
INV02575,WH013,PROD485,1257,1209,48,2026-07-05 19:14:00
INV02576,WH013,PROD487,619,577,42,2026-07-01 11:06:00
INV02577,WH013,PROD488,1332,1228,104,2026-06-25 13:57:00
INV02578,WH013,PROD490,329,226,103,2026-07-03 13:49:00
INV02579,WH013,PROD493,852,739,113,2026-06-12 09:15:00
INV02580,WH013,PROD496,967,935,32,2026-07-10 04:35:00
INV02581,WH013,PROD497,1083,1071,12,2026-06-18 06:21:00
INV02582,WH014,PROD003,1344,1332,12,2026-07-26 11:10:00
INV02583,WH014,PROD009,1414,1295,119,2026-07-11 16:51:00
INV02584,WH014,PROD011,1453,1396,57,2026-06-18 15:53:00
INV02585,WH014,PROD012,670,659,11,2026-07-07 13:51:00
INV02586,WH014,PROD013,794,730,64,2026-06-21 06:20:00
INV02587,WH014,PROD015,1230,1113,117,2026-06-26 10:02:00
INV02588,WH014,PROD017,1300,1275,25,2026-07-04 06:00:00
INV02589,WH014,PROD021,33,10,23,2026-06-18 04:35:00
INV02590,WH014,PROD022,652,584,68,2026-06-18 09:47:00
INV02591,WH014,PROD024,1065,973,92,2026-07-13 12:33:00
INV02592,WH014,PROD030,1136,1071,65,2026-07-08 17:39:00
INV02593,WH014,PROD032,251,183,68,2026-06-27 22:06:00
INV02594,WH014,PROD034,1584,1465,119,2026-06-02 13:37:00
INV02595,WH014,PROD035,27,14,13,2026-06-06 02:01:00
INV02596,WH014,PROD039,1259,1222,37,2026-06-17 22:59:00
INV02597,WH014,PROD040,862,839,23,2026-06-26 15:53:00
INV02598,WH014,PROD041,882,817,65,2026-06-01 20:21:00
INV02599,WH014,PROD042,34,13,21,2026-06-02 21:06:00
INV02600,WH014,PROD045,843,749,94,2026-06-17 18:56:00
INV02601,WH014,PROD046,601,568,33,2026-06-19 22:13:00
INV02602,WH014,PROD050,1457,1400,57,2026-07-27 20:27:00
INV02603,WH014,PROD054,239,188,51,2026-07-27 08:20:00
INV02604,WH014,PROD056,1484,1472,12,2026-06-22 13:26:00
INV02605,WH014,PROD057,702,619,83,2026-07-02 10:19:00
INV02606,WH014,PROD059,18,5,13,2026-07-21 17:27:00
INV02607,WH014,PROD060,27,5,22,2026-07-28 10:51:00
INV02608,WH014,PROD061,266,218,48,2026-07-25 04:21:00
INV02609,WH014,PROD062,22,10,12,2026-07-26 22:31:00
INV02610,WH014,PROD063,952,920,32,2026-07-26 09:32:00
INV02611,WH014,PROD073,1457,1438,19,2026-06-27 07:33:00
INV02612,WH014,PROD074,733,650,83,2026-07-19 23:26:00
INV02613,WH014,PROD076,955,939,16,2026-06-13 10:32:00
INV02614,WH014,PROD077,335,323,12,2026-06-02 02:54:00
INV02615,WH014,PROD079,1340,1274,66,2026-07-07 12:38:00
INV02616,WH014,PROD085,1513,1400,113,2026-07-12 06:00:00
INV02617,WH014,PROD086,1273,1181,92,2026-07-26 11:09:00
INV02618,WH014,PROD088,1252,1152,100,2026-06-30 11:33:00
INV02619,WH014,PROD089,319,249,70,2026-07-28 06:24:00
INV02620,WH014,PROD091,283,255,28,2026-06-13 23:27:00
INV02621,WH014,PROD092,774,726,48,2026-06-14 20:38:00
INV02622,WH014,PROD093,1449,1374,75,2026-06-25 23:47:00
INV02623,WH014,PROD095,403,364,39,2026-07-05 02:43:00
INV02624,WH014,PROD096,640,605,35,2026-06-24 14:43:00
INV02625,WH014,PROD098,318,247,71,2026-06-29 07:53:00
INV02626,WH014,PROD100,28,9,19,2026-06-18 11:29:00
INV02627,WH014,PROD102,568,504,64,2026-07-14 13:56:00
INV02628,WH014,PROD103,24,12,12,2026-06-29 17:20:00
INV02629,WH014,PROD105,1482,1407,75,2026-07-28 17:58:00
INV02630,WH014,PROD108,1237,1165,72,2026-06-17 15:49:00
INV02631,WH014,PROD109,796,708,88,2026-07-14 09:41:00
INV02632,WH014,PROD111,1224,1178,46,2026-07-16 10:08:00
INV02633,WH014,PROD114,657,539,118,2026-06-29 23:29:00
INV02634,WH014,PROD116,321,206,115,2026-07-19 07:30:00
INV02635,WH014,PROD118,1354,1291,63,2026-07-01 09:01:00
INV02636,WH014,PROD124,225,196,29,2026-07-26 15:26:00
INV02637,WH014,PROD125,801,781,20,2026-07-09 14:22:00
INV02638,WH014,PROD127,326,305,21,2026-06-21 15:49:00
INV02639,WH014,PROD129,684,575,109,2026-06-04 19:37:00
INV02640,WH014,PROD130,7,1,6,2026-07-07 08:47:00
INV02641,WH014,PROD131,29,11,18,2026-06-26 11:46:00
INV02642,WH014,PROD133,784,744,40,2026-07-17 08:21:00
INV02643,WH014,PROD135,945,833,112,2026-07-12 21:27:00
INV02644,WH014,PROD139,572,519,53,2026-06-13 21:08:00
INV02645,WH014,PROD141,280,215,65,2026-07-11 21:58:00
INV02646,WH014,PROD143,284,177,107,2026-07-26 01:16:00
INV02647,WH014,PROD147,1437,1318,119,2026-07-18 02:04:00
INV02648,WH014,PROD149,21,9,12,2026-07-08 21:23:00
INV02649,WH014,PROD151,330,311,19,2026-07-09 22:48:00
INV02650,WH014,PROD152,1443,1361,82,2026-07-18 12:53:00
INV02651,WH014,PROD153,347,327,20,2026-07-06 03:43:00
INV02652,WH014,PROD160,664,590,74,2026-07-18 14:50:00
INV02653,WH014,PROD163,1084,1023,61,2026-06-05 09:46:00
INV02654,WH014,PROD173,1087,1020,67,2026-06-06 16:41:00
INV02655,WH014,PROD176,1258,1196,62,2026-07-02 21:00:00
INV02656,WH014,PROD181,1414,1345,69,2026-06-27 12:42:00
INV02657,WH014,PROD182,1045,935,110,2026-07-06 04:45:00
INV02658,WH014,PROD185,1017,913,104,2026-07-16 04:23:00
INV02659,WH014,PROD186,1436,1350,86,2026-06-24 00:33:00
INV02660,WH014,PROD189,733,715,18,2026-07-16 05:44:00
INV02661,WH014,PROD191,196,157,39,2026-07-17 05:36:00
INV02662,WH014,PROD192,1088,1015,73,2026-06-19 00:20:00
INV02663,WH014,PROD193,716,645,71,2026-07-10 17:27:00
INV02664,WH014,PROD194,316,287,29,2026-06-17 01:22:00
INV02665,WH014,PROD195,19,12,7,2026-06-25 01:19:00
INV02666,WH014,PROD196,715,648,67,2026-06-14 17:37:00
INV02667,WH014,PROD201,1121,1079,42,2026-07-17 23:32:00
INV02668,WH014,PROD205,1125,1082,43,2026-06-20 09:52:00
INV02669,WH014,PROD209,21,10,11,2026-07-09 08:18:00
INV02670,WH014,PROD211,17,7,10,2026-07-21 16:30:00
INV02671,WH014,PROD212,998,881,117,2026-06-06 17:58:00
INV02672,WH014,PROD216,1081,982,99,2026-06-27 09:59:00
INV02673,WH014,PROD219,1204,1131,73,2026-06-20 03:13:00
INV02674,WH014,PROD223,22,11,11,2026-06-05 16:43:00
INV02675,WH014,PROD226,905,877,28,2026-07-03 11:12:00
INV02676,WH014,PROD231,864,801,63,2026-07-05 02:22:00
INV02677,WH014,PROD235,1318,1229,89,2026-07-20 17:23:00
INV02678,WH014,PROD236,491,393,98,2026-07-02 17:38:00
INV02679,WH014,PROD237,1508,1419,89,2026-06-04 18:33:00
INV02680,WH014,PROD239,401,305,96,2026-06-11 17:24:00
INV02681,WH014,PROD243,1325,1212,113,2026-07-24 03:24:00
INV02682,WH014,PROD244,1528,1421,107,2026-06-12 06:34:00
INV02683,WH014,PROD245,467,348,119,2026-07-08 07:19:00
INV02684,WH014,PROD246,420,337,83,2026-07-06 22:48:00
INV02685,WH014,PROD247,12,6,6,2026-07-05 02:52:00
INV02686,WH014,PROD252,596,537,59,2026-06-17 04:45:00
INV02687,WH014,PROD253,618,504,114,2026-06-20 05:06:00
INV02688,WH014,PROD254,1383,1326,57,2026-06-30 23:53:00
INV02689,WH014,PROD259,363,256,107,2026-07-24 18:47:00
INV02690,WH014,PROD260,311,279,32,2026-07-03 10:09:00
INV02691,WH014,PROD261,788,754,34,2026-06-06 02:18:00
INV02692,WH014,PROD266,573,552,21,2026-06-16 02:21:00
INV02693,WH014,PROD267,947,892,55,2026-06-13 01:04:00
INV02694,WH014,PROD269,552,538,14,2026-06-04 09:18:00
INV02695,WH014,PROD272,21,2,19,2026-07-13 22:06:00
INV02696,WH014,PROD273,1072,984,88,2026-06-24 19:35:00
INV02697,WH014,PROD274,898,790,108,2026-06-21 14:26:00
INV02698,WH014,PROD282,1135,1035,100,2026-06-16 23:51:00
INV02699,WH014,PROD287,443,395,48,2026-07-21 17:47:00
INV02700,WH014,PROD288,1446,1360,86,2026-06-07 04:26:00
INV02701,WH014,PROD289,1493,1374,119,2026-06-18 10:09:00
INV02702,WH014,PROD291,16,2,14,2026-07-10 23:51:00
INV02703,WH014,PROD292,21,3,18,2026-07-15 23:24:00
INV02704,WH014,PROD294,1469,1411,58,2026-06-06 00:03:00
INV02705,WH014,PROD296,1345,1228,117,2026-07-11 04:10:00
INV02706,WH014,PROD300,429,402,27,2026-06-26 17:09:00
INV02707,WH014,PROD306,481,407,74,2026-06-10 21:05:00
INV02708,WH014,PROD307,951,878,73,2026-07-11 12:10:00
INV02709,WH014,PROD308,1474,1416,58,2026-07-07 12:09:00
INV02710,WH014,PROD309,19,8,11,2026-07-02 18:51:00
INV02711,WH014,PROD314,178,157,21,2026-06-01 11:36:00
INV02712,WH014,PROD316,1542,1448,94,2026-07-11 20:22:00
INV02713,WH014,PROD318,528,421,107,2026-07-06 20:29:00
INV02714,WH014,PROD321,16,5,11,2026-06-10 00:02:00
INV02715,WH014,PROD323,1192,1098,94,2026-07-25 08:35:00
INV02716,WH014,PROD325,486,413,73,2026-06-17 06:35:00
INV02717,WH014,PROD326,471,446,25,2026-07-10 11:05:00
INV02718,WH014,PROD327,274,241,33,2026-06-22 21:32:00
INV02719,WH014,PROD329,1577,1465,112,2026-06-02 22:59:00
INV02720,WH014,PROD330,37,12,25,2026-06-02 12:02:00
INV02721,WH014,PROD331,518,505,13,2026-07-21 05:16:00
INV02722,WH014,PROD332,25,9,16,2026-07-27 15:16:00
INV02723,WH014,PROD334,1079,967,112,2026-07-15 19:21:00
INV02724,WH014,PROD336,23,0,23,2026-06-17 02:40:00
INV02725,WH014,PROD337,1449,1346,103,2026-07-03 10:27:00
INV02726,WH014,PROD339,779,681,98,2026-06-14 01:06:00
INV02727,WH014,PROD341,1486,1434,52,2026-07-24 11:27:00
INV02728,WH014,PROD342,1242,1204,38,2026-07-06 15:33:00
INV02729,WH014,PROD345,1131,1056,75,2026-07-17 12:22:00
INV02730,WH014,PROD346,1514,1426,88,2026-07-24 07:04:00
INV02731,WH014,PROD347,351,257,94,2026-06-27 20:08:00
INV02732,WH014,PROD348,1388,1361,27,2026-06-02 02:06:00
INV02733,WH014,PROD349,1322,1288,34,2026-06-25 00:59:00
INV02734,WH014,PROD352,1472,1356,116,2026-06-18 21:48:00
INV02735,WH014,PROD357,1352,1332,20,2026-07-10 00:13:00
INV02736,WH014,PROD362,860,824,36,2026-06-08 23:46:00
INV02737,WH014,PROD364,1427,1351,76,2026-07-22 10:46:00
INV02738,WH014,PROD367,1347,1316,31,2026-06-19 09:04:00
INV02739,WH014,PROD370,505,399,106,2026-06-17 14:51:00
INV02740,WH014,PROD371,906,890,16,2026-06-15 09:28:00
INV02741,WH014,PROD372,23,11,12,2026-07-27 02:47:00
INV02742,WH014,PROD374,1496,1459,37,2026-06-04 18:21:00
INV02743,WH014,PROD377,1522,1496,26,2026-07-17 12:31:00
INV02744,WH014,PROD379,30,8,22,2026-07-26 16:48:00
INV02745,WH014,PROD380,1547,1433,114,2026-07-04 23:49:00
INV02746,WH014,PROD381,941,829,112,2026-06-25 22:42:00
INV02747,WH014,PROD386,21,11,10,2026-07-20 21:42:00
INV02748,WH014,PROD388,508,475,33,2026-07-04 05:45:00
INV02749,WH014,PROD390,386,376,10,2026-07-04 06:09:00
INV02750,WH014,PROD392,271,235,36,2026-06-28 16:32:00
INV02751,WH014,PROD394,838,760,78,2026-07-14 13:31:00
INV02752,WH014,PROD395,1255,1164,91,2026-07-03 00:39:00
INV02753,WH014,PROD397,858,813,45,2026-07-22 17:14:00
INV02754,WH014,PROD400,768,724,44,2026-07-07 10:53:00
INV02755,WH014,PROD401,502,450,52,2026-06-06 07:22:00
INV02756,WH014,PROD404,1148,1128,20,2026-06-21 11:43:00
INV02757,WH014,PROD405,1430,1378,52,2026-07-11 05:59:00
INV02758,WH014,PROD406,1239,1150,89,2026-06-18 17:45:00
INV02759,WH014,PROD408,373,328,45,2026-07-14 02:45:00
INV02760,WH014,PROD411,1017,940,77,2026-07-14 05:27:00
INV02761,WH014,PROD413,503,396,107,2026-07-24 23:41:00
INV02762,WH014,PROD414,39,15,24,2026-06-28 08:21:00
INV02763,WH014,PROD416,1070,982,88,2026-06-23 10:04:00
INV02764,WH014,PROD417,1572,1463,109,2026-06-28 09:56:00
INV02765,WH014,PROD419,31,14,17,2026-07-04 19:27:00
INV02766,WH014,PROD422,268,166,102,2026-07-22 01:36:00
INV02767,WH014,PROD425,1236,1182,54,2026-07-23 05:03:00
INV02768,WH014,PROD427,602,542,60,2026-07-24 01:05:00
INV02769,WH014,PROD428,1379,1328,51,2026-07-01 20:40:00
INV02770,WH014,PROD429,491,446,45,2026-06-09 16:17:00
INV02771,WH014,PROD430,701,590,111,2026-06-20 21:38:00
INV02772,WH014,PROD435,1048,990,58,2026-07-06 01:36:00
INV02773,WH014,PROD438,778,670,108,2026-06-28 20:44:00
INV02774,WH014,PROD439,8,1,7,2026-06-18 00:50:00
INV02775,WH014,PROD444,1331,1283,48,2026-06-01 02:53:00
INV02776,WH014,PROD447,1086,1048,38,2026-07-18 07:23:00
INV02777,WH014,PROD449,1044,967,77,2026-06-26 23:31:00
INV02778,WH014,PROD450,26,10,16,2026-06-17 08:26:00
INV02779,WH014,PROD451,705,651,54,2026-07-08 04:57:00
INV02780,WH014,PROD453,1133,1045,88,2026-07-02 08:59:00
INV02781,WH014,PROD454,1507,1446,61,2026-07-15 04:31:00
INV02782,WH014,PROD455,35,10,25,2026-07-18 06:25:00
INV02783,WH014,PROD456,881,762,119,2026-07-10 18:04:00
INV02784,WH014,PROD457,20,11,9,2026-06-27 14:47:00
INV02785,WH014,PROD458,561,464,97,2026-07-22 16:23:00
INV02786,WH014,PROD459,356,325,31,2026-07-27 11:20:00
INV02787,WH014,PROD460,1597,1479,118,2026-07-24 21:13:00
INV02788,WH014,PROD462,310,190,120,2026-07-14 15:29:00
INV02789,WH014,PROD471,1324,1274,50,2026-06-09 02:58:00
INV02790,WH014,PROD473,1036,1003,33,2026-06-17 06:38:00
INV02791,WH014,PROD481,1534,1463,71,2026-07-03 08:18:00
INV02792,WH014,PROD482,1073,1063,10,2026-07-06 19:49:00
INV02793,WH014,PROD483,1250,1134,116,2026-07-24 10:05:00
INV02794,WH014,PROD484,1398,1316,82,2026-06-07 19:32:00
INV02795,WH014,PROD491,31,11,20,2026-06-24 02:09:00
INV02796,WH014,PROD493,815,717,98,2026-06-20 03:50:00
INV02797,WH014,PROD495,597,488,109,2026-06-22 06:43:00
INV02798,WH014,PROD497,18,5,13,2026-07-04 21:48:00
INV02799,WH014,PROD499,1578,1469,109,2026-06-22 21:36:00
INV02800,WH015,PROD001,1127,1061,66,2026-06-28 11:24:00
INV02801,WH015,PROD002,309,225,84,2026-07-01 00:23:00
INV02802,WH015,PROD005,1506,1404,102,2026-06-17 20:50:00
INV02803,WH015,PROD006,867,776,91,2026-06-15 13:34:00
INV02804,WH015,PROD007,431,358,73,2026-06-22 13:51:00
INV02805,WH015,PROD008,183,155,28,2026-07-24 18:17:00
INV02806,WH015,PROD009,379,260,119,2026-07-02 12:44:00
INV02807,WH015,PROD013,500,380,120,2026-06-23 06:23:00
INV02808,WH015,PROD014,474,405,69,2026-06-04 21:03:00
INV02809,WH015,PROD016,23,8,15,2026-06-30 14:54:00
INV02810,WH015,PROD019,1454,1408,46,2026-06-17 07:42:00
INV02811,WH015,PROD021,28,15,13,2026-06-09 05:22:00
INV02812,WH015,PROD022,1243,1174,69,2026-06-22 12:16:00
INV02813,WH015,PROD023,23,8,15,2026-07-12 23:40:00
INV02814,WH015,PROD027,977,955,22,2026-07-05 10:56:00
INV02815,WH015,PROD028,657,588,69,2026-07-10 21:20:00
INV02816,WH015,PROD029,566,446,120,2026-07-05 11:23:00
INV02817,WH015,PROD030,1354,1342,12,2026-07-21 11:31:00
INV02818,WH015,PROD035,1197,1149,48,2026-06-24 16:06:00
INV02819,WH015,PROD036,301,240,61,2026-06-10 16:49:00
INV02820,WH015,PROD042,1551,1461,90,2026-06-08 06:26:00
INV02821,WH015,PROD043,1528,1491,37,2026-07-21 20:19:00
INV02822,WH015,PROD046,235,187,48,2026-06-30 03:16:00
INV02823,WH015,PROD050,1145,1060,85,2026-07-11 22:06:00
INV02824,WH015,PROD051,1431,1358,73,2026-07-02 23:51:00
INV02825,WH015,PROD056,750,652,98,2026-06-19 03:35:00
INV02826,WH015,PROD058,1371,1321,50,2026-06-22 01:33:00
INV02827,WH015,PROD061,803,730,73,2026-06-24 22:49:00
INV02828,WH015,PROD062,1120,1095,25,2026-06-02 06:38:00
INV02829,WH015,PROD064,211,189,22,2026-06-05 14:22:00
INV02830,WH015,PROD067,1512,1499,13,2026-07-25 01:48:00
INV02831,WH015,PROD068,18,12,6,2026-06-30 18:50:00
INV02832,WH015,PROD072,301,218,83,2026-07-02 17:27:00
INV02833,WH015,PROD073,1265,1233,32,2026-06-21 10:43:00
INV02834,WH015,PROD074,12,3,9,2026-07-18 11:37:00
INV02835,WH015,PROD077,1315,1275,40,2026-07-20 18:27:00
INV02836,WH015,PROD078,757,661,96,2026-06-23 06:50:00
INV02837,WH015,PROD079,943,903,40,2026-07-27 21:50:00
INV02838,WH015,PROD080,1444,1367,77,2026-06-27 01:31:00
INV02839,WH015,PROD081,13,4,9,2026-07-05 17:13:00
INV02840,WH015,PROD083,607,587,20,2026-06-15 11:52:00
INV02841,WH015,PROD085,11,0,11,2026-06-05 08:12:00
INV02842,WH015,PROD087,28,9,19,2026-06-11 15:40:00
INV02843,WH015,PROD091,702,614,88,2026-06-28 12:54:00
INV02844,WH015,PROD092,830,792,38,2026-07-01 22:49:00
INV02845,WH015,PROD093,1116,1054,62,2026-07-20 02:44:00
INV02846,WH015,PROD094,563,551,12,2026-07-16 21:00:00
INV02847,WH015,PROD095,685,617,68,2026-07-22 11:49:00
INV02848,WH015,PROD096,1014,897,117,2026-07-06 04:24:00
INV02849,WH015,PROD100,581,506,75,2026-07-25 10:11:00
INV02850,WH015,PROD103,1095,1000,95,2026-06-16 23:30:00
INV02851,WH015,PROD108,332,289,43,2026-06-10 16:55:00
INV02852,WH015,PROD110,1087,1028,59,2026-07-08 03:05:00
INV02853,WH015,PROD111,509,413,96,2026-06-13 05:04:00
INV02854,WH015,PROD113,584,490,94,2026-06-21 05:51:00
INV02855,WH015,PROD115,1372,1349,23,2026-07-02 20:34:00
INV02856,WH015,PROD119,860,832,28,2026-07-22 19:55:00
INV02857,WH015,PROD120,909,802,107,2026-06-29 08:40:00
INV02858,WH015,PROD123,970,912,58,2026-07-15 06:11:00
INV02859,WH015,PROD124,913,799,114,2026-06-18 09:59:00
INV02860,WH015,PROD126,24,3,21,2026-07-22 22:34:00
INV02861,WH015,PROD130,958,851,107,2026-06-06 06:24:00
INV02862,WH015,PROD133,1230,1196,34,2026-06-02 21:21:00
INV02863,WH015,PROD135,14,3,11,2026-07-15 18:13:00
INV02864,WH015,PROD140,1130,1028,102,2026-07-03 09:49:00
INV02865,WH015,PROD142,28,15,13,2026-06-06 08:24:00
INV02866,WH015,PROD146,238,207,31,2026-06-05 08:42:00
INV02867,WH015,PROD151,682,647,35,2026-06-21 08:03:00
INV02868,WH015,PROD152,552,528,24,2026-06-29 05:34:00
INV02869,WH015,PROD153,232,173,59,2026-06-13 00:32:00
INV02870,WH015,PROD158,1067,958,109,2026-06-19 14:58:00
INV02871,WH015,PROD159,1426,1323,103,2026-06-01 13:42:00
INV02872,WH015,PROD160,437,372,65,2026-07-05 07:49:00
INV02873,WH015,PROD162,1414,1386,28,2026-06-24 00:30:00
INV02874,WH015,PROD163,355,284,71,2026-07-11 13:11:00
INV02875,WH015,PROD167,524,451,73,2026-06-03 09:34:00
INV02876,WH015,PROD170,1034,958,76,2026-07-06 01:42:00
INV02877,WH015,PROD174,1022,948,74,2026-07-23 18:14:00
INV02878,WH015,PROD175,22,12,10,2026-07-25 09:41:00
INV02879,WH015,PROD176,736,675,61,2026-07-10 13:29:00
INV02880,WH015,PROD178,1490,1405,85,2026-06-06 12:02:00
INV02881,WH015,PROD182,719,622,97,2026-07-09 21:01:00
INV02882,WH015,PROD184,1357,1315,42,2026-06-03 18:46:00
INV02883,WH015,PROD188,1543,1471,72,2026-06-01 07:19:00
INV02884,WH015,PROD190,22,14,8,2026-07-14 01:07:00
INV02885,WH015,PROD191,1019,915,104,2026-07-06 18:06:00
INV02886,WH015,PROD194,520,441,79,2026-07-08 12:29:00
INV02887,WH015,PROD195,786,717,69,2026-06-12 03:21:00
INV02888,WH015,PROD196,1393,1375,18,2026-06-16 20:57:00
INV02889,WH015,PROD201,875,848,27,2026-06-11 12:50:00
INV02890,WH015,PROD210,13,3,10,2026-06-28 18:47:00
INV02891,WH015,PROD212,1290,1277,13,2026-07-16 16:29:00
INV02892,WH015,PROD213,1248,1203,45,2026-06-01 04:55:00
INV02893,WH015,PROD216,711,624,87,2026-06-13 11:34:00
INV02894,WH015,PROD217,834,760,74,2026-06-13 21:53:00
INV02895,WH015,PROD218,178,158,20,2026-06-27 11:28:00
INV02896,WH015,PROD222,930,818,112,2026-07-25 02:30:00
INV02897,WH015,PROD223,964,922,42,2026-07-07 06:49:00
INV02898,WH015,PROD224,454,400,54,2026-06-02 05:47:00
INV02899,WH015,PROD225,8,2,6,2026-06-10 17:15:00
INV02900,WH015,PROD231,909,826,83,2026-06-24 16:40:00
INV02901,WH015,PROD232,1380,1309,71,2026-07-08 00:59:00
INV02902,WH015,PROD240,1497,1384,113,2026-06-30 03:31:00
INV02903,WH015,PROD243,1165,1145,20,2026-07-15 00:12:00
INV02904,WH015,PROD244,32,14,18,2026-06-04 18:19:00
INV02905,WH015,PROD246,25,12,13,2026-06-01 10:05:00
INV02906,WH015,PROD247,1299,1257,42,2026-07-22 07:48:00
INV02907,WH015,PROD249,1440,1359,81,2026-06-21 06:15:00
INV02908,WH015,PROD251,761,680,81,2026-06-08 17:29:00
INV02909,WH015,PROD252,1147,1086,61,2026-06-30 21:27:00
INV02910,WH015,PROD253,955,944,11,2026-06-18 07:19:00
INV02911,WH015,PROD257,1445,1352,93,2026-07-22 22:29:00
INV02912,WH015,PROD258,722,627,95,2026-07-24 02:40:00
INV02913,WH015,PROD263,741,634,107,2026-06-03 07:14:00
INV02914,WH015,PROD266,1094,1010,84,2026-07-18 23:46:00
INV02915,WH015,PROD281,1279,1173,106,2026-07-28 08:55:00
INV02916,WH015,PROD283,259,150,109,2026-06-20 17:17:00
INV02917,WH015,PROD284,357,238,119,2026-07-08 09:44:00
INV02918,WH015,PROD291,660,594,66,2026-07-24 03:34:00
INV02919,WH015,PROD294,28,12,16,2026-06-02 10:54:00
INV02920,WH015,PROD295,326,255,71,2026-06-30 19:49:00
INV02921,WH015,PROD297,1393,1337,56,2026-07-16 09:51:00
INV02922,WH015,PROD298,506,390,116,2026-06-07 03:03:00
INV02923,WH015,PROD300,1201,1118,83,2026-06-26 09:56:00
INV02924,WH015,PROD302,916,869,47,2026-06-27 10:29:00
INV02925,WH015,PROD306,37,14,23,2026-06-10 05:24:00
INV02926,WH015,PROD311,792,756,36,2026-07-03 10:17:00
INV02927,WH015,PROD313,297,200,97,2026-07-19 06:37:00
INV02928,WH015,PROD317,29,8,21,2026-07-14 12:33:00
INV02929,WH015,PROD319,1107,1003,104,2026-06-01 13:24:00
INV02930,WH015,PROD320,1476,1373,103,2026-06-12 20:45:00
INV02931,WH015,PROD323,615,597,18,2026-07-04 04:59:00
INV02932,WH015,PROD324,1205,1125,80,2026-06-03 19:49:00
INV02933,WH015,PROD327,1150,1084,66,2026-06-29 19:23:00
INV02934,WH015,PROD328,1595,1489,106,2026-06-14 18:36:00
INV02935,WH015,PROD333,507,445,62,2026-06-25 07:31:00
INV02936,WH015,PROD335,1092,1059,33,2026-06-05 21:50:00
INV02937,WH015,PROD336,26,7,19,2026-06-23 03:08:00
INV02938,WH015,PROD337,566,503,63,2026-06-12 21:50:00
INV02939,WH015,PROD342,27,5,22,2026-06-19 06:10:00
INV02940,WH015,PROD343,742,645,97,2026-06-04 04:13:00
INV02941,WH015,PROD346,705,666,39,2026-06-18 12:01:00
INV02942,WH015,PROD347,320,206,114,2026-07-24 12:36:00
INV02943,WH015,PROD348,657,614,43,2026-07-14 00:25:00
INV02944,WH015,PROD349,510,417,93,2026-06-13 10:28:00
INV02945,WH015,PROD353,871,811,60,2026-07-20 04:38:00
INV02946,WH015,PROD355,1212,1185,27,2026-06-22 07:30:00
INV02947,WH015,PROD356,233,217,16,2026-07-21 12:55:00
INV02948,WH015,PROD358,1279,1237,42,2026-07-27 17:21:00
INV02949,WH015,PROD359,918,847,71,2026-06-16 03:07:00
INV02950,WH015,PROD362,1305,1215,90,2026-07-21 00:16:00
INV02951,WH015,PROD365,840,786,54,2026-07-28 04:33:00
INV02952,WH015,PROD370,708,657,51,2026-06-29 13:48:00
INV02953,WH015,PROD375,923,897,26,2026-06-22 00:30:00
INV02954,WH015,PROD377,1341,1277,64,2026-07-04 20:28:00
INV02955,WH015,PROD379,532,519,13,2026-06-03 07:46:00
INV02956,WH015,PROD380,521,495,26,2026-06-08 07:56:00
INV02957,WH015,PROD382,21,1,20,2026-07-28 02:39:00
INV02958,WH015,PROD385,1348,1297,51,2026-06-26 13:59:00
INV02959,WH015,PROD389,1416,1331,85,2026-07-13 04:34:00
INV02960,WH015,PROD390,1306,1224,82,2026-07-20 15:10:00
INV02961,WH015,PROD391,1243,1167,76,2026-06-13 22:04:00
INV02962,WH015,PROD392,814,784,30,2026-07-07 11:51:00
INV02963,WH015,PROD393,464,381,83,2026-07-01 21:36:00
INV02964,WH015,PROD395,433,385,48,2026-06-28 00:15:00
INV02965,WH015,PROD398,1292,1259,33,2026-07-06 16:00:00
INV02966,WH015,PROD399,825,813,12,2026-06-06 22:02:00
INV02967,WH015,PROD402,861,789,72,2026-06-22 21:05:00
INV02968,WH015,PROD403,463,451,12,2026-07-14 05:46:00
INV02969,WH015,PROD410,263,157,106,2026-06-06 23:56:00
INV02970,WH015,PROD414,948,900,48,2026-06-18 02:25:00
INV02971,WH015,PROD415,1491,1418,73,2026-06-09 21:55:00
INV02972,WH015,PROD418,718,701,17,2026-06-26 13:08:00
INV02973,WH015,PROD420,1531,1481,50,2026-07-18 00:49:00
INV02974,WH015,PROD425,22,12,10,2026-07-14 21:36:00
INV02975,WH015,PROD426,544,499,45,2026-07-23 01:14:00
INV02976,WH015,PROD435,323,263,60,2026-07-01 17:58:00
INV02977,WH015,PROD437,1308,1261,47,2026-07-22 06:12:00
INV02978,WH015,PROD438,31,15,16,2026-06-10 07:44:00
INV02979,WH015,PROD440,1305,1245,60,2026-07-16 20:00:00
INV02980,WH015,PROD443,441,330,111,2026-07-26 08:21:00
INV02981,WH015,PROD445,550,464,86,2026-06-15 04:25:00
INV02982,WH015,PROD446,1282,1238,44,2026-06-22 16:45:00
INV02983,WH015,PROD449,39,14,25,2026-06-01 03:23:00
INV02984,WH015,PROD454,21,13,8,2026-07-02 19:54:00
INV02985,WH015,PROD456,515,420,95,2026-06-02 19:08:00
INV02986,WH015,PROD457,500,417,83,2026-06-03 03:54:00
INV02987,WH015,PROD458,952,872,80,2026-06-09 07:14:00
INV02988,WH015,PROD459,1153,1071,82,2026-07-24 00:53:00
INV02989,WH015,PROD461,646,554,92,2026-07-19 15:37:00
INV02990,WH015,PROD466,1395,1365,30,2026-06-07 10:34:00
INV02991,WH015,PROD467,1001,911,90,2026-06-21 03:04:00
INV02992,WH015,PROD469,1424,1387,37,2026-07-12 14:05:00
INV02993,WH015,PROD471,220,189,31,2026-07-28 14:21:00
INV02994,WH015,PROD475,837,769,68,2026-07-15 03:50:00
INV02995,WH015,PROD476,795,762,33,2026-07-06 14:52:00
INV02996,WH015,PROD477,536,474,62,2026-06-25 04:22:00
INV02997,WH015,PROD479,1343,1267,76,2026-06-16 22:04:00
INV02998,WH015,PROD483,1420,1327,93,2026-07-21 15:46:00
INV02999,WH015,PROD484,1579,1472,107,2026-06-28 22:50:00
INV03000,WH015,PROD487,709,678,31,2026-06-20 06:40:00
INV03001,WH015,PROD488,941,851,90,2026-07-26 09:39:00
INV03002,WH015,PROD489,1240,1164,76,2026-06-11 19:55:00
INV03003,WH015,PROD491,445,375,70,2026-06-22 12:48:00
INV03004,WH015,PROD492,655,606,49,2026-07-28 16:55:00
INV03005,WH015,PROD493,485,470,15,2026-07-10 18:03:00
INV03006,WH016,PROD001,741,703,38,2026-07-05 20:01:00
INV03007,WH016,PROD003,776,750,26,2026-07-01 18:55:00
INV03008,WH016,PROD004,1449,1433,16,2026-06-02 23:03:00
INV03009,WH016,PROD006,1392,1381,11,2026-06-05 13:44:00
INV03010,WH016,PROD007,1167,1128,39,2026-06-27 04:18:00
INV03011,WH016,PROD009,993,932,61,2026-07-15 22:53:00
INV03012,WH016,PROD010,24,8,16,2026-07-09 04:59:00
INV03013,WH016,PROD011,25,7,18,2026-06-04 19:48:00
INV03014,WH016,PROD013,14,1,13,2026-06-07 21:21:00
INV03015,WH016,PROD014,15,3,12,2026-07-16 03:48:00
INV03016,WH016,PROD015,637,523,114,2026-06-26 09:58:00
INV03017,WH016,PROD016,30,10,20,2026-06-27 18:50:00
INV03018,WH016,PROD017,7,2,5,2026-07-04 08:08:00
INV03019,WH016,PROD018,718,606,112,2026-06-14 10:39:00
INV03020,WH016,PROD021,812,708,104,2026-06-29 09:10:00
INV03021,WH016,PROD022,1533,1455,78,2026-06-16 20:48:00
INV03022,WH016,PROD024,1063,1000,63,2026-07-15 15:50:00
INV03023,WH016,PROD027,892,872,20,2026-06-16 19:01:00
INV03024,WH016,PROD030,1064,1033,31,2026-07-20 05:47:00
INV03025,WH016,PROD031,736,633,103,2026-06-26 10:00:00
INV03026,WH016,PROD033,15,4,11,2026-07-09 18:01:00
INV03027,WH016,PROD035,1552,1452,100,2026-06-04 13:19:00
INV03028,WH016,PROD036,350,288,62,2026-07-26 20:19:00
INV03029,WH016,PROD037,1247,1180,67,2026-07-02 07:53:00
INV03030,WH016,PROD038,852,801,51,2026-06-17 21:03:00
INV03031,WH016,PROD041,556,510,46,2026-07-12 07:07:00
INV03032,WH016,PROD048,1449,1376,73,2026-06-10 23:45:00
INV03033,WH016,PROD049,1140,1036,104,2026-06-29 11:51:00
INV03034,WH016,PROD052,693,610,83,2026-07-10 06:19:00
INV03035,WH016,PROD054,1423,1326,97,2026-06-26 18:01:00
INV03036,WH016,PROD056,703,584,119,2026-07-18 21:37:00
INV03037,WH016,PROD059,971,860,111,2026-06-12 16:30:00
INV03038,WH016,PROD060,872,834,38,2026-06-30 06:15:00
INV03039,WH016,PROD064,1311,1196,115,2026-06-07 07:15:00
INV03040,WH016,PROD065,27,7,20,2026-06-18 10:15:00
INV03041,WH016,PROD066,693,576,117,2026-06-04 05:14:00
INV03042,WH016,PROD067,538,516,22,2026-06-10 09:48:00
INV03043,WH016,PROD069,236,194,42,2026-07-11 18:34:00
INV03044,WH016,PROD070,1190,1089,101,2026-06-11 01:15:00
INV03045,WH016,PROD075,828,813,15,2026-06-05 12:03:00
INV03046,WH016,PROD078,19,10,9,2026-06-07 00:31:00
INV03047,WH016,PROD082,936,880,56,2026-06-21 17:54:00
INV03048,WH016,PROD084,1465,1353,112,2026-06-18 20:44:00
INV03049,WH016,PROD089,13,4,9,2026-07-28 20:52:00
INV03050,WH016,PROD090,896,848,48,2026-06-26 09:04:00
INV03051,WH016,PROD092,29,5,24,2026-06-24 11:54:00
INV03052,WH016,PROD093,22,7,15,2026-07-03 01:31:00
INV03053,WH016,PROD094,1369,1350,19,2026-06-06 07:52:00
INV03054,WH016,PROD097,247,193,54,2026-06-23 22:47:00
INV03055,WH016,PROD103,883,785,98,2026-07-10 08:59:00
INV03056,WH016,PROD104,1430,1412,18,2026-07-16 15:07:00
INV03057,WH016,PROD105,866,793,73,2026-06-23 15:07:00
INV03058,WH016,PROD106,1095,1035,60,2026-07-22 07:11:00
INV03059,WH016,PROD108,1570,1480,90,2026-06-09 08:26:00
INV03060,WH016,PROD109,1148,1031,117,2026-06-08 23:26:00
INV03061,WH016,PROD116,18,11,7,2026-07-28 22:27:00
INV03062,WH016,PROD118,194,168,26,2026-07-26 00:29:00
INV03063,WH016,PROD119,809,790,19,2026-06-03 09:09:00
INV03064,WH016,PROD120,36,12,24,2026-07-03 11:42:00
INV03065,WH016,PROD125,1148,1062,86,2026-06-30 02:19:00
INV03066,WH016,PROD127,1052,1015,37,2026-06-02 16:02:00
INV03067,WH016,PROD131,312,227,85,2026-06-07 01:05:00
INV03068,WH016,PROD132,1112,1005,107,2026-07-17 03:54:00
INV03069,WH016,PROD140,15,4,11,2026-07-02 16:33:00
INV03070,WH016,PROD141,1273,1251,22,2026-07-09 06:02:00
INV03071,WH016,PROD144,1554,1494,60,2026-06-08 12:15:00
INV03072,WH016,PROD145,1008,984,24,2026-07-03 15:45:00
INV03073,WH016,PROD148,386,331,55,2026-07-04 21:22:00
INV03074,WH016,PROD149,329,243,86,2026-06-23 20:02:00
INV03075,WH016,PROD152,892,834,58,2026-06-26 17:34:00
INV03076,WH016,PROD154,1188,1130,58,2026-06-12 16:02:00
INV03077,WH016,PROD156,24,15,9,2026-06-11 00:46:00
INV03078,WH016,PROD159,459,379,80,2026-07-14 21:55:00
INV03079,WH016,PROD161,1473,1444,29,2026-06-13 14:13:00
INV03080,WH016,PROD162,232,186,46,2026-06-30 16:14:00
INV03081,WH016,PROD163,309,208,101,2026-07-05 07:03:00
INV03082,WH016,PROD164,1145,1058,87,2026-07-27 16:48:00
INV03083,WH016,PROD173,1406,1316,90,2026-06-24 03:41:00
INV03084,WH016,PROD175,1440,1394,46,2026-07-06 06:26:00
INV03085,WH016,PROD177,702,682,20,2026-06-25 15:16:00
INV03086,WH016,PROD182,991,926,65,2026-07-04 16:46:00
INV03087,WH016,PROD186,347,290,57,2026-07-26 17:21:00
INV03088,WH016,PROD187,344,322,22,2026-06-28 09:22:00
INV03089,WH016,PROD188,1448,1394,54,2026-07-21 11:52:00
INV03090,WH016,PROD189,707,659,48,2026-07-19 02:32:00
INV03091,WH016,PROD190,39,14,25,2026-06-14 18:59:00
INV03092,WH016,PROD192,10,4,6,2026-06-23 16:53:00
INV03093,WH016,PROD193,892,828,64,2026-07-19 06:15:00
INV03094,WH016,PROD195,1226,1126,100,2026-07-01 07:01:00
INV03095,WH016,PROD198,947,925,22,2026-07-02 22:35:00
INV03096,WH016,PROD205,564,479,85,2026-07-24 13:06:00
INV03097,WH016,PROD206,1214,1134,80,2026-07-14 04:00:00
INV03098,WH016,PROD208,715,687,28,2026-07-13 01:08:00
INV03099,WH016,PROD211,858,744,114,2026-06-22 10:01:00
INV03100,WH016,PROD215,808,755,53,2026-07-08 01:32:00
INV03101,WH016,PROD220,326,224,102,2026-07-13 18:37:00
INV03102,WH016,PROD221,694,577,117,2026-07-07 15:25:00
INV03103,WH016,PROD222,1255,1215,40,2026-07-03 15:08:00
INV03104,WH016,PROD223,974,952,22,2026-06-14 00:12:00
INV03105,WH016,PROD224,835,727,108,2026-06-16 16:14:00
INV03106,WH016,PROD226,223,206,17,2026-06-02 18:05:00
INV03107,WH016,PROD233,522,472,50,2026-07-10 09:39:00
INV03108,WH016,PROD236,1169,1157,12,2026-07-15 22:17:00
INV03109,WH016,PROD237,36,13,23,2026-06-21 08:26:00
INV03110,WH016,PROD238,1227,1198,29,2026-07-10 15:44:00
INV03111,WH016,PROD240,1240,1218,22,2026-07-09 12:10:00
INV03112,WH016,PROD242,23,14,9,2026-07-20 10:40:00
INV03113,WH016,PROD243,499,489,10,2026-06-09 07:02:00
INV03114,WH016,PROD246,15,1,14,2026-06-24 12:47:00
INV03115,WH016,PROD248,478,359,119,2026-06-12 11:05:00
INV03116,WH016,PROD249,1380,1304,76,2026-07-18 01:52:00
INV03117,WH016,PROD251,1514,1438,76,2026-06-11 16:56:00
INV03118,WH016,PROD253,345,292,53,2026-06-27 12:27:00
INV03119,WH016,PROD255,25,3,22,2026-07-25 05:13:00
INV03120,WH016,PROD256,1301,1229,72,2026-07-06 09:49:00
INV03121,WH016,PROD257,1498,1407,91,2026-06-03 18:35:00
INV03122,WH016,PROD258,1036,1002,34,2026-06-06 10:08:00
INV03123,WH016,PROD260,899,811,88,2026-07-24 17:51:00
INV03124,WH016,PROD261,846,727,119,2026-06-20 09:09:00
INV03125,WH016,PROD262,18,8,10,2026-07-15 17:09:00
INV03126,WH016,PROD263,1033,954,79,2026-06-13 23:04:00
INV03127,WH016,PROD264,699,630,69,2026-06-30 02:19:00
INV03128,WH016,PROD266,338,300,38,2026-07-24 03:58:00
INV03129,WH016,PROD268,561,462,99,2026-06-25 21:24:00
INV03130,WH016,PROD270,512,399,113,2026-06-17 03:38:00
INV03131,WH016,PROD275,1420,1325,95,2026-06-27 00:24:00
INV03132,WH016,PROD276,27,14,13,2026-07-21 02:55:00
INV03133,WH016,PROD279,520,404,116,2026-07-24 03:52:00
INV03134,WH016,PROD280,1522,1410,112,2026-06-09 23:20:00
INV03135,WH016,PROD282,1555,1497,58,2026-07-14 19:09:00
INV03136,WH016,PROD286,1247,1145,102,2026-06-27 17:35:00
INV03137,WH016,PROD288,779,742,37,2026-06-05 01:14:00
INV03138,WH016,PROD289,385,340,45,2026-06-13 02:33:00
INV03139,WH016,PROD294,25,3,22,2026-06-20 00:21:00
INV03140,WH016,PROD299,723,624,99,2026-06-11 10:40:00
INV03141,WH016,PROD303,23,0,23,2026-06-20 09:28:00
INV03142,WH016,PROD304,29,13,16,2026-06-01 18:47:00
INV03143,WH016,PROD308,957,941,16,2026-06-30 03:18:00
INV03144,WH016,PROD310,1163,1089,74,2026-07-04 06:04:00
INV03145,WH016,PROD311,16,8,8,2026-07-22 11:48:00
INV03146,WH016,PROD312,838,794,44,2026-07-01 04:48:00
INV03147,WH016,PROD313,1168,1117,51,2026-07-09 08:50:00
INV03148,WH016,PROD314,13,0,13,2026-06-15 06:54:00
INV03149,WH016,PROD315,760,693,67,2026-06-17 19:40:00
INV03150,WH016,PROD317,1148,1071,77,2026-06-01 19:14:00
INV03151,WH016,PROD319,641,618,23,2026-06-26 23:39:00
INV03152,WH016,PROD320,1473,1440,33,2026-06-26 09:04:00
INV03153,WH016,PROD324,17,0,17,2026-06-15 05:27:00
INV03154,WH016,PROD326,935,868,67,2026-06-15 02:44:00
INV03155,WH016,PROD328,877,862,15,2026-07-02 12:15:00
INV03156,WH016,PROD329,8,2,6,2026-06-02 17:38:00
INV03157,WH016,PROD332,806,754,52,2026-06-27 03:10:00
INV03158,WH016,PROD333,286,226,60,2026-06-25 09:01:00
INV03159,WH016,PROD335,28,9,19,2026-07-04 12:29:00
INV03160,WH016,PROD336,1006,925,81,2026-07-20 20:40:00
INV03161,WH016,PROD338,1436,1360,76,2026-06-18 16:16:00
INV03162,WH016,PROD339,243,174,69,2026-07-28 20:15:00
INV03163,WH016,PROD343,224,201,23,2026-06-04 14:51:00
INV03164,WH016,PROD345,403,297,106,2026-06-29 15:48:00
INV03165,WH016,PROD346,1227,1134,93,2026-06-21 18:58:00
INV03166,WH016,PROD347,598,563,35,2026-07-23 01:28:00
INV03167,WH016,PROD348,325,301,24,2026-06-29 03:36:00
INV03168,WH016,PROD354,320,256,64,2026-06-03 08:39:00
INV03169,WH016,PROD356,15,8,7,2026-06-19 09:05:00
INV03170,WH016,PROD359,993,880,113,2026-06-22 18:27:00
INV03171,WH016,PROD362,664,625,39,2026-06-15 21:42:00
INV03172,WH016,PROD365,1400,1306,94,2026-07-17 13:44:00
INV03173,WH016,PROD368,538,481,57,2026-06-15 18:06:00
INV03174,WH016,PROD373,301,204,97,2026-07-23 06:46:00
INV03175,WH016,PROD374,193,152,41,2026-07-27 01:19:00
INV03176,WH016,PROD375,1461,1349,112,2026-07-08 05:24:00
INV03177,WH016,PROD376,643,589,54,2026-07-17 12:45:00
INV03178,WH016,PROD378,39,15,24,2026-07-12 14:15:00
INV03179,WH016,PROD379,25,6,19,2026-07-07 09:48:00
INV03180,WH016,PROD380,738,709,29,2026-07-03 15:45:00
INV03181,WH016,PROD381,1332,1297,35,2026-07-23 11:54:00
INV03182,WH016,PROD384,943,824,119,2026-07-13 07:53:00
INV03183,WH016,PROD389,1251,1131,120,2026-07-13 12:35:00
INV03184,WH016,PROD391,705,684,21,2026-07-15 02:59:00
INV03185,WH016,PROD396,1375,1330,45,2026-06-13 03:57:00
INV03186,WH016,PROD403,1036,949,87,2026-06-29 01:27:00
INV03187,WH016,PROD405,19,3,16,2026-07-01 07:52:00
INV03188,WH016,PROD408,493,406,87,2026-06-08 22:07:00
INV03189,WH016,PROD409,253,200,53,2026-06-26 22:51:00
INV03190,WH016,PROD410,622,534,88,2026-07-27 11:48:00
INV03191,WH016,PROD411,1018,970,48,2026-06-14 18:34:00
INV03192,WH016,PROD412,248,181,67,2026-06-07 09:42:00
INV03193,WH016,PROD414,913,821,92,2026-06-24 15:00:00
INV03194,WH016,PROD415,1416,1377,39,2026-07-16 07:16:00
INV03195,WH016,PROD416,422,352,70,2026-07-17 17:25:00
INV03196,WH016,PROD417,1449,1344,105,2026-06-10 11:20:00
INV03197,WH016,PROD418,26,1,25,2026-06-22 00:39:00
INV03198,WH016,PROD421,318,259,59,2026-06-01 01:42:00
INV03199,WH016,PROD422,9,1,8,2026-06-06 10:27:00
INV03200,WH016,PROD427,21,14,7,2026-06-13 17:16:00
INV03201,WH016,PROD428,1534,1426,108,2026-07-11 16:05:00
INV03202,WH016,PROD429,14,7,7,2026-06-01 01:43:00
INV03203,WH016,PROD431,511,436,75,2026-07-12 06:33:00
INV03204,WH016,PROD439,1013,918,95,2026-07-24 18:39:00
INV03205,WH016,PROD441,34,12,22,2026-07-01 04:12:00
INV03206,WH016,PROD442,337,300,37,2026-06-04 08:42:00
INV03207,WH016,PROD448,1186,1161,25,2026-07-14 14:40:00
INV03208,WH016,PROD451,955,893,62,2026-06-21 23:26:00
INV03209,WH016,PROD461,13,4,9,2026-06-05 16:35:00
INV03210,WH016,PROD476,9,0,9,2026-06-27 06:48:00
INV03211,WH016,PROD477,26,9,17,2026-06-08 15:24:00
INV03212,WH016,PROD478,32,7,25,2026-07-24 00:09:00
INV03213,WH016,PROD479,431,388,43,2026-07-15 20:27:00
INV03214,WH016,PROD480,1251,1187,64,2026-06-13 10:58:00
INV03215,WH016,PROD483,370,285,85,2026-06-27 14:27:00
INV03216,WH016,PROD485,766,649,117,2026-06-10 07:50:00
INV03217,WH016,PROD486,1338,1320,18,2026-07-17 07:42:00
INV03218,WH016,PROD487,489,436,53,2026-07-21 17:09:00
INV03219,WH016,PROD488,1064,973,91,2026-07-22 14:58:00
INV03220,WH016,PROD490,24,7,17,2026-06-30 18:16:00
INV03221,WH016,PROD491,1401,1312,89,2026-06-21 05:59:00
INV03222,WH016,PROD492,1442,1409,33,2026-06-27 08:16:00
INV03223,WH016,PROD499,796,720,76,2026-07-19 07:51:00
INV03224,WH016,PROD500,1119,1029,90,2026-07-20 22:46:00
INV03225,WH017,PROD005,455,381,74,2026-07-26 03:04:00
INV03226,WH017,PROD007,640,602,38,2026-06-03 13:16:00
INV03227,WH017,PROD009,21,0,21,2026-06-21 17:31:00
INV03228,WH017,PROD010,950,833,117,2026-06-21 22:22:00
INV03229,WH017,PROD013,358,264,94,2026-07-20 20:58:00
INV03230,WH017,PROD017,1167,1136,31,2026-07-04 15:59:00
INV03231,WH017,PROD020,910,879,31,2026-07-07 03:44:00
INV03232,WH017,PROD021,796,695,101,2026-06-25 07:29:00
INV03233,WH017,PROD023,577,515,62,2026-07-27 23:25:00
INV03234,WH017,PROD029,605,593,12,2026-06-10 06:20:00
INV03235,WH017,PROD031,1265,1246,19,2026-07-21 00:11:00
INV03236,WH017,PROD036,1551,1497,54,2026-07-10 18:36:00
INV03237,WH017,PROD037,684,615,69,2026-07-17 14:58:00
INV03238,WH017,PROD040,1417,1382,35,2026-07-24 11:31:00
INV03239,WH017,PROD041,909,859,50,2026-06-05 18:41:00
INV03240,WH017,PROD042,1116,1074,42,2026-06-18 21:05:00
INV03241,WH017,PROD043,26,6,20,2026-06-26 14:00:00
INV03242,WH017,PROD047,1098,1021,77,2026-06-10 11:25:00
INV03243,WH017,PROD053,1101,1032,69,2026-06-07 03:10:00
INV03244,WH017,PROD054,828,747,81,2026-07-17 05:13:00
INV03245,WH017,PROD055,290,179,111,2026-07-05 01:23:00
INV03246,WH017,PROD056,256,215,41,2026-07-18 16:44:00
INV03247,WH017,PROD057,18,8,10,2026-07-11 17:08:00
INV03248,WH017,PROD058,538,500,38,2026-07-22 03:02:00
INV03249,WH017,PROD061,1315,1218,97,2026-07-04 06:05:00
INV03250,WH017,PROD063,686,620,66,2026-07-16 13:22:00
INV03251,WH017,PROD065,1312,1265,47,2026-06-23 04:11:00
INV03252,WH017,PROD066,9,0,9,2026-06-05 19:28:00
INV03253,WH017,PROD067,834,754,80,2026-06-09 17:30:00
INV03254,WH017,PROD075,388,292,96,2026-06-28 21:45:00
INV03255,WH017,PROD077,1118,1030,88,2026-07-19 06:40:00
INV03256,WH017,PROD084,489,471,18,2026-07-10 23:46:00
INV03257,WH017,PROD085,389,337,52,2026-07-14 22:01:00
INV03258,WH017,PROD086,18,2,16,2026-06-03 16:07:00
INV03259,WH017,PROD089,1349,1251,98,2026-07-20 08:45:00
INV03260,WH017,PROD090,23,5,18,2026-06-14 22:03:00
INV03261,WH017,PROD094,18,0,18,2026-06-29 04:08:00
INV03262,WH017,PROD100,478,464,14,2026-07-18 20:33:00
INV03263,WH017,PROD102,639,539,100,2026-07-13 08:43:00
INV03264,WH017,PROD104,33,8,25,2026-06-13 14:21:00
INV03265,WH017,PROD108,467,384,83,2026-06-28 18:09:00
INV03266,WH017,PROD111,292,211,81,2026-07-26 19:07:00
INV03267,WH017,PROD113,1061,961,100,2026-06-15 03:27:00
INV03268,WH017,PROD116,1133,1023,110,2026-07-10 12:53:00
INV03269,WH017,PROD117,878,775,103,2026-06-01 07:13:00
INV03270,WH017,PROD119,957,915,42,2026-06-18 08:04:00
INV03271,WH017,PROD124,412,353,59,2026-06-28 12:16:00
INV03272,WH017,PROD126,222,212,10,2026-07-14 17:18:00
INV03273,WH017,PROD130,932,828,104,2026-07-06 00:06:00
INV03274,WH017,PROD132,437,344,93,2026-07-02 13:19:00
INV03275,WH017,PROD135,23,5,18,2026-07-04 00:37:00
INV03276,WH017,PROD141,11,3,8,2026-06-23 00:20:00
INV03277,WH017,PROD144,1491,1398,93,2026-07-22 13:39:00
INV03278,WH017,PROD145,1101,1001,100,2026-06-07 23:46:00
INV03279,WH017,PROD146,850,825,25,2026-07-24 05:45:00
INV03280,WH017,PROD148,680,650,30,2026-07-15 05:08:00
INV03281,WH017,PROD153,328,248,80,2026-06-21 16:53:00
INV03282,WH017,PROD154,1544,1476,68,2026-06-29 20:19:00
INV03283,WH017,PROD157,311,267,44,2026-07-15 22:19:00
INV03284,WH017,PROD159,568,507,61,2026-06-22 23:55:00
INV03285,WH017,PROD160,981,895,86,2026-06-03 03:05:00
INV03286,WH017,PROD161,20,5,15,2026-07-23 10:20:00
INV03287,WH017,PROD163,586,521,65,2026-06-30 14:45:00
INV03288,WH017,PROD166,590,512,78,2026-06-26 01:14:00
INV03289,WH017,PROD169,27,8,19,2026-07-05 18:01:00
INV03290,WH017,PROD175,683,671,12,2026-06-23 17:57:00
INV03291,WH017,PROD176,1374,1364,10,2026-07-01 03:53:00
INV03292,WH017,PROD179,801,783,18,2026-07-23 04:11:00
INV03293,WH017,PROD181,941,903,38,2026-07-15 10:44:00
INV03294,WH017,PROD182,990,896,94,2026-07-09 05:02:00
INV03295,WH017,PROD185,983,872,111,2026-07-07 13:28:00
INV03296,WH017,PROD190,1450,1377,73,2026-07-09 02:06:00
INV03297,WH017,PROD191,1179,1069,110,2026-07-08 17:14:00
INV03298,WH017,PROD192,24,10,14,2026-06-30 13:09:00
INV03299,WH017,PROD197,857,815,42,2026-07-20 21:06:00
INV03300,WH017,PROD199,17,0,17,2026-07-06 18:57:00
INV03301,WH017,PROD201,1395,1318,77,2026-06-30 01:51:00
INV03302,WH017,PROD204,1554,1500,54,2026-06-11 05:07:00
INV03303,WH017,PROD208,961,926,35,2026-07-16 16:38:00
INV03304,WH017,PROD216,182,165,17,2026-07-03 06:17:00
INV03305,WH017,PROD222,391,294,97,2026-06-09 21:32:00
INV03306,WH017,PROD226,1427,1351,76,2026-07-10 23:14:00
INV03307,WH017,PROD228,28,8,20,2026-06-25 03:47:00
INV03308,WH017,PROD232,27,15,12,2026-07-07 19:08:00
INV03309,WH017,PROD234,913,822,91,2026-07-15 12:59:00
INV03310,WH017,PROD236,18,6,12,2026-07-04 21:31:00
INV03311,WH017,PROD239,948,872,76,2026-07-27 04:32:00
INV03312,WH017,PROD241,1390,1298,92,2026-07-26 19:32:00
INV03313,WH017,PROD242,457,364,93,2026-07-05 08:49:00
INV03314,WH017,PROD243,1190,1107,83,2026-06-26 22:15:00
INV03315,WH017,PROD247,23,0,23,2026-07-12 00:30:00
INV03316,WH017,PROD248,817,732,85,2026-07-10 18:39:00
INV03317,WH017,PROD250,1591,1488,103,2026-07-23 09:50:00
INV03318,WH017,PROD251,1534,1465,69,2026-07-13 08:55:00
INV03319,WH017,PROD252,420,375,45,2026-07-25 01:28:00
INV03320,WH017,PROD253,614,498,116,2026-07-18 13:08:00
INV03321,WH017,PROD255,961,853,108,2026-06-19 20:14:00
INV03322,WH017,PROD263,943,876,67,2026-07-07 03:44:00
INV03323,WH017,PROD264,792,680,112,2026-06-16 10:37:00
INV03324,WH017,PROD265,653,578,75,2026-07-10 16:21:00
INV03325,WH017,PROD267,1403,1312,91,2026-07-18 01:29:00
INV03326,WH017,PROD269,1422,1322,100,2026-06-28 11:32:00
INV03327,WH017,PROD274,1256,1189,67,2026-07-19 07:59:00
INV03328,WH017,PROD275,1055,1003,52,2026-07-13 17:04:00
INV03329,WH017,PROD283,860,783,77,2026-07-23 06:19:00
INV03330,WH017,PROD285,653,581,72,2026-06-04 14:41:00
INV03331,WH017,PROD289,1217,1104,113,2026-06-30 12:06:00
INV03332,WH017,PROD292,1551,1454,97,2026-07-26 06:20:00
INV03333,WH017,PROD295,1524,1432,92,2026-06-01 15:32:00
INV03334,WH017,PROD296,1404,1345,59,2026-06-11 04:12:00
INV03335,WH017,PROD297,1277,1176,101,2026-06-21 09:00:00
INV03336,WH017,PROD298,1021,987,34,2026-07-08 18:38:00
INV03337,WH017,PROD300,912,832,80,2026-07-14 01:46:00
INV03338,WH017,PROD301,454,433,21,2026-07-23 21:51:00
INV03339,WH017,PROD303,509,474,35,2026-06-30 07:20:00
INV03340,WH017,PROD307,927,827,100,2026-07-22 03:18:00
INV03341,WH017,PROD308,716,687,29,2026-07-09 22:03:00
INV03342,WH017,PROD310,679,653,26,2026-06-18 15:31:00
INV03343,WH017,PROD312,28,10,18,2026-07-27 01:37:00
INV03344,WH017,PROD313,847,792,55,2026-06-24 11:44:00
INV03345,WH017,PROD316,469,454,15,2026-06-03 01:26:00
INV03346,WH017,PROD323,15,2,13,2026-06-13 13:19:00
INV03347,WH017,PROD326,999,888,111,2026-07-07 08:51:00
INV03348,WH017,PROD328,437,377,60,2026-07-20 05:06:00
INV03349,WH017,PROD329,1413,1372,41,2026-06-06 20:09:00
INV03350,WH017,PROD333,282,179,103,2026-07-24 13:20:00
INV03351,WH017,PROD337,20,3,17,2026-07-28 04:10:00
INV03352,WH017,PROD341,1558,1479,79,2026-06-16 20:45:00
INV03353,WH017,PROD350,996,940,56,2026-06-19 09:26:00
INV03354,WH017,PROD351,713,658,55,2026-07-13 00:59:00
INV03355,WH017,PROD358,870,813,57,2026-07-22 10:37:00
INV03356,WH017,PROD359,1011,985,26,2026-06-14 22:21:00
INV03357,WH017,PROD363,1243,1170,73,2026-07-02 17:38:00
INV03358,WH017,PROD367,642,593,49,2026-06-15 20:08:00
INV03359,WH017,PROD372,661,542,119,2026-07-07 23:38:00
INV03360,WH017,PROD373,19,1,18,2026-06-02 16:11:00
INV03361,WH017,PROD374,765,650,115,2026-06-26 18:24:00
INV03362,WH017,PROD377,555,441,114,2026-06-28 18:01:00
INV03363,WH017,PROD378,623,526,97,2026-06-10 01:36:00
INV03364,WH017,PROD380,250,197,53,2026-06-26 03:29:00
INV03365,WH017,PROD381,1048,1034,14,2026-07-12 14:01:00
INV03366,WH017,PROD387,865,847,18,2026-07-14 03:11:00
INV03367,WH017,PROD389,17,6,11,2026-06-17 09:39:00
INV03368,WH017,PROD390,33,15,18,2026-07-28 05:58:00
INV03369,WH017,PROD392,12,2,10,2026-07-06 20:12:00
INV03370,WH017,PROD393,729,623,106,2026-07-08 23:40:00
INV03371,WH017,PROD395,1390,1371,19,2026-06-11 18:58:00
INV03372,WH017,PROD396,1491,1398,93,2026-06-10 03:00:00
INV03373,WH017,PROD397,238,200,38,2026-07-01 02:10:00
INV03374,WH017,PROD398,299,236,63,2026-07-26 01:57:00
INV03375,WH017,PROD400,1224,1196,28,2026-06-15 20:29:00
INV03376,WH017,PROD404,567,522,45,2026-06-30 01:20:00
INV03377,WH017,PROD405,894,813,81,2026-07-02 23:34:00
INV03378,WH017,PROD406,557,491,66,2026-07-28 17:59:00
INV03379,WH017,PROD407,23,6,17,2026-06-10 05:44:00
INV03380,WH017,PROD409,318,202,116,2026-06-06 05:26:00
INV03381,WH017,PROD410,338,258,80,2026-07-28 09:16:00
INV03382,WH017,PROD414,961,898,63,2026-07-03 18:20:00
INV03383,WH017,PROD415,28,15,13,2026-06-27 00:54:00
INV03384,WH017,PROD417,303,189,114,2026-07-12 13:56:00
INV03385,WH017,PROD419,1094,1051,43,2026-06-10 22:40:00
INV03386,WH017,PROD420,965,851,114,2026-06-12 11:29:00
INV03387,WH017,PROD426,1183,1103,80,2026-07-15 08:30:00
INV03388,WH017,PROD433,762,684,78,2026-06-01 14:00:00
INV03389,WH017,PROD434,1490,1391,99,2026-06-18 13:20:00
INV03390,WH017,PROD438,326,258,68,2026-06-28 02:09:00
INV03391,WH017,PROD439,1249,1174,75,2026-07-09 14:58:00
INV03392,WH017,PROD440,516,467,49,2026-06-26 16:03:00
INV03393,WH017,PROD444,1226,1199,27,2026-07-21 04:57:00
INV03394,WH017,PROD448,397,295,102,2026-07-16 20:48:00
INV03395,WH017,PROD449,1071,1046,25,2026-06-02 00:21:00
INV03396,WH017,PROD451,375,302,73,2026-07-12 16:27:00
INV03397,WH017,PROD456,29,12,17,2026-07-05 16:00:00
INV03398,WH017,PROD458,1482,1463,19,2026-06-26 12:19:00
INV03399,WH017,PROD459,986,903,83,2026-07-11 02:09:00
INV03400,WH017,PROD460,617,540,77,2026-07-28 03:56:00
INV03401,WH017,PROD463,794,687,107,2026-06-09 17:43:00
INV03402,WH017,PROD464,760,703,57,2026-06-06 12:50:00
INV03403,WH017,PROD471,25,2,23,2026-07-10 17:43:00
INV03404,WH017,PROD474,1231,1219,12,2026-06-29 00:59:00
INV03405,WH017,PROD477,222,152,70,2026-07-15 16:49:00
INV03406,WH017,PROD478,1206,1145,61,2026-07-26 03:23:00
INV03407,WH017,PROD480,1178,1107,71,2026-07-12 03:46:00
INV03408,WH017,PROD484,804,734,70,2026-06-04 09:14:00
INV03409,WH017,PROD485,1415,1335,80,2026-06-24 23:28:00
INV03410,WH017,PROD486,527,460,67,2026-07-12 09:26:00
INV03411,WH017,PROD492,16,10,6,2026-06-05 02:02:00
INV03412,WH017,PROD495,234,151,83,2026-06-04 21:30:00
INV03413,WH017,PROD496,23,15,8,2026-07-06 23:23:00
INV03414,WH017,PROD498,10,0,10,2026-06-24 01:09:00
INV03415,WH017,PROD499,1353,1307,46,2026-07-01 05:43:00
INV03416,WH018,PROD003,710,620,90,2026-07-16 21:39:00
INV03417,WH018,PROD004,194,174,20,2026-07-14 05:39:00
INV03418,WH018,PROD005,966,896,70,2026-07-28 19:50:00
INV03419,WH018,PROD007,1521,1477,44,2026-06-30 21:44:00
INV03420,WH018,PROD012,953,833,120,2026-07-11 07:55:00
INV03421,WH018,PROD013,1419,1368,51,2026-07-26 23:28:00
INV03422,WH018,PROD014,534,492,42,2026-06-23 04:24:00
INV03423,WH018,PROD016,1507,1410,97,2026-07-19 23:16:00
INV03424,WH018,PROD022,296,265,31,2026-06-19 02:25:00
INV03425,WH018,PROD024,636,582,54,2026-06-29 09:02:00
INV03426,WH018,PROD025,1010,900,110,2026-06-06 06:15:00
INV03427,WH018,PROD026,1513,1404,109,2026-07-20 07:55:00
INV03428,WH018,PROD027,1023,959,64,2026-07-18 18:49:00
INV03429,WH018,PROD031,1153,1066,87,2026-06-25 17:07:00
INV03430,WH018,PROD034,217,159,58,2026-07-24 16:20:00
INV03431,WH018,PROD040,439,331,108,2026-07-22 14:19:00
INV03432,WH018,PROD044,908,893,15,2026-07-04 09:39:00
INV03433,WH018,PROD049,1268,1192,76,2026-06-06 08:17:00
INV03434,WH018,PROD052,1219,1205,14,2026-06-04 06:52:00
INV03435,WH018,PROD059,1044,970,74,2026-06-11 09:47:00
INV03436,WH018,PROD061,30,14,16,2026-06-17 08:21:00
INV03437,WH018,PROD065,37,13,24,2026-06-14 05:16:00
INV03438,WH018,PROD068,840,799,41,2026-06-10 14:47:00
INV03439,WH018,PROD071,410,388,22,2026-06-06 22:03:00
INV03440,WH018,PROD075,987,911,76,2026-07-22 22:55:00
INV03441,WH018,PROD079,30,8,22,2026-06-27 21:27:00
INV03442,WH018,PROD080,1372,1284,88,2026-07-13 23:20:00
INV03443,WH018,PROD081,603,489,114,2026-06-05 07:22:00
INV03444,WH018,PROD082,453,391,62,2026-07-03 21:13:00
INV03445,WH018,PROD083,25,6,19,2026-07-12 08:44:00
INV03446,WH018,PROD087,245,167,78,2026-07-27 01:56:00
INV03447,WH018,PROD088,1101,1007,94,2026-06-17 04:22:00
INV03448,WH018,PROD093,497,424,73,2026-06-01 10:54:00
INV03449,WH018,PROD094,564,485,79,2026-07-23 18:33:00
INV03450,WH018,PROD095,1343,1272,71,2026-07-26 03:45:00
INV03451,WH018,PROD096,745,727,18,2026-07-01 21:16:00
INV03452,WH018,PROD098,802,723,79,2026-06-29 09:24:00
INV03453,WH018,PROD102,17,7,10,2026-06-30 03:30:00
INV03454,WH018,PROD103,1163,1121,42,2026-07-21 05:05:00
INV03455,WH018,PROD104,1108,1088,20,2026-06-12 15:21:00
INV03456,WH018,PROD105,818,705,113,2026-06-23 04:39:00
INV03457,WH018,PROD106,1050,1017,33,2026-06-29 13:39:00
INV03458,WH018,PROD108,1555,1479,76,2026-07-10 14:37:00
INV03459,WH018,PROD111,1171,1094,77,2026-07-01 10:18:00
INV03460,WH018,PROD112,753,678,75,2026-07-27 14:48:00
INV03461,WH018,PROD118,650,632,18,2026-06-18 00:07:00
INV03462,WH018,PROD126,1367,1340,27,2026-07-15 06:26:00
INV03463,WH018,PROD128,832,822,10,2026-07-09 13:11:00
INV03464,WH018,PROD131,333,281,52,2026-07-15 18:13:00
INV03465,WH018,PROD132,1247,1206,41,2026-07-09 00:07:00
INV03466,WH018,PROD134,1276,1231,45,2026-06-19 09:30:00
INV03467,WH018,PROD136,929,865,64,2026-06-27 03:58:00
INV03468,WH018,PROD137,1044,988,56,2026-07-06 12:08:00
INV03469,WH018,PROD138,740,641,99,2026-07-26 01:51:00
INV03470,WH018,PROD140,1101,1007,94,2026-06-22 19:16:00
INV03471,WH018,PROD143,917,797,120,2026-06-15 03:24:00
INV03472,WH018,PROD144,23,14,9,2026-07-11 09:15:00
INV03473,WH018,PROD146,1088,1051,37,2026-07-14 05:51:00
INV03474,WH018,PROD150,1250,1157,93,2026-06-05 17:26:00
INV03475,WH018,PROD151,762,732,30,2026-06-20 14:55:00
INV03476,WH018,PROD152,598,535,63,2026-07-26 02:51:00
INV03477,WH018,PROD170,1457,1431,26,2026-06-05 06:34:00
INV03478,WH018,PROD175,1337,1265,72,2026-07-25 05:35:00
INV03479,WH018,PROD179,326,247,79,2026-07-28 12:26:00
INV03480,WH018,PROD182,25,11,14,2026-07-10 16:21:00
INV03481,WH018,PROD183,682,624,58,2026-06-23 13:20:00
INV03482,WH018,PROD186,360,313,47,2026-07-04 00:10:00
INV03483,WH018,PROD188,1299,1219,80,2026-06-12 10:08:00
INV03484,WH018,PROD190,22,12,10,2026-06-28 18:02:00
INV03485,WH018,PROD194,1456,1406,50,2026-06-18 12:37:00
INV03486,WH018,PROD198,1314,1227,87,2026-07-19 09:11:00
INV03487,WH018,PROD200,1270,1240,30,2026-06-19 14:56:00
INV03488,WH018,PROD201,10,1,9,2026-06-16 02:42:00
INV03489,WH018,PROD202,589,493,96,2026-07-23 19:34:00
INV03490,WH018,PROD203,404,336,68,2026-07-21 23:48:00
INV03491,WH018,PROD209,512,476,36,2026-06-02 06:55:00
INV03492,WH018,PROD215,1279,1221,58,2026-06-28 09:08:00
INV03493,WH018,PROD219,1239,1134,105,2026-07-05 12:08:00
INV03494,WH018,PROD224,921,842,79,2026-06-12 15:09:00
INV03495,WH018,PROD226,1029,925,104,2026-06-02 23:15:00
INV03496,WH018,PROD228,36,15,21,2026-06-29 17:14:00
INV03497,WH018,PROD229,379,313,66,2026-07-18 00:26:00
INV03498,WH018,PROD230,694,616,78,2026-07-23 07:17:00
INV03499,WH018,PROD232,1507,1453,54,2026-07-16 11:30:00
INV03500,WH018,PROD234,569,505,64,2026-06-13 20:08:00
INV03501,WH018,PROD238,1195,1077,118,2026-07-02 20:45:00
INV03502,WH018,PROD243,688,671,17,2026-06-22 06:21:00
INV03503,WH018,PROD246,1446,1346,100,2026-07-01 06:03:00
INV03504,WH018,PROD247,1205,1096,109,2026-06-15 23:40:00
INV03505,WH018,PROD252,524,498,26,2026-07-06 11:52:00
INV03506,WH018,PROD253,263,196,67,2026-06-20 22:10:00
INV03507,WH018,PROD259,477,462,15,2026-06-22 10:21:00
INV03508,WH018,PROD262,1279,1217,62,2026-07-09 23:50:00
INV03509,WH018,PROD266,1373,1335,38,2026-07-21 14:57:00
INV03510,WH018,PROD268,1547,1479,68,2026-06-03 09:06:00
INV03511,WH018,PROD275,22,2,20,2026-06-24 18:26:00
INV03512,WH018,PROD276,854,734,120,2026-06-26 20:29:00
INV03513,WH018,PROD277,913,853,60,2026-06-25 19:00:00
INV03514,WH018,PROD278,1249,1204,45,2026-07-13 08:47:00
INV03515,WH018,PROD281,690,617,73,2026-06-14 05:45:00
INV03516,WH018,PROD283,412,294,118,2026-07-15 05:18:00
INV03517,WH018,PROD284,923,871,52,2026-07-05 14:58:00
INV03518,WH018,PROD287,184,171,13,2026-07-13 13:57:00
INV03519,WH018,PROD291,1505,1409,96,2026-06-17 10:37:00
INV03520,WH018,PROD295,817,721,96,2026-06-11 13:17:00
INV03521,WH018,PROD297,18,0,18,2026-07-11 17:38:00
INV03522,WH018,PROD299,341,324,17,2026-06-09 22:03:00
INV03523,WH018,PROD302,1370,1329,41,2026-07-03 00:44:00
INV03524,WH018,PROD304,36,15,21,2026-06-06 12:09:00
INV03525,WH018,PROD306,919,878,41,2026-06-28 17:39:00
INV03526,WH018,PROD309,24,2,22,2026-06-03 17:43:00
INV03527,WH018,PROD310,19,11,8,2026-07-23 06:13:00
INV03528,WH018,PROD311,671,554,117,2026-06-21 12:29:00
INV03529,WH018,PROD315,39,14,25,2026-07-02 05:32:00
INV03530,WH018,PROD316,821,802,19,2026-06-25 11:38:00
INV03531,WH018,PROD317,992,903,89,2026-06-30 22:58:00
INV03532,WH018,PROD320,920,873,47,2026-07-02 10:36:00
INV03533,WH018,PROD321,991,909,82,2026-06-24 00:57:00
INV03534,WH018,PROD322,734,641,93,2026-07-15 20:24:00
INV03535,WH018,PROD324,27,2,25,2026-06-29 03:19:00
INV03536,WH018,PROD325,853,736,117,2026-07-28 02:35:00
INV03537,WH018,PROD329,532,478,54,2026-07-15 10:08:00
INV03538,WH018,PROD330,995,901,94,2026-06-10 01:29:00
INV03539,WH018,PROD332,1343,1234,109,2026-07-12 16:10:00
INV03540,WH018,PROD333,976,957,19,2026-07-12 10:06:00
INV03541,WH018,PROD335,1526,1438,88,2026-07-16 05:05:00
INV03542,WH018,PROD338,1213,1156,57,2026-06-19 22:18:00
INV03543,WH018,PROD339,585,568,17,2026-06-03 21:08:00
INV03544,WH018,PROD341,1484,1425,59,2026-07-27 08:29:00
INV03545,WH018,PROD352,1345,1270,75,2026-06-10 09:03:00
INV03546,WH018,PROD357,995,892,103,2026-07-14 07:11:00
INV03547,WH018,PROD358,516,495,21,2026-07-18 09:56:00
INV03548,WH018,PROD360,515,504,11,2026-07-08 06:49:00
INV03549,WH018,PROD365,1515,1468,47,2026-07-24 00:36:00
INV03550,WH018,PROD366,363,331,32,2026-07-23 17:57:00
INV03551,WH018,PROD368,21,11,10,2026-07-01 18:20:00
INV03552,WH018,PROD370,222,205,17,2026-06-19 15:38:00
INV03553,WH018,PROD373,450,429,21,2026-07-22 20:15:00
INV03554,WH018,PROD376,820,769,51,2026-06-27 00:05:00
INV03555,WH018,PROD379,414,328,86,2026-07-21 03:13:00
INV03556,WH018,PROD380,731,627,104,2026-06-17 16:45:00
INV03557,WH018,PROD388,581,563,18,2026-06-14 19:49:00
INV03558,WH018,PROD389,575,510,65,2026-07-28 14:27:00
INV03559,WH018,PROD392,551,530,21,2026-07-02 07:18:00
INV03560,WH018,PROD395,412,388,24,2026-06-10 00:49:00
INV03561,WH018,PROD396,588,567,21,2026-07-03 02:14:00
INV03562,WH018,PROD397,23,9,14,2026-07-06 01:10:00
INV03563,WH018,PROD398,340,253,87,2026-07-06 17:41:00
INV03564,WH018,PROD400,1352,1334,18,2026-06-25 21:26:00
INV03565,WH018,PROD402,529,473,56,2026-06-13 03:52:00
INV03566,WH018,PROD406,1425,1329,96,2026-07-26 18:02:00
INV03567,WH018,PROD414,612,594,18,2026-06-13 10:25:00
INV03568,WH018,PROD419,676,573,103,2026-06-07 14:09:00
INV03569,WH018,PROD421,1497,1432,65,2026-06-26 15:03:00
INV03570,WH018,PROD422,392,291,101,2026-07-01 02:00:00
INV03571,WH018,PROD425,1309,1272,37,2026-07-28 18:05:00
INV03572,WH018,PROD430,1205,1131,74,2026-06-19 01:20:00
INV03573,WH018,PROD433,392,379,13,2026-06-16 23:13:00
INV03574,WH018,PROD434,671,659,12,2026-06-18 08:37:00
INV03575,WH018,PROD436,1172,1159,13,2026-06-05 08:57:00
INV03576,WH018,PROD437,1058,950,108,2026-06-23 01:52:00
INV03577,WH018,PROD438,928,860,68,2026-07-19 22:09:00
INV03578,WH018,PROD440,1607,1487,120,2026-06-30 04:14:00
INV03579,WH018,PROD448,23,6,17,2026-06-08 12:01:00
INV03580,WH018,PROD449,1262,1168,94,2026-07-12 16:46:00
INV03581,WH018,PROD451,26,1,25,2026-06-21 22:48:00
INV03582,WH018,PROD453,331,213,118,2026-06-13 18:39:00
INV03583,WH018,PROD455,679,571,108,2026-06-04 13:25:00
INV03584,WH018,PROD456,189,177,12,2026-06-23 19:38:00
INV03585,WH018,PROD459,1048,962,86,2026-06-26 21:38:00
INV03586,WH018,PROD461,531,430,101,2026-07-20 07:13:00
INV03587,WH018,PROD467,226,209,17,2026-07-02 03:47:00
INV03588,WH018,PROD471,244,168,76,2026-07-21 00:37:00
INV03589,WH018,PROD472,729,711,18,2026-07-12 01:35:00
INV03590,WH018,PROD482,564,523,41,2026-06-14 09:13:00
INV03591,WH018,PROD493,1093,981,112,2026-06-22 17:49:00
INV03592,WH018,PROD494,1305,1259,46,2026-07-15 16:35:00
INV03593,WH018,PROD495,593,500,93,2026-06-16 14:21:00
INV03594,WH018,PROD498,1343,1333,10,2026-07-02 05:09:00
INV03595,WH018,PROD500,1310,1259,51,2026-07-24 22:09:00
INV03596,WH019,PROD003,921,841,80,2026-07-18 08:22:00
INV03597,WH019,PROD005,607,583,24,2026-07-10 03:57:00
INV03598,WH019,PROD006,262,199,63,2026-06-14 09:33:00
INV03599,WH019,PROD007,740,631,109,2026-06-28 15:34:00
INV03600,WH019,PROD008,1307,1271,36,2026-07-16 15:12:00
INV03601,WH019,PROD011,1532,1450,82,2026-06-13 04:15:00
INV03602,WH019,PROD012,692,678,14,2026-07-15 07:26:00
INV03603,WH019,PROD013,1268,1212,56,2026-06-20 13:26:00
INV03604,WH019,PROD014,1254,1209,45,2026-06-28 23:30:00
INV03605,WH019,PROD015,395,351,44,2026-06-26 07:31:00
INV03606,WH019,PROD017,255,229,26,2026-06-26 07:06:00
INV03607,WH019,PROD022,549,495,54,2026-07-07 14:30:00
INV03608,WH019,PROD024,707,682,25,2026-06-23 16:19:00
INV03609,WH019,PROD025,11,3,8,2026-07-18 08:16:00
INV03610,WH019,PROD030,1106,1049,57,2026-06-12 17:07:00
INV03611,WH019,PROD032,689,588,101,2026-07-15 12:57:00
INV03612,WH019,PROD036,30,12,18,2026-06-08 03:19:00
INV03613,WH019,PROD037,569,556,13,2026-07-27 12:04:00
INV03614,WH019,PROD038,29,5,24,2026-06-26 23:47:00
INV03615,WH019,PROD043,25,10,15,2026-06-22 22:40:00
INV03616,WH019,PROD050,732,678,54,2026-06-12 23:25:00
INV03617,WH019,PROD051,968,927,41,2026-07-03 08:59:00
INV03618,WH019,PROD053,733,624,109,2026-07-02 14:05:00
INV03619,WH019,PROD062,318,205,113,2026-06-13 09:56:00
INV03620,WH019,PROD064,1488,1444,44,2026-07-14 10:17:00
INV03621,WH019,PROD065,1428,1310,118,2026-06-23 21:26:00
INV03622,WH019,PROD066,181,168,13,2026-06-15 00:54:00
INV03623,WH019,PROD067,37,13,24,2026-07-12 04:09:00
INV03624,WH019,PROD071,630,601,29,2026-07-04 12:51:00
INV03625,WH019,PROD072,451,407,44,2026-07-15 03:41:00
INV03626,WH019,PROD079,1169,1061,108,2026-07-18 06:24:00
INV03627,WH019,PROD084,1284,1245,39,2026-06-24 21:50:00
INV03628,WH019,PROD086,899,815,84,2026-07-24 21:40:00
INV03629,WH019,PROD088,1460,1349,111,2026-06-13 08:01:00
INV03630,WH019,PROD093,1411,1324,87,2026-06-06 13:43:00
INV03631,WH019,PROD094,273,217,56,2026-07-05 03:04:00
INV03632,WH019,PROD099,793,681,112,2026-07-25 00:15:00
INV03633,WH019,PROD100,1513,1436,77,2026-06-17 17:17:00
INV03634,WH019,PROD101,1225,1120,105,2026-07-23 14:02:00
INV03635,WH019,PROD106,23,5,18,2026-07-22 15:59:00
INV03636,WH019,PROD108,1431,1330,101,2026-06-22 22:07:00
INV03637,WH019,PROD112,1399,1366,33,2026-06-23 08:18:00
INV03638,WH019,PROD114,1085,1026,59,2026-07-07 10:18:00
INV03639,WH019,PROD122,22,15,7,2026-07-24 22:44:00
INV03640,WH019,PROD125,1159,1041,118,2026-06-09 15:21:00
INV03641,WH019,PROD130,184,174,10,2026-06-08 13:59:00
INV03642,WH019,PROD134,387,286,101,2026-07-12 14:13:00
INV03643,WH019,PROD149,1406,1337,69,2026-07-13 09:44:00
INV03644,WH019,PROD151,611,527,84,2026-06-15 10:43:00
INV03645,WH019,PROD152,24,6,18,2026-07-06 07:52:00
INV03646,WH019,PROD154,1248,1203,45,2026-07-09 15:45:00
INV03647,WH019,PROD159,7,1,6,2026-06-06 14:00:00
INV03648,WH019,PROD163,429,406,23,2026-07-14 22:39:00
INV03649,WH019,PROD166,934,841,93,2026-06-29 12:04:00
INV03650,WH019,PROD177,273,233,40,2026-07-25 08:55:00
INV03651,WH019,PROD179,849,767,82,2026-07-06 09:05:00
INV03652,WH019,PROD180,859,740,119,2026-06-12 20:45:00
INV03653,WH019,PROD184,770,652,118,2026-06-21 22:22:00
INV03654,WH019,PROD187,1369,1259,110,2026-06-13 20:13:00
INV03655,WH019,PROD190,1341,1245,96,2026-07-22 15:45:00
INV03656,WH019,PROD193,1559,1498,61,2026-07-02 18:35:00
INV03657,WH019,PROD198,12,1,11,2026-06-09 13:56:00
INV03658,WH019,PROD199,1500,1455,45,2026-06-30 22:30:00
INV03659,WH019,PROD200,17,10,7,2026-07-04 17:08:00
INV03660,WH019,PROD202,385,282,103,2026-07-24 16:55:00
INV03661,WH019,PROD205,295,226,69,2026-07-14 16:50:00
INV03662,WH019,PROD206,173,154,19,2026-07-02 23:36:00
INV03663,WH019,PROD208,21,3,18,2026-06-05 09:59:00
INV03664,WH019,PROD209,973,931,42,2026-07-16 20:05:00
INV03665,WH019,PROD210,1267,1183,84,2026-06-16 01:48:00
INV03666,WH019,PROD212,827,771,56,2026-06-12 23:49:00
INV03667,WH019,PROD214,657,585,72,2026-07-17 21:33:00
INV03668,WH019,PROD216,1603,1484,119,2026-07-19 10:45:00
INV03669,WH019,PROD219,1211,1138,73,2026-06-19 17:43:00
INV03670,WH019,PROD220,1267,1164,103,2026-06-30 00:03:00
INV03671,WH019,PROD221,478,397,81,2026-07-11 04:21:00
INV03672,WH019,PROD224,396,344,52,2026-06-11 02:48:00
INV03673,WH019,PROD228,1394,1286,108,2026-07-24 00:35:00
INV03674,WH019,PROD230,595,489,106,2026-06-26 15:36:00
INV03675,WH019,PROD236,1425,1408,17,2026-06-27 21:25:00
INV03676,WH019,PROD237,465,453,12,2026-07-05 13:23:00
INV03677,WH019,PROD241,683,566,117,2026-07-06 06:53:00
INV03678,WH019,PROD243,1146,1090,56,2026-06-05 13:19:00
INV03679,WH019,PROD245,1349,1234,115,2026-06-09 03:49:00
INV03680,WH019,PROD250,294,178,116,2026-06-13 21:47:00
INV03681,WH019,PROD252,1481,1365,116,2026-07-24 00:28:00
INV03682,WH019,PROD253,27,15,12,2026-07-04 01:33:00
INV03683,WH019,PROD254,1109,1003,106,2026-07-16 22:48:00
INV03684,WH019,PROD257,1450,1337,113,2026-06-15 05:02:00
INV03685,WH019,PROD260,338,221,117,2026-07-07 16:15:00
INV03686,WH019,PROD267,1410,1366,44,2026-06-10 21:44:00
INV03687,WH019,PROD268,845,773,72,2026-07-05 14:55:00
INV03688,WH019,PROD275,607,510,97,2026-07-10 13:22:00
INV03689,WH019,PROD276,29,9,20,2026-07-14 08:51:00
INV03690,WH019,PROD278,1104,1054,50,2026-06-09 13:30:00
INV03691,WH019,PROD280,811,715,96,2026-06-06 19:32:00
INV03692,WH019,PROD282,1087,1064,23,2026-07-08 08:31:00
INV03693,WH019,PROD285,211,157,54,2026-07-25 01:12:00
INV03694,WH019,PROD289,528,421,107,2026-07-19 04:03:00
INV03695,WH019,PROD290,995,963,32,2026-07-10 07:03:00
INV03696,WH019,PROD294,1064,946,118,2026-07-13 08:22:00
INV03697,WH019,PROD295,1114,1057,57,2026-06-15 07:00:00
INV03698,WH019,PROD306,318,217,101,2026-06-30 08:49:00
INV03699,WH019,PROD307,1033,930,103,2026-06-15 10:05:00
INV03700,WH019,PROD310,503,450,53,2026-07-12 04:17:00
INV03701,WH019,PROD313,1235,1130,105,2026-06-24 03:08:00
INV03702,WH019,PROD317,640,559,81,2026-07-01 20:36:00
INV03703,WH019,PROD321,289,276,13,2026-07-17 11:53:00
INV03704,WH019,PROD323,1004,968,36,2026-07-17 13:38:00
INV03705,WH019,PROD324,462,428,34,2026-07-02 13:14:00
INV03706,WH019,PROD325,458,415,43,2026-06-10 17:22:00
INV03707,WH019,PROD328,1244,1214,30,2026-06-15 14:08:00
INV03708,WH019,PROD331,714,598,116,2026-07-02 21:11:00
INV03709,WH019,PROD332,1443,1337,106,2026-06-14 03:02:00
INV03710,WH019,PROD333,1154,1115,39,2026-07-23 23:44:00
INV03711,WH019,PROD335,180,164,16,2026-07-05 22:37:00
INV03712,WH019,PROD337,668,575,93,2026-06-17 01:13:00
INV03713,WH019,PROD341,708,697,11,2026-06-13 06:14:00
INV03714,WH019,PROD345,438,403,35,2026-07-11 20:34:00
INV03715,WH019,PROD346,656,581,75,2026-07-05 08:23:00
INV03716,WH019,PROD356,426,318,108,2026-06-09 11:41:00
INV03717,WH019,PROD357,1511,1431,80,2026-06-01 08:29:00
INV03718,WH019,PROD360,1385,1363,22,2026-07-04 22:41:00
INV03719,WH019,PROD361,488,382,106,2026-07-01 13:36:00
INV03720,WH019,PROD363,262,183,79,2026-07-28 20:40:00
INV03721,WH019,PROD364,937,880,57,2026-06-20 09:46:00
INV03722,WH019,PROD365,374,346,28,2026-06-24 15:42:00
INV03723,WH019,PROD366,716,605,111,2026-06-30 19:42:00
INV03724,WH019,PROD370,258,211,47,2026-06-21 06:45:00
INV03725,WH019,PROD371,25,6,19,2026-07-12 19:27:00
INV03726,WH019,PROD372,1469,1413,56,2026-06-14 08:46:00
INV03727,WH019,PROD377,1365,1288,77,2026-06-14 20:51:00
INV03728,WH019,PROD378,1423,1385,38,2026-06-30 19:58:00
INV03729,WH019,PROD380,1306,1210,96,2026-07-26 06:43:00
INV03730,WH019,PROD383,1010,912,98,2026-06-02 07:10:00
INV03731,WH019,PROD385,32,11,21,2026-07-19 18:52:00
INV03732,WH019,PROD386,947,893,54,2026-07-20 02:43:00
INV03733,WH019,PROD388,424,411,13,2026-06-22 00:25:00
INV03734,WH019,PROD390,1583,1479,104,2026-07-04 12:40:00
INV03735,WH019,PROD393,989,975,14,2026-07-12 14:14:00
INV03736,WH019,PROD396,1078,1005,73,2026-07-01 02:55:00
INV03737,WH019,PROD401,1413,1331,82,2026-07-14 17:27:00
INV03738,WH019,PROD402,1426,1345,81,2026-06-23 23:39:00
INV03739,WH019,PROD403,12,7,5,2026-07-04 10:11:00
INV03740,WH019,PROD405,1230,1111,119,2026-06-25 05:09:00
INV03741,WH019,PROD407,28,12,16,2026-06-16 21:28:00
INV03742,WH019,PROD408,1082,999,83,2026-06-15 19:38:00
INV03743,WH019,PROD409,1424,1371,53,2026-06-19 00:12:00
INV03744,WH019,PROD411,860,806,54,2026-07-21 23:18:00
INV03745,WH019,PROD413,1552,1487,65,2026-06-24 06:04:00
INV03746,WH019,PROD414,1229,1154,75,2026-06-14 01:03:00
INV03747,WH019,PROD417,7,0,7,2026-07-13 04:47:00
INV03748,WH019,PROD419,636,567,69,2026-06-25 21:24:00
INV03749,WH019,PROD422,598,493,105,2026-06-23 23:24:00
INV03750,WH019,PROD424,638,569,69,2026-07-17 22:52:00
INV03751,WH019,PROD428,671,568,103,2026-06-19 16:28:00
INV03752,WH019,PROD429,1412,1375,37,2026-06-05 13:42:00
INV03753,WH019,PROD431,458,346,112,2026-07-08 03:02:00
INV03754,WH019,PROD439,1321,1273,48,2026-07-04 13:25:00
INV03755,WH019,PROD441,299,196,103,2026-07-18 14:13:00
INV03756,WH019,PROD442,570,465,105,2026-06-27 09:19:00
INV03757,WH019,PROD443,1359,1292,67,2026-07-27 18:40:00
INV03758,WH019,PROD444,1205,1110,95,2026-07-03 11:39:00
INV03759,WH019,PROD445,382,337,45,2026-07-01 13:50:00
INV03760,WH019,PROD448,24,0,24,2026-07-09 06:31:00
INV03761,WH019,PROD449,27,9,18,2026-07-20 22:42:00
INV03762,WH019,PROD450,1386,1295,91,2026-06-07 00:18:00
INV03763,WH019,PROD451,727,655,72,2026-07-16 08:26:00
INV03764,WH019,PROD454,847,764,83,2026-06-17 15:50:00
INV03765,WH019,PROD455,1294,1255,39,2026-06-29 17:56:00
INV03766,WH019,PROD457,19,4,15,2026-07-03 18:01:00
INV03767,WH019,PROD458,1103,1044,59,2026-06-23 02:35:00
INV03768,WH019,PROD462,849,770,79,2026-07-18 14:28:00
INV03769,WH019,PROD464,28,7,21,2026-06-29 08:15:00
INV03770,WH019,PROD466,293,238,55,2026-07-09 12:32:00
INV03771,WH019,PROD468,1217,1180,37,2026-06-03 12:10:00
INV03772,WH019,PROD470,473,456,17,2026-06-16 01:32:00
INV03773,WH019,PROD471,1453,1361,92,2026-07-24 21:24:00
INV03774,WH019,PROD474,1507,1395,112,2026-07-11 05:16:00
INV03775,WH019,PROD475,673,625,48,2026-06-23 08:33:00
INV03776,WH019,PROD477,564,512,52,2026-06-08 05:52:00
INV03777,WH019,PROD480,28,12,16,2026-06-03 07:32:00
INV03778,WH019,PROD481,1227,1217,10,2026-07-05 01:13:00
INV03779,WH019,PROD484,1058,1009,49,2026-07-10 09:24:00
INV03780,WH019,PROD485,1401,1353,48,2026-07-22 01:13:00
INV03781,WH019,PROD490,1096,1053,43,2026-06-18 14:27:00
INV03782,WH019,PROD493,484,400,84,2026-07-13 23:56:00
INV03783,WH019,PROD496,12,5,7,2026-06-12 03:51:00
INV03784,WH019,PROD497,742,636,106,2026-07-17 18:52:00
INV03785,WH019,PROD498,890,791,99,2026-06-23 17:50:00
INV03786,WH020,PROD003,367,293,74,2026-07-11 18:57:00
INV03787,WH020,PROD006,784,769,15,2026-06-08 10:33:00
INV03788,WH020,PROD008,630,593,37,2026-06-24 04:54:00
INV03789,WH020,PROD016,1072,971,101,2026-06-01 03:52:00
INV03790,WH020,PROD020,846,796,50,2026-07-18 00:49:00
INV03791,WH020,PROD022,1381,1350,31,2026-06-22 15:12:00
INV03792,WH020,PROD028,377,366,11,2026-07-27 00:04:00
INV03793,WH020,PROD029,921,874,47,2026-07-25 14:06:00
INV03794,WH020,PROD030,938,917,21,2026-07-06 01:24:00
INV03795,WH020,PROD032,428,335,93,2026-07-09 09:38:00
INV03796,WH020,PROD034,471,387,84,2026-06-13 12:40:00
INV03797,WH020,PROD037,281,224,57,2026-07-27 11:21:00
INV03798,WH020,PROD052,15,7,8,2026-07-24 18:26:00
INV03799,WH020,PROD053,1197,1177,20,2026-06-28 21:31:00
INV03800,WH020,PROD054,5,0,5,2026-07-12 09:39:00
INV03801,WH020,PROD055,653,567,86,2026-07-16 05:48:00
INV03802,WH020,PROD056,1411,1293,118,2026-07-16 11:01:00
INV03803,WH020,PROD062,456,357,99,2026-07-09 13:05:00
INV03804,WH020,PROD063,685,600,85,2026-06-14 04:04:00
INV03805,WH020,PROD068,1375,1330,45,2026-06-23 05:08:00
INV03806,WH020,PROD075,14,1,13,2026-07-13 01:52:00
INV03807,WH020,PROD076,395,299,96,2026-07-01 15:23:00
INV03808,WH020,PROD079,993,939,54,2026-06-10 22:28:00
INV03809,WH020,PROD081,955,945,10,2026-06-26 03:04:00
INV03810,WH020,PROD084,1031,998,33,2026-07-21 23:08:00
INV03811,WH020,PROD085,713,620,93,2026-06-04 12:37:00
INV03812,WH020,PROD092,357,300,57,2026-06-28 10:31:00
INV03813,WH020,PROD093,406,375,31,2026-06-08 17:27:00
INV03814,WH020,PROD097,27,2,25,2026-07-05 02:57:00
INV03815,WH020,PROD100,16,7,9,2026-07-26 21:39:00
INV03816,WH020,PROD101,588,550,38,2026-06-04 05:20:00
INV03817,WH020,PROD102,1295,1190,105,2026-07-20 15:37:00
INV03818,WH020,PROD107,298,271,27,2026-06-28 04:14:00
INV03819,WH020,PROD108,24,10,14,2026-07-09 13:35:00
INV03820,WH020,PROD110,1463,1389,74,2026-07-25 03:54:00
INV03821,WH020,PROD115,35,12,23,2026-07-11 03:36:00
INV03822,WH020,PROD116,1391,1271,120,2026-06-04 09:22:00
INV03823,WH020,PROD117,12,2,10,2026-06-05 04:48:00
INV03824,WH020,PROD120,24,13,11,2026-06-01 16:07:00
INV03825,WH020,PROD121,406,361,45,2026-07-15 17:49:00
INV03826,WH020,PROD125,26,13,13,2026-07-24 01:56:00
INV03827,WH020,PROD127,1420,1401,19,2026-07-02 03:16:00
INV03828,WH020,PROD128,29,7,22,2026-06-18 13:36:00
INV03829,WH020,PROD129,1354,1309,45,2026-07-27 11:01:00
INV03830,WH020,PROD130,1370,1359,11,2026-07-14 23:21:00
INV03831,WH020,PROD132,295,221,74,2026-06-27 04:44:00
INV03832,WH020,PROD139,890,847,43,2026-06-26 13:38:00
INV03833,WH020,PROD140,1513,1416,97,2026-07-11 17:58:00
INV03834,WH020,PROD141,1572,1489,83,2026-06-03 15:16:00
INV03835,WH020,PROD142,15,2,13,2026-06-20 04:42:00
INV03836,WH020,PROD143,756,744,12,2026-07-10 11:29:00
INV03837,WH020,PROD145,1150,1057,93,2026-06-28 05:20:00
INV03838,WH020,PROD146,1530,1434,96,2026-07-05 09:29:00
INV03839,WH020,PROD148,1447,1388,59,2026-06-06 19:51:00
INV03840,WH020,PROD149,361,346,15,2026-06-26 09:31:00
INV03841,WH020,PROD151,37,12,25,2026-06-08 15:18:00
INV03842,WH020,PROD154,1270,1212,58,2026-06-21 18:58:00
INV03843,WH020,PROD161,21,4,17,2026-07-09 14:24:00
INV03844,WH020,PROD164,29,12,17,2026-06-09 23:34:00
INV03845,WH020,PROD165,549,538,11,2026-06-20 19:33:00
INV03846,WH020,PROD169,30,13,17,2026-07-01 20:02:00
INV03847,WH020,PROD173,28,12,16,2026-06-11 15:47:00
INV03848,WH020,PROD175,851,754,97,2026-06-03 05:04:00
INV03849,WH020,PROD176,1283,1168,115,2026-06-09 06:05:00
INV03850,WH020,PROD181,838,810,28,2026-06-10 08:11:00
INV03851,WH020,PROD183,513,460,53,2026-06-22 23:24:00
INV03852,WH020,PROD184,1227,1217,10,2026-06-21 23:53:00
INV03853,WH020,PROD185,871,782,89,2026-07-09 12:56:00
INV03854,WH020,PROD187,13,3,10,2026-06-24 01:21:00
INV03855,WH020,PROD189,1442,1431,11,2026-06-24 23:57:00
INV03856,WH020,PROD191,364,329,35,2026-06-13 23:07:00
INV03857,WH020,PROD195,1054,997,57,2026-06-02 10:39:00
INV03858,WH020,PROD196,709,620,89,2026-06-19 21:09:00
INV03859,WH020,PROD197,429,403,26,2026-06-01 19:05:00
INV03860,WH020,PROD199,788,704,84,2026-06-17 23:14:00
INV03861,WH020,PROD205,828,717,111,2026-07-15 20:51:00
INV03862,WH020,PROD210,20,15,5,2026-07-03 07:16:00
INV03863,WH020,PROD211,665,553,112,2026-07-14 20:29:00
INV03864,WH020,PROD212,1432,1361,71,2026-07-19 17:09:00
INV03865,WH020,PROD213,290,242,48,2026-07-19 04:06:00
INV03866,WH020,PROD216,1301,1237,64,2026-06-10 07:05:00
INV03867,WH020,PROD217,1397,1308,89,2026-07-26 21:57:00
INV03868,WH020,PROD218,1198,1178,20,2026-06-07 20:00:00
INV03869,WH020,PROD220,1422,1310,112,2026-06-25 04:55:00
INV03870,WH020,PROD223,916,854,62,2026-06-30 16:49:00
INV03871,WH020,PROD225,1154,1041,113,2026-07-22 06:43:00
INV03872,WH020,PROD228,1193,1119,74,2026-06-29 09:49:00
INV03873,WH020,PROD230,465,411,54,2026-06-27 06:49:00
INV03874,WH020,PROD234,1294,1220,74,2026-07-05 04:12:00
INV03875,WH020,PROD236,1506,1433,73,2026-06-10 10:19:00
INV03876,WH020,PROD240,445,412,33,2026-07-11 10:12:00
INV03877,WH020,PROD241,1122,1104,18,2026-07-04 21:35:00
INV03878,WH020,PROD242,281,201,80,2026-06-22 01:15:00
INV03879,WH020,PROD248,677,621,56,2026-07-06 23:33:00
INV03880,WH020,PROD249,545,475,70,2026-06-01 08:28:00
INV03881,WH020,PROD256,992,927,65,2026-06-25 22:02:00
INV03882,WH020,PROD257,1347,1268,79,2026-07-02 09:20:00
INV03883,WH020,PROD259,1290,1175,115,2026-06-29 02:46:00
INV03884,WH020,PROD263,1448,1431,17,2026-07-01 10:13:00
INV03885,WH020,PROD264,23,12,11,2026-07-06 11:38:00
INV03886,WH020,PROD266,486,429,57,2026-06-26 04:06:00
INV03887,WH020,PROD267,1148,1134,14,2026-07-24 09:45:00
INV03888,WH020,PROD277,696,676,20,2026-07-21 08:14:00
INV03889,WH020,PROD278,8,0,8,2026-07-22 12:05:00
INV03890,WH020,PROD280,924,878,46,2026-06-10 18:50:00
INV03891,WH020,PROD283,834,776,58,2026-06-23 22:29:00
INV03892,WH020,PROD289,623,587,36,2026-06-05 19:50:00
INV03893,WH020,PROD290,419,348,71,2026-07-22 03:43:00
INV03894,WH020,PROD293,654,615,39,2026-07-23 07:56:00
INV03895,WH020,PROD294,1157,1073,84,2026-06-11 19:27:00
INV03896,WH020,PROD295,277,208,69,2026-06-06 00:48:00
INV03897,WH020,PROD296,20,9,11,2026-06-15 09:19:00
INV03898,WH020,PROD297,969,896,73,2026-07-18 22:34:00
INV03899,WH020,PROD301,1393,1279,114,2026-07-16 13:40:00
INV03900,WH020,PROD304,23,2,21,2026-07-24 15:32:00
INV03901,WH020,PROD310,517,417,100,2026-06-08 11:36:00
INV03902,WH020,PROD311,1466,1393,73,2026-06-17 06:29:00
INV03903,WH020,PROD313,1242,1204,38,2026-06-09 15:57:00
INV03904,WH020,PROD316,596,581,15,2026-06-14 03:10:00
INV03905,WH020,PROD318,1422,1383,39,2026-06-21 08:35:00
INV03906,WH020,PROD321,19,0,19,2026-06-19 14:13:00
INV03907,WH020,PROD330,1274,1225,49,2026-06-14 12:35:00
INV03908,WH020,PROD334,1183,1115,68,2026-07-17 15:16:00
INV03909,WH020,PROD336,12,7,5,2026-06-26 12:26:00
INV03910,WH020,PROD339,980,873,107,2026-06-26 00:00:00
INV03911,WH020,PROD341,990,923,67,2026-07-16 04:10:00
INV03912,WH020,PROD343,546,466,80,2026-06-08 05:50:00
INV03913,WH020,PROD349,488,410,78,2026-06-08 18:53:00
INV03914,WH020,PROD352,1300,1181,119,2026-06-27 17:10:00
INV03915,WH020,PROD355,796,685,111,2026-07-19 14:08:00
INV03916,WH020,PROD356,691,591,100,2026-07-09 06:12:00
INV03917,WH020,PROD357,935,887,48,2026-07-12 18:53:00
INV03918,WH020,PROD359,256,225,31,2026-07-28 12:25:00
INV03919,WH020,PROD360,276,216,60,2026-07-27 08:34:00
INV03920,WH020,PROD363,382,343,39,2026-06-12 06:16:00
INV03921,WH020,PROD369,614,571,43,2026-06-22 16:51:00
INV03922,WH020,PROD373,1385,1301,84,2026-06-06 03:33:00
INV03923,WH020,PROD376,1156,1036,120,2026-06-23 03:09:00
INV03924,WH020,PROD377,425,392,33,2026-06-02 12:47:00
INV03925,WH020,PROD378,411,330,81,2026-07-01 22:01:00
INV03926,WH020,PROD383,711,611,100,2026-07-21 12:16:00
INV03927,WH020,PROD385,421,344,77,2026-06-06 22:26:00
INV03928,WH020,PROD386,950,866,84,2026-06-24 23:52:00
INV03929,WH020,PROD387,1002,912,90,2026-07-07 08:10:00
INV03930,WH020,PROD397,27,15,12,2026-07-07 06:58:00
INV03931,WH020,PROD399,24,6,18,2026-07-15 12:21:00
INV03932,WH020,PROD404,1183,1151,32,2026-06-26 14:27:00
INV03933,WH020,PROD405,1219,1149,70,2026-06-24 18:13:00
INV03934,WH020,PROD410,1101,1020,81,2026-06-05 06:53:00
INV03935,WH020,PROD415,1165,1144,21,2026-06-17 19:04:00
INV03936,WH020,PROD422,1325,1287,38,2026-06-02 17:41:00
INV03937,WH020,PROD424,564,516,48,2026-06-28 15:54:00
INV03938,WH020,PROD428,11,0,11,2026-07-14 15:54:00
INV03939,WH020,PROD429,262,206,56,2026-06-03 03:04:00
INV03940,WH020,PROD430,27,3,24,2026-06-22 09:33:00
INV03941,WH020,PROD432,778,729,49,2026-06-12 23:12:00
INV03942,WH020,PROD435,1214,1172,42,2026-07-10 05:48:00
INV03943,WH020,PROD437,23,0,23,2026-06-06 00:55:00
INV03944,WH020,PROD438,409,349,60,2026-07-22 12:49:00
INV03945,WH020,PROD439,777,662,115,2026-07-23 14:45:00
INV03946,WH020,PROD440,1486,1437,49,2026-07-22 21:38:00
INV03947,WH020,PROD441,872,851,21,2026-07-28 15:14:00
INV03948,WH020,PROD443,944,931,13,2026-06-30 19:36:00
INV03949,WH020,PROD446,718,623,95,2026-06-25 14:11:00
INV03950,WH020,PROD447,1041,957,84,2026-06-08 01:51:00
INV03951,WH020,PROD450,1122,1088,34,2026-06-12 13:19:00
INV03952,WH020,PROD451,299,267,32,2026-06-24 16:51:00
INV03953,WH020,PROD452,1130,1048,82,2026-06-11 08:58:00
INV03954,WH020,PROD456,432,362,70,2026-07-13 20:23:00
INV03955,WH020,PROD457,1156,1059,97,2026-07-10 06:10:00
INV03956,WH020,PROD458,1178,1106,72,2026-06-01 03:07:00
INV03957,WH020,PROD461,1465,1416,49,2026-06-07 14:43:00
INV03958,WH020,PROD462,614,524,90,2026-07-17 13:00:00
INV03959,WH020,PROD463,1103,1018,85,2026-07-03 10:26:00
INV03960,WH020,PROD466,1345,1247,98,2026-07-26 20:43:00
INV03961,WH020,PROD468,384,278,106,2026-06-03 16:21:00
INV03962,WH020,PROD470,630,560,70,2026-06-23 16:24:00
INV03963,WH020,PROD475,1431,1360,71,2026-06-19 06:44:00
INV03964,WH020,PROD478,1110,991,119,2026-06-18 08:56:00
INV03965,WH020,PROD479,964,933,31,2026-06-13 04:31:00
INV03966,WH020,PROD487,1570,1497,73,2026-06-28 11:38:00
INV03967,WH020,PROD488,802,690,112,2026-07-18 10:33:00
INV03968,WH020,PROD489,1047,943,104,2026-06-25 19:16:00
INV03969,WH020,PROD492,783,692,91,2026-06-29 23:05:00
INV03970,WH020,PROD493,1553,1436,117,2026-07-22 23:15:00
INV03971,WH020,PROD495,733,667,66,2026-07-26 10:41:00
INV03972,WH020,PROD496,29,4,25,2026-06-17 00:49:00
INV03973,WH020,PROD499,1230,1164,66,2026-06-11 19:41:00
INV03974,WH021,PROD001,25,12,13,2026-06-21 07:41:00
INV03975,WH021,PROD007,257,205,52,2026-06-16 14:51:00
INV03976,WH021,PROD008,1329,1284,45,2026-07-26 01:49:00
INV03977,WH021,PROD009,241,164,77,2026-06-24 07:34:00
INV03978,WH021,PROD012,1345,1242,103,2026-06-24 12:37:00
INV03979,WH021,PROD014,1495,1393,102,2026-06-08 07:26:00
INV03980,WH021,PROD017,1272,1224,48,2026-06-03 22:58:00
INV03981,WH021,PROD018,318,209,109,2026-07-01 07:29:00
INV03982,WH021,PROD019,824,712,112,2026-06-06 11:00:00
INV03983,WH021,PROD020,656,597,59,2026-06-12 22:16:00
INV03984,WH021,PROD027,411,361,50,2026-06-03 23:56:00
INV03985,WH021,PROD029,23,7,16,2026-07-26 17:28:00
INV03986,WH021,PROD030,636,571,65,2026-06-13 09:59:00
INV03987,WH021,PROD033,1521,1476,45,2026-06-28 08:44:00
INV03988,WH021,PROD038,1067,957,110,2026-07-26 13:47:00
INV03989,WH021,PROD040,15,4,11,2026-07-28 15:12:00
INV03990,WH021,PROD042,1501,1418,83,2026-07-01 08:07:00
INV03991,WH021,PROD046,287,259,28,2026-07-16 18:18:00
INV03992,WH021,PROD048,277,259,18,2026-07-27 02:01:00
INV03993,WH021,PROD050,1115,1043,72,2026-06-03 15:51:00
INV03994,WH021,PROD055,1468,1371,97,2026-06-21 03:25:00
INV03995,WH021,PROD057,763,687,76,2026-07-08 14:30:00
INV03996,WH021,PROD061,634,564,70,2026-07-04 06:15:00
INV03997,WH021,PROD064,1036,1024,12,2026-06-06 08:16:00
INV03998,WH021,PROD073,1116,1065,51,2026-07-26 20:23:00
INV03999,WH021,PROD075,1301,1231,70,2026-07-08 06:54:00
INV04000,WH021,PROD076,967,854,113,2026-07-13 20:43:00
INV04001,WH021,PROD077,544,530,14,2026-07-19 14:01:00
INV04002,WH021,PROD078,1351,1231,120,2026-07-01 10:27:00
INV04003,WH021,PROD079,1151,1134,17,2026-06-06 20:54:00
INV04004,WH021,PROD082,474,395,79,2026-06-11 19:11:00
INV04005,WH021,PROD083,1069,967,102,2026-06-07 06:36:00
INV04006,WH021,PROD085,26,15,11,2026-06-30 08:23:00
INV04007,WH021,PROD086,1301,1216,85,2026-06-20 21:06:00
INV04008,WH021,PROD097,694,658,36,2026-07-02 13:59:00
INV04009,WH021,PROD098,845,834,11,2026-07-15 16:49:00
INV04010,WH021,PROD099,1407,1335,72,2026-06-05 01:40:00
INV04011,WH021,PROD100,1524,1463,61,2026-06-24 03:56:00
INV04012,WH021,PROD104,26,8,18,2026-06-03 15:02:00
INV04013,WH021,PROD106,646,569,77,2026-07-19 17:43:00
INV04014,WH021,PROD109,1303,1237,66,2026-07-17 08:32:00
INV04015,WH021,PROD110,284,171,113,2026-06-15 08:33:00
INV04016,WH021,PROD117,1151,1097,54,2026-06-14 13:59:00
INV04017,WH021,PROD119,827,733,94,2026-07-15 21:00:00
INV04018,WH021,PROD121,1463,1420,43,2026-06-09 15:11:00
INV04019,WH021,PROD123,258,170,88,2026-06-13 03:55:00
INV04020,WH021,PROD126,1300,1186,114,2026-06-16 21:50:00
INV04021,WH021,PROD128,695,653,42,2026-07-18 02:27:00
INV04022,WH021,PROD132,892,816,76,2026-07-18 19:32:00
INV04023,WH021,PROD135,740,697,43,2026-07-27 01:35:00
INV04024,WH021,PROD141,879,796,83,2026-07-18 18:13:00
INV04025,WH021,PROD142,11,1,10,2026-06-30 20:56:00
INV04026,WH021,PROD145,860,850,10,2026-06-10 13:39:00
INV04027,WH021,PROD146,420,404,16,2026-07-18 11:10:00
INV04028,WH021,PROD148,320,227,93,2026-07-28 04:38:00
INV04029,WH021,PROD151,1518,1424,94,2026-06-26 12:12:00
INV04030,WH021,PROD154,574,488,86,2026-06-16 11:54:00
INV04031,WH021,PROD158,747,692,55,2026-06-01 07:01:00
INV04032,WH021,PROD159,1456,1364,92,2026-06-08 11:17:00
INV04033,WH021,PROD160,390,273,117,2026-07-22 05:43:00
INV04034,WH021,PROD162,232,202,30,2026-06-08 04:55:00
INV04035,WH021,PROD163,968,881,87,2026-06-14 02:35:00
INV04036,WH021,PROD165,209,158,51,2026-06-02 09:08:00
INV04037,WH021,PROD166,1333,1238,95,2026-06-09 22:02:00
INV04038,WH021,PROD170,1035,937,98,2026-07-04 04:51:00
INV04039,WH021,PROD171,1280,1232,48,2026-07-26 03:50:00
INV04040,WH021,PROD176,718,636,82,2026-06-04 11:19:00
INV04041,WH021,PROD178,1168,1068,100,2026-06-14 16:22:00
INV04042,WH021,PROD181,1259,1144,115,2026-07-09 14:56:00
INV04043,WH021,PROD184,1339,1226,113,2026-07-18 04:17:00
INV04044,WH021,PROD185,1508,1456,52,2026-07-14 10:15:00
INV04045,WH021,PROD186,940,917,23,2026-07-25 02:34:00
INV04046,WH021,PROD187,562,534,28,2026-07-19 16:55:00
INV04047,WH021,PROD192,17,4,13,2026-07-08 11:55:00
INV04048,WH021,PROD196,927,853,74,2026-06-12 11:23:00
INV04049,WH021,PROD200,1104,1007,97,2026-07-20 16:50:00
INV04050,WH021,PROD201,414,312,102,2026-06-22 10:37:00
INV04051,WH021,PROD203,9,3,6,2026-07-07 13:46:00
INV04052,WH021,PROD206,1536,1420,116,2026-06-22 09:16:00
INV04053,WH021,PROD208,1011,943,68,2026-06-07 21:51:00
INV04054,WH021,PROD214,867,752,115,2026-07-03 17:18:00
INV04055,WH021,PROD216,840,816,24,2026-07-18 00:32:00
INV04056,WH021,PROD219,765,672,93,2026-06-19 13:45:00
INV04057,WH021,PROD222,870,830,40,2026-06-02 14:59:00
INV04058,WH021,PROD223,975,889,86,2026-06-23 11:38:00
INV04059,WH021,PROD226,689,580,109,2026-06-24 10:32:00
INV04060,WH021,PROD228,395,276,119,2026-07-03 22:08:00
INV04061,WH021,PROD232,1115,1048,67,2026-07-20 10:19:00
INV04062,WH021,PROD233,1192,1075,117,2026-07-11 15:59:00
INV04063,WH021,PROD237,1383,1326,57,2026-07-26 05:23:00
INV04064,WH021,PROD239,490,390,100,2026-06-09 06:32:00
INV04065,WH021,PROD242,858,740,118,2026-07-18 18:51:00
INV04066,WH021,PROD245,1441,1370,71,2026-07-01 19:02:00
INV04067,WH021,PROD246,15,9,6,2026-07-26 10:57:00
INV04068,WH021,PROD248,1317,1271,46,2026-07-24 09:36:00
INV04069,WH021,PROD251,1158,1095,63,2026-07-28 08:59:00
INV04070,WH021,PROD255,1066,1043,23,2026-06-28 04:12:00
INV04071,WH021,PROD257,1066,1013,53,2026-07-13 15:07:00
INV04072,WH021,PROD260,1406,1350,56,2026-06-15 10:57:00
INV04073,WH021,PROD261,24,14,10,2026-06-28 14:16:00
INV04074,WH021,PROD264,303,192,111,2026-06-25 09:07:00
INV04075,WH021,PROD268,572,463,109,2026-07-02 04:43:00
INV04076,WH021,PROD272,610,554,56,2026-07-22 02:18:00
INV04077,WH021,PROD274,1459,1435,24,2026-06-13 08:06:00
INV04078,WH021,PROD276,342,251,91,2026-06-04 10:18:00
INV04079,WH021,PROD278,1341,1288,53,2026-06-16 09:22:00
INV04080,WH021,PROD279,947,894,53,2026-06-28 05:07:00
INV04081,WH021,PROD281,670,589,81,2026-06-14 11:50:00
INV04082,WH021,PROD287,1234,1140,94,2026-07-15 13:26:00
INV04083,WH021,PROD294,1485,1404,81,2026-06-23 00:19:00
INV04084,WH021,PROD295,1443,1338,105,2026-06-06 00:32:00
INV04085,WH021,PROD296,355,254,101,2026-06-19 06:05:00
INV04086,WH021,PROD299,882,825,57,2026-07-14 15:35:00
INV04087,WH021,PROD300,371,341,30,2026-07-11 22:37:00
INV04088,WH021,PROD305,645,606,39,2026-06-26 17:24:00
INV04089,WH021,PROD308,1520,1411,109,2026-07-14 07:55:00
INV04090,WH021,PROD310,19,1,18,2026-07-04 18:56:00
INV04091,WH021,PROD311,1342,1268,74,2026-06-23 20:43:00
INV04092,WH021,PROD315,8,1,7,2026-06-24 11:50:00
INV04093,WH021,PROD318,1408,1373,35,2026-06-06 02:06:00
INV04094,WH021,PROD321,540,504,36,2026-06-03 05:25:00
INV04095,WH021,PROD322,1415,1401,14,2026-07-16 06:43:00
INV04096,WH021,PROD324,634,594,40,2026-07-07 13:15:00
INV04097,WH021,PROD325,543,528,15,2026-06-01 21:42:00
INV04098,WH021,PROD329,1376,1297,79,2026-07-11 14:33:00
INV04099,WH021,PROD330,371,278,93,2026-07-06 17:39:00
INV04100,WH021,PROD332,778,730,48,2026-06-29 16:06:00
INV04101,WH021,PROD334,1139,1077,62,2026-06-28 12:15:00
INV04102,WH021,PROD341,470,426,44,2026-07-18 00:34:00
INV04103,WH021,PROD343,414,339,75,2026-06-12 09:11:00
INV04104,WH021,PROD344,1101,1040,61,2026-06-19 15:17:00
INV04105,WH021,PROD348,27,9,18,2026-06-18 00:16:00
INV04106,WH021,PROD350,628,547,81,2026-07-20 21:48:00
INV04107,WH021,PROD352,1450,1377,73,2026-07-23 13:26:00
INV04108,WH021,PROD353,1569,1483,86,2026-06-21 16:05:00
INV04109,WH021,PROD356,1201,1121,80,2026-06-29 09:17:00
INV04110,WH021,PROD357,818,787,31,2026-06-25 16:28:00
INV04111,WH021,PROD358,725,676,49,2026-06-25 19:13:00
INV04112,WH021,PROD360,1494,1412,82,2026-07-16 10:15:00
INV04113,WH021,PROD361,25,10,15,2026-07-22 13:25:00
INV04114,WH021,PROD366,579,551,28,2026-07-10 08:00:00
INV04115,WH021,PROD368,1015,925,90,2026-07-21 18:48:00
INV04116,WH021,PROD375,34,12,22,2026-06-18 18:24:00
INV04117,WH021,PROD377,1308,1213,95,2026-06-05 03:42:00
INV04118,WH021,PROD378,467,434,33,2026-07-07 04:15:00
INV04119,WH021,PROD380,1533,1440,93,2026-07-27 20:08:00
INV04120,WH021,PROD381,1235,1154,81,2026-06-09 05:57:00
INV04121,WH021,PROD382,25,6,19,2026-06-15 15:45:00
INV04122,WH021,PROD383,303,259,44,2026-06-25 21:45:00
INV04123,WH021,PROD384,34,13,21,2026-07-02 09:45:00
INV04124,WH021,PROD385,895,819,76,2026-07-02 16:15:00
INV04125,WH021,PROD386,23,10,13,2026-06-21 18:24:00
INV04126,WH021,PROD387,1121,1070,51,2026-07-13 12:41:00
INV04127,WH021,PROD391,1022,911,111,2026-07-23 14:32:00
INV04128,WH021,PROD393,250,154,96,2026-06-04 11:21:00
INV04129,WH021,PROD394,21,12,9,2026-07-11 23:30:00
INV04130,WH021,PROD398,1501,1458,43,2026-06-17 19:16:00
INV04131,WH021,PROD401,672,609,63,2026-06-11 14:02:00
INV04132,WH021,PROD402,695,672,23,2026-06-28 11:12:00
INV04133,WH021,PROD403,780,668,112,2026-06-12 01:03:00
INV04134,WH021,PROD408,1215,1194,21,2026-06-28 14:16:00
INV04135,WH021,PROD410,927,905,22,2026-06-09 01:15:00
INV04136,WH021,PROD413,1416,1326,90,2026-06-06 18:33:00
INV04137,WH021,PROD414,288,194,94,2026-07-22 10:26:00
INV04138,WH021,PROD415,654,632,22,2026-06-15 10:56:00
INV04139,WH021,PROD416,301,251,50,2026-07-05 02:40:00
INV04140,WH021,PROD418,564,530,34,2026-07-24 05:45:00
INV04141,WH021,PROD419,1086,1016,70,2026-06-27 22:13:00
INV04142,WH021,PROD420,1432,1360,72,2026-07-15 22:03:00
INV04143,WH021,PROD421,600,574,26,2026-06-14 17:06:00
INV04144,WH021,PROD422,8,2,6,2026-07-18 15:02:00
INV04145,WH021,PROD426,13,4,9,2026-07-09 02:33:00
INV04146,WH021,PROD427,1558,1490,68,2026-07-20 09:37:00
INV04147,WH021,PROD431,953,891,62,2026-07-10 19:01:00
INV04148,WH021,PROD433,1144,1118,26,2026-06-02 22:11:00
INV04149,WH021,PROD440,1118,1029,89,2026-06-07 03:51:00
INV04150,WH021,PROD446,1231,1181,50,2026-07-23 06:02:00
INV04151,WH021,PROD447,1445,1435,10,2026-07-01 15:46:00
INV04152,WH021,PROD449,1002,900,102,2026-06-08 07:02:00
INV04153,WH021,PROD452,1380,1369,11,2026-07-19 04:57:00
INV04154,WH021,PROD460,399,372,27,2026-06-26 17:37:00
INV04155,WH021,PROD463,614,561,53,2026-07-23 14:07:00
INV04156,WH021,PROD464,706,639,67,2026-07-24 04:02:00
INV04157,WH021,PROD465,1418,1398,20,2026-06-09 14:18:00
INV04158,WH021,PROD468,538,517,21,2026-06-27 13:26:00
INV04159,WH021,PROD472,357,238,119,2026-06-12 07:12:00
INV04160,WH021,PROD473,940,878,62,2026-06-22 16:01:00
INV04161,WH021,PROD476,691,663,28,2026-06-30 10:21:00
INV04162,WH021,PROD479,1148,1085,63,2026-06-09 01:43:00
INV04163,WH021,PROD481,1208,1118,90,2026-07-18 01:09:00
INV04164,WH021,PROD482,430,380,50,2026-06-01 00:56:00
INV04165,WH021,PROD483,1149,1044,105,2026-07-06 15:02:00
INV04166,WH021,PROD487,813,803,10,2026-06-30 02:49:00
INV04167,WH021,PROD489,12,2,10,2026-07-15 16:05:00
INV04168,WH021,PROD490,1444,1376,68,2026-06-13 05:15:00
INV04169,WH021,PROD491,645,534,111,2026-07-07 07:48:00
INV04170,WH021,PROD492,223,184,39,2026-07-11 11:17:00
INV04171,WH021,PROD495,1446,1343,103,2026-07-15 10:05:00
INV04172,WH021,PROD496,890,827,63,2026-07-01 01:57:00
INV04173,WH021,PROD497,582,535,47,2026-06-10 03:45:00
INV04174,WH021,PROD498,466,452,14,2026-06-18 05:25:00
INV04175,WH021,PROD500,1294,1232,62,2026-07-21 10:40:00
INV04176,WH022,PROD001,428,376,52,2026-07-07 00:09:00
INV04177,WH022,PROD003,338,290,48,2026-07-25 20:57:00
INV04178,WH022,PROD007,15,1,14,2026-07-20 10:06:00
INV04179,WH022,PROD012,18,6,12,2026-06-19 12:49:00
INV04180,WH022,PROD017,650,609,41,2026-06-27 06:48:00
INV04181,WH022,PROD022,1187,1137,50,2026-07-16 11:44:00
INV04182,WH022,PROD024,327,258,69,2026-06-01 18:52:00
INV04183,WH022,PROD026,440,394,46,2026-06-26 08:14:00
INV04184,WH022,PROD029,284,217,67,2026-07-11 20:09:00
INV04185,WH022,PROD031,19,0,19,2026-07-24 23:17:00
INV04186,WH022,PROD033,550,526,24,2026-06-22 22:44:00
INV04187,WH022,PROD034,1311,1280,31,2026-07-28 21:53:00
INV04188,WH022,PROD036,704,584,120,2026-07-11 18:47:00
INV04189,WH022,PROD039,1531,1464,67,2026-07-24 17:23:00
INV04190,WH022,PROD040,1102,1079,23,2026-06-25 19:28:00
INV04191,WH022,PROD041,1442,1387,55,2026-06-07 15:47:00
INV04192,WH022,PROD042,1400,1302,98,2026-06-16 00:48:00
INV04193,WH022,PROD043,877,860,17,2026-07-17 11:57:00
INV04194,WH022,PROD044,945,925,20,2026-07-09 17:12:00
INV04195,WH022,PROD046,393,300,93,2026-07-02 18:13:00
INV04196,WH022,PROD047,796,738,58,2026-07-12 15:01:00
INV04197,WH022,PROD050,778,677,101,2026-07-17 09:02:00
INV04198,WH022,PROD054,1539,1439,100,2026-06-19 11:52:00
INV04199,WH022,PROD055,21,6,15,2026-07-24 11:29:00
INV04200,WH022,PROD063,32,12,20,2026-07-26 11:00:00
INV04201,WH022,PROD064,578,518,60,2026-07-26 00:30:00
INV04202,WH022,PROD065,898,806,92,2026-06-28 04:41:00
INV04203,WH022,PROD066,1104,1071,33,2026-06-08 18:42:00
INV04204,WH022,PROD067,265,203,62,2026-07-19 04:59:00
INV04205,WH022,PROD070,1028,934,94,2026-07-21 23:52:00
INV04206,WH022,PROD071,1324,1299,25,2026-06-28 16:55:00
INV04207,WH022,PROD072,494,390,104,2026-06-02 19:56:00
INV04208,WH022,PROD075,1080,1042,38,2026-07-24 00:37:00
INV04209,WH022,PROD076,805,720,85,2026-07-25 18:00:00
INV04210,WH022,PROD078,1506,1488,18,2026-06-30 01:03:00
INV04211,WH022,PROD081,1200,1173,27,2026-07-15 12:42:00
INV04212,WH022,PROD082,868,855,13,2026-07-25 21:42:00
INV04213,WH022,PROD085,1171,1102,69,2026-07-23 15:54:00
INV04214,WH022,PROD086,339,323,16,2026-06-18 21:37:00
INV04215,WH022,PROD089,1038,939,99,2026-07-03 04:56:00
INV04216,WH022,PROD093,1326,1303,23,2026-06-22 13:41:00
INV04217,WH022,PROD094,1482,1378,104,2026-06-26 09:27:00
INV04218,WH022,PROD095,34,14,20,2026-06-13 20:20:00
INV04219,WH022,PROD101,1005,949,56,2026-07-15 18:43:00
INV04220,WH022,PROD102,28,5,23,2026-06-10 01:22:00
INV04221,WH022,PROD103,514,396,118,2026-06-14 11:25:00
INV04222,WH022,PROD104,1418,1315,103,2026-07-18 21:29:00
INV04223,WH022,PROD111,1339,1236,103,2026-07-21 21:39:00
INV04224,WH022,PROD114,264,249,15,2026-07-02 11:06:00
INV04225,WH022,PROD120,799,694,105,2026-07-27 23:33:00
INV04226,WH022,PROD125,607,537,70,2026-06-24 17:07:00
INV04227,WH022,PROD128,484,381,103,2026-07-02 23:31:00
INV04228,WH022,PROD129,794,727,67,2026-07-02 14:38:00
INV04229,WH022,PROD136,1527,1407,120,2026-07-10 21:43:00
INV04230,WH022,PROD137,1369,1276,93,2026-06-20 06:34:00
INV04231,WH022,PROD139,1446,1387,59,2026-07-08 18:30:00
INV04232,WH022,PROD140,900,868,32,2026-06-10 01:53:00
INV04233,WH022,PROD141,12,1,11,2026-07-15 12:57:00
INV04234,WH022,PROD148,1424,1333,91,2026-06-08 04:24:00
INV04235,WH022,PROD149,1356,1332,24,2026-06-06 18:26:00
INV04236,WH022,PROD151,620,537,83,2026-06-14 11:15:00
INV04237,WH022,PROD152,1471,1434,37,2026-06-05 07:48:00
INV04238,WH022,PROD156,674,593,81,2026-06-03 10:41:00
INV04239,WH022,PROD157,1231,1205,26,2026-07-22 23:46:00
INV04240,WH022,PROD158,682,625,57,2026-06-16 10:53:00
INV04241,WH022,PROD160,565,501,64,2026-06-04 04:38:00
INV04242,WH022,PROD162,1383,1274,109,2026-07-02 08:30:00
INV04243,WH022,PROD163,555,531,24,2026-07-06 05:25:00
INV04244,WH022,PROD165,1451,1356,95,2026-06-13 09:47:00
INV04245,WH022,PROD169,689,622,67,2026-07-07 05:51:00
INV04246,WH022,PROD171,30,7,23,2026-06-06 14:41:00
INV04247,WH022,PROD174,902,837,65,2026-07-28 00:50:00
INV04248,WH022,PROD177,810,717,93,2026-07-14 23:51:00
INV04249,WH022,PROD178,1526,1469,57,2026-07-12 01:20:00
INV04250,WH022,PROD179,1234,1163,71,2026-07-17 15:49:00
INV04251,WH022,PROD184,1109,1089,20,2026-06-20 06:04:00
INV04252,WH022,PROD186,861,766,95,2026-06-14 09:41:00
INV04253,WH022,PROD192,711,657,54,2026-07-03 22:04:00
INV04254,WH022,PROD194,30,15,15,2026-06-23 01:54:00
INV04255,WH022,PROD195,541,473,68,2026-06-04 19:17:00
INV04256,WH022,PROD196,638,535,103,2026-06-25 18:44:00
INV04257,WH022,PROD197,1535,1468,67,2026-06-23 13:11:00
INV04258,WH022,PROD199,595,553,42,2026-06-13 18:06:00
INV04259,WH022,PROD200,1151,1093,58,2026-06-01 16:34:00
INV04260,WH022,PROD202,980,968,12,2026-07-07 08:14:00
INV04261,WH022,PROD206,1551,1467,84,2026-06-18 08:51:00
INV04262,WH022,PROD207,7,0,7,2026-06-20 04:54:00
INV04263,WH022,PROD208,1469,1364,105,2026-07-01 08:39:00
INV04264,WH022,PROD209,1392,1347,45,2026-06-10 03:58:00
INV04265,WH022,PROD211,1247,1224,23,2026-07-22 02:32:00
INV04266,WH022,PROD213,1500,1409,91,2026-06-27 19:57:00
INV04267,WH022,PROD221,474,382,92,2026-06-14 04:48:00
INV04268,WH022,PROD224,1440,1350,90,2026-06-16 11:28:00
INV04269,WH022,PROD228,631,580,51,2026-07-04 09:50:00
INV04270,WH022,PROD234,399,308,91,2026-06-07 02:20:00
INV04271,WH022,PROD235,550,536,14,2026-06-20 14:23:00
INV04272,WH022,PROD236,431,339,92,2026-07-26 13:18:00
INV04273,WH022,PROD237,577,480,97,2026-06-25 05:19:00
INV04274,WH022,PROD238,864,812,52,2026-06-19 13:10:00
INV04275,WH022,PROD242,13,3,10,2026-07-24 07:21:00
INV04276,WH022,PROD243,1058,947,111,2026-07-10 22:44:00
INV04277,WH022,PROD244,755,661,94,2026-07-07 09:00:00
INV04278,WH022,PROD247,440,320,120,2026-07-19 14:15:00
INV04279,WH022,PROD250,754,715,39,2026-06-25 12:58:00
INV04280,WH022,PROD251,34,10,24,2026-07-24 08:30:00
INV04281,WH022,PROD252,355,253,102,2026-06-27 01:50:00
INV04282,WH022,PROD253,1309,1226,83,2026-07-25 02:03:00
INV04283,WH022,PROD254,991,882,109,2026-06-07 12:12:00
INV04284,WH022,PROD260,700,681,19,2026-07-11 23:05:00
INV04285,WH022,PROD262,509,499,10,2026-06-11 09:40:00
INV04286,WH022,PROD263,27,12,15,2026-06-05 12:32:00
INV04287,WH022,PROD265,34,10,24,2026-06-28 08:42:00
INV04288,WH022,PROD266,914,837,77,2026-06-18 03:12:00
INV04289,WH022,PROD270,1075,1040,35,2026-06-26 11:46:00
INV04290,WH022,PROD273,1237,1210,27,2026-06-22 19:51:00
INV04291,WH022,PROD277,1084,1032,52,2026-07-15 10:35:00
INV04292,WH022,PROD280,28,3,25,2026-07-13 11:46:00
INV04293,WH022,PROD281,1339,1308,31,2026-06-04 22:21:00
INV04294,WH022,PROD283,884,772,112,2026-07-08 05:10:00
INV04295,WH022,PROD284,26,3,23,2026-07-12 21:06:00
INV04296,WH022,PROD285,1348,1318,30,2026-07-08 19:17:00
INV04297,WH022,PROD288,422,375,47,2026-06-19 00:48:00
INV04298,WH022,PROD289,32,11,21,2026-07-15 22:25:00
INV04299,WH022,PROD291,622,538,84,2026-07-08 03:18:00
INV04300,WH022,PROD293,870,808,62,2026-06-10 00:57:00
INV04301,WH022,PROD296,10,0,10,2026-06-07 14:19:00
INV04302,WH022,PROD297,284,255,29,2026-07-10 16:41:00
INV04303,WH022,PROD299,1091,1042,49,2026-07-10 16:32:00
INV04304,WH022,PROD301,1035,975,60,2026-06-24 19:19:00
INV04305,WH022,PROD309,1358,1260,98,2026-06-10 14:11:00
INV04306,WH022,PROD310,491,405,86,2026-06-16 21:24:00
INV04307,WH022,PROD311,914,819,95,2026-07-09 03:58:00
INV04308,WH022,PROD312,1503,1459,44,2026-07-07 03:58:00
INV04309,WH022,PROD315,490,456,34,2026-07-17 03:35:00
INV04310,WH022,PROD316,373,351,22,2026-06-13 01:33:00
INV04311,WH022,PROD317,622,595,27,2026-06-07 11:25:00
INV04312,WH022,PROD318,577,499,78,2026-07-27 07:18:00
INV04313,WH022,PROD320,217,175,42,2026-07-17 04:09:00
INV04314,WH022,PROD324,769,665,104,2026-06-26 05:25:00
INV04315,WH022,PROD327,1459,1439,20,2026-06-16 05:00:00
INV04316,WH022,PROD328,705,655,50,2026-07-24 08:10:00
INV04317,WH022,PROD329,1117,1053,64,2026-07-22 01:52:00
INV04318,WH022,PROD331,269,210,59,2026-06-20 04:39:00
INV04319,WH022,PROD333,1519,1484,35,2026-07-11 21:42:00
INV04320,WH022,PROD335,1238,1160,78,2026-07-11 22:58:00
INV04321,WH022,PROD336,1059,959,100,2026-07-01 09:03:00
INV04322,WH022,PROD338,1271,1172,99,2026-07-02 04:04:00
INV04323,WH022,PROD343,35,10,25,2026-06-12 09:53:00
INV04324,WH022,PROD347,655,643,12,2026-07-24 06:44:00
INV04325,WH022,PROD350,18,2,16,2026-06-02 22:43:00
INV04326,WH022,PROD352,1481,1375,106,2026-07-16 15:58:00
INV04327,WH022,PROD353,23,4,19,2026-06-23 08:11:00
INV04328,WH022,PROD357,329,282,47,2026-06-28 23:51:00
INV04329,WH022,PROD359,1441,1363,78,2026-07-13 06:37:00
INV04330,WH022,PROD363,1157,1039,118,2026-07-19 23:48:00
INV04331,WH022,PROD364,1378,1339,39,2026-07-06 10:44:00
INV04332,WH022,PROD365,1577,1496,81,2026-06-07 17:10:00
INV04333,WH022,PROD366,1405,1330,75,2026-06-13 12:41:00
INV04334,WH022,PROD367,1528,1433,95,2026-06-11 14:35:00
INV04335,WH022,PROD369,269,193,76,2026-07-01 23:58:00
INV04336,WH022,PROD370,17,7,10,2026-06-23 14:49:00
INV04337,WH022,PROD372,1237,1217,20,2026-07-10 19:23:00
INV04338,WH022,PROD374,334,315,19,2026-07-17 13:43:00
INV04339,WH022,PROD376,348,315,33,2026-07-12 06:20:00
INV04340,WH022,PROD378,1207,1107,100,2026-07-17 01:22:00
INV04341,WH022,PROD384,20,0,20,2026-07-02 15:23:00
INV04342,WH022,PROD385,31,9,22,2026-07-07 09:42:00
INV04343,WH022,PROD388,1056,968,88,2026-06-13 11:29:00
INV04344,WH022,PROD390,1062,999,63,2026-06-09 02:15:00
INV04345,WH022,PROD392,827,816,11,2026-07-08 11:04:00
INV04346,WH022,PROD394,791,676,115,2026-07-06 08:47:00
INV04347,WH022,PROD398,605,500,105,2026-06-11 11:37:00
INV04348,WH022,PROD400,573,551,22,2026-07-23 06:45:00
INV04349,WH022,PROD401,17,2,15,2026-06-23 09:06:00
INV04350,WH022,PROD403,1536,1500,36,2026-07-15 11:07:00
INV04351,WH022,PROD406,453,353,100,2026-06-02 19:26:00
INV04352,WH022,PROD408,422,369,53,2026-07-14 07:55:00
INV04353,WH022,PROD418,683,619,64,2026-06-26 11:46:00
INV04354,WH022,PROD420,955,836,119,2026-07-17 00:16:00
INV04355,WH022,PROD421,27,15,12,2026-07-27 04:09:00
INV04356,WH022,PROD425,1036,1009,27,2026-07-26 22:31:00
INV04357,WH022,PROD428,1214,1104,110,2026-07-26 01:45:00
INV04358,WH022,PROD431,618,503,115,2026-06-14 20:52:00
INV04359,WH022,PROD433,1233,1206,27,2026-06-06 14:04:00
INV04360,WH022,PROD434,1501,1424,77,2026-07-12 23:36:00
INV04361,WH022,PROD435,834,779,55,2026-07-14 14:47:00
INV04362,WH022,PROD439,910,805,105,2026-07-27 04:52:00
INV04363,WH022,PROD440,24,14,10,2026-07-18 10:37:00
INV04364,WH022,PROD445,1275,1169,106,2026-07-28 06:04:00
INV04365,WH022,PROD448,30,6,24,2026-06-16 03:57:00
INV04366,WH022,PROD449,34,12,22,2026-06-11 07:03:00
INV04367,WH022,PROD453,937,834,103,2026-07-21 18:56:00
INV04368,WH022,PROD455,319,203,116,2026-06-02 07:52:00
INV04369,WH022,PROD456,1215,1193,22,2026-07-22 00:15:00
INV04370,WH022,PROD460,1318,1270,48,2026-06-24 22:05:00
INV04371,WH022,PROD462,429,414,15,2026-06-05 16:09:00
INV04372,WH022,PROD463,767,667,100,2026-06-02 17:05:00
INV04373,WH022,PROD464,1237,1210,27,2026-06-17 13:04:00
INV04374,WH022,PROD465,1193,1113,80,2026-07-05 14:41:00
INV04375,WH022,PROD466,560,526,34,2026-07-19 02:18:00
INV04376,WH022,PROD468,1212,1129,83,2026-07-26 00:13:00
INV04377,WH022,PROD471,735,723,12,2026-06-13 20:19:00
INV04378,WH022,PROD472,628,586,42,2026-07-17 06:19:00
INV04379,WH022,PROD473,261,238,23,2026-06-27 11:04:00
INV04380,WH022,PROD474,305,192,113,2026-06-19 12:00:00
INV04381,WH022,PROD479,34,9,25,2026-06-08 06:07:00
INV04382,WH022,PROD480,889,833,56,2026-07-18 14:36:00
INV04383,WH022,PROD483,1133,1117,16,2026-07-19 04:43:00
INV04384,WH022,PROD485,721,625,96,2026-07-09 11:27:00
INV04385,WH022,PROD487,1198,1100,98,2026-06-09 21:05:00
INV04386,WH022,PROD492,418,307,111,2026-07-16 16:51:00
INV04387,WH022,PROD495,1402,1295,107,2026-07-08 17:31:00
INV04388,WH023,PROD001,1197,1079,118,2026-07-02 13:30:00
INV04389,WH023,PROD005,337,280,57,2026-06-14 16:30:00
INV04390,WH023,PROD006,432,413,19,2026-07-21 06:38:00
INV04391,WH023,PROD011,1403,1325,78,2026-06-15 19:29:00
INV04392,WH023,PROD013,591,479,112,2026-06-03 08:32:00
INV04393,WH023,PROD018,727,713,14,2026-06-24 03:37:00
INV04394,WH023,PROD023,1229,1176,53,2026-06-27 16:51:00
INV04395,WH023,PROD025,1176,1084,92,2026-07-24 23:14:00
INV04396,WH023,PROD026,1365,1287,78,2026-07-28 21:01:00
INV04397,WH023,PROD029,1580,1496,84,2026-06-26 09:46:00
INV04398,WH023,PROD032,1473,1432,41,2026-07-11 03:22:00
INV04399,WH023,PROD034,916,803,113,2026-07-03 10:39:00
INV04400,WH023,PROD035,449,367,82,2026-07-20 17:40:00
INV04401,WH023,PROD038,1045,951,94,2026-07-17 04:02:00
INV04402,WH023,PROD040,821,776,45,2026-07-09 06:49:00
INV04403,WH023,PROD041,1100,1067,33,2026-06-06 21:36:00
INV04404,WH023,PROD043,1003,990,13,2026-06-15 16:20:00
INV04405,WH023,PROD044,235,167,68,2026-06-09 01:47:00
INV04406,WH023,PROD045,393,302,91,2026-07-20 11:12:00
INV04407,WH023,PROD050,815,721,94,2026-06-12 01:43:00
INV04408,WH023,PROD054,1533,1478,55,2026-06-23 23:21:00
INV04409,WH023,PROD060,900,804,96,2026-06-18 09:59:00
INV04410,WH023,PROD064,1085,1071,14,2026-07-19 16:45:00
INV04411,WH023,PROD066,1145,1083,62,2026-06-30 22:32:00
INV04412,WH023,PROD068,1431,1353,78,2026-07-27 05:41:00
INV04413,WH023,PROD069,530,427,103,2026-07-22 03:48:00
INV04414,WH023,PROD074,333,229,104,2026-06-30 04:43:00
INV04415,WH023,PROD076,239,194,45,2026-07-20 19:19:00
INV04416,WH023,PROD079,423,405,18,2026-07-21 05:18:00
INV04417,WH023,PROD080,1156,1058,98,2026-06-24 21:31:00
INV04418,WH023,PROD082,733,722,11,2026-06-07 00:44:00
INV04419,WH023,PROD083,1105,1025,80,2026-06-27 15:05:00
INV04420,WH023,PROD086,751,709,42,2026-06-10 13:08:00
INV04421,WH023,PROD087,1217,1169,48,2026-06-04 22:16:00
INV04422,WH023,PROD088,1175,1112,63,2026-06-06 03:51:00
INV04423,WH023,PROD092,22,14,8,2026-06-30 00:14:00
INV04424,WH023,PROD095,1149,1098,51,2026-07-20 01:44:00
INV04425,WH023,PROD096,656,609,47,2026-07-21 00:29:00
INV04426,WH023,PROD097,969,920,49,2026-07-13 13:49:00
INV04427,WH023,PROD098,1226,1138,88,2026-07-13 08:38:00
INV04428,WH023,PROD102,368,272,96,2026-07-19 06:40:00
INV04429,WH023,PROD103,659,616,43,2026-07-03 03:51:00
INV04430,WH023,PROD104,1457,1368,89,2026-07-27 23:32:00
INV04431,WH023,PROD105,525,442,83,2026-06-17 12:53:00
INV04432,WH023,PROD106,1152,1106,46,2026-06-02 09:54:00
INV04433,WH023,PROD108,565,542,23,2026-06-04 02:32:00
INV04434,WH023,PROD109,697,651,46,2026-06-09 07:05:00
INV04435,WH023,PROD113,981,926,55,2026-07-23 11:06:00
INV04436,WH023,PROD114,515,490,25,2026-06-30 11:38:00
INV04437,WH023,PROD115,21,1,20,2026-06-02 07:17:00
INV04438,WH023,PROD116,1199,1092,107,2026-06-18 06:46:00
INV04439,WH023,PROD118,985,930,55,2026-07-22 21:30:00
INV04440,WH023,PROD119,941,827,114,2026-06-14 12:08:00
INV04441,WH023,PROD121,560,467,93,2026-06-14 03:04:00
INV04442,WH023,PROD123,416,373,43,2026-07-11 02:07:00
INV04443,WH023,PROD127,1473,1460,13,2026-06-09 00:24:00
INV04444,WH023,PROD130,15,7,8,2026-07-18 12:41:00
INV04445,WH023,PROD132,233,217,16,2026-06-24 04:11:00
INV04446,WH023,PROD133,22,8,14,2026-06-11 20:55:00
INV04447,WH023,PROD135,1555,1489,66,2026-06-16 23:48:00
INV04448,WH023,PROD137,1332,1297,35,2026-06-17 21:08:00
INV04449,WH023,PROD138,459,395,64,2026-06-08 13:06:00
INV04450,WH023,PROD144,1472,1422,50,2026-07-07 22:39:00
INV04451,WH023,PROD146,544,440,104,2026-06-27 22:05:00
INV04452,WH023,PROD147,942,824,118,2026-06-21 06:28:00
INV04453,WH023,PROD149,1296,1246,50,2026-06-10 12:33:00
INV04454,WH023,PROD153,36,11,25,2026-06-04 17:06:00
INV04455,WH023,PROD155,1426,1338,88,2026-07-23 21:19:00
INV04456,WH023,PROD156,575,542,33,2026-06-09 06:22:00
INV04457,WH023,PROD157,706,621,85,2026-07-23 11:32:00
INV04458,WH023,PROD158,21,10,11,2026-07-27 20:10:00
INV04459,WH023,PROD162,851,838,13,2026-06-02 15:20:00
INV04460,WH023,PROD163,22,2,20,2026-07-08 21:56:00
INV04461,WH023,PROD166,1188,1073,115,2026-07-22 06:23:00
INV04462,WH023,PROD167,864,753,111,2026-06-09 11:11:00
INV04463,WH023,PROD169,1218,1119,99,2026-07-02 15:30:00
INV04464,WH023,PROD171,819,710,109,2026-07-07 12:16:00
INV04465,WH023,PROD175,260,219,41,2026-06-20 13:18:00
INV04466,WH023,PROD176,1056,1040,16,2026-06-01 12:36:00
INV04467,WH023,PROD181,502,427,75,2026-06-25 09:34:00
INV04468,WH023,PROD183,1190,1086,104,2026-06-24 11:51:00
INV04469,WH023,PROD184,1434,1365,69,2026-06-15 17:22:00
INV04470,WH023,PROD189,864,744,120,2026-07-12 12:01:00
INV04471,WH023,PROD191,425,398,27,2026-06-02 08:01:00
INV04472,WH023,PROD192,1008,888,120,2026-06-17 11:46:00
INV04473,WH023,PROD194,304,239,65,2026-06-06 13:03:00
INV04474,WH023,PROD199,693,605,88,2026-06-10 20:47:00
INV04475,WH023,PROD200,1064,1051,13,2026-07-07 04:25:00
INV04476,WH023,PROD203,419,363,56,2026-07-16 15:18:00
INV04477,WH023,PROD204,1054,957,97,2026-07-20 01:13:00
INV04478,WH023,PROD206,13,7,6,2026-07-18 21:44:00
INV04479,WH023,PROD207,702,654,48,2026-07-14 20:38:00
INV04480,WH023,PROD208,756,679,77,2026-06-18 04:29:00
INV04481,WH023,PROD214,523,468,55,2026-07-14 07:27:00
INV04482,WH023,PROD216,28,8,20,2026-07-07 13:46:00
INV04483,WH023,PROD217,889,777,112,2026-07-09 22:47:00
INV04484,WH023,PROD218,1527,1426,101,2026-06-23 14:46:00
INV04485,WH023,PROD219,528,504,24,2026-06-29 23:12:00
INV04486,WH023,PROD221,812,739,73,2026-07-14 23:55:00
INV04487,WH023,PROD222,1077,1049,28,2026-07-17 03:33:00
INV04488,WH023,PROD223,565,447,118,2026-07-14 08:57:00
INV04489,WH023,PROD224,17,6,11,2026-06-26 21:58:00
INV04490,WH023,PROD226,20,3,17,2026-06-30 13:58:00
INV04491,WH023,PROD227,312,212,100,2026-07-20 21:17:00
INV04492,WH023,PROD228,992,947,45,2026-06-22 21:23:00
INV04493,WH023,PROD229,22,12,10,2026-06-15 16:05:00
INV04494,WH023,PROD230,879,867,12,2026-06-01 04:45:00
INV04495,WH023,PROD232,1265,1239,26,2026-07-16 19:10:00
INV04496,WH023,PROD240,34,9,25,2026-07-14 20:21:00
INV04497,WH023,PROD241,1258,1227,31,2026-07-16 04:28:00
INV04498,WH023,PROD243,1217,1154,63,2026-07-01 08:11:00
INV04499,WH023,PROD248,837,801,36,2026-07-15 08:13:00
INV04500,WH023,PROD249,1497,1458,39,2026-07-27 14:12:00
INV04501,WH023,PROD250,1079,1052,27,2026-07-04 06:38:00
INV04502,WH023,PROD251,1439,1334,105,2026-06-12 02:52:00
INV04503,WH023,PROD252,259,234,25,2026-06-01 04:24:00
INV04504,WH023,PROD259,24,5,19,2026-06-05 08:12:00
INV04505,WH023,PROD263,754,664,90,2026-07-15 16:24:00
INV04506,WH023,PROD264,1015,933,82,2026-07-21 10:13:00
INV04507,WH023,PROD269,907,889,18,2026-07-28 11:30:00
INV04508,WH023,PROD274,892,879,13,2026-06-12 00:35:00
INV04509,WH023,PROD276,318,284,34,2026-07-06 14:14:00
INV04510,WH023,PROD278,34,11,23,2026-06-04 15:39:00
INV04511,WH023,PROD280,1145,1106,39,2026-06-29 07:06:00
INV04512,WH023,PROD283,1213,1125,88,2026-06-13 08:05:00
INV04513,WH023,PROD285,922,846,76,2026-06-04 05:43:00
INV04514,WH023,PROD286,1009,914,95,2026-07-09 20:53:00
INV04515,WH023,PROD287,1239,1226,13,2026-06-10 13:34:00
INV04516,WH023,PROD288,1404,1394,10,2026-06-04 15:09:00
INV04517,WH023,PROD289,1572,1491,81,2026-07-11 15:05:00
INV04518,WH023,PROD292,504,398,106,2026-07-04 18:54:00
INV04519,WH023,PROD293,906,861,45,2026-06-12 07:38:00
INV04520,WH023,PROD294,911,812,99,2026-07-07 13:49:00
INV04521,WH023,PROD301,18,6,12,2026-06-05 10:51:00
INV04522,WH023,PROD302,1536,1427,109,2026-07-04 23:29:00
INV04523,WH023,PROD303,1116,1092,24,2026-06-24 14:50:00
INV04524,WH023,PROD306,527,492,35,2026-06-13 00:52:00
INV04525,WH023,PROD307,1329,1252,77,2026-06-04 13:55:00
INV04526,WH023,PROD309,33,9,24,2026-06-05 14:21:00
INV04527,WH023,PROD310,16,3,13,2026-06-15 00:03:00
INV04528,WH023,PROD311,1358,1268,90,2026-06-28 15:41:00
INV04529,WH023,PROD312,1241,1142,99,2026-06-21 10:43:00
INV04530,WH023,PROD314,1363,1353,10,2026-06-22 18:48:00
INV04531,WH023,PROD318,16,1,15,2026-06-19 19:53:00
INV04532,WH023,PROD319,690,658,32,2026-06-26 13:39:00
INV04533,WH023,PROD324,472,412,60,2026-06-29 05:32:00
INV04534,WH023,PROD332,416,363,53,2026-07-05 03:18:00
INV04535,WH023,PROD337,257,230,27,2026-06-20 07:41:00
INV04536,WH023,PROD338,920,813,107,2026-06-03 21:44:00
INV04537,WH023,PROD341,510,449,61,2026-06-07 15:56:00
INV04538,WH023,PROD345,640,546,94,2026-06-19 19:55:00
INV04539,WH023,PROD346,819,736,83,2026-06-07 13:50:00
INV04540,WH023,PROD347,1024,923,101,2026-06-29 08:02:00
INV04541,WH023,PROD348,1392,1296,96,2026-07-14 22:26:00
INV04542,WH023,PROD350,991,887,104,2026-07-05 10:28:00
INV04543,WH023,PROD351,345,326,19,2026-06-04 12:41:00
INV04544,WH023,PROD355,1152,1087,65,2026-07-12 04:27:00
INV04545,WH023,PROD357,1203,1182,21,2026-06-29 19:15:00
INV04546,WH023,PROD360,1318,1251,67,2026-07-10 10:13:00
INV04547,WH023,PROD361,314,298,16,2026-06-11 08:36:00
INV04548,WH023,PROD362,491,374,117,2026-06-28 23:17:00
INV04549,WH023,PROD365,1468,1373,95,2026-07-04 04:59:00
INV04550,WH023,PROD368,1089,1048,41,2026-07-05 00:17:00
INV04551,WH023,PROD371,277,230,47,2026-07-01 20:37:00
INV04552,WH023,PROD377,343,289,54,2026-07-22 16:53:00
INV04553,WH023,PROD379,1397,1337,60,2026-06-12 13:57:00
INV04554,WH023,PROD380,520,435,85,2026-07-19 01:53:00
INV04555,WH023,PROD381,710,601,109,2026-07-13 23:10:00
INV04556,WH023,PROD382,887,851,36,2026-07-20 15:07:00
INV04557,WH023,PROD384,32,15,17,2026-06-12 02:09:00
INV04558,WH023,PROD385,215,205,10,2026-07-06 10:29:00
INV04559,WH023,PROD387,1449,1329,120,2026-06-23 18:07:00
INV04560,WH023,PROD392,802,774,28,2026-06-12 10:49:00
INV04561,WH023,PROD396,176,164,12,2026-07-08 17:50:00
INV04562,WH023,PROD397,843,833,10,2026-07-02 17:13:00
INV04563,WH023,PROD400,331,244,87,2026-07-15 06:01:00
INV04564,WH023,PROD402,343,299,44,2026-07-23 07:52:00
INV04565,WH023,PROD404,1542,1489,53,2026-06-13 04:37:00
INV04566,WH023,PROD406,1312,1247,65,2026-06-18 19:56:00
INV04567,WH023,PROD407,1177,1058,119,2026-07-26 23:51:00
INV04568,WH023,PROD409,1183,1170,13,2026-07-22 01:27:00
INV04569,WH023,PROD410,28,8,20,2026-06-25 03:53:00
INV04570,WH023,PROD411,696,656,40,2026-07-26 14:02:00
INV04571,WH023,PROD413,828,718,110,2026-07-17 18:05:00
INV04572,WH023,PROD418,1243,1149,94,2026-06-20 09:12:00
INV04573,WH023,PROD419,384,318,66,2026-07-13 23:40:00
INV04574,WH023,PROD420,696,638,58,2026-07-03 22:29:00
INV04575,WH023,PROD422,902,882,20,2026-07-28 15:45:00
INV04576,WH023,PROD425,210,162,48,2026-07-18 10:16:00
INV04577,WH023,PROD429,1293,1177,116,2026-06-28 13:07:00
INV04578,WH023,PROD430,1301,1254,47,2026-07-17 15:19:00
INV04579,WH023,PROD432,25,15,10,2026-07-03 11:56:00
INV04580,WH023,PROD440,681,663,18,2026-06-07 23:46:00
INV04581,WH023,PROD442,1186,1112,74,2026-06-12 13:13:00
INV04582,WH023,PROD443,1418,1321,97,2026-06-12 02:40:00
INV04583,WH023,PROD445,634,598,36,2026-07-07 18:53:00
INV04584,WH023,PROD448,593,476,117,2026-06-08 10:36:00
INV04585,WH023,PROD452,1105,1094,11,2026-07-15 03:13:00
INV04586,WH023,PROD453,190,163,27,2026-06-19 22:17:00
INV04587,WH023,PROD459,912,869,43,2026-06-27 14:59:00
INV04588,WH023,PROD464,913,894,19,2026-07-24 21:17:00
INV04589,WH023,PROD470,31,12,19,2026-06-25 00:18:00
INV04590,WH023,PROD471,1436,1356,80,2026-07-24 07:36:00
INV04591,WH023,PROD472,20,12,8,2026-07-14 23:19:00
INV04592,WH023,PROD475,1063,970,93,2026-07-02 21:28:00
INV04593,WH023,PROD477,973,912,61,2026-07-23 15:46:00
INV04594,WH023,PROD480,726,665,61,2026-07-01 12:02:00
INV04595,WH023,PROD483,193,167,26,2026-07-03 21:47:00
INV04596,WH023,PROD485,1580,1462,118,2026-06-09 18:27:00
INV04597,WH023,PROD486,579,528,51,2026-06-05 15:23:00
INV04598,WH023,PROD487,38,15,23,2026-07-04 04:37:00
INV04599,WH023,PROD490,516,444,72,2026-06-30 11:19:00
INV04600,WH023,PROD492,519,491,28,2026-06-01 13:04:00
INV04601,WH023,PROD494,970,890,80,2026-07-15 01:26:00
INV04602,WH023,PROD495,1399,1368,31,2026-07-23 17:29:00
INV04603,WH023,PROD496,1510,1471,39,2026-07-04 13:50:00
INV04604,WH023,PROD499,290,276,14,2026-06-25 15:08:00
INV04605,WH024,PROD001,1154,1034,120,2026-06-13 18:02:00
INV04606,WH024,PROD002,441,329,112,2026-06-17 07:03:00
INV04607,WH024,PROD003,617,538,79,2026-07-07 07:15:00
INV04608,WH024,PROD004,392,372,20,2026-06-08 16:16:00
INV04609,WH024,PROD005,935,874,61,2026-06-17 16:34:00
INV04610,WH024,PROD006,1246,1170,76,2026-06-21 11:08:00
INV04611,WH024,PROD007,519,464,55,2026-07-07 12:06:00
INV04612,WH024,PROD011,589,544,45,2026-06-27 19:29:00
INV04613,WH024,PROD014,1135,1081,54,2026-07-16 16:13:00
INV04614,WH024,PROD015,1388,1321,67,2026-07-27 17:12:00
INV04615,WH024,PROD017,400,332,68,2026-07-13 07:21:00
INV04616,WH024,PROD019,1078,1018,60,2026-07-10 13:56:00
INV04617,WH024,PROD021,1297,1261,36,2026-07-16 18:22:00
INV04618,WH024,PROD022,1355,1250,105,2026-06-28 21:16:00
INV04619,WH024,PROD025,29,4,25,2026-06-21 21:24:00
INV04620,WH024,PROD027,499,401,98,2026-07-09 19:47:00
INV04621,WH024,PROD031,1059,1035,24,2026-06-09 08:55:00
INV04622,WH024,PROD032,864,777,87,2026-07-11 15:26:00
INV04623,WH024,PROD034,1393,1362,31,2026-06-13 12:51:00
INV04624,WH024,PROD036,809,731,78,2026-06-09 13:33:00
INV04625,WH024,PROD038,506,389,117,2026-07-02 18:29:00
INV04626,WH024,PROD042,1377,1306,71,2026-07-17 19:56:00
INV04627,WH024,PROD045,179,158,21,2026-06-09 20:59:00
INV04628,WH024,PROD047,380,307,73,2026-07-09 01:43:00
INV04629,WH024,PROD049,879,790,89,2026-07-25 23:47:00
INV04630,WH024,PROD056,194,168,26,2026-06-13 17:42:00
INV04631,WH024,PROD063,435,413,22,2026-06-08 11:40:00
INV04632,WH024,PROD067,14,8,6,2026-07-28 11:46:00
INV04633,WH024,PROD069,805,774,31,2026-07-23 23:17:00
INV04634,WH024,PROD070,491,458,33,2026-06-03 03:25:00
INV04635,WH024,PROD071,656,594,62,2026-07-11 07:38:00
INV04636,WH024,PROD074,968,872,96,2026-06-03 16:09:00
INV04637,WH024,PROD078,522,419,103,2026-06-25 04:20:00
INV04638,WH024,PROD082,415,337,78,2026-06-18 00:15:00
INV04639,WH024,PROD086,30,10,20,2026-06-21 19:48:00
INV04640,WH024,PROD087,330,284,46,2026-07-14 08:57:00
INV04641,WH024,PROD089,757,729,28,2026-07-04 09:12:00
INV04642,WH024,PROD091,304,250,54,2026-07-02 08:23:00
INV04643,WH024,PROD092,30,6,24,2026-07-18 07:11:00
INV04644,WH024,PROD093,1465,1346,119,2026-07-11 18:38:00
INV04645,WH024,PROD094,449,436,13,2026-06-17 08:00:00
INV04646,WH024,PROD096,674,564,110,2026-06-06 00:58:00
INV04647,WH024,PROD097,1210,1141,69,2026-06-07 21:35:00
INV04648,WH024,PROD098,918,822,96,2026-07-15 22:15:00
INV04649,WH024,PROD099,1177,1151,26,2026-07-01 20:41:00
INV04650,WH024,PROD101,941,876,65,2026-06-22 08:28:00
INV04651,WH024,PROD103,476,410,66,2026-06-29 11:30:00
INV04652,WH024,PROD107,859,806,53,2026-06-20 17:59:00
INV04653,WH024,PROD108,22,3,19,2026-06-12 12:26:00
INV04654,WH024,PROD111,708,655,53,2026-07-08 06:51:00
INV04655,WH024,PROD113,516,411,105,2026-07-09 08:11:00
INV04656,WH024,PROD114,450,434,16,2026-06-05 11:03:00
INV04657,WH024,PROD115,597,575,22,2026-07-27 08:53:00
INV04658,WH024,PROD122,752,661,91,2026-07-07 01:27:00
INV04659,WH024,PROD123,1344,1255,89,2026-07-10 20:56:00
INV04660,WH024,PROD128,772,739,33,2026-07-22 14:30:00
INV04661,WH024,PROD132,1407,1307,100,2026-06-05 04:38:00
INV04662,WH024,PROD137,358,238,120,2026-06-15 14:58:00
INV04663,WH024,PROD138,27,3,24,2026-06-10 14:22:00
INV04664,WH024,PROD142,974,892,82,2026-06-21 14:42:00
INV04665,WH024,PROD143,566,520,46,2026-06-06 23:05:00
INV04666,WH024,PROD144,628,532,96,2026-06-12 01:53:00
INV04667,WH024,PROD145,1548,1488,60,2026-07-17 21:20:00
INV04668,WH024,PROD150,172,157,15,2026-07-16 08:53:00
INV04669,WH024,PROD157,724,664,60,2026-07-27 06:25:00
INV04670,WH024,PROD161,622,580,42,2026-07-23 05:47:00
INV04671,WH024,PROD162,1119,1006,113,2026-07-08 02:16:00
INV04672,WH024,PROD163,6,1,5,2026-06-30 20:09:00
INV04673,WH024,PROD165,1031,965,66,2026-07-16 16:15:00
INV04674,WH024,PROD167,1260,1191,69,2026-06-04 20:32:00
INV04675,WH024,PROD168,1333,1266,67,2026-06-21 21:30:00
INV04676,WH024,PROD169,30,6,24,2026-06-13 17:48:00
INV04677,WH024,PROD170,194,179,15,2026-06-03 18:02:00
INV04678,WH024,PROD172,1111,1016,95,2026-06-14 20:08:00
INV04679,WH024,PROD175,1121,1018,103,2026-07-12 15:59:00
INV04680,WH024,PROD177,782,730,52,2026-06-26 11:35:00
INV04681,WH024,PROD179,560,489,71,2026-07-06 21:19:00
INV04682,WH024,PROD180,299,206,93,2026-06-16 09:17:00
INV04683,WH024,PROD182,684,593,91,2026-06-15 05:45:00
INV04684,WH024,PROD183,932,874,58,2026-07-12 21:26:00
INV04685,WH024,PROD185,810,733,77,2026-07-23 02:21:00
INV04686,WH024,PROD191,623,561,62,2026-06-22 03:29:00
INV04687,WH024,PROD192,828,792,36,2026-07-19 02:52:00
INV04688,WH024,PROD193,427,371,56,2026-07-21 23:53:00
INV04689,WH024,PROD199,1375,1315,60,2026-07-14 12:22:00
INV04690,WH024,PROD203,971,889,82,2026-07-08 13:20:00
INV04691,WH024,PROD204,246,235,11,2026-07-21 20:58:00
INV04692,WH024,PROD205,637,598,39,2026-06-29 23:20:00
INV04693,WH024,PROD207,1041,959,82,2026-07-18 08:33:00
INV04694,WH024,PROD208,357,330,27,2026-06-01 18:10:00
INV04695,WH024,PROD209,843,817,26,2026-06-06 23:16:00
INV04696,WH024,PROD210,1424,1353,71,2026-07-11 11:53:00
INV04697,WH024,PROD212,1531,1463,68,2026-06-09 07:31:00
INV04698,WH024,PROD215,724,709,15,2026-06-05 09:09:00
INV04699,WH024,PROD217,637,588,49,2026-06-04 05:39:00
INV04700,WH024,PROD218,1281,1266,15,2026-06-05 07:50:00
INV04701,WH024,PROD223,1391,1359,32,2026-07-06 04:07:00
INV04702,WH024,PROD228,22,11,11,2026-07-11 04:19:00
INV04703,WH024,PROD232,634,539,95,2026-07-09 04:10:00
INV04704,WH024,PROD233,274,217,57,2026-06-06 22:43:00
INV04705,WH024,PROD235,1361,1312,49,2026-06-26 04:35:00
INV04706,WH024,PROD237,1103,1035,68,2026-07-14 20:42:00
INV04707,WH024,PROD243,607,555,52,2026-07-09 01:58:00
INV04708,WH024,PROD246,663,585,78,2026-07-13 21:18:00
INV04709,WH024,PROD248,1148,1087,61,2026-07-14 19:01:00
INV04710,WH024,PROD250,23,4,19,2026-06-20 09:25:00
INV04711,WH024,PROD251,982,922,60,2026-07-09 09:44:00
INV04712,WH024,PROD252,224,159,65,2026-07-14 18:40:00
INV04713,WH024,PROD256,1062,986,76,2026-07-03 05:56:00
INV04714,WH024,PROD258,238,183,55,2026-07-04 10:21:00
INV04715,WH024,PROD261,1498,1446,52,2026-06-28 05:36:00
INV04716,WH024,PROD262,955,922,33,2026-06-25 18:48:00
INV04717,WH024,PROD263,478,442,36,2026-06-21 14:47:00
INV04718,WH024,PROD269,723,651,72,2026-07-11 09:45:00
INV04719,WH024,PROD270,1318,1256,62,2026-07-23 22:38:00
INV04720,WH024,PROD272,332,262,70,2026-07-17 21:17:00
INV04721,WH024,PROD274,677,643,34,2026-06-17 20:16:00
INV04722,WH024,PROD276,1067,1002,65,2026-06-26 03:02:00
INV04723,WH024,PROD279,1425,1377,48,2026-07-17 23:24:00
INV04724,WH024,PROD284,18,12,6,2026-07-26 16:25:00
INV04725,WH024,PROD289,1388,1274,114,2026-06-25 23:47:00
INV04726,WH024,PROD290,1190,1114,76,2026-07-10 05:17:00
INV04727,WH024,PROD291,758,671,87,2026-07-27 00:48:00
INV04728,WH024,PROD294,1592,1481,111,2026-07-14 19:23:00
INV04729,WH024,PROD298,28,10,18,2026-06-27 02:14:00
INV04730,WH024,PROD300,290,246,44,2026-07-25 17:34:00
INV04731,WH024,PROD301,724,631,93,2026-07-26 03:34:00
INV04732,WH024,PROD302,411,398,13,2026-06-26 18:47:00
INV04733,WH024,PROD303,1081,1011,70,2026-07-08 02:51:00
INV04734,WH024,PROD304,26,15,11,2026-07-02 19:50:00
INV04735,WH024,PROD307,1366,1278,88,2026-07-22 00:05:00
INV04736,WH024,PROD308,507,477,30,2026-07-22 00:04:00
INV04737,WH024,PROD309,1198,1176,22,2026-07-19 11:11:00
INV04738,WH024,PROD310,29,4,25,2026-06-16 18:06:00
INV04739,WH024,PROD312,336,299,37,2026-06-13 07:52:00
INV04740,WH024,PROD313,685,594,91,2026-07-14 02:18:00
INV04741,WH024,PROD314,1368,1283,85,2026-06-12 02:10:00
INV04742,WH024,PROD318,683,650,33,2026-06-08 17:38:00
INV04743,WH024,PROD319,604,533,71,2026-06-03 03:11:00
INV04744,WH024,PROD324,274,187,87,2026-07-28 07:06:00
INV04745,WH024,PROD325,1213,1145,68,2026-07-11 10:25:00
INV04746,WH024,PROD326,277,178,99,2026-06-01 22:00:00
INV04747,WH024,PROD327,1434,1341,93,2026-07-11 23:05:00
INV04748,WH024,PROD328,909,851,58,2026-07-24 06:52:00
INV04749,WH024,PROD329,829,782,47,2026-07-04 07:16:00
INV04750,WH024,PROD334,1305,1195,110,2026-07-20 15:07:00
INV04751,WH024,PROD335,809,790,19,2026-06-19 23:31:00
INV04752,WH024,PROD337,475,386,89,2026-06-08 14:40:00
INV04753,WH024,PROD338,36,14,22,2026-06-01 04:30:00
INV04754,WH024,PROD339,11,1,10,2026-07-25 08:03:00
INV04755,WH024,PROD341,12,0,12,2026-07-26 17:59:00
INV04756,WH024,PROD343,1480,1434,46,2026-07-16 18:41:00
INV04757,WH024,PROD347,16,5,11,2026-06-08 12:42:00
INV04758,WH024,PROD348,930,917,13,2026-07-26 19:55:00
INV04759,WH024,PROD352,725,693,32,2026-07-15 02:34:00
INV04760,WH024,PROD353,964,867,97,2026-06-12 22:28:00
INV04761,WH024,PROD355,508,452,56,2026-07-12 01:56:00
INV04762,WH024,PROD357,416,378,38,2026-06-07 13:29:00
INV04763,WH024,PROD360,846,744,102,2026-06-11 16:57:00
INV04764,WH024,PROD361,972,941,31,2026-07-02 21:01:00
INV04765,WH024,PROD365,19,12,7,2026-06-29 16:07:00
INV04766,WH024,PROD368,32,14,18,2026-07-21 23:34:00
INV04767,WH024,PROD369,1401,1374,27,2026-06-01 05:20:00
INV04768,WH024,PROD370,23,12,11,2026-07-26 08:48:00
INV04769,WH024,PROD372,694,628,66,2026-07-20 00:10:00
INV04770,WH024,PROD376,1412,1324,88,2026-06-20 02:30:00
INV04771,WH024,PROD379,630,577,53,2026-07-12 00:18:00
INV04772,WH024,PROD381,900,889,11,2026-07-21 06:04:00
INV04773,WH024,PROD383,347,302,45,2026-06-04 21:21:00
INV04774,WH024,PROD384,25,10,15,2026-06-01 16:16:00
INV04775,WH024,PROD385,1301,1271,30,2026-06-19 13:59:00
INV04776,WH024,PROD386,643,626,17,2026-07-21 15:32:00
INV04777,WH024,PROD389,1466,1399,67,2026-07-02 01:46:00
INV04778,WH024,PROD393,32,7,25,2026-06-02 20:28:00
INV04779,WH024,PROD394,846,752,94,2026-07-24 01:21:00
INV04780,WH024,PROD405,848,809,39,2026-06-21 22:57:00
INV04781,WH024,PROD407,25,5,20,2026-06-29 05:29:00
INV04782,WH024,PROD408,712,646,66,2026-07-17 04:35:00
INV04783,WH024,PROD410,404,391,13,2026-07-25 22:35:00
INV04784,WH024,PROD414,198,172,26,2026-06-24 03:05:00
INV04785,WH024,PROD417,563,545,18,2026-06-17 00:27:00
INV04786,WH024,PROD418,1053,935,118,2026-07-05 00:04:00
INV04787,WH024,PROD419,316,230,86,2026-06-24 00:11:00
INV04788,WH024,PROD421,855,794,61,2026-06-05 02:43:00
INV04789,WH024,PROD422,810,709,101,2026-07-25 15:51:00
INV04790,WH024,PROD425,21,14,7,2026-06-04 21:25:00
INV04791,WH024,PROD426,1105,1050,55,2026-07-07 13:58:00
INV04792,WH024,PROD427,610,549,61,2026-07-11 21:05:00
INV04793,WH024,PROD428,781,671,110,2026-07-24 01:28:00
INV04794,WH024,PROD429,288,201,87,2026-06-20 20:19:00
INV04795,WH024,PROD430,674,654,20,2026-07-05 21:33:00
INV04796,WH024,PROD432,9,3,6,2026-06-07 08:52:00
INV04797,WH024,PROD434,1082,983,99,2026-07-02 22:25:00
INV04798,WH024,PROD438,358,295,63,2026-07-08 10:08:00
INV04799,WH024,PROD439,270,209,61,2026-06-07 15:02:00
INV04800,WH024,PROD446,454,343,111,2026-06-29 13:19:00
INV04801,WH024,PROD447,1176,1105,71,2026-07-19 01:08:00
INV04802,WH024,PROD449,666,571,95,2026-07-06 00:16:00
INV04803,WH024,PROD451,675,621,54,2026-06-20 14:32:00
INV04804,WH024,PROD452,1158,1092,66,2026-07-13 04:20:00
INV04805,WH024,PROD453,557,454,103,2026-06-04 19:58:00
INV04806,WH024,PROD454,1554,1469,85,2026-07-15 05:34:00
INV04807,WH024,PROD455,1369,1287,82,2026-07-01 07:23:00
INV04808,WH024,PROD472,580,507,73,2026-06-30 05:39:00
INV04809,WH024,PROD473,624,590,34,2026-07-11 23:21:00
INV04810,WH024,PROD474,1531,1434,97,2026-06-02 05:44:00
INV04811,WH024,PROD475,1417,1404,13,2026-06-16 18:32:00
INV04812,WH024,PROD476,614,550,64,2026-07-16 19:51:00
INV04813,WH024,PROD477,1044,936,108,2026-06-19 17:18:00
INV04814,WH024,PROD478,1177,1081,96,2026-06-16 18:35:00
INV04815,WH024,PROD479,1056,954,102,2026-07-21 21:22:00
INV04816,WH024,PROD480,14,2,12,2026-07-06 23:35:00
INV04817,WH024,PROD481,1047,979,68,2026-06-11 04:30:00
INV04818,WH024,PROD483,732,612,120,2026-07-24 07:54:00
INV04819,WH024,PROD491,959,949,10,2026-07-11 05:03:00
INV04820,WH024,PROD495,1080,1018,62,2026-06-13 07:17:00
INV04821,WH024,PROD496,710,686,24,2026-07-15 04:05:00
INV04822,WH024,PROD497,649,551,98,2026-06-17 22:21:00
INV04823,WH024,PROD500,646,583,63,2026-06-26 05:51:00
INV04824,WH025,PROD004,1090,1009,81,2026-06-12 06:12:00
INV04825,WH025,PROD006,744,730,14,2026-06-18 08:23:00
INV04826,WH025,PROD007,491,390,101,2026-07-18 20:19:00
INV04827,WH025,PROD009,498,451,47,2026-06-06 02:06:00
INV04828,WH025,PROD012,1372,1329,43,2026-06-17 09:36:00
INV04829,WH025,PROD018,833,741,92,2026-06-11 02:40:00
INV04830,WH025,PROD019,863,762,101,2026-06-12 20:49:00
INV04831,WH025,PROD020,1225,1185,40,2026-06-08 11:04:00
INV04832,WH025,PROD021,425,401,24,2026-06-27 08:48:00
INV04833,WH025,PROD022,593,505,88,2026-07-28 08:42:00
INV04834,WH025,PROD031,1383,1351,32,2026-07-09 16:28:00
INV04835,WH025,PROD035,634,568,66,2026-06-21 06:41:00
INV04836,WH025,PROD038,1320,1231,89,2026-07-27 15:23:00
INV04837,WH025,PROD039,474,392,82,2026-06-24 07:54:00
INV04838,WH025,PROD049,29,10,19,2026-07-22 03:16:00
INV04839,WH025,PROD050,397,304,93,2026-07-22 16:14:00
INV04840,WH025,PROD052,1385,1314,71,2026-06-12 21:57:00
INV04841,WH025,PROD055,1156,1103,53,2026-07-23 17:10:00
INV04842,WH025,PROD056,656,552,104,2026-06-05 00:46:00
INV04843,WH025,PROD057,691,664,27,2026-06-26 09:57:00
INV04844,WH025,PROD071,1234,1129,105,2026-07-05 20:43:00
INV04845,WH025,PROD073,553,494,59,2026-06-20 06:47:00
INV04846,WH025,PROD075,27,2,25,2026-06-18 20:26:00
INV04847,WH025,PROD076,30,12,18,2026-06-08 23:01:00
INV04848,WH025,PROD077,1488,1368,120,2026-07-11 13:15:00
INV04849,WH025,PROD078,1442,1393,49,2026-06-07 04:51:00
INV04850,WH025,PROD079,1230,1212,18,2026-07-02 19:44:00
INV04851,WH025,PROD080,901,842,59,2026-06-01 13:04:00
INV04852,WH025,PROD091,1090,1046,44,2026-06-06 11:37:00
INV04853,WH025,PROD092,13,5,8,2026-06-21 00:08:00
INV04854,WH025,PROD094,350,316,34,2026-06-27 01:00:00
INV04855,WH025,PROD096,364,257,107,2026-06-12 15:10:00
INV04856,WH025,PROD097,1534,1421,113,2026-07-05 13:50:00
INV04857,WH025,PROD099,1317,1197,120,2026-06-15 20:08:00
INV04858,WH025,PROD102,11,1,10,2026-07-06 12:56:00
INV04859,WH025,PROD104,33,9,24,2026-06-10 11:02:00
INV04860,WH025,PROD112,1048,959,89,2026-07-19 12:39:00
INV04861,WH025,PROD113,1168,1077,91,2026-07-03 08:10:00
INV04862,WH025,PROD118,8,2,6,2026-06-19 02:17:00
INV04863,WH025,PROD119,704,677,27,2026-06-26 00:41:00
INV04864,WH025,PROD120,1267,1150,117,2026-06-11 07:45:00
INV04865,WH025,PROD121,352,288,64,2026-07-16 11:37:00
INV04866,WH025,PROD123,885,809,76,2026-07-18 19:45:00
INV04867,WH025,PROD126,1129,1085,44,2026-06-21 21:30:00
INV04868,WH025,PROD128,1190,1153,37,2026-07-15 19:32:00
INV04869,WH025,PROD129,247,208,39,2026-06-22 10:31:00
INV04870,WH025,PROD134,1450,1380,70,2026-07-12 17:54:00
INV04871,WH025,PROD137,1117,1058,59,2026-06-28 00:30:00
INV04872,WH025,PROD138,444,354,90,2026-06-03 11:37:00
INV04873,WH025,PROD142,1290,1246,44,2026-06-07 10:00:00
INV04874,WH025,PROD144,734,620,114,2026-07-07 01:15:00
INV04875,WH025,PROD148,1151,1038,113,2026-07-18 00:55:00
INV04876,WH025,PROD150,29,13,16,2026-07-10 20:24:00
INV04877,WH025,PROD152,1425,1414,11,2026-06-27 06:22:00
INV04878,WH025,PROD153,1023,954,69,2026-06-02 15:20:00
INV04879,WH025,PROD154,613,501,112,2026-06-06 01:05:00
INV04880,WH025,PROD156,973,947,26,2026-06-11 21:08:00
INV04881,WH025,PROD161,1609,1492,117,2026-06-19 03:33:00
INV04882,WH025,PROD162,17,8,9,2026-06-23 18:18:00
INV04883,WH025,PROD168,23,7,16,2026-06-21 12:23:00
INV04884,WH025,PROD172,746,716,30,2026-07-12 07:30:00
INV04885,WH025,PROD173,1466,1359,107,2026-06-22 01:52:00
INV04886,WH025,PROD175,955,892,63,2026-07-20 10:29:00
INV04887,WH025,PROD179,738,666,72,2026-07-06 23:51:00
INV04888,WH025,PROD184,569,466,103,2026-06-22 02:10:00
INV04889,WH025,PROD185,1330,1278,52,2026-07-24 09:26:00
INV04890,WH025,PROD186,1546,1461,85,2026-06-04 02:42:00
INV04891,WH025,PROD189,548,497,51,2026-07-25 05:54:00
INV04892,WH025,PROD192,1555,1449,106,2026-06-12 19:17:00
INV04893,WH025,PROD195,1133,1026,107,2026-06-21 05:13:00
INV04894,WH025,PROD196,1226,1166,60,2026-06-17 21:55:00
INV04895,WH025,PROD200,1494,1412,82,2026-06-04 04:03:00
INV04896,WH025,PROD201,1303,1208,95,2026-06-22 08:02:00
INV04897,WH025,PROD203,1314,1297,17,2026-06-17 02:21:00
INV04898,WH025,PROD207,433,413,20,2026-06-19 04:26:00
INV04899,WH025,PROD208,1162,1112,50,2026-07-27 10:14:00
INV04900,WH025,PROD209,926,847,79,2026-06-05 22:12:00
INV04901,WH025,PROD211,1224,1137,87,2026-06-25 22:15:00
INV04902,WH025,PROD216,820,732,88,2026-06-27 02:19:00
INV04903,WH025,PROD222,23,5,18,2026-06-02 08:03:00
INV04904,WH025,PROD229,223,195,28,2026-06-26 07:13:00
INV04905,WH025,PROD230,368,306,62,2026-06-05 16:38:00
INV04906,WH025,PROD233,609,536,73,2026-06-29 04:33:00
INV04907,WH025,PROD234,923,865,58,2026-07-09 06:42:00
INV04908,WH025,PROD238,308,234,74,2026-06-19 03:45:00
INV04909,WH025,PROD245,1153,1135,18,2026-06-06 12:03:00
INV04910,WH025,PROD250,658,623,35,2026-06-04 16:52:00
INV04911,WH025,PROD251,373,327,46,2026-07-04 20:19:00
INV04912,WH025,PROD253,1123,1030,93,2026-06-04 21:11:00
INV04913,WH025,PROD257,1478,1388,90,2026-06-13 02:14:00
INV04914,WH025,PROD259,1336,1256,80,2026-06-04 23:10:00
INV04915,WH025,PROD260,232,214,18,2026-07-08 07:59:00
INV04916,WH025,PROD264,1098,996,102,2026-07-02 14:50:00
INV04917,WH025,PROD266,1042,1002,40,2026-06-22 14:24:00
INV04918,WH025,PROD269,815,761,54,2026-06-22 19:56:00
INV04919,WH025,PROD277,16,3,13,2026-07-10 10:51:00
INV04920,WH025,PROD281,605,563,42,2026-06-23 23:46:00
INV04921,WH025,PROD284,10,4,6,2026-06-25 19:13:00
INV04922,WH025,PROD285,627,570,57,2026-06-16 01:34:00
INV04923,WH025,PROD288,533,427,106,2026-06-13 22:15:00
INV04924,WH025,PROD291,591,571,20,2026-06-24 21:47:00
INV04925,WH025,PROD292,1540,1491,49,2026-07-04 10:21:00
INV04926,WH025,PROD298,1114,1101,13,2026-06-02 04:24:00
INV04927,WH025,PROD299,498,433,65,2026-07-22 13:00:00
INV04928,WH025,PROD301,413,367,46,2026-06-21 20:07:00
INV04929,WH025,PROD302,824,776,48,2026-07-23 16:30:00
INV04930,WH025,PROD303,1033,1010,23,2026-06-19 17:15:00
INV04931,WH025,PROD304,470,428,42,2026-06-30 22:56:00
INV04932,WH025,PROD306,1162,1078,84,2026-06-16 01:11:00
INV04933,WH025,PROD307,1060,1044,16,2026-07-07 10:52:00
INV04934,WH025,PROD311,887,856,31,2026-06-11 21:02:00
INV04935,WH025,PROD312,993,889,104,2026-07-03 19:13:00
INV04936,WH025,PROD314,486,378,108,2026-06-11 11:34:00
INV04937,WH025,PROD320,1279,1236,43,2026-07-20 17:38:00
INV04938,WH025,PROD322,1442,1357,85,2026-06-20 19:22:00
INV04939,WH025,PROD326,892,833,59,2026-07-10 18:04:00
INV04940,WH025,PROD329,1444,1345,99,2026-06-18 10:53:00
INV04941,WH025,PROD333,844,750,94,2026-06-20 13:16:00
INV04942,WH025,PROD338,665,637,28,2026-07-23 18:00:00
INV04943,WH025,PROD339,18,11,7,2026-06-11 09:55:00
INV04944,WH025,PROD340,1346,1227,119,2026-06-25 15:34:00
INV04945,WH025,PROD344,1203,1161,42,2026-07-27 00:50:00
INV04946,WH025,PROD349,38,15,23,2026-07-19 15:38:00
INV04947,WH025,PROD350,349,242,107,2026-06-08 21:19:00
INV04948,WH025,PROD351,1426,1411,15,2026-07-14 07:27:00
INV04949,WH025,PROD353,1571,1464,107,2026-06-22 01:47:00
INV04950,WH025,PROD355,21,0,21,2026-06-04 22:19:00
INV04951,WH025,PROD356,1209,1140,69,2026-07-28 22:02:00
INV04952,WH025,PROD357,717,644,73,2026-06-18 22:54:00
INV04953,WH025,PROD361,754,658,96,2026-06-07 13:06:00
INV04954,WH025,PROD363,223,175,48,2026-07-18 15:37:00
INV04955,WH025,PROD367,441,329,112,2026-06-25 08:22:00
INV04956,WH025,PROD370,630,513,117,2026-07-02 11:18:00
INV04957,WH025,PROD375,1280,1179,101,2026-07-16 21:55:00
INV04958,WH025,PROD376,1326,1300,26,2026-07-19 12:31:00
INV04959,WH025,PROD377,917,843,74,2026-06-06 11:43:00
INV04960,WH025,PROD378,19,2,17,2026-06-23 11:47:00
INV04961,WH025,PROD384,913,815,98,2026-06-24 13:43:00
INV04962,WH025,PROD386,1132,1012,120,2026-06-27 17:37:00
INV04963,WH025,PROD392,1323,1308,15,2026-06-16 13:59:00
INV04964,WH025,PROD395,722,663,59,2026-06-27 20:00:00
INV04965,WH025,PROD399,849,792,57,2026-06-08 22:26:00
INV04966,WH025,PROD400,14,7,7,2026-06-14 18:21:00
INV04967,WH025,PROD401,567,533,34,2026-06-09 08:58:00
INV04968,WH025,PROD403,1215,1196,19,2026-06-10 11:25:00
INV04969,WH025,PROD406,1383,1365,18,2026-06-09 02:09:00
INV04970,WH025,PROD407,1376,1312,64,2026-06-29 23:57:00
INV04971,WH025,PROD409,1061,944,117,2026-07-08 15:35:00
INV04972,WH025,PROD414,1390,1319,71,2026-07-19 16:40:00
INV04973,WH025,PROD416,617,555,62,2026-06-06 18:27:00
INV04974,WH025,PROD420,878,861,17,2026-06-11 15:40:00
INV04975,WH025,PROD421,23,12,11,2026-07-07 05:11:00
INV04976,WH025,PROD423,1417,1303,114,2026-07-17 02:27:00
INV04977,WH025,PROD424,198,158,40,2026-06-08 04:30:00
INV04978,WH025,PROD430,255,170,85,2026-06-08 15:24:00
INV04979,WH025,PROD433,1413,1390,23,2026-06-06 18:52:00
INV04980,WH025,PROD434,713,649,64,2026-06-30 21:41:00
INV04981,WH025,PROD437,32,11,21,2026-07-13 11:14:00
INV04982,WH025,PROD440,1020,1010,10,2026-07-21 04:11:00
INV04983,WH025,PROD442,598,536,62,2026-06-23 13:30:00
INV04984,WH025,PROD444,976,872,104,2026-07-02 14:23:00
INV04985,WH025,PROD446,845,742,103,2026-06-11 19:33:00
INV04986,WH025,PROD447,171,153,18,2026-07-22 09:56:00
INV04987,WH025,PROD448,12,6,6,2026-07-25 23:10:00
INV04988,WH025,PROD449,608,596,12,2026-07-19 04:19:00
INV04989,WH025,PROD452,1092,1060,32,2026-06-20 22:24:00
INV04990,WH025,PROD453,926,815,111,2026-06-09 21:46:00
INV04991,WH025,PROD460,1049,996,53,2026-06-06 03:35:00
INV04992,WH025,PROD466,565,459,106,2026-06-01 07:53:00
INV04993,WH025,PROD467,1039,1029,10,2026-07-25 21:45:00
INV04994,WH025,PROD470,1237,1185,52,2026-07-13 13:08:00
INV04995,WH025,PROD477,916,835,81,2026-06-13 20:42:00
INV04996,WH025,PROD479,460,360,100,2026-06-07 20:59:00
INV04997,WH025,PROD481,417,310,107,2026-06-30 15:50:00
INV04998,WH025,PROD482,691,578,113,2026-07-11 12:27:00
INV04999,WH025,PROD483,992,953,39,2026-07-12 23:39:00
INV05000,WH025,PROD484,1220,1188,32,2026-06-05 20:15:00
