production_job_id,machine_id,product_id,quantity,status,planned_start,actual_finish
JOB00001,MACH095,PROD214,1995,Scheduled,2026-03-08 10:00:00,
JOB00002,MACH082,PROD468,1412,Scheduled,2026-04-25 07:00:00,
JOB00003,MACH019,PROD150,1068,Scheduled,2026-05-09 01:00:00,
JOB00004,MACH108,PROD118,767,Delayed,2026-01-16 14:00:00,
JOB00005,MACH114,PROD394,982,Completed,2026-02-14 16:00:00,2026-02-15 01:00:00
JOB00006,MACH066,PROD239,267,Completed,2026-03-09 06:00:00,2026-03-10 02:00:00
JOB00007,MACH041,PROD444,1715,Completed,2026-06-16 11:00:00,2026-06-17 21:00:00
JOB00008,MACH034,PROD263,522,Completed,2026-06-11 06:00:00,2026-06-12 02:00:00
JOB00009,MACH016,PROD111,794,Running,2026-02-14 18:00:00,
JOB00010,MACH025,PROD349,1915,Running,2026-02-27 14:00:00,
JOB00011,MACH118,PROD462,1523,Completed,2026-06-25 00:00:00,2026-06-25 16:00:00
JOB00012,MACH057,PROD400,151,Completed,2026-02-15 06:00:00,2026-02-16 01:00:00
JOB00013,MACH063,PROD062,1941,Scheduled,2026-02-01 18:00:00,
JOB00014,MACH007,PROD493,509,Completed,2026-03-15 18:00:00,2026-03-16 10:00:00
JOB00015,MACH011,PROD042,371,Completed,2026-06-03 15:00:00,2026-06-05 07:00:00
JOB00016,MACH060,PROD331,569,Completed,2026-04-27 05:00:00,2026-04-27 18:00:00
JOB00017,MACH063,PROD421,1352,Delayed,2026-05-22 04:00:00,
JOB00018,MACH088,PROD094,1391,Delayed,2026-02-21 13:00:00,
JOB00019,MACH026,PROD251,942,Completed,2026-06-03 13:00:00,2026-06-04 23:00:00
JOB00020,MACH070,PROD379,560,Scheduled,2026-01-13 23:00:00,
JOB00021,MACH105,PROD220,912,Completed,2026-02-18 18:00:00,2026-02-20 12:00:00
JOB00022,MACH027,PROD355,1049,Completed,2026-07-09 12:00:00,2026-07-11 02:00:00
JOB00023,MACH033,PROD450,1752,Running,2026-07-12 03:00:00,
JOB00024,MACH025,PROD390,1519,Completed,2026-03-31 18:00:00,2026-04-02 14:00:00
JOB00025,MACH046,PROD339,687,Completed,2026-07-05 20:00:00,2026-07-06 07:00:00
JOB00026,MACH057,PROD126,1344,Completed,2026-03-30 13:00:00,2026-04-01 02:00:00
JOB00027,MACH107,PROD343,1382,Scheduled,2026-05-17 01:00:00,
JOB00028,MACH013,PROD143,1203,Completed,2026-06-12 19:00:00,2026-06-14 17:00:00
JOB00029,MACH013,PROD014,1104,Completed,2026-02-25 21:00:00,2026-02-27 21:00:00
JOB00030,MACH080,PROD222,1084,Delayed,2026-02-20 22:00:00,
JOB00031,MACH040,PROD333,1995,Running,2026-01-21 21:00:00,
JOB00032,MACH076,PROD138,1011,Scheduled,2026-04-28 07:00:00,
JOB00033,MACH110,PROD459,1519,Running,2026-03-23 05:00:00,
JOB00034,MACH019,PROD437,1702,Delayed,2026-04-26 13:00:00,2026-05-01 08:00:00
JOB00035,MACH066,PROD366,1450,Completed,2026-05-06 03:00:00,2026-05-07 22:00:00
JOB00036,MACH066,PROD067,1877,Scheduled,2026-02-18 21:00:00,
JOB00037,MACH085,PROD148,171,Scheduled,2026-03-14 22:00:00,
JOB00038,MACH065,PROD059,562,Scheduled,2026-03-27 16:00:00,
JOB00039,MACH080,PROD439,1576,Scheduled,2026-07-03 00:00:00,
JOB00040,MACH060,PROD121,226,Running,2026-02-07 03:00:00,
JOB00041,MACH085,PROD401,365,Completed,2026-04-25 19:00:00,2026-04-26 23:00:00
JOB00042,MACH100,PROD360,1182,Scheduled,2026-05-12 14:00:00,
JOB00043,MACH031,PROD336,1658,Running,2026-03-23 03:00:00,
JOB00044,MACH054,PROD175,1229,Delayed,2026-05-08 14:00:00,
JOB00045,MACH086,PROD179,1877,Completed,2026-01-28 16:00:00,2026-01-30 15:00:00
JOB00046,MACH100,PROD340,995,Running,2026-06-24 07:00:00,
JOB00047,MACH107,PROD181,483,Delayed,2026-07-16 07:00:00,
JOB00048,MACH068,PROD365,1540,Completed,2026-04-26 14:00:00,2026-04-28 12:00:00
JOB00049,MACH104,PROD255,484,Delayed,2026-05-28 11:00:00,2026-05-31 15:00:00
JOB00050,MACH077,PROD072,1144,Completed,2026-01-02 20:00:00,2026-01-03 05:00:00
JOB00051,MACH072,PROD456,1641,Scheduled,2026-01-29 00:00:00,
JOB00052,MACH085,PROD085,1244,Scheduled,2026-01-17 19:00:00,
JOB00053,MACH024,PROD373,1432,Completed,2026-01-29 14:00:00,2026-01-29 17:00:00
JOB00054,MACH057,PROD291,903,Completed,2026-03-25 13:00:00,2026-03-26 15:00:00
JOB00055,MACH051,PROD311,52,Delayed,2026-01-02 17:00:00,2026-01-05 05:00:00
JOB00056,MACH077,PROD401,1342,Running,2026-06-30 17:00:00,
JOB00057,MACH103,PROD084,263,Running,2026-05-02 13:00:00,
JOB00058,MACH018,PROD287,762,Completed,2026-01-10 06:00:00,2026-01-10 16:00:00
JOB00059,MACH100,PROD301,1975,Completed,2026-03-16 05:00:00,2026-03-17 04:00:00
JOB00060,MACH018,PROD284,1383,Running,2026-06-27 10:00:00,
JOB00061,MACH068,PROD070,1160,Completed,2026-04-20 03:00:00,2026-04-22 00:00:00
JOB00062,MACH091,PROD401,1379,Delayed,2026-07-12 00:00:00,
JOB00063,MACH062,PROD316,843,Completed,2026-01-19 21:00:00,2026-01-20 09:00:00
JOB00064,MACH030,PROD428,1694,Completed,2026-06-27 15:00:00,2026-06-29 02:00:00
JOB00065,MACH087,PROD487,863,Scheduled,2026-01-20 00:00:00,
JOB00066,MACH001,PROD010,623,Completed,2026-06-26 11:00:00,2026-06-27 01:00:00
JOB00067,MACH046,PROD497,344,Completed,2026-02-02 16:00:00,2026-02-04 11:00:00
JOB00068,MACH044,PROD029,985,Completed,2026-02-24 12:00:00,2026-02-26 10:00:00
JOB00069,MACH120,PROD379,1689,Completed,2026-03-14 20:00:00,2026-03-15 10:00:00
JOB00070,MACH041,PROD248,144,Completed,2026-07-18 07:00:00,2026-07-18 15:00:00
JOB00071,MACH054,PROD164,146,Completed,2026-06-28 00:00:00,2026-06-29 21:00:00
JOB00072,MACH007,PROD207,1757,Completed,2026-02-03 20:00:00,2026-02-04 20:00:00
JOB00073,MACH018,PROD230,1949,Scheduled,2026-02-22 06:00:00,
JOB00074,MACH090,PROD248,615,Scheduled,2026-02-09 08:00:00,
JOB00075,MACH019,PROD479,1267,Delayed,2026-05-26 07:00:00,
JOB00076,MACH060,PROD480,905,Running,2026-04-02 03:00:00,
JOB00077,MACH077,PROD366,1561,Running,2026-06-18 04:00:00,
JOB00078,MACH053,PROD253,223,Completed,2026-02-17 05:00:00,2026-02-18 02:00:00
JOB00079,MACH059,PROD277,1625,Delayed,2026-02-26 20:00:00,2026-03-03 02:00:00
JOB00080,MACH031,PROD352,335,Running,2026-06-28 13:00:00,
JOB00081,MACH100,PROD013,1786,Completed,2026-02-03 03:00:00,2026-02-05 00:00:00
JOB00082,MACH017,PROD301,1557,Scheduled,2026-06-13 10:00:00,
JOB00083,MACH001,PROD220,1411,Completed,2026-03-19 02:00:00,2026-03-20 21:00:00
JOB00084,MACH050,PROD476,861,Scheduled,2026-01-29 22:00:00,
JOB00085,MACH015,PROD405,330,Running,2026-06-08 01:00:00,
JOB00086,MACH116,PROD497,1276,Running,2026-02-01 01:00:00,
JOB00087,MACH034,PROD353,1758,Completed,2026-02-23 07:00:00,2026-02-23 19:00:00
JOB00088,MACH098,PROD494,1327,Completed,2026-04-26 00:00:00,2026-04-27 10:00:00
JOB00089,MACH060,PROD136,981,Running,2026-04-02 18:00:00,
JOB00090,MACH016,PROD336,310,Completed,2026-01-06 17:00:00,2026-01-07 12:00:00
JOB00091,MACH032,PROD273,580,Running,2026-06-30 10:00:00,
JOB00092,MACH095,PROD432,1737,Completed,2026-03-24 03:00:00,2026-03-25 03:00:00
JOB00093,MACH096,PROD371,1413,Completed,2026-01-28 23:00:00,2026-01-29 23:00:00
JOB00094,MACH070,PROD336,1640,Running,2026-01-04 07:00:00,
JOB00095,MACH021,PROD131,1339,Completed,2026-05-04 22:00:00,2026-05-05 10:00:00
JOB00096,MACH067,PROD189,1204,Completed,2026-03-17 09:00:00,2026-03-18 05:00:00
JOB00097,MACH037,PROD216,1692,Running,2026-03-15 06:00:00,
JOB00098,MACH022,PROD047,203,Scheduled,2026-03-28 21:00:00,
JOB00099,MACH062,PROD017,188,Completed,2026-01-25 11:00:00,2026-01-26 20:00:00
JOB00100,MACH112,PROD076,1395,Delayed,2026-07-14 09:00:00,2026-07-19 01:00:00
JOB00101,MACH082,PROD044,1510,Completed,2026-01-07 00:00:00,2026-01-08 21:00:00
JOB00102,MACH086,PROD055,1472,Completed,2026-01-15 17:00:00,2026-01-17 00:00:00
JOB00103,MACH081,PROD223,362,Running,2026-06-22 22:00:00,
JOB00104,MACH048,PROD178,922,Completed,2026-02-28 16:00:00,2026-03-01 07:00:00
JOB00105,MACH084,PROD446,1349,Scheduled,2026-05-30 00:00:00,
JOB00106,MACH064,PROD498,678,Delayed,2026-03-19 06:00:00,
JOB00107,MACH020,PROD495,262,Completed,2026-01-11 02:00:00,2026-01-12 07:00:00
JOB00108,MACH052,PROD121,398,Completed,2026-06-04 14:00:00,2026-06-05 06:00:00
JOB00109,MACH076,PROD191,1116,Completed,2026-06-25 13:00:00,2026-06-26 06:00:00
JOB00110,MACH119,PROD079,1115,Completed,2026-04-12 18:00:00,2026-04-14 16:00:00
JOB00111,MACH053,PROD139,305,Scheduled,2026-05-25 04:00:00,
JOB00112,MACH032,PROD015,741,Completed,2026-06-22 23:00:00,2026-06-24 18:00:00
JOB00113,MACH029,PROD398,1763,Completed,2026-06-29 08:00:00,2026-06-29 19:00:00
JOB00114,MACH030,PROD113,180,Completed,2026-06-19 13:00:00,2026-06-20 05:00:00
JOB00115,MACH056,PROD381,654,Completed,2026-03-23 08:00:00,2026-03-23 23:00:00
JOB00116,MACH041,PROD360,1682,Running,2026-07-08 06:00:00,
JOB00117,MACH012,PROD243,1366,Completed,2026-04-28 00:00:00,2026-04-29 08:00:00
JOB00118,MACH119,PROD319,704,Completed,2026-07-07 02:00:00,2026-07-07 07:00:00
JOB00119,MACH049,PROD194,1087,Completed,2026-05-10 09:00:00,2026-05-10 14:00:00
JOB00120,MACH077,PROD436,847,Completed,2026-07-09 14:00:00,2026-07-11 14:00:00
JOB00121,MACH046,PROD454,1758,Scheduled,2026-05-07 21:00:00,
JOB00122,MACH050,PROD483,1859,Completed,2026-07-03 01:00:00,2026-07-04 04:00:00
JOB00123,MACH093,PROD090,513,Running,2026-07-08 23:00:00,
JOB00124,MACH035,PROD039,1626,Completed,2026-01-16 19:00:00,2026-01-18 15:00:00
JOB00125,MACH010,PROD240,1219,Delayed,2026-07-03 05:00:00,
JOB00126,MACH089,PROD141,1290,Completed,2026-05-07 12:00:00,2026-05-08 16:00:00
JOB00127,MACH086,PROD215,158,Running,2026-05-26 21:00:00,
JOB00128,MACH090,PROD093,1871,Running,2026-07-08 06:00:00,
JOB00129,MACH004,PROD079,744,Completed,2026-05-08 05:00:00,2026-05-09 13:00:00
JOB00130,MACH071,PROD045,1038,Completed,2026-05-19 04:00:00,2026-05-19 18:00:00
JOB00131,MACH020,PROD342,1300,Running,2026-04-06 15:00:00,
JOB00132,MACH085,PROD210,985,Running,2026-01-20 00:00:00,
JOB00133,MACH084,PROD077,467,Completed,2026-05-18 12:00:00,2026-05-20 09:00:00
JOB00134,MACH119,PROD056,1319,Delayed,2026-03-27 18:00:00,2026-03-30 22:00:00
JOB00135,MACH082,PROD333,1739,Completed,2026-04-15 02:00:00,2026-04-15 09:00:00
JOB00136,MACH055,PROD447,1511,Completed,2026-04-04 03:00:00,2026-04-05 17:00:00
JOB00137,MACH060,PROD142,1136,Completed,2026-05-03 08:00:00,2026-05-04 21:00:00
JOB00138,MACH030,PROD290,838,Scheduled,2026-04-01 23:00:00,
JOB00139,MACH113,PROD260,463,Completed,2026-02-08 14:00:00,2026-02-10 00:00:00
JOB00140,MACH018,PROD465,1607,Completed,2026-02-06 16:00:00,2026-02-08 04:00:00
JOB00141,MACH107,PROD063,660,Completed,2026-05-08 14:00:00,2026-05-08 18:00:00
JOB00142,MACH055,PROD054,1792,Completed,2026-07-17 22:00:00,2026-07-19 13:00:00
JOB00143,MACH055,PROD128,568,Completed,2026-04-07 04:00:00,2026-04-07 07:00:00
JOB00144,MACH053,PROD362,126,Completed,2026-06-29 13:00:00,2026-07-01 02:00:00
JOB00145,MACH023,PROD159,1012,Completed,2026-02-15 10:00:00,2026-02-17 05:00:00
JOB00146,MACH019,PROD085,1306,Completed,2026-07-02 00:00:00,2026-07-02 15:00:00
JOB00147,MACH099,PROD011,1332,Completed,2026-07-17 23:00:00,2026-07-19 16:00:00
JOB00148,MACH011,PROD229,1977,Completed,2026-03-04 06:00:00,2026-03-06 05:00:00
JOB00149,MACH079,PROD418,1899,Completed,2026-07-20 00:00:00,2026-07-21 12:00:00
JOB00150,MACH077,PROD444,1509,Completed,2026-01-22 14:00:00,2026-01-24 00:00:00
JOB00151,MACH046,PROD404,1588,Running,2026-03-18 22:00:00,
JOB00152,MACH021,PROD246,1066,Completed,2026-06-12 00:00:00,2026-06-12 04:00:00
JOB00153,MACH046,PROD191,1404,Completed,2026-03-14 01:00:00,2026-03-15 08:00:00
JOB00154,MACH012,PROD466,1146,Scheduled,2026-05-11 17:00:00,
JOB00155,MACH019,PROD158,1885,Completed,2026-05-27 06:00:00,2026-05-28 10:00:00
JOB00156,MACH088,PROD162,1498,Completed,2026-04-26 20:00:00,2026-04-27 10:00:00
JOB00157,MACH035,PROD389,1269,Completed,2026-05-02 16:00:00,2026-05-03 22:00:00
JOB00158,MACH033,PROD149,720,Scheduled,2026-02-07 02:00:00,
JOB00159,MACH081,PROD346,780,Completed,2026-03-28 03:00:00,2026-03-29 02:00:00
JOB00160,MACH047,PROD179,564,Running,2026-05-22 22:00:00,
JOB00161,MACH018,PROD110,408,Completed,2026-06-05 18:00:00,2026-06-07 08:00:00
JOB00162,MACH013,PROD141,1466,Delayed,2026-01-05 19:00:00,2026-01-09 16:00:00
JOB00163,MACH083,PROD198,576,Running,2026-04-29 00:00:00,
JOB00164,MACH093,PROD241,202,Completed,2026-06-20 09:00:00,2026-06-20 11:00:00
JOB00165,MACH019,PROD308,1016,Completed,2026-06-20 22:00:00,2026-06-21 08:00:00
JOB00166,MACH008,PROD431,323,Completed,2026-05-03 21:00:00,2026-05-04 20:00:00
JOB00167,MACH088,PROD148,939,Completed,2026-06-10 14:00:00,2026-06-11 03:00:00
JOB00168,MACH056,PROD045,591,Scheduled,2026-04-16 14:00:00,
JOB00169,MACH067,PROD109,1952,Completed,2026-02-04 09:00:00,2026-02-05 15:00:00
JOB00170,MACH047,PROD458,1063,Running,2026-01-18 12:00:00,
JOB00171,MACH072,PROD315,856,Scheduled,2026-02-17 23:00:00,
JOB00172,MACH083,PROD211,1911,Completed,2026-04-05 05:00:00,2026-04-06 07:00:00
JOB00173,MACH045,PROD474,1626,Completed,2026-06-09 00:00:00,2026-06-09 15:00:00
JOB00174,MACH061,PROD069,560,Running,2026-03-21 18:00:00,
JOB00175,MACH065,PROD076,464,Completed,2026-02-23 02:00:00,2026-02-24 01:00:00
JOB00176,MACH053,PROD175,1182,Running,2026-05-11 06:00:00,
JOB00177,MACH106,PROD447,1519,Completed,2026-03-09 23:00:00,2026-03-11 07:00:00
JOB00178,MACH091,PROD209,1484,Completed,2026-02-22 21:00:00,2026-02-24 08:00:00
JOB00179,MACH061,PROD141,1879,Delayed,2026-02-22 16:00:00,
JOB00180,MACH041,PROD468,1303,Running,2026-06-14 04:00:00,
JOB00181,MACH117,PROD126,1576,Completed,2026-02-10 07:00:00,2026-02-11 19:00:00
JOB00182,MACH009,PROD180,1087,Delayed,2026-06-21 14:00:00,
JOB00183,MACH076,PROD352,1436,Completed,2026-04-05 06:00:00,2026-04-06 15:00:00
JOB00184,MACH055,PROD322,834,Completed,2026-06-15 07:00:00,2026-06-15 23:00:00
JOB00185,MACH070,PROD239,317,Running,2026-07-05 11:00:00,
JOB00186,MACH053,PROD098,704,Completed,2026-02-20 18:00:00,2026-02-21 07:00:00
JOB00187,MACH015,PROD429,886,Completed,2026-07-17 07:00:00,2026-07-17 23:00:00
JOB00188,MACH029,PROD253,786,Completed,2026-03-06 12:00:00,2026-03-07 15:00:00
JOB00189,MACH117,PROD043,595,Running,2026-05-15 03:00:00,
JOB00190,MACH077,PROD382,1301,Completed,2026-06-10 11:00:00,2026-06-11 16:00:00
JOB00191,MACH066,PROD277,1838,Delayed,2026-02-22 22:00:00,2026-02-27 01:00:00
JOB00192,MACH095,PROD351,231,Completed,2026-04-02 00:00:00,2026-04-03 18:00:00
JOB00193,MACH101,PROD060,397,Completed,2026-07-19 01:00:00,2026-07-19 23:00:00
JOB00194,MACH096,PROD147,978,Scheduled,2026-03-29 23:00:00,
JOB00195,MACH081,PROD283,1733,Completed,2026-03-07 22:00:00,2026-03-08 05:00:00
JOB00196,MACH076,PROD411,429,Completed,2026-04-16 16:00:00,2026-04-18 09:00:00
JOB00197,MACH107,PROD309,1988,Completed,2026-07-09 03:00:00,2026-07-10 17:00:00
JOB00198,MACH106,PROD493,1082,Running,2026-01-31 16:00:00,
JOB00199,MACH059,PROD129,1649,Running,2026-04-01 17:00:00,
JOB00200,MACH046,PROD313,1367,Completed,2026-05-16 12:00:00,2026-05-17 20:00:00
JOB00201,MACH028,PROD436,1223,Scheduled,2026-02-03 11:00:00,
JOB00202,MACH014,PROD072,274,Completed,2026-01-24 05:00:00,2026-01-25 16:00:00
JOB00203,MACH060,PROD096,1573,Completed,2026-01-11 20:00:00,2026-01-12 01:00:00
JOB00204,MACH010,PROD007,331,Completed,2026-06-09 17:00:00,2026-06-10 02:00:00
JOB00205,MACH069,PROD071,322,Delayed,2026-01-06 07:00:00,
JOB00206,MACH039,PROD136,830,Completed,2026-04-28 19:00:00,2026-04-28 22:00:00
JOB00207,MACH063,PROD188,108,Delayed,2026-04-03 00:00:00,2026-04-05 16:00:00
JOB00208,MACH091,PROD069,1959,Completed,2026-03-28 11:00:00,2026-03-29 20:00:00
JOB00209,MACH014,PROD144,216,Scheduled,2026-06-19 06:00:00,
JOB00210,MACH027,PROD412,1868,Completed,2026-05-27 07:00:00,2026-05-29 06:00:00
JOB00211,MACH040,PROD175,139,Completed,2026-05-28 23:00:00,2026-05-29 06:00:00
JOB00212,MACH040,PROD208,1616,Completed,2026-02-03 18:00:00,2026-02-05 01:00:00
JOB00213,MACH100,PROD237,829,Delayed,2026-07-15 07:00:00,2026-07-18 08:00:00
JOB00214,MACH080,PROD042,280,Scheduled,2026-07-09 22:00:00,
JOB00215,MACH099,PROD327,1488,Completed,2026-07-06 00:00:00,2026-07-06 14:00:00
JOB00216,MACH089,PROD322,1296,Completed,2026-03-07 15:00:00,2026-03-09 05:00:00
JOB00217,MACH044,PROD079,987,Running,2026-05-21 04:00:00,
JOB00218,MACH062,PROD154,246,Running,2026-04-03 13:00:00,
JOB00219,MACH099,PROD184,51,Delayed,2026-06-05 15:00:00,2026-06-08 20:00:00
JOB00220,MACH018,PROD423,1835,Completed,2026-03-07 04:00:00,2026-03-08 15:00:00
JOB00221,MACH030,PROD446,955,Completed,2026-03-23 16:00:00,2026-03-25 07:00:00
JOB00222,MACH001,PROD412,1540,Completed,2026-06-17 10:00:00,2026-06-17 19:00:00
JOB00223,MACH120,PROD338,479,Completed,2026-04-19 15:00:00,2026-04-21 12:00:00
JOB00224,MACH075,PROD059,1336,Delayed,2026-01-20 14:00:00,
JOB00225,MACH014,PROD270,468,Running,2026-04-29 12:00:00,
JOB00226,MACH034,PROD310,943,Completed,2026-03-31 02:00:00,2026-03-31 21:00:00
JOB00227,MACH060,PROD479,280,Scheduled,2026-02-23 17:00:00,
JOB00228,MACH105,PROD124,1861,Completed,2026-04-25 16:00:00,2026-04-26 14:00:00
JOB00229,MACH016,PROD027,979,Running,2026-03-29 07:00:00,
JOB00230,MACH084,PROD365,811,Completed,2026-01-03 22:00:00,2026-01-04 10:00:00
JOB00231,MACH064,PROD348,1195,Completed,2026-02-19 20:00:00,2026-02-20 05:00:00
JOB00232,MACH040,PROD234,829,Scheduled,2026-06-27 02:00:00,
JOB00233,MACH080,PROD339,1116,Completed,2026-03-06 07:00:00,2026-03-08 05:00:00
JOB00234,MACH036,PROD090,1191,Scheduled,2026-02-04 05:00:00,
JOB00235,MACH083,PROD411,139,Delayed,2026-06-25 04:00:00,2026-06-28 19:00:00
JOB00236,MACH016,PROD228,763,Completed,2026-03-03 01:00:00,2026-03-04 05:00:00
JOB00237,MACH116,PROD161,1215,Completed,2026-06-25 16:00:00,2026-06-27 10:00:00
JOB00238,MACH081,PROD397,1423,Completed,2026-06-24 23:00:00,2026-06-26 11:00:00
JOB00239,MACH103,PROD390,1119,Delayed,2026-07-11 12:00:00,
JOB00240,MACH084,PROD356,1504,Scheduled,2026-02-10 21:00:00,
JOB00241,MACH067,PROD285,1252,Completed,2026-06-05 08:00:00,2026-06-05 19:00:00
JOB00242,MACH114,PROD225,279,Completed,2026-04-22 14:00:00,2026-04-22 17:00:00
JOB00243,MACH086,PROD465,1912,Completed,2026-01-30 11:00:00,2026-01-31 08:00:00
JOB00244,MACH055,PROD128,1939,Running,2026-07-04 11:00:00,
JOB00245,MACH008,PROD281,1780,Scheduled,2026-06-13 08:00:00,
JOB00246,MACH076,PROD040,941,Running,2026-03-03 18:00:00,
JOB00247,MACH083,PROD326,1929,Completed,2026-06-29 10:00:00,2026-06-29 17:00:00
JOB00248,MACH010,PROD271,844,Running,2026-03-13 15:00:00,
JOB00249,MACH069,PROD012,1479,Completed,2026-02-02 20:00:00,2026-02-03 03:00:00
JOB00250,MACH092,PROD259,153,Completed,2026-03-08 20:00:00,2026-03-10 20:00:00
JOB00251,MACH068,PROD340,855,Running,2026-03-11 20:00:00,
JOB00252,MACH111,PROD019,844,Completed,2026-05-10 16:00:00,2026-05-11 19:00:00
JOB00253,MACH084,PROD173,1387,Running,2026-06-19 17:00:00,
JOB00254,MACH044,PROD051,1185,Delayed,2026-02-15 13:00:00,2026-02-20 02:00:00
JOB00255,MACH082,PROD428,224,Running,2026-01-09 04:00:00,
JOB00256,MACH002,PROD207,878,Completed,2026-03-24 22:00:00,2026-03-26 21:00:00
JOB00257,MACH018,PROD067,801,Completed,2026-05-30 04:00:00,2026-05-30 06:00:00
JOB00258,MACH098,PROD478,313,Delayed,2026-03-13 01:00:00,
JOB00259,MACH091,PROD253,1242,Completed,2026-04-01 11:00:00,2026-04-02 11:00:00
JOB00260,MACH008,PROD485,793,Completed,2026-05-01 22:00:00,2026-05-02 10:00:00
JOB00261,MACH091,PROD079,319,Running,2026-07-16 00:00:00,
JOB00262,MACH071,PROD449,1422,Completed,2026-06-08 07:00:00,2026-06-10 00:00:00
JOB00263,MACH084,PROD160,377,Scheduled,2026-05-04 16:00:00,
JOB00264,MACH088,PROD259,755,Delayed,2026-02-27 20:00:00,
JOB00265,MACH061,PROD398,1685,Running,2026-02-11 04:00:00,
JOB00266,MACH030,PROD004,1367,Completed,2026-03-24 15:00:00,2026-03-26 12:00:00
JOB00267,MACH063,PROD490,521,Running,2026-07-13 06:00:00,
JOB00268,MACH061,PROD406,1986,Running,2026-01-31 14:00:00,
JOB00269,MACH092,PROD465,662,Scheduled,2026-03-04 10:00:00,
JOB00270,MACH086,PROD077,944,Completed,2026-01-12 01:00:00,2026-01-13 13:00:00
JOB00271,MACH016,PROD148,1695,Completed,2026-03-26 15:00:00,2026-03-27 13:00:00
JOB00272,MACH043,PROD397,85,Completed,2026-05-27 19:00:00,2026-05-29 00:00:00
JOB00273,MACH081,PROD433,1354,Running,2026-01-17 05:00:00,
JOB00274,MACH104,PROD412,1038,Completed,2026-03-24 21:00:00,2026-03-26 17:00:00
JOB00275,MACH107,PROD237,1996,Delayed,2026-04-25 14:00:00,2026-04-28 09:00:00
JOB00276,MACH016,PROD400,523,Completed,2026-06-01 18:00:00,2026-06-03 13:00:00
JOB00277,MACH087,PROD086,1839,Running,2026-05-26 00:00:00,
JOB00278,MACH118,PROD211,386,Completed,2026-06-07 14:00:00,2026-06-09 03:00:00
JOB00279,MACH028,PROD095,1561,Scheduled,2026-05-10 21:00:00,
JOB00280,MACH068,PROD147,626,Running,2026-05-15 06:00:00,
JOB00281,MACH042,PROD167,369,Scheduled,2026-02-03 17:00:00,
JOB00282,MACH026,PROD102,400,Scheduled,2026-06-17 10:00:00,
JOB00283,MACH099,PROD411,1557,Running,2026-06-10 03:00:00,
JOB00284,MACH014,PROD475,1480,Completed,2026-04-06 21:00:00,2026-04-07 01:00:00
JOB00285,MACH023,PROD384,115,Completed,2026-02-08 10:00:00,2026-02-08 23:00:00
JOB00286,MACH062,PROD428,1823,Completed,2026-02-09 16:00:00,2026-02-11 09:00:00
JOB00287,MACH012,PROD030,251,Completed,2026-05-14 12:00:00,2026-05-14 16:00:00
JOB00288,MACH068,PROD073,1743,Delayed,2026-07-03 20:00:00,2026-07-08 12:00:00
JOB00289,MACH015,PROD346,1657,Completed,2026-06-02 05:00:00,2026-06-02 15:00:00
JOB00290,MACH116,PROD201,772,Completed,2026-06-07 14:00:00,2026-06-08 13:00:00
JOB00291,MACH101,PROD387,1774,Completed,2026-03-27 14:00:00,2026-03-29 08:00:00
JOB00292,MACH096,PROD425,416,Completed,2026-06-18 23:00:00,2026-06-19 16:00:00
JOB00293,MACH027,PROD323,131,Running,2026-03-02 07:00:00,
JOB00294,MACH073,PROD098,1726,Scheduled,2026-04-10 03:00:00,
JOB00295,MACH070,PROD412,745,Completed,2026-01-31 18:00:00,2026-02-01 01:00:00
JOB00296,MACH052,PROD015,1106,Completed,2026-05-09 22:00:00,2026-05-11 17:00:00
JOB00297,MACH112,PROD067,1628,Completed,2026-05-29 11:00:00,2026-05-30 07:00:00
JOB00298,MACH079,PROD142,1620,Running,2026-02-18 17:00:00,
JOB00299,MACH057,PROD431,1120,Scheduled,2026-03-17 16:00:00,
JOB00300,MACH024,PROD167,409,Running,2026-07-03 08:00:00,
JOB00301,MACH114,PROD451,1658,Running,2026-03-11 18:00:00,
JOB00302,MACH014,PROD256,1857,Running,2026-07-09 01:00:00,
JOB00303,MACH017,PROD489,1845,Completed,2026-04-30 22:00:00,2026-05-02 17:00:00
JOB00304,MACH089,PROD459,1818,Completed,2026-05-20 23:00:00,2026-05-22 08:00:00
JOB00305,MACH084,PROD045,1237,Delayed,2026-01-04 22:00:00,2026-01-08 02:00:00
JOB00306,MACH065,PROD433,678,Completed,2026-02-09 05:00:00,2026-02-10 11:00:00
JOB00307,MACH009,PROD474,1384,Completed,2026-04-14 10:00:00,2026-04-15 00:00:00
JOB00308,MACH110,PROD301,822,Scheduled,2026-01-10 14:00:00,
JOB00309,MACH063,PROD360,1166,Running,2026-04-18 09:00:00,
JOB00310,MACH020,PROD123,569,Completed,2026-03-09 03:00:00,2026-03-11 00:00:00
JOB00311,MACH083,PROD333,1691,Completed,2026-02-17 22:00:00,2026-02-19 02:00:00
JOB00312,MACH076,PROD308,805,Scheduled,2026-07-17 08:00:00,
JOB00313,MACH085,PROD429,1989,Scheduled,2026-03-08 08:00:00,
JOB00314,MACH024,PROD482,1971,Scheduled,2026-06-28 23:00:00,
JOB00315,MACH042,PROD110,1612,Completed,2026-03-31 18:00:00,2026-04-02 05:00:00
JOB00316,MACH047,PROD264,151,Running,2026-03-03 10:00:00,
JOB00317,MACH097,PROD322,994,Completed,2026-04-09 05:00:00,2026-04-09 16:00:00
JOB00318,MACH026,PROD337,441,Completed,2026-03-12 10:00:00,2026-03-14 00:00:00
JOB00319,MACH001,PROD428,1280,Scheduled,2026-06-09 01:00:00,
JOB00320,MACH023,PROD013,71,Completed,2026-01-16 00:00:00,2026-01-17 17:00:00
JOB00321,MACH011,PROD071,796,Completed,2026-06-19 23:00:00,2026-06-21 17:00:00
JOB00322,MACH069,PROD087,294,Scheduled,2026-05-19 17:00:00,
JOB00323,MACH059,PROD371,1662,Completed,2026-03-14 08:00:00,2026-03-15 18:00:00
JOB00324,MACH115,PROD017,909,Completed,2026-02-13 00:00:00,2026-02-14 00:00:00
JOB00325,MACH053,PROD379,1014,Scheduled,2026-05-08 10:00:00,
JOB00326,MACH026,PROD151,447,Running,2026-05-05 01:00:00,
JOB00327,MACH052,PROD174,173,Scheduled,2026-05-26 01:00:00,
JOB00328,MACH062,PROD042,701,Running,2026-04-05 06:00:00,
JOB00329,MACH093,PROD161,736,Completed,2026-04-03 23:00:00,2026-04-04 01:00:00
JOB00330,MACH038,PROD461,571,Completed,2026-02-24 16:00:00,2026-02-26 00:00:00
JOB00331,MACH011,PROD035,141,Completed,2026-03-09 07:00:00,2026-03-10 15:00:00
JOB00332,MACH073,PROD032,1135,Completed,2026-07-16 15:00:00,2026-07-18 12:00:00
JOB00333,MACH116,PROD466,1767,Completed,2026-04-01 01:00:00,2026-04-01 07:00:00
JOB00334,MACH085,PROD390,1113,Completed,2026-05-27 11:00:00,2026-05-28 18:00:00
JOB00335,MACH026,PROD281,795,Completed,2026-04-13 21:00:00,2026-04-15 17:00:00
JOB00336,MACH067,PROD281,165,Completed,2026-02-10 14:00:00,2026-02-12 10:00:00
JOB00337,MACH018,PROD167,1542,Running,2026-01-13 06:00:00,
JOB00338,MACH044,PROD450,496,Running,2026-02-07 21:00:00,
JOB00339,MACH113,PROD183,1509,Completed,2026-05-12 01:00:00,2026-05-12 15:00:00
JOB00340,MACH106,PROD213,108,Completed,2026-01-01 11:00:00,2026-01-03 09:00:00
JOB00341,MACH092,PROD067,635,Delayed,2026-01-30 09:00:00,
JOB00342,MACH062,PROD462,223,Completed,2026-04-12 19:00:00,2026-04-14 09:00:00
JOB00343,MACH036,PROD487,1711,Running,2026-06-21 16:00:00,
JOB00344,MACH113,PROD121,1583,Delayed,2026-04-23 16:00:00,2026-04-26 19:00:00
JOB00345,MACH065,PROD305,892,Scheduled,2026-01-12 08:00:00,
JOB00346,MACH048,PROD089,1175,Scheduled,2026-05-31 09:00:00,
JOB00347,MACH086,PROD166,460,Running,2026-07-13 15:00:00,
JOB00348,MACH089,PROD392,715,Completed,2026-06-15 04:00:00,2026-06-16 04:00:00
JOB00349,MACH054,PROD239,1825,Running,2026-04-16 15:00:00,
JOB00350,MACH082,PROD112,875,Delayed,2026-02-23 23:00:00,
JOB00351,MACH024,PROD413,708,Completed,2026-03-18 23:00:00,2026-03-19 10:00:00
JOB00352,MACH089,PROD439,642,Delayed,2026-06-04 18:00:00,2026-06-09 16:00:00
JOB00353,MACH092,PROD064,1073,Completed,2026-03-19 01:00:00,2026-03-21 00:00:00
JOB00354,MACH017,PROD065,1714,Completed,2026-06-13 00:00:00,2026-06-13 07:00:00
JOB00355,MACH011,PROD152,210,Completed,2026-03-13 09:00:00,2026-03-14 05:00:00
JOB00356,MACH096,PROD435,1459,Completed,2026-06-05 19:00:00,2026-06-07 02:00:00
JOB00357,MACH066,PROD158,360,Completed,2026-07-18 08:00:00,2026-07-19 15:00:00
JOB00358,MACH078,PROD266,1833,Completed,2026-03-19 19:00:00,2026-03-20 21:00:00
JOB00359,MACH100,PROD091,120,Scheduled,2026-02-03 17:00:00,
JOB00360,MACH087,PROD464,280,Scheduled,2026-03-29 20:00:00,
JOB00361,MACH024,PROD127,167,Completed,2026-07-11 03:00:00,2026-07-11 09:00:00
JOB00362,MACH072,PROD118,1528,Completed,2026-06-04 01:00:00,2026-06-04 12:00:00
JOB00363,MACH109,PROD455,1889,Completed,2026-05-11 00:00:00,2026-05-11 05:00:00
JOB00364,MACH096,PROD336,1810,Running,2026-04-14 19:00:00,
JOB00365,MACH052,PROD407,452,Delayed,2026-02-12 14:00:00,2026-02-16 17:00:00
JOB00366,MACH001,PROD093,557,Completed,2026-06-17 19:00:00,2026-06-18 12:00:00
JOB00367,MACH081,PROD303,1747,Delayed,2026-03-18 02:00:00,2026-03-22 03:00:00
JOB00368,MACH055,PROD312,300,Completed,2026-07-08 11:00:00,2026-07-09 17:00:00
JOB00369,MACH096,PROD019,85,Scheduled,2026-06-06 10:00:00,
JOB00370,MACH094,PROD137,731,Running,2026-07-01 13:00:00,
JOB00371,MACH032,PROD068,360,Delayed,2026-06-12 00:00:00,
JOB00372,MACH001,PROD079,1092,Delayed,2026-03-25 14:00:00,2026-03-30 14:00:00
JOB00373,MACH035,PROD127,107,Running,2026-07-15 20:00:00,
JOB00374,MACH008,PROD040,1177,Scheduled,2026-01-26 09:00:00,
JOB00375,MACH003,PROD082,1985,Scheduled,2026-01-18 10:00:00,
JOB00376,MACH045,PROD031,423,Running,2026-03-27 00:00:00,
JOB00377,MACH072,PROD036,388,Completed,2026-01-04 09:00:00,2026-01-05 06:00:00
JOB00378,MACH037,PROD214,1331,Completed,2026-05-02 08:00:00,2026-05-04 02:00:00
JOB00379,MACH043,PROD317,554,Completed,2026-05-16 08:00:00,2026-05-17 07:00:00
JOB00380,MACH034,PROD454,773,Running,2026-02-27 08:00:00,
JOB00381,MACH100,PROD035,1765,Completed,2026-01-04 11:00:00,2026-01-06 00:00:00
JOB00382,MACH092,PROD453,693,Completed,2026-04-27 03:00:00,2026-04-27 23:00:00
JOB00383,MACH106,PROD136,1118,Completed,2026-04-13 00:00:00,2026-04-14 12:00:00
JOB00384,MACH062,PROD033,1099,Running,2026-04-24 18:00:00,
JOB00385,MACH103,PROD018,855,Completed,2026-07-02 01:00:00,2026-07-03 23:00:00
JOB00386,MACH014,PROD453,1967,Delayed,2026-07-19 19:00:00,
JOB00387,MACH105,PROD469,1820,Running,2026-06-13 06:00:00,
JOB00388,MACH054,PROD045,1287,Completed,2026-07-05 02:00:00,2026-07-07 01:00:00
JOB00389,MACH107,PROD275,69,Running,2026-02-23 05:00:00,
JOB00390,MACH118,PROD248,596,Running,2026-01-28 02:00:00,
JOB00391,MACH095,PROD270,1811,Running,2026-04-02 17:00:00,
JOB00392,MACH028,PROD477,714,Completed,2026-03-30 10:00:00,2026-03-31 20:00:00
JOB00393,MACH015,PROD451,1770,Completed,2026-04-10 21:00:00,2026-04-12 09:00:00
JOB00394,MACH045,PROD119,1277,Completed,2026-06-24 06:00:00,2026-06-24 20:00:00
JOB00395,MACH011,PROD282,798,Completed,2026-04-06 18:00:00,2026-04-08 11:00:00
JOB00396,MACH082,PROD124,621,Completed,2026-06-16 14:00:00,2026-06-17 00:00:00
JOB00397,MACH041,PROD400,1983,Completed,2026-03-09 10:00:00,2026-03-09 13:00:00
JOB00398,MACH056,PROD120,1178,Completed,2026-05-11 13:00:00,2026-05-11 19:00:00
JOB00399,MACH086,PROD301,1814,Scheduled,2026-01-20 19:00:00,
JOB00400,MACH050,PROD121,1344,Running,2026-04-28 06:00:00,
JOB00401,MACH071,PROD243,1790,Completed,2026-05-31 03:00:00,2026-05-31 15:00:00
JOB00402,MACH049,PROD092,752,Completed,2026-06-17 13:00:00,2026-06-18 17:00:00
JOB00403,MACH020,PROD068,1212,Delayed,2026-06-20 21:00:00,
JOB00404,MACH120,PROD143,1100,Completed,2026-02-01 10:00:00,2026-02-02 23:00:00
JOB00405,MACH018,PROD459,664,Running,2026-05-05 01:00:00,
JOB00406,MACH030,PROD367,1746,Completed,2026-06-01 20:00:00,2026-06-02 08:00:00
JOB00407,MACH036,PROD396,365,Scheduled,2026-01-20 06:00:00,
JOB00408,MACH078,PROD085,1451,Completed,2026-05-22 10:00:00,2026-05-24 04:00:00
JOB00409,MACH083,PROD338,1293,Running,2026-07-04 00:00:00,
JOB00410,MACH001,PROD256,1997,Scheduled,2026-06-06 17:00:00,
JOB00411,MACH009,PROD267,1122,Scheduled,2026-07-01 04:00:00,
JOB00412,MACH041,PROD279,1500,Completed,2026-02-26 11:00:00,2026-02-26 22:00:00
JOB00413,MACH059,PROD301,1481,Running,2026-05-17 06:00:00,
JOB00414,MACH019,PROD496,736,Completed,2026-02-02 04:00:00,2026-02-03 08:00:00
JOB00415,MACH043,PROD159,442,Running,2026-05-20 03:00:00,
JOB00416,MACH060,PROD479,168,Completed,2026-06-17 20:00:00,2026-06-18 12:00:00
JOB00417,MACH065,PROD312,470,Completed,2026-02-02 20:00:00,2026-02-04 16:00:00
JOB00418,MACH012,PROD391,1975,Completed,2026-02-21 16:00:00,2026-02-23 02:00:00
JOB00419,MACH012,PROD054,89,Scheduled,2026-01-12 06:00:00,
JOB00420,MACH104,PROD045,528,Completed,2026-06-25 03:00:00,2026-06-26 22:00:00
JOB00421,MACH083,PROD021,791,Completed,2026-01-06 15:00:00,2026-01-07 19:00:00
JOB00422,MACH025,PROD175,1064,Scheduled,2026-04-04 06:00:00,
JOB00423,MACH032,PROD151,600,Scheduled,2026-07-03 14:00:00,
JOB00424,MACH073,PROD016,415,Completed,2026-06-03 23:00:00,2026-06-05 05:00:00
JOB00425,MACH023,PROD031,986,Running,2026-04-13 14:00:00,
JOB00426,MACH062,PROD067,1803,Completed,2026-02-18 02:00:00,2026-02-19 10:00:00
JOB00427,MACH056,PROD336,579,Running,2026-01-23 18:00:00,
JOB00428,MACH015,PROD242,419,Running,2026-03-21 10:00:00,
JOB00429,MACH099,PROD384,1738,Completed,2026-02-11 04:00:00,2026-02-12 19:00:00
JOB00430,MACH069,PROD358,1492,Completed,2026-06-24 11:00:00,2026-06-25 17:00:00
JOB00431,MACH002,PROD396,1870,Running,2026-04-23 05:00:00,
JOB00432,MACH077,PROD178,1293,Running,2026-07-12 21:00:00,
JOB00433,MACH064,PROD283,1026,Running,2026-05-09 08:00:00,
JOB00434,MACH014,PROD312,1790,Completed,2026-07-18 08:00:00,2026-07-19 16:00:00
JOB00435,MACH095,PROD038,1525,Completed,2026-06-02 12:00:00,2026-06-04 10:00:00
JOB00436,MACH064,PROD449,754,Running,2026-02-10 18:00:00,
JOB00437,MACH011,PROD265,653,Completed,2026-06-20 14:00:00,2026-06-21 17:00:00
JOB00438,MACH022,PROD304,956,Completed,2026-07-15 22:00:00,2026-07-16 16:00:00
JOB00439,MACH080,PROD230,1573,Completed,2026-05-19 23:00:00,2026-05-21 23:00:00
JOB00440,MACH015,PROD248,1687,Scheduled,2026-01-01 09:00:00,
JOB00441,MACH023,PROD359,1942,Completed,2026-03-26 04:00:00,2026-03-26 06:00:00
JOB00442,MACH076,PROD414,153,Scheduled,2026-05-03 19:00:00,
JOB00443,MACH063,PROD116,1545,Scheduled,2026-05-03 17:00:00,
JOB00444,MACH019,PROD097,1909,Scheduled,2026-02-04 11:00:00,
JOB00445,MACH026,PROD132,1406,Running,2026-06-16 13:00:00,
JOB00446,MACH041,PROD419,1983,Completed,2026-04-10 07:00:00,2026-04-11 11:00:00
JOB00447,MACH109,PROD251,1749,Completed,2026-04-20 04:00:00,2026-04-21 01:00:00
JOB00448,MACH019,PROD032,1865,Completed,2026-05-17 15:00:00,2026-05-18 17:00:00
JOB00449,MACH051,PROD413,633,Running,2026-01-21 23:00:00,
JOB00450,MACH057,PROD019,1063,Running,2026-06-25 14:00:00,
JOB00451,MACH009,PROD157,599,Completed,2026-02-25 22:00:00,2026-02-26 04:00:00
JOB00452,MACH004,PROD082,1426,Scheduled,2026-01-14 03:00:00,
JOB00453,MACH081,PROD047,861,Completed,2026-04-15 21:00:00,2026-04-16 12:00:00
JOB00454,MACH049,PROD358,233,Completed,2026-04-22 07:00:00,2026-04-22 21:00:00
JOB00455,MACH067,PROD166,1099,Completed,2026-04-12 07:00:00,2026-04-12 09:00:00
JOB00456,MACH056,PROD267,748,Completed,2026-07-12 00:00:00,2026-07-13 15:00:00
JOB00457,MACH084,PROD107,1467,Completed,2026-06-27 20:00:00,2026-06-29 20:00:00
JOB00458,MACH012,PROD350,464,Running,2026-02-18 01:00:00,
JOB00459,MACH104,PROD393,569,Completed,2026-04-04 07:00:00,2026-04-05 13:00:00
JOB00460,MACH116,PROD021,430,Scheduled,2026-06-14 14:00:00,
JOB00461,MACH105,PROD403,968,Scheduled,2026-04-24 10:00:00,
JOB00462,MACH114,PROD451,464,Completed,2026-03-24 00:00:00,2026-03-25 21:00:00
JOB00463,MACH055,PROD421,1871,Completed,2026-07-18 12:00:00,2026-07-19 21:00:00
JOB00464,MACH100,PROD232,1263,Scheduled,2026-01-07 02:00:00,
JOB00465,MACH077,PROD309,1962,Running,2026-02-15 13:00:00,
JOB00466,MACH109,PROD005,1199,Completed,2026-07-15 16:00:00,2026-07-16 17:00:00
JOB00467,MACH065,PROD407,1539,Running,2026-05-05 10:00:00,
JOB00468,MACH009,PROD242,1491,Running,2026-02-06 01:00:00,
JOB00469,MACH035,PROD190,798,Delayed,2026-02-28 03:00:00,2026-03-04 14:00:00
JOB00470,MACH039,PROD214,69,Running,2026-02-04 02:00:00,
JOB00471,MACH013,PROD451,1260,Running,2026-03-18 01:00:00,
JOB00472,MACH093,PROD211,271,Running,2026-05-31 04:00:00,
JOB00473,MACH041,PROD124,660,Running,2026-05-01 09:00:00,
JOB00474,MACH107,PROD315,1622,Scheduled,2026-05-03 04:00:00,
JOB00475,MACH102,PROD474,561,Completed,2026-07-02 12:00:00,2026-07-03 12:00:00
JOB00476,MACH071,PROD468,916,Completed,2026-03-09 23:00:00,2026-03-10 13:00:00
JOB00477,MACH015,PROD061,598,Completed,2026-03-16 20:00:00,2026-03-18 10:00:00
JOB00478,MACH089,PROD073,1495,Completed,2026-06-19 10:00:00,2026-06-20 18:00:00
JOB00479,MACH008,PROD271,1681,Running,2026-05-05 16:00:00,
JOB00480,MACH108,PROD336,615,Scheduled,2026-03-26 15:00:00,
JOB00481,MACH042,PROD050,818,Scheduled,2026-06-23 16:00:00,
JOB00482,MACH118,PROD160,1579,Scheduled,2026-03-28 07:00:00,
JOB00483,MACH047,PROD354,569,Delayed,2026-03-06 23:00:00,2026-03-09 23:00:00
JOB00484,MACH070,PROD224,176,Completed,2026-04-22 02:00:00,2026-04-24 00:00:00
JOB00485,MACH048,PROD045,341,Completed,2026-02-15 04:00:00,2026-02-15 10:00:00
JOB00486,MACH068,PROD140,168,Completed,2026-05-19 17:00:00,2026-05-21 02:00:00
JOB00487,MACH032,PROD360,1928,Completed,2026-04-11 01:00:00,2026-04-12 15:00:00
JOB00488,MACH118,PROD007,966,Completed,2026-03-02 16:00:00,2026-03-03 13:00:00
JOB00489,MACH029,PROD100,872,Delayed,2026-02-12 23:00:00,
JOB00490,MACH001,PROD377,920,Completed,2026-03-10 08:00:00,2026-03-10 13:00:00
JOB00491,MACH023,PROD186,1180,Completed,2026-05-13 18:00:00,2026-05-15 17:00:00
JOB00492,MACH049,PROD405,1175,Delayed,2026-02-21 08:00:00,
JOB00493,MACH008,PROD198,1981,Completed,2026-03-13 22:00:00,2026-03-15 09:00:00
JOB00494,MACH081,PROD119,1744,Running,2026-05-29 13:00:00,
JOB00495,MACH055,PROD034,270,Completed,2026-05-04 14:00:00,2026-05-05 06:00:00
JOB00496,MACH068,PROD465,954,Completed,2026-07-14 15:00:00,2026-07-16 02:00:00
JOB00497,MACH077,PROD231,1341,Completed,2026-04-08 01:00:00,2026-04-08 16:00:00
JOB00498,MACH030,PROD046,1489,Running,2026-04-05 11:00:00,
JOB00499,MACH063,PROD346,817,Completed,2026-07-08 15:00:00,2026-07-08 18:00:00
JOB00500,MACH003,PROD233,1314,Running,2026-06-10 18:00:00,
JOB00501,MACH051,PROD087,420,Running,2026-04-16 05:00:00,
JOB00502,MACH117,PROD321,198,Completed,2026-02-06 05:00:00,2026-02-08 05:00:00
JOB00503,MACH007,PROD398,1898,Scheduled,2026-01-07 03:00:00,
JOB00504,MACH064,PROD401,1146,Completed,2026-03-06 12:00:00,2026-03-07 18:00:00
JOB00505,MACH028,PROD365,1640,Completed,2026-04-22 14:00:00,2026-04-22 16:00:00
JOB00506,MACH104,PROD459,423,Completed,2026-05-28 16:00:00,2026-05-30 00:00:00
JOB00507,MACH093,PROD377,1443,Running,2026-03-11 00:00:00,
JOB00508,MACH086,PROD281,1650,Scheduled,2026-06-05 03:00:00,
JOB00509,MACH068,PROD054,571,Completed,2026-05-13 16:00:00,2026-05-15 01:00:00
JOB00510,MACH049,PROD241,213,Running,2026-06-30 00:00:00,
JOB00511,MACH032,PROD283,863,Running,2026-07-08 10:00:00,
JOB00512,MACH070,PROD435,1678,Completed,2026-06-23 09:00:00,2026-06-25 06:00:00
JOB00513,MACH083,PROD247,1496,Completed,2026-03-09 05:00:00,2026-03-10 15:00:00
JOB00514,MACH009,PROD433,369,Completed,2026-05-09 12:00:00,2026-05-10 13:00:00
JOB00515,MACH115,PROD252,1807,Completed,2026-01-13 01:00:00,2026-01-14 20:00:00
JOB00516,MACH105,PROD070,609,Completed,2026-02-13 18:00:00,2026-02-14 15:00:00
JOB00517,MACH053,PROD290,94,Running,2026-05-11 11:00:00,
JOB00518,MACH099,PROD274,229,Completed,2026-04-14 13:00:00,2026-04-14 15:00:00
JOB00519,MACH011,PROD250,596,Completed,2026-01-20 22:00:00,2026-01-22 13:00:00
JOB00520,MACH090,PROD022,286,Completed,2026-01-09 11:00:00,2026-01-11 08:00:00
JOB00521,MACH024,PROD480,1195,Completed,2026-06-24 01:00:00,2026-06-24 17:00:00
JOB00522,MACH118,PROD101,379,Completed,2026-05-26 19:00:00,2026-05-28 14:00:00
JOB00523,MACH085,PROD225,1491,Delayed,2026-04-16 07:00:00,2026-04-20 19:00:00
JOB00524,MACH089,PROD246,1333,Completed,2026-03-07 21:00:00,2026-03-08 04:00:00
JOB00525,MACH017,PROD262,890,Completed,2026-01-30 05:00:00,2026-02-01 02:00:00
JOB00526,MACH032,PROD383,340,Scheduled,2026-06-19 07:00:00,
JOB00527,MACH094,PROD176,1796,Running,2026-04-29 08:00:00,
JOB00528,MACH024,PROD356,1099,Running,2026-03-19 14:00:00,
JOB00529,MACH092,PROD276,924,Running,2026-03-05 14:00:00,
JOB00530,MACH110,PROD453,342,Delayed,2026-01-25 13:00:00,
JOB00531,MACH008,PROD343,765,Delayed,2026-01-17 18:00:00,2026-01-21 03:00:00
JOB00532,MACH059,PROD375,1182,Scheduled,2026-06-15 03:00:00,
JOB00533,MACH106,PROD289,1367,Completed,2026-04-03 21:00:00,2026-04-04 03:00:00
JOB00534,MACH021,PROD398,823,Running,2026-07-10 10:00:00,
JOB00535,MACH111,PROD268,948,Completed,2026-01-18 22:00:00,2026-01-19 23:00:00
JOB00536,MACH095,PROD478,533,Scheduled,2026-06-25 18:00:00,
JOB00537,MACH099,PROD444,838,Completed,2026-01-22 01:00:00,2026-01-22 10:00:00
JOB00538,MACH054,PROD265,1949,Completed,2026-02-06 11:00:00,2026-02-07 23:00:00
JOB00539,MACH013,PROD362,597,Completed,2026-05-10 21:00:00,2026-05-11 07:00:00
JOB00540,MACH018,PROD087,227,Running,2026-06-05 04:00:00,
JOB00541,MACH087,PROD041,260,Completed,2026-07-16 18:00:00,2026-07-17 18:00:00
JOB00542,MACH017,PROD210,1664,Completed,2026-03-06 08:00:00,2026-03-06 22:00:00
JOB00543,MACH004,PROD201,1724,Completed,2026-06-04 18:00:00,2026-06-05 10:00:00
JOB00544,MACH080,PROD448,1547,Running,2026-04-08 09:00:00,
JOB00545,MACH033,PROD244,1574,Running,2026-05-25 18:00:00,
JOB00546,MACH067,PROD344,330,Completed,2026-03-30 22:00:00,2026-03-31 10:00:00
JOB00547,MACH060,PROD344,1759,Completed,2026-02-12 20:00:00,2026-02-14 09:00:00
JOB00548,MACH098,PROD172,1383,Running,2026-05-28 09:00:00,
JOB00549,MACH069,PROD344,1006,Delayed,2026-01-15 03:00:00,2026-01-19 18:00:00
JOB00550,MACH072,PROD140,1167,Running,2026-05-28 04:00:00,
JOB00551,MACH038,PROD481,1331,Delayed,2026-01-13 15:00:00,2026-01-17 04:00:00
JOB00552,MACH057,PROD378,919,Scheduled,2026-04-29 08:00:00,
JOB00553,MACH054,PROD146,1849,Scheduled,2026-07-03 23:00:00,
JOB00554,MACH064,PROD109,686,Running,2026-03-03 20:00:00,
JOB00555,MACH046,PROD479,437,Delayed,2026-05-14 21:00:00,
JOB00556,MACH015,PROD343,1135,Scheduled,2026-06-02 07:00:00,
JOB00557,MACH099,PROD127,299,Running,2026-03-19 20:00:00,
JOB00558,MACH007,PROD318,1731,Completed,2026-01-13 06:00:00,2026-01-15 06:00:00
JOB00559,MACH023,PROD026,870,Completed,2026-07-09 06:00:00,2026-07-09 21:00:00
JOB00560,MACH055,PROD309,294,Scheduled,2026-06-27 10:00:00,
JOB00561,MACH080,PROD346,992,Completed,2026-03-25 22:00:00,2026-03-27 07:00:00
JOB00562,MACH028,PROD288,1162,Completed,2026-02-22 18:00:00,2026-02-23 12:00:00
JOB00563,MACH081,PROD024,1599,Completed,2026-01-12 04:00:00,2026-01-12 14:00:00
JOB00564,MACH039,PROD124,367,Running,2026-04-28 09:00:00,
JOB00565,MACH005,PROD353,1647,Running,2026-01-30 19:00:00,
JOB00566,MACH013,PROD128,1669,Completed,2026-07-05 10:00:00,2026-07-05 16:00:00
JOB00567,MACH083,PROD285,212,Running,2026-06-11 16:00:00,
JOB00568,MACH074,PROD500,1005,Completed,2026-02-21 10:00:00,2026-02-22 05:00:00
JOB00569,MACH105,PROD322,1680,Completed,2026-06-03 11:00:00,2026-06-04 05:00:00
JOB00570,MACH024,PROD482,315,Completed,2026-05-22 15:00:00,2026-05-23 13:00:00
JOB00571,MACH033,PROD287,1145,Running,2026-01-19 14:00:00,
JOB00572,MACH014,PROD001,1856,Scheduled,2026-02-09 04:00:00,
JOB00573,MACH102,PROD113,1418,Running,2026-01-15 05:00:00,
JOB00574,MACH058,PROD259,179,Running,2026-03-03 12:00:00,
JOB00575,MACH055,PROD345,1616,Delayed,2026-03-26 18:00:00,2026-03-30 13:00:00
JOB00576,MACH041,PROD291,434,Completed,2026-04-01 13:00:00,2026-04-02 23:00:00
JOB00577,MACH061,PROD165,796,Completed,2026-04-22 12:00:00,2026-04-24 08:00:00
JOB00578,MACH044,PROD456,1315,Completed,2026-07-04 11:00:00,2026-07-05 17:00:00
JOB00579,MACH081,PROD355,1544,Completed,2026-05-30 01:00:00,2026-05-30 18:00:00
JOB00580,MACH021,PROD459,530,Completed,2026-05-30 14:00:00,2026-05-31 19:00:00
JOB00581,MACH110,PROD154,402,Completed,2026-06-06 04:00:00,2026-06-08 00:00:00
JOB00582,MACH113,PROD134,1340,Running,2026-02-23 04:00:00,
JOB00583,MACH036,PROD160,233,Completed,2026-06-01 16:00:00,2026-06-02 16:00:00
JOB00584,MACH027,PROD470,1584,Delayed,2026-05-26 04:00:00,
JOB00585,MACH060,PROD186,499,Completed,2026-02-17 14:00:00,2026-02-17 23:00:00
JOB00586,MACH097,PROD004,340,Delayed,2026-06-15 21:00:00,2026-06-19 06:00:00
JOB00587,MACH071,PROD377,179,Scheduled,2026-01-21 22:00:00,
JOB00588,MACH020,PROD151,1042,Completed,2026-05-20 22:00:00,2026-05-22 06:00:00
JOB00589,MACH109,PROD434,1334,Completed,2026-06-10 11:00:00,2026-06-12 07:00:00
JOB00590,MACH062,PROD019,428,Completed,2026-04-01 00:00:00,2026-04-02 08:00:00
JOB00591,MACH117,PROD417,581,Completed,2026-04-19 03:00:00,2026-04-19 07:00:00
JOB00592,MACH116,PROD042,1379,Running,2026-07-09 01:00:00,
JOB00593,MACH082,PROD400,337,Running,2026-04-05 05:00:00,
JOB00594,MACH085,PROD229,1615,Completed,2026-03-18 21:00:00,2026-03-19 06:00:00
JOB00595,MACH069,PROD138,732,Completed,2026-05-31 19:00:00,2026-06-01 17:00:00
JOB00596,MACH037,PROD097,228,Completed,2026-05-27 21:00:00,2026-05-29 06:00:00
JOB00597,MACH102,PROD285,453,Delayed,2026-06-15 22:00:00,
JOB00598,MACH055,PROD452,84,Completed,2026-07-15 12:00:00,2026-07-16 17:00:00
JOB00599,MACH067,PROD459,1557,Completed,2026-07-16 13:00:00,2026-07-18 06:00:00
JOB00600,MACH093,PROD385,1677,Scheduled,2026-06-26 17:00:00,
JOB00601,MACH049,PROD124,1509,Scheduled,2026-02-28 17:00:00,
JOB00602,MACH042,PROD400,1748,Delayed,2026-03-17 22:00:00,
JOB00603,MACH102,PROD432,122,Scheduled,2026-04-02 01:00:00,
JOB00604,MACH029,PROD033,823,Completed,2026-06-02 04:00:00,2026-06-04 02:00:00
JOB00605,MACH118,PROD004,601,Scheduled,2026-07-12 09:00:00,
JOB00606,MACH019,PROD086,1826,Running,2026-01-17 15:00:00,
JOB00607,MACH111,PROD469,1397,Completed,2026-05-30 02:00:00,2026-05-31 07:00:00
JOB00608,MACH092,PROD216,91,Completed,2026-05-19 13:00:00,2026-05-20 07:00:00
JOB00609,MACH006,PROD488,820,Running,2026-02-25 01:00:00,
JOB00610,MACH060,PROD270,1185,Completed,2026-05-26 11:00:00,2026-05-27 15:00:00
JOB00611,MACH026,PROD265,72,Scheduled,2026-03-09 03:00:00,
JOB00612,MACH014,PROD099,1796,Completed,2026-06-11 06:00:00,2026-06-12 07:00:00
JOB00613,MACH068,PROD353,986,Completed,2026-06-07 17:00:00,2026-06-08 23:00:00
JOB00614,MACH050,PROD228,951,Completed,2026-07-04 14:00:00,2026-07-05 07:00:00
JOB00615,MACH015,PROD105,1429,Completed,2026-02-01 21:00:00,2026-02-02 08:00:00
JOB00616,MACH076,PROD251,1095,Completed,2026-04-25 23:00:00,2026-04-26 10:00:00
JOB00617,MACH074,PROD219,591,Completed,2026-03-16 12:00:00,2026-03-18 03:00:00
JOB00618,MACH071,PROD259,1679,Completed,2026-05-20 15:00:00,2026-05-21 00:00:00
JOB00619,MACH112,PROD362,283,Delayed,2026-05-03 08:00:00,2026-05-06 10:00:00
JOB00620,MACH037,PROD030,715,Running,2026-01-28 04:00:00,
JOB00621,MACH052,PROD423,1401,Running,2026-05-04 01:00:00,
JOB00622,MACH091,PROD284,164,Completed,2026-06-25 00:00:00,2026-06-25 06:00:00
JOB00623,MACH097,PROD254,1777,Completed,2026-05-18 03:00:00,2026-05-19 19:00:00
JOB00624,MACH063,PROD245,1910,Completed,2026-07-07 03:00:00,2026-07-08 15:00:00
JOB00625,MACH059,PROD393,510,Completed,2026-05-05 13:00:00,2026-05-05 21:00:00
JOB00626,MACH099,PROD040,53,Completed,2026-05-02 01:00:00,2026-05-02 16:00:00
JOB00627,MACH046,PROD288,1976,Running,2026-04-23 02:00:00,
JOB00628,MACH018,PROD166,1077,Scheduled,2026-01-10 06:00:00,
JOB00629,MACH118,PROD422,1817,Completed,2026-03-08 08:00:00,2026-03-08 15:00:00
JOB00630,MACH068,PROD022,1649,Completed,2026-07-15 20:00:00,2026-07-17 08:00:00
JOB00631,MACH093,PROD326,877,Running,2026-01-27 17:00:00,
JOB00632,MACH119,PROD208,848,Completed,2026-04-29 16:00:00,2026-05-01 09:00:00
JOB00633,MACH029,PROD500,976,Running,2026-04-19 16:00:00,
JOB00634,MACH007,PROD047,116,Completed,2026-06-27 14:00:00,2026-06-27 18:00:00
JOB00635,MACH002,PROD205,244,Completed,2026-04-25 17:00:00,2026-04-27 03:00:00
JOB00636,MACH098,PROD349,1021,Running,2026-02-12 21:00:00,
JOB00637,MACH078,PROD093,1740,Running,2026-04-06 02:00:00,
JOB00638,MACH112,PROD063,1722,Completed,2026-02-23 19:00:00,2026-02-24 12:00:00
JOB00639,MACH036,PROD273,402,Running,2026-04-12 10:00:00,
JOB00640,MACH060,PROD043,763,Completed,2026-04-22 14:00:00,2026-04-24 12:00:00
JOB00641,MACH016,PROD164,241,Running,2026-02-24 13:00:00,
JOB00642,MACH066,PROD445,788,Running,2026-07-18 06:00:00,
JOB00643,MACH046,PROD316,1120,Completed,2026-02-02 05:00:00,2026-02-02 12:00:00
JOB00644,MACH080,PROD498,1993,Delayed,2026-01-11 21:00:00,2026-01-14 23:00:00
JOB00645,MACH067,PROD217,1161,Completed,2026-01-25 04:00:00,2026-01-26 22:00:00
JOB00646,MACH114,PROD331,261,Delayed,2026-07-05 17:00:00,2026-07-09 00:00:00
JOB00647,MACH093,PROD320,1073,Completed,2026-02-19 23:00:00,2026-02-21 08:00:00
JOB00648,MACH087,PROD052,345,Completed,2026-01-04 00:00:00,2026-01-04 19:00:00
JOB00649,MACH021,PROD147,84,Completed,2026-03-02 01:00:00,2026-03-03 10:00:00
JOB00650,MACH037,PROD196,265,Completed,2026-02-12 00:00:00,2026-02-13 05:00:00
JOB00651,MACH106,PROD160,659,Running,2026-06-12 00:00:00,
JOB00652,MACH026,PROD013,1293,Scheduled,2026-01-12 06:00:00,
JOB00653,MACH052,PROD090,1317,Completed,2026-01-29 16:00:00,2026-01-31 16:00:00
JOB00654,MACH029,PROD312,146,Running,2026-01-05 20:00:00,
JOB00655,MACH083,PROD458,625,Delayed,2026-01-19 08:00:00,2026-01-22 09:00:00
JOB00656,MACH015,PROD144,1005,Completed,2026-06-19 22:00:00,2026-06-20 12:00:00
JOB00657,MACH003,PROD026,1526,Completed,2026-05-19 21:00:00,2026-05-20 17:00:00
JOB00658,MACH120,PROD196,202,Completed,2026-01-26 19:00:00,2026-01-27 17:00:00
JOB00659,MACH072,PROD356,778,Running,2026-01-14 14:00:00,
JOB00660,MACH067,PROD319,907,Completed,2026-06-09 06:00:00,2026-06-10 00:00:00
JOB00661,MACH051,PROD125,208,Completed,2026-07-16 16:00:00,2026-07-17 12:00:00
JOB00662,MACH044,PROD395,368,Completed,2026-03-10 08:00:00,2026-03-12 08:00:00
JOB00663,MACH055,PROD066,264,Completed,2026-03-07 08:00:00,2026-03-08 12:00:00
JOB00664,MACH010,PROD367,845,Delayed,2026-04-03 00:00:00,2026-04-06 06:00:00
JOB00665,MACH033,PROD062,1374,Scheduled,2026-03-19 04:00:00,
JOB00666,MACH021,PROD331,1638,Completed,2026-03-04 09:00:00,2026-03-05 01:00:00
JOB00667,MACH062,PROD321,1622,Completed,2026-03-12 06:00:00,2026-03-13 01:00:00
JOB00668,MACH042,PROD498,1203,Completed,2026-02-26 02:00:00,2026-02-27 07:00:00
JOB00669,MACH027,PROD458,808,Completed,2026-03-13 00:00:00,2026-03-13 23:00:00
JOB00670,MACH102,PROD065,1489,Completed,2026-02-27 13:00:00,2026-02-28 20:00:00
JOB00671,MACH090,PROD235,586,Completed,2026-01-14 02:00:00,2026-01-15 11:00:00
JOB00672,MACH055,PROD203,895,Delayed,2026-01-17 05:00:00,
JOB00673,MACH099,PROD452,1209,Completed,2026-04-20 07:00:00,2026-04-21 04:00:00
JOB00674,MACH046,PROD364,1548,Completed,2026-07-15 23:00:00,2026-07-16 11:00:00
JOB00675,MACH082,PROD450,1331,Running,2026-04-08 07:00:00,
JOB00676,MACH074,PROD173,1561,Completed,2026-06-04 22:00:00,2026-06-06 03:00:00
JOB00677,MACH039,PROD086,1974,Running,2026-03-24 10:00:00,
JOB00678,MACH024,PROD246,541,Completed,2026-07-01 16:00:00,2026-07-03 04:00:00
JOB00679,MACH104,PROD243,908,Scheduled,2026-01-20 15:00:00,
JOB00680,MACH085,PROD470,697,Completed,2026-07-03 23:00:00,2026-07-04 10:00:00
JOB00681,MACH114,PROD478,1019,Delayed,2026-05-24 01:00:00,
JOB00682,MACH005,PROD450,1183,Completed,2026-02-08 11:00:00,2026-02-09 02:00:00
JOB00683,MACH012,PROD381,1308,Completed,2026-06-24 09:00:00,2026-06-25 09:00:00
JOB00684,MACH066,PROD475,161,Running,2026-01-01 15:00:00,
JOB00685,MACH067,PROD082,146,Delayed,2026-05-18 17:00:00,2026-05-23 16:00:00
JOB00686,MACH003,PROD478,1602,Delayed,2026-06-30 07:00:00,
JOB00687,MACH088,PROD323,451,Completed,2026-05-04 10:00:00,2026-05-05 19:00:00
JOB00688,MACH069,PROD211,127,Completed,2026-04-29 14:00:00,2026-05-01 01:00:00
JOB00689,MACH002,PROD132,550,Completed,2026-07-02 07:00:00,2026-07-03 20:00:00
JOB00690,MACH088,PROD449,220,Completed,2026-06-24 17:00:00,2026-06-25 22:00:00
JOB00691,MACH119,PROD297,905,Completed,2026-01-03 03:00:00,2026-01-04 00:00:00
JOB00692,MACH039,PROD216,602,Completed,2026-03-13 19:00:00,2026-03-15 18:00:00
JOB00693,MACH007,PROD253,1068,Running,2026-01-17 08:00:00,
JOB00694,MACH060,PROD340,1099,Scheduled,2026-03-06 06:00:00,
JOB00695,MACH070,PROD488,371,Completed,2026-03-19 00:00:00,2026-03-20 14:00:00
JOB00696,MACH069,PROD024,1234,Completed,2026-07-02 23:00:00,2026-07-04 09:00:00
JOB00697,MACH098,PROD343,1980,Completed,2026-03-19 07:00:00,2026-03-20 15:00:00
JOB00698,MACH059,PROD159,964,Completed,2026-05-14 11:00:00,2026-05-16 04:00:00
JOB00699,MACH027,PROD014,640,Completed,2026-04-27 04:00:00,2026-04-27 10:00:00
JOB00700,MACH005,PROD365,792,Completed,2026-03-16 08:00:00,2026-03-17 17:00:00
JOB00701,MACH071,PROD439,685,Completed,2026-06-25 08:00:00,2026-06-26 13:00:00
JOB00702,MACH006,PROD032,1990,Completed,2026-04-13 11:00:00,2026-04-13 21:00:00
JOB00703,MACH047,PROD037,1136,Completed,2026-06-27 09:00:00,2026-06-29 02:00:00
JOB00704,MACH007,PROD413,1447,Completed,2026-01-07 07:00:00,2026-01-08 16:00:00
JOB00705,MACH061,PROD262,1155,Running,2026-07-18 09:00:00,
JOB00706,MACH074,PROD422,807,Completed,2026-01-08 18:00:00,2026-01-10 10:00:00
JOB00707,MACH113,PROD478,1960,Scheduled,2026-01-28 12:00:00,
JOB00708,MACH038,PROD314,1548,Completed,2026-06-30 16:00:00,2026-07-02 12:00:00
JOB00709,MACH028,PROD169,141,Completed,2026-02-28 02:00:00,2026-03-01 07:00:00
JOB00710,MACH099,PROD181,366,Completed,2026-06-13 17:00:00,2026-06-15 07:00:00
JOB00711,MACH117,PROD019,1845,Running,2026-06-03 09:00:00,
JOB00712,MACH029,PROD003,1572,Completed,2026-06-03 03:00:00,2026-06-04 09:00:00
JOB00713,MACH063,PROD495,1195,Scheduled,2026-07-01 23:00:00,
JOB00714,MACH096,PROD282,268,Running,2026-05-08 02:00:00,
JOB00715,MACH057,PROD175,1842,Running,2026-01-08 02:00:00,
JOB00716,MACH002,PROD104,250,Completed,2026-07-20 01:00:00,2026-07-21 17:00:00
JOB00717,MACH050,PROD080,207,Delayed,2026-03-12 03:00:00,
JOB00718,MACH026,PROD273,1890,Scheduled,2026-05-04 18:00:00,
JOB00719,MACH011,PROD133,320,Completed,2026-03-14 18:00:00,2026-03-15 05:00:00
JOB00720,MACH078,PROD141,1936,Delayed,2026-02-22 11:00:00,
JOB00721,MACH100,PROD158,68,Completed,2026-04-24 05:00:00,2026-04-24 20:00:00
JOB00722,MACH030,PROD280,676,Delayed,2026-02-25 16:00:00,
JOB00723,MACH058,PROD371,1293,Completed,2026-03-31 17:00:00,2026-04-01 01:00:00
JOB00724,MACH078,PROD238,464,Running,2026-06-02 12:00:00,
JOB00725,MACH014,PROD275,1163,Completed,2026-03-03 20:00:00,2026-03-05 07:00:00
JOB00726,MACH048,PROD106,530,Completed,2026-03-11 07:00:00,2026-03-11 15:00:00
JOB00727,MACH079,PROD179,301,Running,2026-04-23 20:00:00,
JOB00728,MACH035,PROD414,1699,Delayed,2026-07-01 14:00:00,
JOB00729,MACH070,PROD337,1293,Completed,2026-06-29 08:00:00,2026-06-30 14:00:00
JOB00730,MACH040,PROD399,1755,Completed,2026-04-01 04:00:00,2026-04-01 09:00:00
JOB00731,MACH109,PROD318,69,Completed,2026-02-07 10:00:00,2026-02-08 05:00:00
JOB00732,MACH028,PROD163,1776,Completed,2026-03-26 20:00:00,2026-03-27 02:00:00
JOB00733,MACH004,PROD276,363,Running,2026-01-25 12:00:00,
JOB00734,MACH015,PROD063,1854,Running,2026-06-27 11:00:00,
JOB00735,MACH024,PROD394,1898,Completed,2026-04-12 02:00:00,2026-04-13 23:00:00
JOB00736,MACH083,PROD446,1095,Completed,2026-01-31 23:00:00,2026-02-02 17:00:00
JOB00737,MACH013,PROD153,210,Completed,2026-05-03 21:00:00,2026-05-04 20:00:00
JOB00738,MACH103,PROD422,1626,Completed,2026-04-28 21:00:00,2026-04-30 05:00:00
JOB00739,MACH065,PROD269,606,Delayed,2026-04-07 14:00:00,2026-04-12 04:00:00
JOB00740,MACH099,PROD439,1544,Delayed,2026-04-09 01:00:00,2026-04-12 11:00:00
JOB00741,MACH045,PROD288,1918,Completed,2026-04-20 08:00:00,2026-04-21 17:00:00
JOB00742,MACH050,PROD246,1623,Scheduled,2026-03-19 06:00:00,
JOB00743,MACH039,PROD454,1772,Running,2026-06-07 02:00:00,
JOB00744,MACH073,PROD284,965,Running,2026-01-29 11:00:00,
JOB00745,MACH099,PROD388,219,Completed,2026-04-29 04:00:00,2026-04-30 10:00:00
JOB00746,MACH113,PROD449,805,Running,2026-04-11 10:00:00,
JOB00747,MACH107,PROD167,459,Completed,2026-01-19 05:00:00,2026-01-20 14:00:00
JOB00748,MACH035,PROD465,1810,Delayed,2026-06-20 03:00:00,
JOB00749,MACH028,PROD039,569,Delayed,2026-03-16 11:00:00,
JOB00750,MACH053,PROD291,359,Completed,2026-01-30 05:00:00,2026-01-31 19:00:00
JOB00751,MACH085,PROD066,1127,Delayed,2026-02-28 03:00:00,
JOB00752,MACH085,PROD471,1003,Completed,2026-03-21 12:00:00,2026-03-21 16:00:00
JOB00753,MACH057,PROD342,809,Scheduled,2026-05-31 23:00:00,
JOB00754,MACH043,PROD239,1532,Scheduled,2026-07-13 07:00:00,
JOB00755,MACH082,PROD225,674,Completed,2026-02-12 06:00:00,2026-02-13 00:00:00
JOB00756,MACH110,PROD064,1064,Running,2026-04-22 02:00:00,
JOB00757,MACH004,PROD050,1429,Completed,2026-02-03 22:00:00,2026-02-05 19:00:00
JOB00758,MACH043,PROD308,781,Completed,2026-03-26 21:00:00,2026-03-27 03:00:00
JOB00759,MACH111,PROD282,810,Completed,2026-01-26 05:00:00,2026-01-27 21:00:00
JOB00760,MACH093,PROD228,704,Completed,2026-05-18 08:00:00,2026-05-19 03:00:00
JOB00761,MACH033,PROD405,1817,Completed,2026-04-22 17:00:00,2026-04-24 06:00:00
JOB00762,MACH074,PROD156,1539,Running,2026-03-09 08:00:00,
JOB00763,MACH079,PROD237,1599,Completed,2026-02-23 17:00:00,2026-02-24 00:00:00
JOB00764,MACH096,PROD393,1517,Delayed,2026-06-25 21:00:00,
JOB00765,MACH090,PROD403,1554,Completed,2026-03-31 15:00:00,2026-04-02 04:00:00
JOB00766,MACH099,PROD182,1558,Delayed,2026-04-17 04:00:00,
JOB00767,MACH022,PROD023,1074,Completed,2026-04-13 01:00:00,2026-04-15 01:00:00
JOB00768,MACH105,PROD374,1819,Completed,2026-02-11 00:00:00,2026-02-11 16:00:00
JOB00769,MACH120,PROD411,1222,Completed,2026-04-25 07:00:00,2026-04-25 15:00:00
JOB00770,MACH116,PROD311,75,Running,2026-06-02 04:00:00,
JOB00771,MACH016,PROD262,936,Completed,2026-03-19 16:00:00,2026-03-19 18:00:00
JOB00772,MACH067,PROD184,1575,Delayed,2026-05-13 05:00:00,2026-05-16 04:00:00
JOB00773,MACH029,PROD316,1358,Running,2026-01-30 20:00:00,
JOB00774,MACH046,PROD046,544,Completed,2026-01-15 09:00:00,2026-01-15 16:00:00
JOB00775,MACH060,PROD141,1291,Completed,2026-06-08 01:00:00,2026-06-08 09:00:00
JOB00776,MACH027,PROD327,1485,Completed,2026-01-27 17:00:00,2026-01-28 03:00:00
JOB00777,MACH042,PROD380,1886,Completed,2026-04-03 01:00:00,2026-04-03 10:00:00
JOB00778,MACH067,PROD302,1969,Running,2026-06-28 16:00:00,
JOB00779,MACH113,PROD058,1441,Completed,2026-04-03 14:00:00,2026-04-05 03:00:00
JOB00780,MACH062,PROD355,1684,Completed,2026-06-12 19:00:00,2026-06-14 13:00:00
JOB00781,MACH072,PROD402,829,Running,2026-06-04 02:00:00,
JOB00782,MACH074,PROD107,1972,Completed,2026-05-02 07:00:00,2026-05-04 05:00:00
JOB00783,MACH018,PROD186,344,Completed,2026-04-11 12:00:00,2026-04-13 09:00:00
JOB00784,MACH058,PROD006,1983,Running,2026-05-10 22:00:00,
JOB00785,MACH043,PROD232,235,Completed,2026-03-19 02:00:00,2026-03-20 20:00:00
JOB00786,MACH057,PROD487,987,Completed,2026-01-24 04:00:00,2026-01-25 05:00:00
JOB00787,MACH103,PROD233,1608,Completed,2026-06-01 08:00:00,2026-06-01 21:00:00
JOB00788,MACH073,PROD346,525,Scheduled,2026-01-02 21:00:00,
JOB00789,MACH105,PROD415,1153,Completed,2026-07-15 05:00:00,2026-07-17 04:00:00
JOB00790,MACH072,PROD400,217,Completed,2026-01-07 07:00:00,2026-01-08 23:00:00
JOB00791,MACH113,PROD098,1085,Running,2026-05-25 09:00:00,
JOB00792,MACH027,PROD419,816,Running,2026-03-21 10:00:00,
JOB00793,MACH022,PROD401,1783,Running,2026-06-15 16:00:00,
JOB00794,MACH117,PROD281,1908,Completed,2026-06-19 21:00:00,2026-06-19 23:00:00
JOB00795,MACH116,PROD381,331,Scheduled,2026-02-18 08:00:00,
JOB00796,MACH114,PROD325,1978,Running,2026-03-29 15:00:00,
JOB00797,MACH103,PROD212,1787,Completed,2026-04-17 14:00:00,2026-04-17 22:00:00
JOB00798,MACH095,PROD218,1633,Scheduled,2026-05-11 03:00:00,
JOB00799,MACH049,PROD318,1393,Completed,2026-04-26 16:00:00,2026-04-28 06:00:00
JOB00800,MACH040,PROD260,476,Completed,2026-01-11 08:00:00,2026-01-12 16:00:00
JOB00801,MACH036,PROD046,491,Completed,2026-02-10 11:00:00,2026-02-12 09:00:00
JOB00802,MACH038,PROD352,774,Running,2026-02-14 13:00:00,
JOB00803,MACH019,PROD500,1094,Completed,2026-04-01 22:00:00,2026-04-02 13:00:00
JOB00804,MACH095,PROD132,1041,Completed,2026-02-22 23:00:00,2026-02-24 14:00:00
JOB00805,MACH055,PROD050,197,Delayed,2026-05-31 13:00:00,2026-06-04 23:00:00
JOB00806,MACH031,PROD315,850,Scheduled,2026-07-09 08:00:00,
JOB00807,MACH025,PROD447,1109,Completed,2026-01-24 16:00:00,2026-01-25 21:00:00
JOB00808,MACH055,PROD374,366,Completed,2026-02-14 11:00:00,2026-02-16 10:00:00
JOB00809,MACH106,PROD387,1931,Completed,2026-04-06 05:00:00,2026-04-06 11:00:00
JOB00810,MACH118,PROD196,810,Completed,2026-06-12 09:00:00,2026-06-12 23:00:00
JOB00811,MACH066,PROD480,1407,Completed,2026-07-09 02:00:00,2026-07-11 01:00:00
JOB00812,MACH002,PROD168,943,Scheduled,2026-05-11 09:00:00,
JOB00813,MACH022,PROD064,993,Completed,2026-04-23 22:00:00,2026-04-25 02:00:00
JOB00814,MACH024,PROD219,1278,Delayed,2026-03-12 19:00:00,2026-03-16 18:00:00
JOB00815,MACH029,PROD375,1615,Running,2026-02-20 20:00:00,
JOB00816,MACH040,PROD438,906,Completed,2026-05-09 08:00:00,2026-05-10 17:00:00
JOB00817,MACH064,PROD375,1644,Running,2026-05-30 20:00:00,
JOB00818,MACH074,PROD443,1150,Completed,2026-01-08 03:00:00,2026-01-08 05:00:00
JOB00819,MACH086,PROD452,1081,Running,2026-03-13 21:00:00,
JOB00820,MACH066,PROD466,620,Completed,2026-02-10 11:00:00,2026-02-11 12:00:00
JOB00821,MACH089,PROD312,823,Completed,2026-07-08 12:00:00,2026-07-08 20:00:00
JOB00822,MACH027,PROD435,319,Running,2026-01-23 06:00:00,
JOB00823,MACH022,PROD146,1215,Completed,2026-03-08 21:00:00,2026-03-10 18:00:00
JOB00824,MACH022,PROD299,1212,Scheduled,2026-02-22 10:00:00,
JOB00825,MACH043,PROD110,911,Scheduled,2026-04-06 10:00:00,
JOB00826,MACH029,PROD431,1121,Completed,2026-04-28 20:00:00,2026-04-29 02:00:00
JOB00827,MACH116,PROD165,1083,Completed,2026-03-04 08:00:00,2026-03-05 14:00:00
JOB00828,MACH062,PROD265,1653,Completed,2026-03-17 13:00:00,2026-03-18 09:00:00
JOB00829,MACH008,PROD432,639,Completed,2026-05-21 00:00:00,2026-05-22 04:00:00
JOB00830,MACH046,PROD029,636,Completed,2026-03-26 06:00:00,2026-03-27 16:00:00
JOB00831,MACH023,PROD360,1135,Running,2026-02-27 20:00:00,
JOB00832,MACH053,PROD213,1148,Scheduled,2026-05-10 15:00:00,
JOB00833,MACH051,PROD104,1467,Scheduled,2026-02-24 11:00:00,
JOB00834,MACH082,PROD249,250,Completed,2026-06-01 04:00:00,2026-06-02 08:00:00
JOB00835,MACH059,PROD148,936,Delayed,2026-02-27 23:00:00,
JOB00836,MACH097,PROD473,128,Completed,2026-04-26 03:00:00,2026-04-27 07:00:00
JOB00837,MACH089,PROD195,176,Completed,2026-04-04 12:00:00,2026-04-05 14:00:00
JOB00838,MACH079,PROD252,1163,Completed,2026-04-30 02:00:00,2026-04-30 07:00:00
JOB00839,MACH007,PROD131,1968,Completed,2026-06-12 18:00:00,2026-06-14 11:00:00
JOB00840,MACH053,PROD444,360,Completed,2026-05-05 23:00:00,2026-05-07 05:00:00
JOB00841,MACH068,PROD486,1991,Completed,2026-05-20 05:00:00,2026-05-20 14:00:00
JOB00842,MACH082,PROD193,1371,Completed,2026-07-14 13:00:00,2026-07-15 16:00:00
JOB00843,MACH072,PROD314,1823,Completed,2026-07-10 15:00:00,2026-07-10 21:00:00
JOB00844,MACH073,PROD460,1978,Scheduled,2026-01-24 03:00:00,
JOB00845,MACH001,PROD260,970,Completed,2026-06-16 21:00:00,2026-06-18 15:00:00
JOB00846,MACH051,PROD337,1163,Running,2026-02-09 19:00:00,
JOB00847,MACH045,PROD203,1735,Completed,2026-06-24 22:00:00,2026-06-26 11:00:00
JOB00848,MACH049,PROD282,91,Running,2026-05-26 04:00:00,
JOB00849,MACH030,PROD144,1018,Completed,2026-04-04 21:00:00,2026-04-06 17:00:00
JOB00850,MACH015,PROD370,216,Completed,2026-05-16 04:00:00,2026-05-16 21:00:00
JOB00851,MACH011,PROD346,1058,Completed,2026-03-03 23:00:00,2026-03-05 01:00:00
JOB00852,MACH001,PROD050,1937,Completed,2026-05-04 01:00:00,2026-05-05 09:00:00
JOB00853,MACH104,PROD288,615,Delayed,2026-06-06 23:00:00,2026-06-11 18:00:00
JOB00854,MACH069,PROD247,177,Scheduled,2026-05-06 02:00:00,
JOB00855,MACH002,PROD443,888,Completed,2026-05-04 01:00:00,2026-05-05 14:00:00
JOB00856,MACH118,PROD003,631,Completed,2026-07-13 07:00:00,2026-07-14 05:00:00
JOB00857,MACH107,PROD458,1019,Delayed,2026-05-06 18:00:00,2026-05-09 17:00:00
JOB00858,MACH049,PROD357,945,Completed,2026-03-29 05:00:00,2026-03-31 03:00:00
JOB00859,MACH009,PROD168,1836,Delayed,2026-05-03 23:00:00,2026-05-08 13:00:00
JOB00860,MACH097,PROD305,1322,Scheduled,2026-01-18 22:00:00,
JOB00861,MACH107,PROD500,988,Completed,2026-07-11 18:00:00,2026-07-12 13:00:00
JOB00862,MACH045,PROD326,208,Completed,2026-03-13 18:00:00,2026-03-15 05:00:00
JOB00863,MACH071,PROD361,205,Completed,2026-01-11 18:00:00,2026-01-12 12:00:00
JOB00864,MACH091,PROD023,1659,Scheduled,2026-04-24 01:00:00,
JOB00865,MACH052,PROD400,470,Completed,2026-07-12 12:00:00,2026-07-13 09:00:00
JOB00866,MACH104,PROD135,1506,Running,2026-02-21 15:00:00,
JOB00867,MACH084,PROD081,1711,Scheduled,2026-06-18 18:00:00,
JOB00868,MACH108,PROD339,1121,Running,2026-01-31 17:00:00,
JOB00869,MACH044,PROD045,1383,Delayed,2026-05-21 19:00:00,
JOB00870,MACH013,PROD387,1685,Completed,2026-05-05 07:00:00,2026-05-06 21:00:00
JOB00871,MACH056,PROD464,434,Delayed,2026-01-30 08:00:00,
JOB00872,MACH053,PROD378,612,Running,2026-07-18 06:00:00,
JOB00873,MACH115,PROD203,1524,Running,2026-02-06 15:00:00,
JOB00874,MACH082,PROD311,1950,Completed,2026-04-01 00:00:00,2026-04-01 05:00:00
JOB00875,MACH025,PROD310,1965,Completed,2026-03-21 00:00:00,2026-03-21 11:00:00
JOB00876,MACH060,PROD355,307,Completed,2026-05-09 01:00:00,2026-05-09 07:00:00
JOB00877,MACH037,PROD369,1526,Scheduled,2026-03-29 04:00:00,
JOB00878,MACH043,PROD147,951,Completed,2026-05-26 15:00:00,2026-05-28 02:00:00
JOB00879,MACH076,PROD377,872,Completed,2026-04-30 16:00:00,2026-05-01 03:00:00
JOB00880,MACH006,PROD276,856,Running,2026-06-03 12:00:00,
JOB00881,MACH049,PROD222,1227,Completed,2026-02-16 04:00:00,2026-02-16 10:00:00
JOB00882,MACH058,PROD016,73,Completed,2026-02-02 09:00:00,2026-02-03 21:00:00
JOB00883,MACH101,PROD272,1806,Completed,2026-04-04 20:00:00,2026-04-06 03:00:00
JOB00884,MACH091,PROD394,1711,Running,2026-07-11 19:00:00,
JOB00885,MACH051,PROD084,179,Completed,2026-01-09 12:00:00,2026-01-10 23:00:00
JOB00886,MACH014,PROD423,1361,Completed,2026-05-15 10:00:00,2026-05-15 14:00:00
JOB00887,MACH022,PROD004,1224,Completed,2026-02-13 01:00:00,2026-02-14 14:00:00
JOB00888,MACH055,PROD284,1422,Completed,2026-01-18 09:00:00,2026-01-19 03:00:00
JOB00889,MACH106,PROD141,57,Completed,2026-06-19 21:00:00,2026-06-20 21:00:00
JOB00890,MACH108,PROD392,973,Completed,2026-01-22 14:00:00,2026-01-23 19:00:00
JOB00891,MACH015,PROD461,1197,Completed,2026-05-10 12:00:00,2026-05-11 22:00:00
JOB00892,MACH065,PROD321,1715,Completed,2026-01-17 10:00:00,2026-01-18 07:00:00
JOB00893,MACH028,PROD328,976,Completed,2026-02-01 02:00:00,2026-02-02 22:00:00
JOB00894,MACH103,PROD163,1136,Scheduled,2026-01-23 11:00:00,
JOB00895,MACH003,PROD276,1473,Completed,2026-05-13 22:00:00,2026-05-14 20:00:00
JOB00896,MACH019,PROD377,791,Completed,2026-05-25 19:00:00,2026-05-27 11:00:00
JOB00897,MACH005,PROD228,1176,Completed,2026-03-10 00:00:00,2026-03-11 14:00:00
JOB00898,MACH096,PROD136,664,Completed,2026-07-01 07:00:00,2026-07-03 04:00:00
JOB00899,MACH007,PROD325,1518,Running,2026-06-13 20:00:00,
JOB00900,MACH028,PROD140,73,Running,2026-06-05 20:00:00,
JOB00901,MACH009,PROD239,1311,Completed,2026-04-27 19:00:00,2026-04-29 02:00:00
JOB00902,MACH044,PROD375,467,Completed,2026-03-31 07:00:00,2026-04-01 10:00:00
JOB00903,MACH026,PROD147,450,Scheduled,2026-03-03 13:00:00,
JOB00904,MACH002,PROD422,1173,Completed,2026-05-05 14:00:00,2026-05-07 00:00:00
JOB00905,MACH007,PROD329,1974,Scheduled,2026-07-09 13:00:00,
JOB00906,MACH018,PROD170,229,Completed,2026-02-27 14:00:00,2026-03-01 02:00:00
JOB00907,MACH011,PROD442,857,Completed,2026-03-05 19:00:00,2026-03-07 15:00:00
JOB00908,MACH057,PROD318,1982,Completed,2026-05-17 11:00:00,2026-05-18 06:00:00
JOB00909,MACH010,PROD420,61,Completed,2026-01-18 07:00:00,2026-01-18 13:00:00
JOB00910,MACH018,PROD260,527,Completed,2026-04-04 00:00:00,2026-04-05 17:00:00
JOB00911,MACH022,PROD032,1403,Completed,2026-03-22 00:00:00,2026-03-22 06:00:00
JOB00912,MACH003,PROD261,495,Completed,2026-01-08 04:00:00,2026-01-09 16:00:00
JOB00913,MACH079,PROD442,63,Running,2026-03-13 04:00:00,
JOB00914,MACH064,PROD253,1326,Delayed,2026-07-02 10:00:00,2026-07-05 02:00:00
JOB00915,MACH079,PROD446,859,Delayed,2026-02-22 08:00:00,
JOB00916,MACH040,PROD170,640,Delayed,2026-05-11 20:00:00,2026-05-16 13:00:00
JOB00917,MACH109,PROD314,1050,Completed,2026-05-30 03:00:00,2026-05-31 15:00:00
JOB00918,MACH078,PROD241,1257,Completed,2026-07-15 01:00:00,2026-07-15 06:00:00
JOB00919,MACH028,PROD076,1538,Running,2026-06-29 19:00:00,
JOB00920,MACH039,PROD287,285,Completed,2026-01-06 08:00:00,2026-01-06 11:00:00
JOB00921,MACH002,PROD051,1628,Completed,2026-07-14 10:00:00,2026-07-16 10:00:00
JOB00922,MACH089,PROD199,1271,Completed,2026-05-01 22:00:00,2026-05-02 17:00:00
JOB00923,MACH011,PROD301,1087,Completed,2026-03-02 01:00:00,2026-03-02 05:00:00
JOB00924,MACH114,PROD308,1191,Delayed,2026-03-26 16:00:00,2026-03-30 00:00:00
JOB00925,MACH076,PROD168,696,Running,2026-05-09 14:00:00,
JOB00926,MACH054,PROD089,883,Completed,2026-03-10 08:00:00,2026-03-11 14:00:00
JOB00927,MACH111,PROD359,977,Completed,2026-01-26 12:00:00,2026-01-27 10:00:00
JOB00928,MACH059,PROD356,1596,Completed,2026-07-14 22:00:00,2026-07-15 14:00:00
JOB00929,MACH064,PROD357,144,Running,2026-06-30 20:00:00,
JOB00930,MACH062,PROD072,1830,Completed,2026-02-12 14:00:00,2026-02-13 21:00:00
JOB00931,MACH065,PROD267,1954,Running,2026-03-12 20:00:00,
JOB00932,MACH087,PROD487,1570,Scheduled,2026-04-03 06:00:00,
JOB00933,MACH040,PROD287,1947,Completed,2026-04-17 17:00:00,2026-04-19 00:00:00
JOB00934,MACH050,PROD308,1399,Delayed,2026-02-18 08:00:00,2026-02-22 02:00:00
JOB00935,MACH024,PROD194,150,Running,2026-04-08 09:00:00,
JOB00936,MACH100,PROD313,1748,Scheduled,2026-02-16 13:00:00,
JOB00937,MACH046,PROD346,356,Completed,2026-02-13 13:00:00,2026-02-15 00:00:00
JOB00938,MACH006,PROD118,1249,Completed,2026-01-13 05:00:00,2026-01-14 19:00:00
JOB00939,MACH072,PROD284,1649,Delayed,2026-02-23 09:00:00,2026-02-26 12:00:00
JOB00940,MACH118,PROD189,344,Running,2026-04-16 12:00:00,
JOB00941,MACH119,PROD284,1729,Running,2026-02-03 22:00:00,
JOB00942,MACH019,PROD134,668,Completed,2026-06-15 07:00:00,2026-06-16 15:00:00
JOB00943,MACH070,PROD255,1336,Completed,2026-03-02 14:00:00,2026-03-03 19:00:00
JOB00944,MACH066,PROD184,891,Running,2026-05-05 21:00:00,
JOB00945,MACH106,PROD378,1733,Scheduled,2026-05-03 20:00:00,
JOB00946,MACH089,PROD069,1112,Running,2026-01-04 15:00:00,
JOB00947,MACH039,PROD458,654,Running,2026-04-14 09:00:00,
JOB00948,MACH020,PROD141,907,Running,2026-05-04 03:00:00,
JOB00949,MACH021,PROD081,130,Running,2026-04-09 17:00:00,
JOB00950,MACH072,PROD022,773,Delayed,2026-03-27 06:00:00,
JOB00951,MACH032,PROD053,1383,Completed,2026-07-03 01:00:00,2026-07-04 02:00:00
JOB00952,MACH038,PROD125,1667,Completed,2026-03-05 13:00:00,2026-03-07 07:00:00
JOB00953,MACH055,PROD328,400,Running,2026-07-13 00:00:00,
JOB00954,MACH039,PROD402,751,Completed,2026-03-07 00:00:00,2026-03-08 12:00:00
JOB00955,MACH100,PROD428,1333,Completed,2026-04-25 02:00:00,2026-04-25 15:00:00
JOB00956,MACH012,PROD152,1286,Running,2026-04-25 07:00:00,
JOB00957,MACH062,PROD438,855,Completed,2026-01-09 15:00:00,2026-01-10 04:00:00
JOB00958,MACH099,PROD463,1638,Running,2026-01-18 12:00:00,
JOB00959,MACH109,PROD040,269,Delayed,2026-04-09 20:00:00,2026-04-14 08:00:00
JOB00960,MACH007,PROD163,1552,Delayed,2026-06-29 20:00:00,
JOB00961,MACH029,PROD458,1027,Running,2026-02-06 05:00:00,
JOB00962,MACH063,PROD410,1186,Completed,2026-05-30 23:00:00,2026-06-01 12:00:00
JOB00963,MACH040,PROD153,207,Completed,2026-01-17 15:00:00,2026-01-18 16:00:00
JOB00964,MACH052,PROD286,1562,Completed,2026-07-10 08:00:00,2026-07-11 11:00:00
JOB00965,MACH094,PROD483,156,Delayed,2026-06-12 15:00:00,2026-06-16 00:00:00
JOB00966,MACH104,PROD096,1210,Completed,2026-06-07 12:00:00,2026-06-08 13:00:00
JOB00967,MACH043,PROD147,338,Running,2026-07-05 04:00:00,
JOB00968,MACH031,PROD436,1210,Running,2026-06-16 22:00:00,
JOB00969,MACH096,PROD095,1979,Completed,2026-01-08 11:00:00,2026-01-10 09:00:00
JOB00970,MACH069,PROD047,1007,Running,2026-05-06 12:00:00,
JOB00971,MACH086,PROD179,1614,Scheduled,2026-06-23 02:00:00,
JOB00972,MACH073,PROD115,1260,Delayed,2026-03-01 05:00:00,2026-03-04 17:00:00
JOB00973,MACH024,PROD394,519,Delayed,2026-04-11 09:00:00,2026-04-15 17:00:00
JOB00974,MACH011,PROD346,264,Completed,2026-03-04 00:00:00,2026-03-04 08:00:00
JOB00975,MACH032,PROD291,701,Completed,2026-02-10 06:00:00,2026-02-10 14:00:00
JOB00976,MACH052,PROD243,462,Completed,2026-06-19 14:00:00,2026-06-20 19:00:00
JOB00977,MACH112,PROD492,411,Completed,2026-02-28 17:00:00,2026-02-28 21:00:00
JOB00978,MACH023,PROD049,730,Running,2026-04-15 15:00:00,
JOB00979,MACH017,PROD125,1138,Completed,2026-03-22 07:00:00,2026-03-24 02:00:00
JOB00980,MACH035,PROD350,959,Running,2026-04-03 20:00:00,
JOB00981,MACH106,PROD106,1003,Running,2026-02-13 03:00:00,
JOB00982,MACH083,PROD250,1390,Completed,2026-01-06 22:00:00,2026-01-08 00:00:00
JOB00983,MACH082,PROD065,1572,Completed,2026-02-18 12:00:00,2026-02-19 00:00:00
JOB00984,MACH057,PROD173,256,Completed,2026-04-26 15:00:00,2026-04-28 15:00:00
JOB00985,MACH083,PROD453,785,Scheduled,2026-03-16 21:00:00,
JOB00986,MACH007,PROD133,773,Completed,2026-02-07 14:00:00,2026-02-09 12:00:00
JOB00987,MACH033,PROD083,663,Completed,2026-05-30 01:00:00,2026-05-30 16:00:00
JOB00988,MACH062,PROD050,126,Completed,2026-07-20 01:00:00,2026-07-21 18:00:00
JOB00989,MACH052,PROD140,1687,Scheduled,2026-03-29 22:00:00,
JOB00990,MACH076,PROD483,797,Completed,2026-07-04 06:00:00,2026-07-05 18:00:00
JOB00991,MACH088,PROD412,201,Completed,2026-01-23 00:00:00,2026-01-23 09:00:00
JOB00992,MACH014,PROD400,337,Completed,2026-06-03 20:00:00,2026-06-04 15:00:00
JOB00993,MACH112,PROD075,927,Completed,2026-02-09 15:00:00,2026-02-09 21:00:00
JOB00994,MACH100,PROD046,975,Completed,2026-03-13 06:00:00,2026-03-14 00:00:00
JOB00995,MACH084,PROD217,850,Scheduled,2026-06-28 02:00:00,
JOB00996,MACH001,PROD291,108,Scheduled,2026-02-04 13:00:00,
JOB00997,MACH064,PROD055,1119,Delayed,2026-02-01 00:00:00,
JOB00998,MACH030,PROD213,1707,Running,2026-01-26 16:00:00,
JOB00999,MACH029,PROD364,592,Completed,2026-02-22 12:00:00,2026-02-22 20:00:00
JOB01000,MACH099,PROD437,1221,Scheduled,2026-02-19 21:00:00,
JOB01001,MACH096,PROD265,1440,Completed,2026-02-08 22:00:00,2026-02-10 06:00:00
JOB01002,MACH109,PROD042,1098,Running,2026-01-12 16:00:00,
JOB01003,MACH049,PROD480,1516,Completed,2026-04-05 00:00:00,2026-04-06 12:00:00
JOB01004,MACH112,PROD327,1818,Delayed,2026-06-29 06:00:00,2026-07-04 04:00:00
JOB01005,MACH091,PROD120,426,Scheduled,2026-02-05 03:00:00,
JOB01006,MACH004,PROD359,1010,Completed,2026-05-05 02:00:00,2026-05-06 02:00:00
JOB01007,MACH066,PROD101,1838,Completed,2026-01-09 14:00:00,2026-01-10 19:00:00
JOB01008,MACH020,PROD453,224,Running,2026-06-21 12:00:00,
JOB01009,MACH077,PROD341,280,Completed,2026-04-13 11:00:00,2026-04-13 15:00:00
JOB01010,MACH033,PROD293,819,Running,2026-05-22 11:00:00,
JOB01011,MACH043,PROD406,1529,Scheduled,2026-06-21 07:00:00,
JOB01012,MACH106,PROD081,1320,Scheduled,2026-02-03 19:00:00,
JOB01013,MACH015,PROD283,913,Scheduled,2026-01-22 11:00:00,
JOB01014,MACH075,PROD334,280,Completed,2026-05-13 02:00:00,2026-05-14 07:00:00
JOB01015,MACH044,PROD458,1535,Completed,2026-07-10 16:00:00,2026-07-11 17:00:00
JOB01016,MACH052,PROD451,341,Running,2026-04-26 01:00:00,
JOB01017,MACH044,PROD101,1109,Completed,2026-01-31 04:00:00,2026-02-02 01:00:00
JOB01018,MACH007,PROD316,124,Running,2026-07-14 09:00:00,
JOB01019,MACH065,PROD186,863,Running,2026-05-04 07:00:00,
JOB01020,MACH013,PROD458,550,Completed,2026-06-15 17:00:00,2026-06-16 05:00:00
JOB01021,MACH063,PROD166,1764,Running,2026-05-02 10:00:00,
JOB01022,MACH068,PROD426,214,Running,2026-01-03 11:00:00,
JOB01023,MACH118,PROD075,444,Completed,2026-04-09 04:00:00,2026-04-10 04:00:00
JOB01024,MACH078,PROD429,1263,Completed,2026-02-23 11:00:00,2026-02-24 20:00:00
JOB01025,MACH035,PROD395,1686,Completed,2026-05-25 14:00:00,2026-05-26 02:00:00
JOB01026,MACH086,PROD054,888,Completed,2026-06-12 17:00:00,2026-06-14 05:00:00
JOB01027,MACH041,PROD182,724,Completed,2026-05-23 21:00:00,2026-05-23 23:00:00
JOB01028,MACH043,PROD259,1019,Completed,2026-02-09 16:00:00,2026-02-10 22:00:00
JOB01029,MACH050,PROD110,1824,Completed,2026-02-22 11:00:00,2026-02-24 03:00:00
JOB01030,MACH050,PROD141,118,Delayed,2026-02-13 11:00:00,2026-02-16 16:00:00
JOB01031,MACH074,PROD190,1387,Completed,2026-01-14 00:00:00,2026-01-15 03:00:00
JOB01032,MACH035,PROD431,1649,Delayed,2026-04-25 10:00:00,
JOB01033,MACH104,PROD422,1755,Completed,2026-03-21 10:00:00,2026-03-21 17:00:00
JOB01034,MACH069,PROD498,1124,Completed,2026-02-09 10:00:00,2026-02-11 04:00:00
JOB01035,MACH068,PROD467,1018,Completed,2026-06-30 22:00:00,2026-07-02 08:00:00
JOB01036,MACH083,PROD092,440,Completed,2026-02-08 21:00:00,2026-02-10 12:00:00
JOB01037,MACH056,PROD495,1525,Scheduled,2026-07-14 15:00:00,
JOB01038,MACH048,PROD260,845,Delayed,2026-04-24 22:00:00,
JOB01039,MACH003,PROD171,775,Completed,2026-04-13 11:00:00,2026-04-15 07:00:00
JOB01040,MACH059,PROD297,1377,Completed,2026-02-23 09:00:00,2026-02-23 22:00:00
JOB01041,MACH048,PROD059,735,Completed,2026-03-16 13:00:00,2026-03-17 23:00:00
JOB01042,MACH006,PROD462,1247,Scheduled,2026-05-04 05:00:00,
JOB01043,MACH070,PROD354,1103,Running,2026-01-22 11:00:00,
JOB01044,MACH099,PROD068,1130,Completed,2026-02-02 23:00:00,2026-02-03 04:00:00
JOB01045,MACH033,PROD052,1536,Completed,2026-01-17 03:00:00,2026-01-18 19:00:00
JOB01046,MACH060,PROD312,1418,Completed,2026-02-28 11:00:00,2026-03-02 02:00:00
JOB01047,MACH026,PROD348,855,Delayed,2026-04-20 11:00:00,
JOB01048,MACH115,PROD416,115,Completed,2026-01-07 07:00:00,2026-01-08 22:00:00
JOB01049,MACH026,PROD426,558,Completed,2026-03-12 09:00:00,2026-03-12 22:00:00
JOB01050,MACH050,PROD018,1188,Completed,2026-01-04 20:00:00,2026-01-06 06:00:00
JOB01051,MACH023,PROD275,954,Delayed,2026-03-11 06:00:00,
JOB01052,MACH048,PROD207,1633,Completed,2026-04-23 23:00:00,2026-04-25 02:00:00
JOB01053,MACH054,PROD189,657,Completed,2026-05-26 02:00:00,2026-05-26 12:00:00
JOB01054,MACH008,PROD067,1470,Delayed,2026-05-10 22:00:00,2026-05-15 11:00:00
JOB01055,MACH098,PROD195,1591,Completed,2026-06-27 07:00:00,2026-06-27 11:00:00
JOB01056,MACH002,PROD007,1364,Completed,2026-07-08 05:00:00,2026-07-10 01:00:00
JOB01057,MACH077,PROD425,237,Completed,2026-05-02 21:00:00,2026-05-04 10:00:00
JOB01058,MACH086,PROD359,683,Scheduled,2026-05-23 05:00:00,
JOB01059,MACH045,PROD500,1869,Completed,2026-02-09 20:00:00,2026-02-10 03:00:00
JOB01060,MACH056,PROD476,1816,Delayed,2026-03-09 06:00:00,
JOB01061,MACH080,PROD104,258,Completed,2026-03-26 02:00:00,2026-03-26 18:00:00
JOB01062,MACH007,PROD448,1398,Completed,2026-06-23 07:00:00,2026-06-24 10:00:00
JOB01063,MACH066,PROD317,544,Completed,2026-06-18 15:00:00,2026-06-19 21:00:00
JOB01064,MACH089,PROD027,664,Completed,2026-04-30 18:00:00,2026-05-02 17:00:00
JOB01065,MACH113,PROD469,1389,Scheduled,2026-04-28 03:00:00,
JOB01066,MACH023,PROD300,158,Running,2026-05-23 17:00:00,
JOB01067,MACH111,PROD311,1905,Completed,2026-04-12 15:00:00,2026-04-14 13:00:00
JOB01068,MACH048,PROD308,1060,Running,2026-02-09 00:00:00,
JOB01069,MACH040,PROD166,266,Completed,2026-03-16 20:00:00,2026-03-17 23:00:00
JOB01070,MACH047,PROD055,1760,Completed,2026-06-25 10:00:00,2026-06-26 10:00:00
JOB01071,MACH103,PROD146,1913,Running,2026-04-26 06:00:00,
JOB01072,MACH075,PROD091,77,Running,2026-02-06 12:00:00,
JOB01073,MACH032,PROD151,1845,Completed,2026-01-20 03:00:00,2026-01-20 16:00:00
JOB01074,MACH036,PROD216,496,Running,2026-03-23 12:00:00,
JOB01075,MACH024,PROD263,169,Running,2026-06-09 20:00:00,
JOB01076,MACH088,PROD109,712,Running,2026-03-29 17:00:00,
JOB01077,MACH016,PROD055,955,Running,2026-05-31 14:00:00,
JOB01078,MACH107,PROD038,994,Completed,2026-05-04 14:00:00,2026-05-06 01:00:00
JOB01079,MACH063,PROD439,753,Completed,2026-03-02 17:00:00,2026-03-04 06:00:00
JOB01080,MACH042,PROD243,605,Running,2026-02-02 20:00:00,
JOB01081,MACH101,PROD057,899,Running,2026-07-03 02:00:00,
JOB01082,MACH076,PROD205,1997,Scheduled,2026-04-25 11:00:00,
JOB01083,MACH025,PROD370,922,Completed,2026-06-17 05:00:00,2026-06-18 01:00:00
JOB01084,MACH091,PROD098,1914,Running,2026-07-05 10:00:00,
JOB01085,MACH075,PROD378,1207,Completed,2026-01-14 03:00:00,2026-01-15 20:00:00
JOB01086,MACH001,PROD240,756,Scheduled,2026-03-23 10:00:00,
JOB01087,MACH094,PROD115,248,Completed,2026-07-14 02:00:00,2026-07-15 16:00:00
JOB01088,MACH080,PROD282,1918,Completed,2026-06-21 03:00:00,2026-06-22 11:00:00
JOB01089,MACH001,PROD137,881,Scheduled,2026-07-02 14:00:00,
JOB01090,MACH009,PROD169,1285,Running,2026-03-15 01:00:00,
JOB01091,MACH099,PROD445,823,Completed,2026-03-17 02:00:00,2026-03-17 06:00:00
JOB01092,MACH015,PROD344,271,Delayed,2026-05-21 09:00:00,
JOB01093,MACH053,PROD144,220,Completed,2026-05-13 08:00:00,2026-05-14 18:00:00
JOB01094,MACH102,PROD042,1408,Completed,2026-04-28 14:00:00,2026-04-30 14:00:00
JOB01095,MACH093,PROD494,1050,Completed,2026-03-23 20:00:00,2026-03-24 02:00:00
JOB01096,MACH015,PROD291,1636,Completed,2026-02-28 09:00:00,2026-03-02 09:00:00
JOB01097,MACH119,PROD062,1081,Running,2026-01-30 16:00:00,
JOB01098,MACH090,PROD209,126,Completed,2026-06-09 09:00:00,2026-06-10 06:00:00
JOB01099,MACH047,PROD415,544,Running,2026-06-28 19:00:00,
JOB01100,MACH093,PROD231,1182,Delayed,2026-03-15 11:00:00,
JOB01101,MACH069,PROD147,1608,Completed,2026-02-17 17:00:00,2026-02-19 14:00:00
JOB01102,MACH052,PROD232,1239,Running,2026-01-16 08:00:00,
JOB01103,MACH028,PROD165,1958,Running,2026-06-25 09:00:00,
JOB01104,MACH072,PROD318,135,Completed,2026-03-16 21:00:00,2026-03-17 11:00:00
JOB01105,MACH021,PROD164,733,Completed,2026-06-14 03:00:00,2026-06-15 23:00:00
JOB01106,MACH040,PROD390,1168,Completed,2026-07-06 02:00:00,2026-07-07 11:00:00
JOB01107,MACH105,PROD201,1280,Completed,2026-01-16 01:00:00,2026-01-16 22:00:00
JOB01108,MACH024,PROD092,1701,Scheduled,2026-04-14 20:00:00,
JOB01109,MACH036,PROD402,735,Completed,2026-01-19 20:00:00,2026-01-20 08:00:00
JOB01110,MACH092,PROD113,1513,Delayed,2026-01-12 21:00:00,
JOB01111,MACH017,PROD487,1912,Running,2026-02-19 20:00:00,
JOB01112,MACH034,PROD332,280,Completed,2026-06-15 04:00:00,2026-06-16 18:00:00
JOB01113,MACH069,PROD248,1084,Running,2026-02-22 07:00:00,
JOB01114,MACH116,PROD450,1123,Delayed,2026-05-14 12:00:00,
JOB01115,MACH056,PROD253,1629,Completed,2026-03-29 03:00:00,2026-03-30 17:00:00
JOB01116,MACH011,PROD453,933,Completed,2026-07-10 10:00:00,2026-07-12 08:00:00
JOB01117,MACH109,PROD008,231,Completed,2026-07-16 09:00:00,2026-07-17 22:00:00
JOB01118,MACH072,PROD168,255,Scheduled,2026-01-25 09:00:00,
JOB01119,MACH082,PROD053,1143,Delayed,2026-04-03 22:00:00,
JOB01120,MACH020,PROD185,1338,Running,2026-04-06 07:00:00,
JOB01121,MACH003,PROD162,1777,Scheduled,2026-04-24 21:00:00,
JOB01122,MACH067,PROD289,327,Scheduled,2026-02-04 21:00:00,
JOB01123,MACH081,PROD243,800,Completed,2026-02-20 23:00:00,2026-02-21 07:00:00
JOB01124,MACH037,PROD468,852,Running,2026-01-18 21:00:00,
JOB01125,MACH078,PROD255,1763,Running,2026-02-05 04:00:00,
JOB01126,MACH115,PROD404,1996,Completed,2026-06-12 23:00:00,2026-06-14 03:00:00
JOB01127,MACH107,PROD452,910,Running,2026-01-14 04:00:00,
JOB01128,MACH007,PROD228,316,Scheduled,2026-02-27 09:00:00,
JOB01129,MACH091,PROD389,362,Running,2026-07-04 06:00:00,
JOB01130,MACH110,PROD364,808,Completed,2026-06-02 16:00:00,2026-06-03 03:00:00
JOB01131,MACH092,PROD273,371,Completed,2026-06-16 04:00:00,2026-06-16 12:00:00
JOB01132,MACH019,PROD059,740,Completed,2026-05-01 16:00:00,2026-05-02 17:00:00
JOB01133,MACH007,PROD327,674,Completed,2026-07-07 16:00:00,2026-07-07 21:00:00
JOB01134,MACH038,PROD390,1312,Completed,2026-04-27 12:00:00,2026-04-27 15:00:00
JOB01135,MACH078,PROD405,645,Scheduled,2026-02-07 07:00:00,
JOB01136,MACH050,PROD355,1235,Delayed,2026-01-25 17:00:00,2026-01-30 16:00:00
JOB01137,MACH050,PROD232,1732,Completed,2026-06-17 19:00:00,2026-06-18 02:00:00
JOB01138,MACH118,PROD248,723,Completed,2026-03-23 03:00:00,2026-03-23 07:00:00
JOB01139,MACH108,PROD347,106,Completed,2026-06-05 21:00:00,2026-06-07 06:00:00
JOB01140,MACH069,PROD331,1298,Completed,2026-04-15 16:00:00,2026-04-16 10:00:00
JOB01141,MACH048,PROD449,1788,Scheduled,2026-06-14 17:00:00,
JOB01142,MACH100,PROD483,124,Running,2026-03-11 11:00:00,
JOB01143,MACH050,PROD373,1520,Completed,2026-03-18 10:00:00,2026-03-19 03:00:00
JOB01144,MACH105,PROD306,205,Scheduled,2026-07-09 18:00:00,
JOB01145,MACH100,PROD130,466,Completed,2026-01-16 05:00:00,2026-01-16 14:00:00
JOB01146,MACH030,PROD465,178,Running,2026-07-09 01:00:00,
JOB01147,MACH062,PROD451,634,Running,2026-02-14 22:00:00,
JOB01148,MACH064,PROD140,1618,Completed,2026-03-15 21:00:00,2026-03-16 19:00:00
JOB01149,MACH019,PROD155,1490,Scheduled,2026-03-20 01:00:00,
JOB01150,MACH076,PROD269,1833,Running,2026-02-10 01:00:00,
JOB01151,MACH004,PROD157,1945,Completed,2026-06-28 00:00:00,2026-06-28 02:00:00
JOB01152,MACH058,PROD157,600,Completed,2026-01-20 03:00:00,2026-01-20 12:00:00
JOB01153,MACH079,PROD092,1914,Completed,2026-03-21 15:00:00,2026-03-22 21:00:00
JOB01154,MACH091,PROD323,1079,Completed,2026-07-09 00:00:00,2026-07-10 23:00:00
JOB01155,MACH021,PROD389,699,Scheduled,2026-04-13 02:00:00,
JOB01156,MACH018,PROD139,1540,Completed,2026-01-25 00:00:00,2026-01-25 21:00:00
JOB01157,MACH046,PROD094,1745,Delayed,2026-07-14 20:00:00,
JOB01158,MACH106,PROD322,1245,Scheduled,2026-03-06 10:00:00,
JOB01159,MACH001,PROD399,173,Running,2026-01-11 21:00:00,
JOB01160,MACH053,PROD097,1807,Completed,2026-07-06 17:00:00,2026-07-07 21:00:00
JOB01161,MACH118,PROD376,1388,Completed,2026-06-22 20:00:00,2026-06-23 17:00:00
JOB01162,MACH057,PROD165,1228,Running,2026-06-25 03:00:00,
JOB01163,MACH051,PROD174,1691,Delayed,2026-02-07 19:00:00,2026-02-12 12:00:00
JOB01164,MACH097,PROD097,1630,Running,2026-04-01 03:00:00,
JOB01165,MACH004,PROD416,1720,Delayed,2026-01-10 16:00:00,2026-01-13 17:00:00
JOB01166,MACH024,PROD183,1191,Completed,2026-06-10 16:00:00,2026-06-11 12:00:00
JOB01167,MACH069,PROD408,868,Delayed,2026-06-18 23:00:00,2026-06-21 15:00:00
JOB01168,MACH001,PROD214,1326,Delayed,2026-06-30 20:00:00,
JOB01169,MACH048,PROD239,977,Running,2026-05-30 22:00:00,
JOB01170,MACH115,PROD285,481,Completed,2026-01-30 06:00:00,2026-01-30 19:00:00
JOB01171,MACH110,PROD324,960,Scheduled,2026-03-25 02:00:00,
JOB01172,MACH038,PROD182,1026,Completed,2026-01-03 18:00:00,2026-01-05 00:00:00
JOB01173,MACH014,PROD054,169,Delayed,2026-04-23 04:00:00,
JOB01174,MACH114,PROD075,1427,Completed,2026-04-28 10:00:00,2026-04-29 16:00:00
JOB01175,MACH086,PROD113,1199,Completed,2026-03-09 00:00:00,2026-03-09 21:00:00
JOB01176,MACH010,PROD408,969,Completed,2026-02-23 10:00:00,2026-02-25 09:00:00
JOB01177,MACH002,PROD181,131,Running,2026-05-11 01:00:00,
JOB01178,MACH047,PROD227,1168,Running,2026-05-15 06:00:00,
JOB01179,MACH105,PROD383,1946,Completed,2026-05-31 17:00:00,2026-06-01 01:00:00
JOB01180,MACH027,PROD033,327,Completed,2026-01-17 12:00:00,2026-01-17 20:00:00
JOB01181,MACH030,PROD418,1545,Running,2026-04-28 20:00:00,
JOB01182,MACH032,PROD229,532,Delayed,2026-03-19 12:00:00,
JOB01183,MACH110,PROD231,1144,Completed,2026-03-27 00:00:00,2026-03-28 06:00:00
JOB01184,MACH115,PROD186,419,Running,2026-04-30 15:00:00,
JOB01185,MACH048,PROD412,1600,Completed,2026-03-31 18:00:00,2026-04-02 11:00:00
JOB01186,MACH079,PROD338,427,Scheduled,2026-05-11 01:00:00,
JOB01187,MACH060,PROD363,721,Scheduled,2026-03-23 18:00:00,
JOB01188,MACH026,PROD327,1626,Completed,2026-04-15 02:00:00,2026-04-15 17:00:00
JOB01189,MACH087,PROD221,808,Completed,2026-02-08 08:00:00,2026-02-09 06:00:00
JOB01190,MACH029,PROD081,1067,Completed,2026-03-11 19:00:00,2026-03-13 13:00:00
JOB01191,MACH079,PROD165,945,Completed,2026-05-01 03:00:00,2026-05-01 09:00:00
JOB01192,MACH035,PROD334,325,Delayed,2026-06-15 01:00:00,
JOB01193,MACH036,PROD381,1080,Running,2026-02-04 18:00:00,
JOB01194,MACH025,PROD053,1750,Completed,2026-03-18 00:00:00,2026-03-19 11:00:00
JOB01195,MACH033,PROD496,503,Delayed,2026-05-20 20:00:00,2026-05-25 15:00:00
JOB01196,MACH106,PROD039,448,Completed,2026-06-24 04:00:00,2026-06-26 03:00:00
JOB01197,MACH097,PROD450,1341,Completed,2026-04-04 16:00:00,2026-04-05 16:00:00
JOB01198,MACH064,PROD471,1004,Completed,2026-04-20 14:00:00,2026-04-20 17:00:00
JOB01199,MACH022,PROD323,1266,Completed,2026-05-01 06:00:00,2026-05-03 02:00:00
JOB01200,MACH100,PROD413,1310,Completed,2026-01-03 20:00:00,2026-01-04 01:00:00
JOB01201,MACH010,PROD059,200,Completed,2026-07-15 10:00:00,2026-07-16 09:00:00
JOB01202,MACH109,PROD015,791,Running,2026-04-25 20:00:00,
JOB01203,MACH119,PROD287,1956,Completed,2026-01-16 05:00:00,2026-01-17 17:00:00
JOB01204,MACH020,PROD052,73,Completed,2026-01-25 06:00:00,2026-01-27 03:00:00
JOB01205,MACH006,PROD260,1946,Completed,2026-06-18 21:00:00,2026-06-20 12:00:00
JOB01206,MACH107,PROD284,1951,Scheduled,2026-06-20 23:00:00,
JOB01207,MACH039,PROD173,884,Running,2026-06-10 09:00:00,
JOB01208,MACH081,PROD327,1782,Running,2026-02-27 10:00:00,
JOB01209,MACH095,PROD494,1178,Running,2026-01-13 20:00:00,
JOB01210,MACH074,PROD108,1594,Scheduled,2026-03-15 16:00:00,
JOB01211,MACH030,PROD286,818,Delayed,2026-02-05 22:00:00,2026-02-08 19:00:00
JOB01212,MACH020,PROD076,972,Completed,2026-02-22 22:00:00,2026-02-24 20:00:00
JOB01213,MACH103,PROD046,1018,Completed,2026-03-04 16:00:00,2026-03-06 14:00:00
JOB01214,MACH060,PROD227,1970,Scheduled,2026-01-20 22:00:00,
JOB01215,MACH098,PROD183,1473,Scheduled,2026-01-28 10:00:00,
JOB01216,MACH091,PROD341,1188,Completed,2026-02-28 00:00:00,2026-03-01 00:00:00
JOB01217,MACH091,PROD162,235,Running,2026-03-12 04:00:00,
JOB01218,MACH092,PROD348,1167,Running,2026-01-17 14:00:00,
JOB01219,MACH065,PROD128,510,Completed,2026-03-08 14:00:00,2026-03-09 05:00:00
JOB01220,MACH120,PROD147,934,Scheduled,2026-05-20 21:00:00,
JOB01221,MACH112,PROD129,340,Running,2026-01-12 21:00:00,
JOB01222,MACH097,PROD357,265,Completed,2026-04-06 14:00:00,2026-04-07 02:00:00
JOB01223,MACH047,PROD316,254,Running,2026-03-31 17:00:00,
JOB01224,MACH062,PROD123,1174,Running,2026-03-18 05:00:00,
JOB01225,MACH114,PROD443,485,Completed,2026-01-15 00:00:00,2026-01-16 06:00:00
JOB01226,MACH055,PROD084,1553,Delayed,2026-06-26 23:00:00,2026-07-01 18:00:00
JOB01227,MACH098,PROD489,1267,Completed,2026-04-29 14:00:00,2026-04-30 18:00:00
JOB01228,MACH003,PROD175,330,Completed,2026-04-16 20:00:00,2026-04-18 14:00:00
JOB01229,MACH040,PROD006,1199,Completed,2026-06-20 07:00:00,2026-06-21 13:00:00
JOB01230,MACH100,PROD358,272,Scheduled,2026-02-19 07:00:00,
JOB01231,MACH057,PROD175,1558,Completed,2026-07-03 07:00:00,2026-07-04 11:00:00
JOB01232,MACH119,PROD277,1036,Completed,2026-07-06 09:00:00,2026-07-06 18:00:00
JOB01233,MACH016,PROD223,625,Completed,2026-02-13 04:00:00,2026-02-14 01:00:00
JOB01234,MACH102,PROD435,1159,Running,2026-06-24 07:00:00,
JOB01235,MACH118,PROD292,942,Completed,2026-04-24 18:00:00,2026-04-25 08:00:00
JOB01236,MACH083,PROD203,1896,Completed,2026-05-17 21:00:00,2026-05-18 12:00:00
JOB01237,MACH007,PROD229,386,Completed,2026-06-04 19:00:00,2026-06-05 05:00:00
JOB01238,MACH060,PROD388,1647,Completed,2026-06-05 14:00:00,2026-06-07 08:00:00
JOB01239,MACH028,PROD055,1675,Delayed,2026-03-03 01:00:00,
JOB01240,MACH080,PROD055,1812,Completed,2026-01-26 16:00:00,2026-01-27 08:00:00
JOB01241,MACH032,PROD286,826,Completed,2026-06-03 15:00:00,2026-06-05 05:00:00
JOB01242,MACH021,PROD418,1863,Completed,2026-05-19 06:00:00,2026-05-19 16:00:00
JOB01243,MACH021,PROD498,386,Scheduled,2026-04-03 10:00:00,
JOB01244,MACH039,PROD193,1897,Completed,2026-03-26 12:00:00,2026-03-28 05:00:00
JOB01245,MACH052,PROD447,1395,Running,2026-02-16 17:00:00,
JOB01246,MACH049,PROD211,1207,Scheduled,2026-06-14 23:00:00,
JOB01247,MACH050,PROD446,1214,Completed,2026-03-09 07:00:00,2026-03-09 09:00:00
JOB01248,MACH024,PROD413,639,Delayed,2026-04-18 12:00:00,
JOB01249,MACH080,PROD288,579,Completed,2026-05-28 23:00:00,2026-05-30 06:00:00
JOB01250,MACH089,PROD301,577,Completed,2026-04-17 14:00:00,2026-04-18 20:00:00
JOB01251,MACH014,PROD457,1534,Completed,2026-06-20 01:00:00,2026-06-21 02:00:00
JOB01252,MACH096,PROD199,1222,Completed,2026-06-24 12:00:00,2026-06-25 13:00:00
JOB01253,MACH082,PROD219,677,Completed,2026-07-11 18:00:00,2026-07-12 11:00:00
JOB01254,MACH102,PROD373,89,Completed,2026-06-23 07:00:00,2026-06-24 17:00:00
JOB01255,MACH077,PROD386,160,Completed,2026-04-22 16:00:00,2026-04-23 14:00:00
JOB01256,MACH007,PROD341,827,Completed,2026-01-21 11:00:00,2026-01-22 01:00:00
JOB01257,MACH028,PROD339,1527,Completed,2026-05-12 06:00:00,2026-05-14 03:00:00
JOB01258,MACH021,PROD219,1967,Completed,2026-01-17 13:00:00,2026-01-19 01:00:00
JOB01259,MACH046,PROD360,1892,Completed,2026-04-20 05:00:00,2026-04-20 12:00:00
JOB01260,MACH039,PROD386,1594,Completed,2026-06-05 15:00:00,2026-06-06 01:00:00
JOB01261,MACH082,PROD352,375,Completed,2026-05-10 13:00:00,2026-05-10 17:00:00
JOB01262,MACH095,PROD167,1321,Completed,2026-01-16 22:00:00,2026-01-17 20:00:00
JOB01263,MACH018,PROD197,966,Scheduled,2026-05-23 11:00:00,
JOB01264,MACH076,PROD236,988,Completed,2026-01-25 11:00:00,2026-01-27 03:00:00
JOB01265,MACH064,PROD200,982,Completed,2026-03-17 08:00:00,2026-03-17 17:00:00
JOB01266,MACH039,PROD281,239,Running,2026-06-17 07:00:00,
JOB01267,MACH119,PROD424,1260,Completed,2026-05-26 17:00:00,2026-05-26 21:00:00
JOB01268,MACH042,PROD344,1810,Scheduled,2026-02-23 02:00:00,
JOB01269,MACH108,PROD024,861,Delayed,2026-01-22 21:00:00,2026-01-27 18:00:00
JOB01270,MACH018,PROD413,101,Running,2026-02-08 23:00:00,
JOB01271,MACH110,PROD431,1585,Completed,2026-01-10 15:00:00,2026-01-11 15:00:00
JOB01272,MACH028,PROD194,358,Completed,2026-05-14 01:00:00,2026-05-14 18:00:00
JOB01273,MACH072,PROD167,1547,Completed,2026-01-16 04:00:00,2026-01-17 05:00:00
JOB01274,MACH083,PROD109,823,Running,2026-05-22 10:00:00,
JOB01275,MACH088,PROD204,807,Running,2026-02-06 07:00:00,
JOB01276,MACH076,PROD430,1941,Completed,2026-02-07 13:00:00,2026-02-09 08:00:00
JOB01277,MACH014,PROD246,150,Completed,2026-06-11 21:00:00,2026-06-13 09:00:00
JOB01278,MACH116,PROD065,1428,Scheduled,2026-02-06 20:00:00,
JOB01279,MACH062,PROD216,609,Running,2026-05-29 09:00:00,
JOB01280,MACH005,PROD203,1009,Completed,2026-04-01 11:00:00,2026-04-02 18:00:00
JOB01281,MACH089,PROD357,790,Scheduled,2026-01-25 06:00:00,
JOB01282,MACH023,PROD316,963,Completed,2026-02-27 08:00:00,2026-02-28 08:00:00
JOB01283,MACH070,PROD378,1168,Completed,2026-03-25 02:00:00,2026-03-25 12:00:00
JOB01284,MACH084,PROD412,406,Delayed,2026-06-25 17:00:00,2026-06-28 21:00:00
JOB01285,MACH020,PROD334,1107,Completed,2026-01-10 09:00:00,2026-01-10 12:00:00
JOB01286,MACH048,PROD203,1009,Running,2026-06-27 13:00:00,
JOB01287,MACH019,PROD332,1202,Running,2026-03-12 23:00:00,
JOB01288,MACH006,PROD168,126,Running,2026-07-04 16:00:00,
JOB01289,MACH027,PROD290,183,Completed,2026-03-07 04:00:00,2026-03-07 08:00:00
JOB01290,MACH003,PROD287,855,Completed,2026-06-15 07:00:00,2026-06-16 19:00:00
JOB01291,MACH060,PROD296,1057,Completed,2026-04-06 16:00:00,2026-04-07 00:00:00
JOB01292,MACH098,PROD162,1019,Running,2026-02-15 14:00:00,
JOB01293,MACH080,PROD295,592,Delayed,2026-02-20 18:00:00,2026-02-25 03:00:00
JOB01294,MACH107,PROD311,912,Completed,2026-07-03 15:00:00,2026-07-04 02:00:00
JOB01295,MACH073,PROD094,1586,Completed,2026-01-18 19:00:00,2026-01-20 13:00:00
JOB01296,MACH113,PROD497,1039,Running,2026-03-24 02:00:00,
JOB01297,MACH114,PROD230,1970,Scheduled,2026-06-15 13:00:00,
JOB01298,MACH027,PROD145,1195,Running,2026-05-24 01:00:00,
JOB01299,MACH062,PROD170,1146,Running,2026-07-13 18:00:00,
JOB01300,MACH077,PROD002,1358,Scheduled,2026-06-13 08:00:00,
JOB01301,MACH033,PROD303,1260,Running,2026-04-29 06:00:00,
JOB01302,MACH058,PROD408,1207,Running,2026-01-20 21:00:00,
JOB01303,MACH092,PROD259,815,Completed,2026-01-27 04:00:00,2026-01-28 06:00:00
JOB01304,MACH051,PROD406,1787,Running,2026-04-10 16:00:00,
JOB01305,MACH116,PROD118,660,Completed,2026-07-04 10:00:00,2026-07-05 06:00:00
JOB01306,MACH052,PROD224,1538,Completed,2026-02-08 02:00:00,2026-02-09 20:00:00
JOB01307,MACH014,PROD228,1701,Completed,2026-05-20 09:00:00,2026-05-20 20:00:00
JOB01308,MACH031,PROD029,425,Completed,2026-06-24 14:00:00,2026-06-25 01:00:00
JOB01309,MACH116,PROD481,1222,Completed,2026-02-02 00:00:00,2026-02-02 15:00:00
JOB01310,MACH089,PROD445,424,Scheduled,2026-06-18 20:00:00,
JOB01311,MACH019,PROD462,1536,Completed,2026-05-03 07:00:00,2026-05-04 15:00:00
JOB01312,MACH044,PROD085,421,Completed,2026-03-02 18:00:00,2026-03-03 16:00:00
JOB01313,MACH041,PROD152,1137,Running,2026-04-19 09:00:00,
JOB01314,MACH114,PROD402,404,Completed,2026-07-14 15:00:00,2026-07-15 06:00:00
JOB01315,MACH005,PROD447,275,Scheduled,2026-05-12 01:00:00,
JOB01316,MACH069,PROD395,791,Scheduled,2026-04-13 11:00:00,
JOB01317,MACH045,PROD425,173,Completed,2026-07-07 03:00:00,2026-07-08 03:00:00
JOB01318,MACH034,PROD320,1382,Scheduled,2026-04-10 06:00:00,
JOB01319,MACH095,PROD281,931,Completed,2026-01-19 10:00:00,2026-01-21 08:00:00
JOB01320,MACH008,PROD056,745,Delayed,2026-03-23 01:00:00,2026-03-26 02:00:00
JOB01321,MACH060,PROD237,87,Completed,2026-04-16 04:00:00,2026-04-16 19:00:00
JOB01322,MACH066,PROD304,374,Completed,2026-04-14 17:00:00,2026-04-15 13:00:00
JOB01323,MACH052,PROD104,702,Completed,2026-02-13 23:00:00,2026-02-14 06:00:00
JOB01324,MACH101,PROD444,233,Delayed,2026-02-12 04:00:00,2026-02-17 00:00:00
JOB01325,MACH077,PROD363,1250,Completed,2026-01-20 01:00:00,2026-01-21 08:00:00
JOB01326,MACH062,PROD020,769,Completed,2026-06-13 13:00:00,2026-06-15 13:00:00
JOB01327,MACH019,PROD319,1011,Completed,2026-03-17 04:00:00,2026-03-17 19:00:00
JOB01328,MACH103,PROD329,728,Completed,2026-06-04 08:00:00,2026-06-04 22:00:00
JOB01329,MACH108,PROD079,1254,Running,2026-01-11 03:00:00,
JOB01330,MACH016,PROD077,1549,Delayed,2026-07-02 23:00:00,
JOB01331,MACH034,PROD176,428,Delayed,2026-05-14 09:00:00,
JOB01332,MACH111,PROD495,1349,Running,2026-06-21 04:00:00,
JOB01333,MACH079,PROD135,1071,Completed,2026-05-26 23:00:00,2026-05-28 14:00:00
JOB01334,MACH109,PROD382,1030,Scheduled,2026-03-04 08:00:00,
JOB01335,MACH100,PROD468,989,Completed,2026-07-06 16:00:00,2026-07-08 01:00:00
JOB01336,MACH031,PROD106,1393,Delayed,2026-03-06 08:00:00,
JOB01337,MACH011,PROD366,820,Completed,2026-05-03 06:00:00,2026-05-03 11:00:00
JOB01338,MACH058,PROD288,518,Completed,2026-06-30 02:00:00,2026-07-01 06:00:00
JOB01339,MACH110,PROD378,756,Delayed,2026-07-11 12:00:00,
JOB01340,MACH097,PROD059,1338,Running,2026-04-23 06:00:00,
JOB01341,MACH039,PROD204,1496,Completed,2026-04-28 16:00:00,2026-04-29 03:00:00
JOB01342,MACH018,PROD267,1212,Completed,2026-04-28 00:00:00,2026-04-28 16:00:00
JOB01343,MACH092,PROD127,1303,Completed,2026-05-19 07:00:00,2026-05-20 20:00:00
JOB01344,MACH072,PROD218,176,Scheduled,2026-02-26 04:00:00,
JOB01345,MACH116,PROD485,745,Completed,2026-06-29 22:00:00,2026-06-30 10:00:00
JOB01346,MACH080,PROD302,1562,Completed,2026-05-25 21:00:00,2026-05-27 11:00:00
JOB01347,MACH078,PROD435,958,Completed,2026-04-08 00:00:00,2026-04-09 05:00:00
JOB01348,MACH067,PROD456,1225,Completed,2026-05-16 01:00:00,2026-05-17 19:00:00
JOB01349,MACH026,PROD500,316,Delayed,2026-06-08 05:00:00,2026-06-11 10:00:00
JOB01350,MACH003,PROD445,722,Completed,2026-01-14 23:00:00,2026-01-16 11:00:00
JOB01351,MACH082,PROD100,1593,Running,2026-07-07 23:00:00,
JOB01352,MACH036,PROD002,475,Completed,2026-02-13 16:00:00,2026-02-15 05:00:00
JOB01353,MACH077,PROD318,715,Running,2026-04-17 09:00:00,
JOB01354,MACH114,PROD134,1038,Completed,2026-02-13 02:00:00,2026-02-14 14:00:00
JOB01355,MACH093,PROD307,1036,Scheduled,2026-02-27 14:00:00,
JOB01356,MACH095,PROD207,1119,Completed,2026-06-30 21:00:00,2026-07-01 06:00:00
JOB01357,MACH019,PROD339,234,Scheduled,2026-07-04 13:00:00,
JOB01358,MACH041,PROD287,1822,Completed,2026-03-17 00:00:00,2026-03-17 15:00:00
JOB01359,MACH078,PROD325,1934,Completed,2026-02-26 00:00:00,2026-02-27 16:00:00
JOB01360,MACH048,PROD225,1457,Completed,2026-05-13 07:00:00,2026-05-15 06:00:00
JOB01361,MACH045,PROD424,86,Completed,2026-04-29 02:00:00,2026-04-30 22:00:00
JOB01362,MACH083,PROD068,703,Completed,2026-03-14 22:00:00,2026-03-15 03:00:00
JOB01363,MACH110,PROD271,61,Scheduled,2026-01-13 10:00:00,
JOB01364,MACH005,PROD122,1464,Completed,2026-02-07 19:00:00,2026-02-07 22:00:00
JOB01365,MACH099,PROD457,976,Running,2026-02-07 20:00:00,
JOB01366,MACH023,PROD222,1385,Completed,2026-01-04 10:00:00,2026-01-06 03:00:00
JOB01367,MACH012,PROD028,507,Scheduled,2026-06-30 00:00:00,
JOB01368,MACH006,PROD229,1417,Completed,2026-04-14 22:00:00,2026-04-16 17:00:00
JOB01369,MACH094,PROD145,1591,Completed,2026-05-11 18:00:00,2026-05-12 06:00:00
JOB01370,MACH023,PROD208,1654,Completed,2026-04-08 10:00:00,2026-04-08 14:00:00
JOB01371,MACH064,PROD198,546,Delayed,2026-05-14 07:00:00,2026-05-17 00:00:00
JOB01372,MACH066,PROD205,1826,Running,2026-04-25 17:00:00,
JOB01373,MACH092,PROD187,693,Completed,2026-06-11 06:00:00,2026-06-11 08:00:00
JOB01374,MACH054,PROD460,121,Completed,2026-06-21 01:00:00,2026-06-21 06:00:00
JOB01375,MACH047,PROD160,59,Completed,2026-02-27 20:00:00,2026-03-01 11:00:00
JOB01376,MACH119,PROD268,1316,Completed,2026-06-16 12:00:00,2026-06-18 02:00:00
JOB01377,MACH002,PROD056,215,Completed,2026-05-26 20:00:00,2026-05-27 07:00:00
JOB01378,MACH011,PROD461,737,Delayed,2026-06-25 17:00:00,2026-06-28 10:00:00
JOB01379,MACH036,PROD165,1427,Scheduled,2026-03-21 08:00:00,
JOB01380,MACH095,PROD128,273,Completed,2026-03-14 06:00:00,2026-03-15 07:00:00
JOB01381,MACH022,PROD349,1509,Running,2026-03-04 07:00:00,
JOB01382,MACH019,PROD018,1184,Completed,2026-02-01 12:00:00,2026-02-02 01:00:00
JOB01383,MACH088,PROD255,1908,Completed,2026-04-17 19:00:00,2026-04-19 11:00:00
JOB01384,MACH077,PROD124,1267,Scheduled,2026-01-19 03:00:00,
JOB01385,MACH001,PROD378,1960,Completed,2026-02-03 08:00:00,2026-02-03 15:00:00
JOB01386,MACH017,PROD263,600,Completed,2026-02-03 22:00:00,2026-02-05 22:00:00
JOB01387,MACH064,PROD072,1804,Running,2026-03-31 05:00:00,
JOB01388,MACH051,PROD371,1071,Completed,2026-07-16 07:00:00,2026-07-18 02:00:00
JOB01389,MACH047,PROD084,1615,Completed,2026-01-16 00:00:00,2026-01-17 12:00:00
JOB01390,MACH116,PROD428,370,Delayed,2026-05-19 01:00:00,
JOB01391,MACH066,PROD044,1707,Completed,2026-04-01 02:00:00,2026-04-01 13:00:00
JOB01392,MACH031,PROD278,418,Completed,2026-05-23 12:00:00,2026-05-25 04:00:00
JOB01393,MACH118,PROD261,1172,Scheduled,2026-04-06 20:00:00,
JOB01394,MACH074,PROD445,1467,Delayed,2026-07-07 13:00:00,
JOB01395,MACH009,PROD248,1738,Scheduled,2026-01-07 05:00:00,
JOB01396,MACH015,PROD490,1954,Completed,2026-02-09 07:00:00,2026-02-10 21:00:00
JOB01397,MACH093,PROD239,967,Scheduled,2026-06-04 02:00:00,
JOB01398,MACH039,PROD384,605,Running,2026-03-30 21:00:00,
JOB01399,MACH061,PROD322,1554,Completed,2026-02-18 22:00:00,2026-02-19 05:00:00
JOB01400,MACH105,PROD462,1950,Completed,2026-03-16 03:00:00,2026-03-17 16:00:00
JOB01401,MACH102,PROD290,286,Running,2026-05-06 06:00:00,
JOB01402,MACH002,PROD181,891,Completed,2026-04-17 03:00:00,2026-04-18 22:00:00
JOB01403,MACH120,PROD351,1419,Completed,2026-01-06 22:00:00,2026-01-07 08:00:00
JOB01404,MACH036,PROD138,913,Running,2026-02-23 01:00:00,
JOB01405,MACH067,PROD383,1899,Running,2026-05-07 13:00:00,
JOB01406,MACH019,PROD361,746,Running,2026-07-17 06:00:00,
JOB01407,MACH024,PROD488,1624,Running,2026-02-16 23:00:00,
JOB01408,MACH089,PROD027,1658,Completed,2026-07-13 10:00:00,2026-07-13 12:00:00
JOB01409,MACH038,PROD079,1408,Completed,2026-07-01 22:00:00,2026-07-03 21:00:00
JOB01410,MACH107,PROD150,527,Running,2026-07-15 01:00:00,
JOB01411,MACH012,PROD097,1527,Delayed,2026-06-13 15:00:00,
JOB01412,MACH005,PROD246,1062,Scheduled,2026-04-05 07:00:00,
JOB01413,MACH033,PROD056,1930,Delayed,2026-05-17 11:00:00,
JOB01414,MACH025,PROD094,1000,Completed,2026-04-07 23:00:00,2026-04-08 21:00:00
JOB01415,MACH102,PROD320,498,Scheduled,2026-01-04 03:00:00,
JOB01416,MACH056,PROD314,1404,Completed,2026-06-16 17:00:00,2026-06-17 18:00:00
JOB01417,MACH068,PROD368,697,Running,2026-04-30 06:00:00,
JOB01418,MACH063,PROD492,392,Running,2026-02-23 09:00:00,
JOB01419,MACH099,PROD191,1207,Delayed,2026-06-10 15:00:00,2026-06-13 04:00:00
JOB01420,MACH098,PROD428,138,Completed,2026-05-16 01:00:00,2026-05-17 15:00:00
JOB01421,MACH055,PROD132,943,Completed,2026-02-09 03:00:00,2026-02-10 07:00:00
JOB01422,MACH038,PROD142,1412,Scheduled,2026-03-22 10:00:00,
JOB01423,MACH109,PROD370,977,Scheduled,2026-04-10 13:00:00,
JOB01424,MACH009,PROD173,1829,Delayed,2026-01-23 19:00:00,
JOB01425,MACH098,PROD179,1649,Delayed,2026-05-31 20:00:00,2026-06-04 05:00:00
JOB01426,MACH061,PROD481,1802,Completed,2026-05-10 03:00:00,2026-05-10 10:00:00
JOB01427,MACH084,PROD079,536,Completed,2026-06-21 04:00:00,2026-06-22 10:00:00
JOB01428,MACH049,PROD196,375,Completed,2026-01-18 09:00:00,2026-01-20 00:00:00
JOB01429,MACH011,PROD043,1843,Completed,2026-05-28 13:00:00,2026-05-29 06:00:00
JOB01430,MACH099,PROD085,527,Completed,2026-02-24 10:00:00,2026-02-25 11:00:00
JOB01431,MACH025,PROD225,1123,Completed,2026-01-13 21:00:00,2026-01-15 03:00:00
JOB01432,MACH008,PROD062,1338,Completed,2026-02-12 15:00:00,2026-02-14 12:00:00
JOB01433,MACH097,PROD398,1619,Completed,2026-07-10 13:00:00,2026-07-12 02:00:00
JOB01434,MACH078,PROD229,1129,Scheduled,2026-03-25 22:00:00,
JOB01435,MACH032,PROD340,1520,Completed,2026-03-21 03:00:00,2026-03-21 11:00:00
JOB01436,MACH055,PROD157,1220,Delayed,2026-07-02 14:00:00,2026-07-07 11:00:00
JOB01437,MACH100,PROD294,209,Completed,2026-06-18 19:00:00,2026-06-18 23:00:00
JOB01438,MACH042,PROD282,1669,Scheduled,2026-01-20 05:00:00,
JOB01439,MACH062,PROD406,242,Completed,2026-05-24 00:00:00,2026-05-24 04:00:00
JOB01440,MACH015,PROD019,1318,Completed,2026-06-25 19:00:00,2026-06-27 03:00:00
JOB01441,MACH022,PROD137,657,Scheduled,2026-01-31 06:00:00,
JOB01442,MACH081,PROD041,1612,Running,2026-07-15 19:00:00,
JOB01443,MACH062,PROD369,525,Scheduled,2026-03-14 14:00:00,
JOB01444,MACH105,PROD462,208,Completed,2026-05-07 11:00:00,2026-05-07 19:00:00
JOB01445,MACH101,PROD296,839,Completed,2026-01-29 22:00:00,2026-01-30 19:00:00
JOB01446,MACH095,PROD447,929,Completed,2026-02-09 05:00:00,2026-02-09 07:00:00
JOB01447,MACH057,PROD471,1513,Delayed,2026-04-01 02:00:00,2026-04-06 02:00:00
JOB01448,MACH114,PROD376,352,Completed,2026-03-12 22:00:00,2026-03-13 06:00:00
JOB01449,MACH037,PROD096,585,Running,2026-07-04 01:00:00,
JOB01450,MACH019,PROD325,354,Running,2026-04-05 15:00:00,
JOB01451,MACH111,PROD096,1225,Delayed,2026-02-06 05:00:00,
JOB01452,MACH048,PROD124,1168,Running,2026-01-15 14:00:00,
JOB01453,MACH100,PROD423,411,Running,2026-06-14 12:00:00,
JOB01454,MACH041,PROD095,1528,Completed,2026-05-16 20:00:00,2026-05-18 00:00:00
JOB01455,MACH048,PROD354,601,Completed,2026-03-16 00:00:00,2026-03-16 09:00:00
JOB01456,MACH113,PROD051,506,Completed,2026-01-02 00:00:00,2026-01-03 17:00:00
JOB01457,MACH053,PROD473,539,Completed,2026-04-11 20:00:00,2026-04-12 01:00:00
JOB01458,MACH099,PROD342,1333,Completed,2026-01-29 09:00:00,2026-01-31 01:00:00
JOB01459,MACH098,PROD136,403,Delayed,2026-06-23 17:00:00,2026-06-26 16:00:00
JOB01460,MACH005,PROD160,1658,Running,2026-01-04 04:00:00,
JOB01461,MACH082,PROD003,844,Completed,2026-03-21 10:00:00,2026-03-21 15:00:00
JOB01462,MACH041,PROD016,1920,Running,2026-05-31 09:00:00,
JOB01463,MACH070,PROD072,1981,Completed,2026-03-09 06:00:00,2026-03-10 03:00:00
JOB01464,MACH095,PROD177,998,Completed,2026-03-10 20:00:00,2026-03-12 20:00:00
JOB01465,MACH082,PROD146,918,Completed,2026-02-20 04:00:00,2026-02-22 04:00:00
JOB01466,MACH056,PROD247,1568,Completed,2026-04-17 22:00:00,2026-04-19 15:00:00
JOB01467,MACH077,PROD283,1108,Running,2026-04-26 19:00:00,
JOB01468,MACH093,PROD377,234,Completed,2026-02-12 22:00:00,2026-02-14 04:00:00
JOB01469,MACH057,PROD475,555,Completed,2026-05-28 10:00:00,2026-05-29 13:00:00
JOB01470,MACH002,PROD220,389,Completed,2026-03-12 06:00:00,2026-03-13 13:00:00
JOB01471,MACH063,PROD082,636,Running,2026-04-07 09:00:00,
JOB01472,MACH034,PROD450,290,Completed,2026-04-30 17:00:00,2026-05-01 08:00:00
JOB01473,MACH079,PROD193,1921,Completed,2026-01-12 15:00:00,2026-01-14 02:00:00
JOB01474,MACH100,PROD210,140,Completed,2026-06-24 14:00:00,2026-06-26 06:00:00
JOB01475,MACH074,PROD131,60,Completed,2026-07-11 06:00:00,2026-07-12 07:00:00
JOB01476,MACH012,PROD444,1877,Delayed,2026-07-17 21:00:00,2026-07-21 19:00:00
JOB01477,MACH059,PROD100,855,Completed,2026-04-12 13:00:00,2026-04-13 11:00:00
JOB01478,MACH049,PROD045,1107,Completed,2026-01-23 07:00:00,2026-01-24 00:00:00
JOB01479,MACH037,PROD318,1542,Running,2026-02-01 21:00:00,
JOB01480,MACH093,PROD196,1840,Completed,2026-04-21 20:00:00,2026-04-23 18:00:00
JOB01481,MACH004,PROD329,476,Completed,2026-02-06 20:00:00,2026-02-06 22:00:00
JOB01482,MACH079,PROD103,1134,Completed,2026-06-25 18:00:00,2026-06-26 07:00:00
JOB01483,MACH080,PROD187,824,Running,2026-06-11 16:00:00,
JOB01484,MACH030,PROD383,1589,Completed,2026-06-15 23:00:00,2026-06-17 10:00:00
JOB01485,MACH073,PROD342,1114,Delayed,2026-01-08 05:00:00,
JOB01486,MACH075,PROD480,890,Delayed,2026-03-01 04:00:00,2026-03-04 08:00:00
JOB01487,MACH017,PROD493,260,Scheduled,2026-03-02 22:00:00,
JOB01488,MACH117,PROD170,545,Delayed,2026-01-04 20:00:00,2026-01-08 00:00:00
JOB01489,MACH035,PROD324,651,Scheduled,2026-06-06 15:00:00,
JOB01490,MACH114,PROD067,1601,Scheduled,2026-01-26 05:00:00,
JOB01491,MACH109,PROD420,1555,Scheduled,2026-03-02 05:00:00,
JOB01492,MACH041,PROD301,824,Completed,2026-05-16 23:00:00,2026-05-18 05:00:00
JOB01493,MACH111,PROD294,1642,Completed,2026-05-21 13:00:00,2026-05-21 21:00:00
JOB01494,MACH016,PROD109,1300,Running,2026-05-01 05:00:00,
JOB01495,MACH031,PROD023,194,Completed,2026-05-18 16:00:00,2026-05-19 07:00:00
JOB01496,MACH028,PROD297,733,Completed,2026-05-05 13:00:00,2026-05-06 21:00:00
JOB01497,MACH061,PROD258,1280,Completed,2026-06-18 13:00:00,2026-06-20 12:00:00
JOB01498,MACH112,PROD198,258,Running,2026-05-24 10:00:00,
JOB01499,MACH047,PROD058,1968,Completed,2026-02-24 22:00:00,2026-02-25 19:00:00
JOB01500,MACH094,PROD417,1716,Delayed,2026-01-03 19:00:00,2026-01-07 19:00:00
JOB01501,MACH053,PROD310,122,Scheduled,2026-04-04 04:00:00,
JOB01502,MACH011,PROD263,188,Completed,2026-03-24 13:00:00,2026-03-25 17:00:00
JOB01503,MACH053,PROD446,345,Scheduled,2026-05-13 00:00:00,
JOB01504,MACH107,PROD219,228,Scheduled,2026-02-28 01:00:00,
JOB01505,MACH097,PROD021,215,Scheduled,2026-06-04 06:00:00,
JOB01506,MACH035,PROD188,282,Completed,2026-06-22 16:00:00,2026-06-24 11:00:00
JOB01507,MACH068,PROD417,1589,Completed,2026-04-01 09:00:00,2026-04-02 15:00:00
JOB01508,MACH059,PROD114,194,Scheduled,2026-01-28 07:00:00,
JOB01509,MACH094,PROD016,881,Scheduled,2026-03-21 05:00:00,
JOB01510,MACH001,PROD384,1137,Running,2026-06-11 22:00:00,
JOB01511,MACH029,PROD248,139,Completed,2026-03-02 06:00:00,2026-03-03 01:00:00
JOB01512,MACH042,PROD189,772,Scheduled,2026-05-06 13:00:00,
JOB01513,MACH117,PROD033,505,Delayed,2026-02-13 19:00:00,2026-02-16 15:00:00
JOB01514,MACH054,PROD222,1779,Running,2026-07-04 23:00:00,
JOB01515,MACH004,PROD063,1029,Completed,2026-01-19 14:00:00,2026-01-21 08:00:00
JOB01516,MACH089,PROD182,905,Completed,2026-04-12 01:00:00,2026-04-13 17:00:00
JOB01517,MACH093,PROD375,125,Running,2026-06-01 07:00:00,
JOB01518,MACH104,PROD280,1630,Completed,2026-06-18 05:00:00,2026-06-18 14:00:00
JOB01519,MACH034,PROD323,480,Completed,2026-03-02 04:00:00,2026-03-02 06:00:00
JOB01520,MACH006,PROD143,1810,Completed,2026-02-12 14:00:00,2026-02-13 12:00:00
JOB01521,MACH066,PROD091,1570,Completed,2026-03-17 21:00:00,2026-03-19 00:00:00
JOB01522,MACH043,PROD223,1087,Completed,2026-07-07 12:00:00,2026-07-08 14:00:00
JOB01523,MACH080,PROD248,1730,Completed,2026-04-01 16:00:00,2026-04-02 08:00:00
JOB01524,MACH004,PROD077,974,Completed,2026-02-03 11:00:00,2026-02-03 17:00:00
JOB01525,MACH059,PROD372,1883,Running,2026-05-30 09:00:00,
JOB01526,MACH014,PROD321,1111,Running,2026-02-26 12:00:00,
JOB01527,MACH003,PROD192,586,Scheduled,2026-06-23 17:00:00,
JOB01528,MACH026,PROD398,689,Completed,2026-06-08 08:00:00,2026-06-09 13:00:00
JOB01529,MACH120,PROD480,1598,Completed,2026-04-28 15:00:00,2026-04-29 12:00:00
JOB01530,MACH009,PROD115,1631,Completed,2026-02-28 00:00:00,2026-02-28 06:00:00
JOB01531,MACH037,PROD350,926,Scheduled,2026-06-13 08:00:00,
JOB01532,MACH061,PROD288,1782,Delayed,2026-07-11 17:00:00,
JOB01533,MACH037,PROD105,1284,Completed,2026-05-07 03:00:00,2026-05-08 22:00:00
JOB01534,MACH057,PROD376,1171,Completed,2026-03-30 16:00:00,2026-03-31 22:00:00
JOB01535,MACH053,PROD444,764,Scheduled,2026-04-12 22:00:00,
JOB01536,MACH064,PROD193,1065,Running,2026-04-02 09:00:00,
JOB01537,MACH084,PROD173,487,Scheduled,2026-06-21 01:00:00,
JOB01538,MACH101,PROD214,1032,Completed,2026-03-10 09:00:00,2026-03-11 14:00:00
JOB01539,MACH023,PROD473,1447,Completed,2026-07-12 03:00:00,2026-07-12 22:00:00
JOB01540,MACH094,PROD495,1954,Scheduled,2026-03-11 12:00:00,
JOB01541,MACH106,PROD244,1405,Running,2026-04-18 05:00:00,
JOB01542,MACH081,PROD047,1022,Completed,2026-01-25 19:00:00,2026-01-27 01:00:00
JOB01543,MACH047,PROD247,1386,Completed,2026-02-23 17:00:00,2026-02-24 04:00:00
JOB01544,MACH071,PROD099,937,Scheduled,2026-06-28 01:00:00,
JOB01545,MACH015,PROD158,423,Scheduled,2026-01-19 15:00:00,
JOB01546,MACH017,PROD280,1038,Completed,2026-03-25 07:00:00,2026-03-27 04:00:00
JOB01547,MACH037,PROD370,60,Delayed,2026-05-20 17:00:00,2026-05-24 21:00:00
JOB01548,MACH043,PROD200,367,Completed,2026-02-21 22:00:00,2026-02-22 08:00:00
JOB01549,MACH094,PROD428,1575,Running,2026-03-18 00:00:00,
JOB01550,MACH019,PROD220,990,Running,2026-04-24 03:00:00,
JOB01551,MACH103,PROD079,1789,Completed,2026-06-27 15:00:00,2026-06-28 01:00:00
JOB01552,MACH055,PROD347,1708,Scheduled,2026-04-30 02:00:00,
JOB01553,MACH077,PROD433,1773,Delayed,2026-02-06 11:00:00,2026-02-10 16:00:00
JOB01554,MACH028,PROD039,1619,Scheduled,2026-01-10 01:00:00,
JOB01555,MACH114,PROD041,1506,Completed,2026-04-09 14:00:00,2026-04-11 14:00:00
JOB01556,MACH002,PROD390,438,Completed,2026-03-09 08:00:00,2026-03-10 12:00:00
JOB01557,MACH002,PROD277,338,Completed,2026-02-08 06:00:00,2026-02-09 06:00:00
JOB01558,MACH102,PROD364,959,Completed,2026-06-29 06:00:00,2026-06-30 01:00:00
JOB01559,MACH075,PROD288,1023,Completed,2026-05-02 11:00:00,2026-05-04 05:00:00
JOB01560,MACH021,PROD268,1773,Scheduled,2026-01-16 15:00:00,
JOB01561,MACH085,PROD449,1506,Completed,2026-02-07 08:00:00,2026-02-09 01:00:00
JOB01562,MACH078,PROD336,512,Completed,2026-05-18 11:00:00,2026-05-19 03:00:00
JOB01563,MACH047,PROD191,431,Running,2026-03-20 01:00:00,
JOB01564,MACH031,PROD444,729,Completed,2026-05-24 11:00:00,2026-05-25 00:00:00
JOB01565,MACH052,PROD260,1735,Running,2026-03-22 04:00:00,
JOB01566,MACH108,PROD276,721,Completed,2026-01-04 08:00:00,2026-01-05 03:00:00
JOB01567,MACH035,PROD414,1871,Completed,2026-05-11 09:00:00,2026-05-13 04:00:00
JOB01568,MACH007,PROD055,147,Scheduled,2026-03-12 11:00:00,
JOB01569,MACH019,PROD319,169,Scheduled,2026-04-17 15:00:00,
JOB01570,MACH088,PROD393,387,Scheduled,2026-07-03 08:00:00,
JOB01571,MACH081,PROD467,1215,Running,2026-05-13 12:00:00,
JOB01572,MACH089,PROD381,131,Completed,2026-03-07 06:00:00,2026-03-07 15:00:00
JOB01573,MACH024,PROD189,908,Completed,2026-05-15 03:00:00,2026-05-15 09:00:00
JOB01574,MACH034,PROD453,361,Scheduled,2026-02-13 14:00:00,
JOB01575,MACH015,PROD136,1624,Scheduled,2026-04-02 23:00:00,
JOB01576,MACH074,PROD304,1409,Completed,2026-07-06 10:00:00,2026-07-08 00:00:00
JOB01577,MACH032,PROD435,1384,Running,2026-02-13 07:00:00,
JOB01578,MACH014,PROD469,1064,Completed,2026-02-09 03:00:00,2026-02-10 23:00:00
JOB01579,MACH016,PROD165,308,Running,2026-02-12 08:00:00,
JOB01580,MACH024,PROD276,1383,Completed,2026-04-11 12:00:00,2026-04-11 19:00:00
JOB01581,MACH103,PROD493,798,Completed,2026-03-04 22:00:00,2026-03-06 05:00:00
JOB01582,MACH062,PROD193,780,Completed,2026-05-03 22:00:00,2026-05-05 12:00:00
JOB01583,MACH105,PROD093,1992,Delayed,2026-03-27 03:00:00,
JOB01584,MACH105,PROD500,595,Running,2026-04-02 15:00:00,
JOB01585,MACH089,PROD405,960,Completed,2026-04-21 17:00:00,2026-04-23 01:00:00
JOB01586,MACH050,PROD089,664,Completed,2026-03-02 22:00:00,2026-03-04 14:00:00
JOB01587,MACH099,PROD485,1163,Completed,2026-02-06 09:00:00,2026-02-07 20:00:00
JOB01588,MACH118,PROD235,721,Running,2026-07-11 21:00:00,
JOB01589,MACH087,PROD451,1665,Running,2026-02-12 10:00:00,
JOB01590,MACH057,PROD021,383,Delayed,2026-02-15 11:00:00,2026-02-19 09:00:00
JOB01591,MACH046,PROD066,356,Delayed,2026-03-19 14:00:00,2026-03-24 09:00:00
JOB01592,MACH058,PROD068,156,Completed,2026-07-09 15:00:00,2026-07-11 02:00:00
JOB01593,MACH116,PROD266,662,Completed,2026-05-27 21:00:00,2026-05-28 04:00:00
JOB01594,MACH086,PROD011,1116,Completed,2026-03-04 22:00:00,2026-03-06 02:00:00
JOB01595,MACH103,PROD336,1758,Running,2026-01-28 08:00:00,
JOB01596,MACH077,PROD145,75,Completed,2026-05-23 05:00:00,2026-05-24 10:00:00
JOB01597,MACH080,PROD429,576,Scheduled,2026-01-12 03:00:00,
JOB01598,MACH109,PROD189,735,Completed,2026-02-22 06:00:00,2026-02-23 21:00:00
JOB01599,MACH058,PROD495,740,Completed,2026-03-20 06:00:00,2026-03-20 20:00:00
JOB01600,MACH071,PROD131,286,Completed,2026-05-29 22:00:00,2026-05-30 10:00:00
JOB01601,MACH015,PROD470,1295,Completed,2026-02-11 03:00:00,2026-02-12 02:00:00
JOB01602,MACH048,PROD323,1917,Completed,2026-03-06 21:00:00,2026-03-08 10:00:00
JOB01603,MACH066,PROD148,1615,Completed,2026-06-04 09:00:00,2026-06-05 09:00:00
JOB01604,MACH106,PROD342,538,Completed,2026-06-08 18:00:00,2026-06-09 09:00:00
JOB01605,MACH050,PROD499,748,Completed,2026-02-28 19:00:00,2026-03-02 04:00:00
JOB01606,MACH095,PROD221,932,Delayed,2026-02-12 04:00:00,
JOB01607,MACH026,PROD053,1522,Completed,2026-02-11 17:00:00,2026-02-12 16:00:00
JOB01608,MACH095,PROD460,1331,Completed,2026-05-23 21:00:00,2026-05-24 22:00:00
JOB01609,MACH095,PROD357,54,Completed,2026-06-22 15:00:00,2026-06-23 23:00:00
JOB01610,MACH008,PROD465,1878,Completed,2026-07-10 06:00:00,2026-07-11 12:00:00
JOB01611,MACH021,PROD465,1121,Completed,2026-01-15 21:00:00,2026-01-16 06:00:00
JOB01612,MACH002,PROD224,1009,Completed,2026-05-15 03:00:00,2026-05-15 22:00:00
JOB01613,MACH111,PROD323,1416,Completed,2026-04-05 00:00:00,2026-04-05 04:00:00
JOB01614,MACH046,PROD218,140,Delayed,2026-02-26 10:00:00,
JOB01615,MACH120,PROD367,1418,Delayed,2026-06-29 00:00:00,2026-07-01 21:00:00
JOB01616,MACH115,PROD276,1729,Running,2026-05-17 01:00:00,
JOB01617,MACH042,PROD453,1191,Completed,2026-01-20 07:00:00,2026-01-21 07:00:00
JOB01618,MACH100,PROD419,1336,Running,2026-01-06 12:00:00,
JOB01619,MACH045,PROD345,504,Running,2026-04-24 12:00:00,
JOB01620,MACH004,PROD486,1623,Delayed,2026-02-22 02:00:00,2026-02-24 15:00:00
JOB01621,MACH110,PROD438,1957,Running,2026-06-12 09:00:00,
JOB01622,MACH002,PROD360,512,Scheduled,2026-06-21 04:00:00,
JOB01623,MACH103,PROD351,742,Completed,2026-03-05 14:00:00,2026-03-06 06:00:00
JOB01624,MACH112,PROD472,1351,Running,2026-06-27 01:00:00,
JOB01625,MACH077,PROD270,490,Completed,2026-05-22 04:00:00,2026-05-22 21:00:00
JOB01626,MACH065,PROD302,722,Completed,2026-01-18 09:00:00,2026-01-19 20:00:00
JOB01627,MACH079,PROD391,1836,Delayed,2026-03-06 12:00:00,
JOB01628,MACH098,PROD204,747,Running,2026-06-17 02:00:00,
JOB01629,MACH057,PROD129,896,Completed,2026-01-29 06:00:00,2026-01-31 02:00:00
JOB01630,MACH011,PROD329,117,Completed,2026-03-06 19:00:00,2026-03-08 12:00:00
JOB01631,MACH112,PROD363,1955,Completed,2026-01-30 05:00:00,2026-01-31 10:00:00
JOB01632,MACH099,PROD418,1332,Completed,2026-05-02 10:00:00,2026-05-03 21:00:00
JOB01633,MACH064,PROD181,263,Running,2026-01-08 04:00:00,
JOB01634,MACH007,PROD072,695,Running,2026-01-05 15:00:00,
JOB01635,MACH080,PROD387,1993,Completed,2026-06-26 06:00:00,2026-06-28 01:00:00
JOB01636,MACH037,PROD021,543,Completed,2026-04-02 12:00:00,2026-04-03 09:00:00
JOB01637,MACH080,PROD296,1533,Scheduled,2026-07-14 21:00:00,
JOB01638,MACH047,PROD373,1689,Completed,2026-03-30 05:00:00,2026-03-30 07:00:00
JOB01639,MACH015,PROD466,974,Completed,2026-05-03 16:00:00,2026-05-03 19:00:00
JOB01640,MACH025,PROD486,697,Running,2026-02-13 02:00:00,
JOB01641,MACH041,PROD465,1791,Running,2026-01-19 09:00:00,
JOB01642,MACH041,PROD403,1114,Completed,2026-02-02 06:00:00,2026-02-02 20:00:00
JOB01643,MACH042,PROD189,276,Delayed,2026-05-22 16:00:00,
JOB01644,MACH036,PROD004,102,Completed,2026-03-11 07:00:00,2026-03-12 20:00:00
JOB01645,MACH085,PROD229,768,Running,2026-07-07 04:00:00,
JOB01646,MACH081,PROD399,865,Delayed,2026-01-22 02:00:00,2026-01-25 15:00:00
JOB01647,MACH055,PROD395,614,Running,2026-05-25 21:00:00,
JOB01648,MACH058,PROD100,1107,Completed,2026-01-15 01:00:00,2026-01-15 12:00:00
JOB01649,MACH062,PROD432,1888,Completed,2026-03-08 04:00:00,2026-03-09 06:00:00
JOB01650,MACH021,PROD391,1773,Scheduled,2026-04-12 06:00:00,
JOB01651,MACH066,PROD037,968,Completed,2026-03-30 02:00:00,2026-03-31 01:00:00
JOB01652,MACH041,PROD426,1130,Running,2026-07-11 07:00:00,
JOB01653,MACH095,PROD449,1667,Completed,2026-01-29 09:00:00,2026-01-30 13:00:00
JOB01654,MACH049,PROD054,1040,Running,2026-04-05 08:00:00,
JOB01655,MACH090,PROD385,1059,Running,2026-03-05 16:00:00,
JOB01656,MACH104,PROD038,1237,Completed,2026-04-09 19:00:00,2026-04-10 09:00:00
JOB01657,MACH013,PROD184,1839,Delayed,2026-07-15 03:00:00,2026-07-20 03:00:00
JOB01658,MACH062,PROD056,1353,Completed,2026-02-22 19:00:00,2026-02-24 13:00:00
JOB01659,MACH006,PROD392,369,Completed,2026-03-16 09:00:00,2026-03-17 05:00:00
JOB01660,MACH078,PROD092,795,Scheduled,2026-05-18 18:00:00,
JOB01661,MACH011,PROD282,516,Completed,2026-03-21 02:00:00,2026-03-22 12:00:00
JOB01662,MACH054,PROD089,1173,Completed,2026-02-10 21:00:00,2026-02-12 10:00:00
JOB01663,MACH079,PROD371,1298,Completed,2026-03-21 07:00:00,2026-03-21 19:00:00
JOB01664,MACH070,PROD469,575,Completed,2026-01-20 02:00:00,2026-01-21 09:00:00
JOB01665,MACH066,PROD433,334,Completed,2026-03-13 08:00:00,2026-03-13 14:00:00
JOB01666,MACH087,PROD111,399,Completed,2026-03-30 11:00:00,2026-03-30 19:00:00
JOB01667,MACH117,PROD302,1675,Scheduled,2026-01-18 23:00:00,
JOB01668,MACH088,PROD451,413,Scheduled,2026-04-29 02:00:00,
JOB01669,MACH076,PROD355,249,Completed,2026-03-14 10:00:00,2026-03-16 08:00:00
JOB01670,MACH034,PROD173,482,Completed,2026-04-13 05:00:00,2026-04-13 18:00:00
JOB01671,MACH082,PROD057,88,Completed,2026-07-05 05:00:00,2026-07-07 03:00:00
JOB01672,MACH114,PROD499,1279,Completed,2026-01-25 12:00:00,2026-01-27 05:00:00
JOB01673,MACH069,PROD120,300,Scheduled,2026-03-19 23:00:00,
JOB01674,MACH007,PROD383,1453,Completed,2026-06-04 18:00:00,2026-06-04 21:00:00
JOB01675,MACH026,PROD130,573,Completed,2026-07-02 21:00:00,2026-07-04 15:00:00
JOB01676,MACH036,PROD157,1623,Scheduled,2026-04-13 21:00:00,
JOB01677,MACH027,PROD262,1491,Scheduled,2026-05-02 10:00:00,
JOB01678,MACH046,PROD461,609,Delayed,2026-01-13 14:00:00,2026-01-17 18:00:00
JOB01679,MACH100,PROD389,2000,Completed,2026-04-19 23:00:00,2026-04-21 12:00:00
JOB01680,MACH049,PROD427,673,Running,2026-02-19 10:00:00,
JOB01681,MACH052,PROD147,851,Completed,2026-06-12 10:00:00,2026-06-12 22:00:00
JOB01682,MACH097,PROD362,473,Scheduled,2026-03-27 13:00:00,
JOB01683,MACH113,PROD140,270,Completed,2026-05-29 20:00:00,2026-05-30 07:00:00
JOB01684,MACH072,PROD264,660,Running,2026-03-17 10:00:00,
JOB01685,MACH048,PROD441,1996,Completed,2026-04-26 00:00:00,2026-04-26 16:00:00
JOB01686,MACH090,PROD034,662,Completed,2026-01-02 20:00:00,2026-01-04 07:00:00
JOB01687,MACH013,PROD026,377,Completed,2026-02-14 12:00:00,2026-02-15 04:00:00
JOB01688,MACH082,PROD118,475,Scheduled,2026-05-20 17:00:00,
JOB01689,MACH011,PROD304,1567,Running,2026-01-08 06:00:00,
JOB01690,MACH002,PROD068,137,Completed,2026-01-04 07:00:00,2026-01-05 09:00:00
JOB01691,MACH109,PROD151,962,Running,2026-04-20 01:00:00,
JOB01692,MACH092,PROD271,123,Scheduled,2026-07-06 01:00:00,
JOB01693,MACH096,PROD451,1448,Scheduled,2026-06-12 09:00:00,
JOB01694,MACH034,PROD157,194,Completed,2026-06-09 12:00:00,2026-06-09 16:00:00
JOB01695,MACH099,PROD239,371,Completed,2026-01-09 09:00:00,2026-01-11 08:00:00
JOB01696,MACH070,PROD415,1271,Running,2026-05-19 18:00:00,
JOB01697,MACH056,PROD081,1320,Completed,2026-06-07 18:00:00,2026-06-09 04:00:00
JOB01698,MACH067,PROD097,758,Completed,2026-04-05 00:00:00,2026-04-05 14:00:00
JOB01699,MACH036,PROD325,240,Delayed,2026-05-29 03:00:00,
JOB01700,MACH008,PROD126,930,Scheduled,2026-01-28 17:00:00,
JOB01701,MACH078,PROD111,93,Running,2026-02-11 15:00:00,
JOB01702,MACH020,PROD239,182,Completed,2026-01-27 21:00:00,2026-01-28 02:00:00
JOB01703,MACH120,PROD300,1631,Delayed,2026-03-31 21:00:00,
JOB01704,MACH103,PROD488,883,Running,2026-02-16 10:00:00,
JOB01705,MACH039,PROD325,1746,Completed,2026-02-15 09:00:00,2026-02-16 14:00:00
JOB01706,MACH046,PROD069,460,Running,2026-01-21 03:00:00,
JOB01707,MACH040,PROD022,838,Completed,2026-02-13 19:00:00,2026-02-14 19:00:00
JOB01708,MACH094,PROD346,346,Completed,2026-05-12 14:00:00,2026-05-14 05:00:00
JOB01709,MACH117,PROD044,79,Running,2026-02-24 20:00:00,
JOB01710,MACH037,PROD370,1951,Completed,2026-02-05 08:00:00,2026-02-06 09:00:00
JOB01711,MACH037,PROD151,978,Completed,2026-07-16 11:00:00,2026-07-17 10:00:00
JOB01712,MACH105,PROD267,195,Completed,2026-04-19 23:00:00,2026-04-21 21:00:00
JOB01713,MACH115,PROD004,285,Running,2026-01-08 01:00:00,
JOB01714,MACH068,PROD106,1103,Completed,2026-02-28 17:00:00,2026-03-01 01:00:00
JOB01715,MACH009,PROD211,1901,Running,2026-06-19 04:00:00,
JOB01716,MACH002,PROD451,292,Completed,2026-05-05 19:00:00,2026-05-06 13:00:00
JOB01717,MACH016,PROD269,538,Completed,2026-06-26 01:00:00,2026-06-26 20:00:00
JOB01718,MACH017,PROD314,1448,Completed,2026-05-24 00:00:00,2026-05-24 15:00:00
JOB01719,MACH013,PROD243,1407,Completed,2026-01-31 08:00:00,2026-02-01 22:00:00
JOB01720,MACH061,PROD112,71,Scheduled,2026-01-25 07:00:00,
JOB01721,MACH013,PROD049,1913,Scheduled,2026-04-11 21:00:00,
JOB01722,MACH086,PROD461,1268,Completed,2026-01-03 17:00:00,2026-01-05 13:00:00
JOB01723,MACH043,PROD211,1018,Completed,2026-07-07 12:00:00,2026-07-08 11:00:00
JOB01724,MACH065,PROD451,891,Running,2026-01-21 13:00:00,
JOB01725,MACH064,PROD317,849,Scheduled,2026-04-16 17:00:00,
JOB01726,MACH099,PROD373,157,Running,2026-02-04 04:00:00,
JOB01727,MACH105,PROD048,905,Completed,2026-03-16 16:00:00,2026-03-17 11:00:00
JOB01728,MACH085,PROD031,301,Completed,2026-03-27 00:00:00,2026-03-27 15:00:00
JOB01729,MACH114,PROD050,520,Completed,2026-03-17 12:00:00,2026-03-18 20:00:00
JOB01730,MACH025,PROD206,205,Completed,2026-07-16 23:00:00,2026-07-18 11:00:00
JOB01731,MACH038,PROD135,1360,Completed,2026-06-22 00:00:00,2026-06-22 14:00:00
JOB01732,MACH048,PROD278,1902,Completed,2026-04-03 00:00:00,2026-04-04 11:00:00
JOB01733,MACH044,PROD103,297,Completed,2026-04-02 19:00:00,2026-04-03 01:00:00
JOB01734,MACH064,PROD442,1547,Completed,2026-02-06 21:00:00,2026-02-08 18:00:00
JOB01735,MACH054,PROD150,1902,Completed,2026-07-11 21:00:00,2026-07-13 15:00:00
JOB01736,MACH087,PROD313,1770,Delayed,2026-06-08 10:00:00,
JOB01737,MACH037,PROD222,1481,Completed,2026-01-07 15:00:00,2026-01-07 20:00:00
JOB01738,MACH015,PROD394,1560,Running,2026-01-28 03:00:00,
JOB01739,MACH026,PROD128,1049,Scheduled,2026-04-02 20:00:00,
JOB01740,MACH060,PROD474,1873,Completed,2026-05-16 10:00:00,2026-05-16 20:00:00
JOB01741,MACH015,PROD444,843,Completed,2026-01-24 09:00:00,2026-01-25 08:00:00
JOB01742,MACH060,PROD237,1641,Completed,2026-05-01 12:00:00,2026-05-02 19:00:00
JOB01743,MACH037,PROD444,1691,Running,2026-04-23 01:00:00,
JOB01744,MACH083,PROD056,509,Completed,2026-03-24 03:00:00,2026-03-25 21:00:00
JOB01745,MACH003,PROD487,257,Delayed,2026-05-12 11:00:00,
JOB01746,MACH088,PROD145,1585,Completed,2026-02-18 05:00:00,2026-02-19 19:00:00
JOB01747,MACH095,PROD438,1335,Completed,2026-02-25 21:00:00,2026-02-26 18:00:00
JOB01748,MACH082,PROD122,643,Completed,2026-01-12 01:00:00,2026-01-12 08:00:00
JOB01749,MACH040,PROD314,401,Completed,2026-02-04 04:00:00,2026-02-04 09:00:00
JOB01750,MACH101,PROD451,383,Completed,2026-06-20 18:00:00,2026-06-21 15:00:00
JOB01751,MACH113,PROD343,1788,Scheduled,2026-01-09 04:00:00,
JOB01752,MACH050,PROD204,1213,Scheduled,2026-05-21 20:00:00,
JOB01753,MACH031,PROD427,1342,Completed,2026-03-13 04:00:00,2026-03-13 09:00:00
JOB01754,MACH033,PROD140,1543,Completed,2026-06-09 21:00:00,2026-06-11 13:00:00
JOB01755,MACH056,PROD478,1385,Completed,2026-06-06 05:00:00,2026-06-08 00:00:00
JOB01756,MACH105,PROD498,242,Completed,2026-04-19 04:00:00,2026-04-20 10:00:00
JOB01757,MACH050,PROD024,885,Completed,2026-01-03 10:00:00,2026-01-03 13:00:00
JOB01758,MACH097,PROD378,1959,Scheduled,2026-07-07 23:00:00,
JOB01759,MACH003,PROD012,343,Running,2026-01-24 22:00:00,
JOB01760,MACH110,PROD285,1719,Scheduled,2026-01-13 18:00:00,
JOB01761,MACH002,PROD314,1086,Delayed,2026-05-05 20:00:00,
JOB01762,MACH028,PROD110,689,Running,2026-04-26 23:00:00,
JOB01763,MACH118,PROD446,1820,Completed,2026-04-09 01:00:00,2026-04-10 07:00:00
JOB01764,MACH002,PROD092,1201,Scheduled,2026-05-20 01:00:00,
JOB01765,MACH024,PROD341,529,Completed,2026-07-14 06:00:00,2026-07-16 06:00:00
JOB01766,MACH043,PROD218,996,Completed,2026-07-16 00:00:00,2026-07-17 08:00:00
JOB01767,MACH009,PROD143,1501,Completed,2026-05-29 23:00:00,2026-05-31 09:00:00
JOB01768,MACH097,PROD492,1545,Completed,2026-04-02 22:00:00,2026-04-04 12:00:00
JOB01769,MACH039,PROD173,385,Completed,2026-02-24 11:00:00,2026-02-25 09:00:00
JOB01770,MACH097,PROD483,147,Completed,2026-03-17 16:00:00,2026-03-18 07:00:00
JOB01771,MACH081,PROD370,863,Completed,2026-01-15 14:00:00,2026-01-17 10:00:00
JOB01772,MACH073,PROD481,367,Running,2026-06-09 05:00:00,
JOB01773,MACH113,PROD099,793,Running,2026-06-05 09:00:00,
JOB01774,MACH075,PROD242,965,Scheduled,2026-06-26 04:00:00,
JOB01775,MACH105,PROD316,1080,Completed,2026-04-26 22:00:00,2026-04-28 02:00:00
JOB01776,MACH075,PROD439,1907,Completed,2026-06-14 10:00:00,2026-06-15 07:00:00
JOB01777,MACH053,PROD277,1403,Completed,2026-07-18 06:00:00,2026-07-20 05:00:00
JOB01778,MACH065,PROD142,1346,Scheduled,2026-04-19 03:00:00,
JOB01779,MACH027,PROD250,419,Completed,2026-06-30 00:00:00,2026-06-30 15:00:00
JOB01780,MACH073,PROD123,1416,Scheduled,2026-03-15 13:00:00,
JOB01781,MACH040,PROD414,51,Running,2026-05-17 07:00:00,
JOB01782,MACH006,PROD243,1414,Running,2026-06-16 11:00:00,
JOB01783,MACH060,PROD041,750,Delayed,2026-05-14 03:00:00,2026-05-18 08:00:00
JOB01784,MACH068,PROD026,1642,Completed,2026-04-03 12:00:00,2026-04-05 04:00:00
JOB01785,MACH006,PROD027,1596,Delayed,2026-06-25 02:00:00,
JOB01786,MACH001,PROD253,454,Running,2026-03-20 04:00:00,
JOB01787,MACH116,PROD484,1829,Completed,2026-04-07 09:00:00,2026-04-07 14:00:00
JOB01788,MACH038,PROD253,1293,Running,2026-01-31 11:00:00,
JOB01789,MACH055,PROD488,277,Running,2026-05-20 10:00:00,
JOB01790,MACH048,PROD084,1155,Completed,2026-03-08 14:00:00,2026-03-09 06:00:00
JOB01791,MACH110,PROD401,1417,Running,2026-04-20 05:00:00,
JOB01792,MACH096,PROD230,1915,Running,2026-04-11 10:00:00,
JOB01793,MACH048,PROD426,1154,Running,2026-06-05 00:00:00,
JOB01794,MACH114,PROD138,401,Running,2026-06-04 11:00:00,
JOB01795,MACH024,PROD016,583,Delayed,2026-07-14 21:00:00,2026-07-18 06:00:00
JOB01796,MACH027,PROD009,510,Completed,2026-05-07 13:00:00,2026-05-07 21:00:00
JOB01797,MACH074,PROD143,849,Delayed,2026-06-11 16:00:00,
JOB01798,MACH060,PROD353,281,Delayed,2026-04-30 21:00:00,
JOB01799,MACH032,PROD348,1849,Completed,2026-05-06 07:00:00,2026-05-07 02:00:00
JOB01800,MACH028,PROD101,918,Completed,2026-06-26 18:00:00,2026-06-28 12:00:00
JOB01801,MACH093,PROD037,1299,Completed,2026-02-28 18:00:00,2026-02-28 20:00:00
JOB01802,MACH078,PROD200,935,Completed,2026-03-03 22:00:00,2026-03-04 06:00:00
JOB01803,MACH055,PROD088,690,Completed,2026-07-08 16:00:00,2026-07-09 15:00:00
JOB01804,MACH058,PROD276,1145,Running,2026-04-13 06:00:00,
JOB01805,MACH059,PROD169,1196,Completed,2026-07-07 10:00:00,2026-07-07 15:00:00
JOB01806,MACH066,PROD336,928,Scheduled,2026-04-18 00:00:00,
JOB01807,MACH086,PROD239,360,Completed,2026-04-22 20:00:00,2026-04-23 07:00:00
JOB01808,MACH065,PROD463,1446,Completed,2026-03-29 20:00:00,2026-03-30 23:00:00
JOB01809,MACH091,PROD041,715,Completed,2026-04-20 19:00:00,2026-04-21 16:00:00
JOB01810,MACH030,PROD295,295,Completed,2026-05-01 20:00:00,2026-05-02 03:00:00
JOB01811,MACH001,PROD220,797,Completed,2026-06-26 15:00:00,2026-06-28 03:00:00
JOB01812,MACH049,PROD473,1339,Delayed,2026-05-31 07:00:00,2026-06-05 03:00:00
JOB01813,MACH108,PROD398,1668,Completed,2026-02-27 11:00:00,2026-02-28 13:00:00
JOB01814,MACH043,PROD183,1918,Completed,2026-07-13 01:00:00,2026-07-14 17:00:00
JOB01815,MACH103,PROD340,1513,Completed,2026-03-14 04:00:00,2026-03-14 19:00:00
JOB01816,MACH106,PROD055,1767,Scheduled,2026-03-26 08:00:00,
JOB01817,MACH016,PROD456,1661,Completed,2026-03-03 04:00:00,2026-03-03 21:00:00
JOB01818,MACH119,PROD387,1832,Scheduled,2026-01-08 17:00:00,
JOB01819,MACH044,PROD466,221,Completed,2026-05-21 09:00:00,2026-05-23 03:00:00
JOB01820,MACH046,PROD074,1723,Running,2026-04-12 10:00:00,
JOB01821,MACH104,PROD120,188,Completed,2026-05-10 01:00:00,2026-05-11 00:00:00
JOB01822,MACH096,PROD482,982,Running,2026-06-26 19:00:00,
JOB01823,MACH009,PROD215,1727,Running,2026-06-23 18:00:00,
JOB01824,MACH039,PROD424,1752,Completed,2026-03-05 23:00:00,2026-03-06 18:00:00
JOB01825,MACH096,PROD455,499,Completed,2026-02-10 19:00:00,2026-02-11 15:00:00
JOB01826,MACH113,PROD103,729,Completed,2026-03-24 07:00:00,2026-03-25 01:00:00
JOB01827,MACH010,PROD036,1895,Running,2026-03-04 09:00:00,
JOB01828,MACH046,PROD448,1863,Completed,2026-04-24 19:00:00,2026-04-25 14:00:00
JOB01829,MACH014,PROD077,1663,Completed,2026-04-05 11:00:00,2026-04-07 04:00:00
JOB01830,MACH026,PROD005,745,Completed,2026-04-20 09:00:00,2026-04-21 00:00:00
JOB01831,MACH036,PROD500,175,Completed,2026-04-15 13:00:00,2026-04-16 17:00:00
JOB01832,MACH059,PROD147,1127,Scheduled,2026-04-05 01:00:00,
JOB01833,MACH014,PROD046,670,Running,2026-05-07 00:00:00,
JOB01834,MACH104,PROD109,504,Completed,2026-01-23 10:00:00,2026-01-24 10:00:00
JOB01835,MACH083,PROD233,602,Completed,2026-01-06 23:00:00,2026-01-08 03:00:00
JOB01836,MACH106,PROD238,1866,Completed,2026-07-05 05:00:00,2026-07-05 19:00:00
JOB01837,MACH012,PROD095,575,Completed,2026-05-03 08:00:00,2026-05-03 22:00:00
JOB01838,MACH095,PROD002,1046,Completed,2026-02-22 21:00:00,2026-02-23 10:00:00
JOB01839,MACH076,PROD386,1218,Completed,2026-04-25 21:00:00,2026-04-26 08:00:00
JOB01840,MACH009,PROD161,963,Delayed,2026-03-21 21:00:00,2026-03-25 20:00:00
JOB01841,MACH071,PROD298,957,Completed,2026-05-05 22:00:00,2026-05-06 23:00:00
JOB01842,MACH073,PROD213,1086,Running,2026-02-10 12:00:00,
JOB01843,MACH025,PROD284,1213,Completed,2026-06-30 01:00:00,2026-07-01 14:00:00
JOB01844,MACH072,PROD239,737,Completed,2026-01-06 08:00:00,2026-01-07 21:00:00
JOB01845,MACH095,PROD392,1919,Running,2026-05-15 06:00:00,
JOB01846,MACH078,PROD428,1842,Completed,2026-01-18 14:00:00,2026-01-19 01:00:00
JOB01847,MACH069,PROD486,1356,Completed,2026-04-28 08:00:00,2026-04-28 18:00:00
JOB01848,MACH098,PROD260,972,Completed,2026-06-14 10:00:00,2026-06-15 09:00:00
JOB01849,MACH049,PROD497,935,Completed,2026-02-04 20:00:00,2026-02-05 21:00:00
JOB01850,MACH081,PROD413,1162,Completed,2026-02-12 22:00:00,2026-02-14 05:00:00
JOB01851,MACH013,PROD433,611,Completed,2026-05-11 10:00:00,2026-05-12 23:00:00
JOB01852,MACH042,PROD042,1274,Completed,2026-01-03 23:00:00,2026-01-05 06:00:00
JOB01853,MACH051,PROD365,788,Scheduled,2026-02-18 18:00:00,
JOB01854,MACH004,PROD439,1642,Running,2026-01-12 10:00:00,
JOB01855,MACH065,PROD113,1598,Completed,2026-05-21 02:00:00,2026-05-21 05:00:00
JOB01856,MACH056,PROD243,1977,Completed,2026-04-04 03:00:00,2026-04-05 00:00:00
JOB01857,MACH076,PROD385,902,Running,2026-02-12 04:00:00,
JOB01858,MACH104,PROD122,801,Completed,2026-07-01 14:00:00,2026-07-03 08:00:00
JOB01859,MACH082,PROD410,1258,Running,2026-06-15 06:00:00,
JOB01860,MACH088,PROD004,94,Completed,2026-07-11 04:00:00,2026-07-11 15:00:00
JOB01861,MACH012,PROD308,369,Completed,2026-02-22 05:00:00,2026-02-23 01:00:00
JOB01862,MACH041,PROD016,950,Completed,2026-04-10 21:00:00,2026-04-12 09:00:00
JOB01863,MACH052,PROD139,588,Completed,2026-07-04 16:00:00,2026-07-05 00:00:00
JOB01864,MACH110,PROD178,1251,Completed,2026-04-27 22:00:00,2026-04-28 06:00:00
JOB01865,MACH082,PROD436,986,Completed,2026-03-26 06:00:00,2026-03-27 02:00:00
JOB01866,MACH007,PROD073,212,Completed,2026-01-22 13:00:00,2026-01-23 01:00:00
JOB01867,MACH003,PROD213,1929,Running,2026-04-02 16:00:00,
JOB01868,MACH067,PROD492,466,Running,2026-04-15 16:00:00,
JOB01869,MACH111,PROD477,1099,Completed,2026-04-01 19:00:00,2026-04-02 02:00:00
JOB01870,MACH047,PROD398,1948,Completed,2026-02-04 21:00:00,2026-02-05 12:00:00
JOB01871,MACH072,PROD377,912,Completed,2026-04-17 20:00:00,2026-04-18 04:00:00
JOB01872,MACH083,PROD226,1806,Scheduled,2026-04-14 22:00:00,
JOB01873,MACH066,PROD181,1575,Completed,2026-06-09 03:00:00,2026-06-09 09:00:00
JOB01874,MACH032,PROD288,562,Running,2026-05-15 14:00:00,
JOB01875,MACH067,PROD144,789,Completed,2026-01-31 14:00:00,2026-02-01 19:00:00
JOB01876,MACH105,PROD443,377,Delayed,2026-06-22 01:00:00,2026-06-25 03:00:00
JOB01877,MACH102,PROD399,1873,Completed,2026-03-16 14:00:00,2026-03-18 14:00:00
JOB01878,MACH030,PROD356,134,Completed,2026-03-28 00:00:00,2026-03-28 20:00:00
JOB01879,MACH073,PROD381,1168,Scheduled,2026-06-28 15:00:00,
JOB01880,MACH090,PROD314,1698,Running,2026-06-26 16:00:00,
JOB01881,MACH015,PROD433,1769,Scheduled,2026-06-24 15:00:00,
JOB01882,MACH087,PROD321,1722,Completed,2026-06-05 14:00:00,2026-06-06 06:00:00
JOB01883,MACH076,PROD237,1277,Completed,2026-01-10 09:00:00,2026-01-11 20:00:00
JOB01884,MACH054,PROD370,50,Completed,2026-06-29 06:00:00,2026-06-29 10:00:00
JOB01885,MACH038,PROD294,1241,Delayed,2026-03-16 23:00:00,2026-03-21 10:00:00
JOB01886,MACH094,PROD350,1788,Delayed,2026-05-11 12:00:00,2026-05-14 11:00:00
JOB01887,MACH102,PROD456,1419,Completed,2026-02-05 13:00:00,2026-02-07 09:00:00
JOB01888,MACH098,PROD240,946,Completed,2026-07-01 13:00:00,2026-07-02 04:00:00
JOB01889,MACH086,PROD209,1816,Completed,2026-02-11 08:00:00,2026-02-12 01:00:00
JOB01890,MACH074,PROD010,1883,Completed,2026-05-04 08:00:00,2026-05-06 04:00:00
JOB01891,MACH008,PROD267,717,Running,2026-04-05 14:00:00,
JOB01892,MACH006,PROD062,1821,Scheduled,2026-06-22 16:00:00,
JOB01893,MACH023,PROD247,443,Scheduled,2026-04-11 06:00:00,
JOB01894,MACH020,PROD045,1777,Scheduled,2026-06-26 05:00:00,
JOB01895,MACH069,PROD240,154,Completed,2026-06-08 07:00:00,2026-06-08 12:00:00
JOB01896,MACH024,PROD345,1957,Delayed,2026-04-02 08:00:00,
JOB01897,MACH020,PROD029,1243,Completed,2026-04-12 01:00:00,2026-04-13 12:00:00
JOB01898,MACH015,PROD283,1864,Completed,2026-04-12 06:00:00,2026-04-13 18:00:00
JOB01899,MACH007,PROD334,799,Completed,2026-01-17 09:00:00,2026-01-19 08:00:00
JOB01900,MACH080,PROD266,738,Scheduled,2026-05-28 15:00:00,
JOB01901,MACH065,PROD192,81,Running,2026-07-15 13:00:00,
JOB01902,MACH032,PROD171,572,Scheduled,2026-06-05 00:00:00,
JOB01903,MACH115,PROD442,507,Completed,2026-02-21 10:00:00,2026-02-21 15:00:00
JOB01904,MACH068,PROD426,1093,Scheduled,2026-05-02 19:00:00,
JOB01905,MACH058,PROD136,847,Delayed,2026-04-06 01:00:00,
JOB01906,MACH068,PROD021,932,Running,2026-04-01 03:00:00,
JOB01907,MACH108,PROD152,1571,Completed,2026-01-15 01:00:00,2026-01-15 13:00:00
JOB01908,MACH031,PROD149,101,Completed,2026-03-03 22:00:00,2026-03-05 02:00:00
JOB01909,MACH119,PROD497,1908,Completed,2026-02-16 08:00:00,2026-02-18 04:00:00
JOB01910,MACH055,PROD022,271,Completed,2026-07-02 16:00:00,2026-07-02 18:00:00
JOB01911,MACH107,PROD121,1122,Completed,2026-02-10 02:00:00,2026-02-10 22:00:00
JOB01912,MACH041,PROD318,76,Completed,2026-06-18 22:00:00,2026-06-19 00:00:00
JOB01913,MACH059,PROD323,1127,Scheduled,2026-07-08 12:00:00,
JOB01914,MACH089,PROD042,656,Completed,2026-04-07 16:00:00,2026-04-08 00:00:00
JOB01915,MACH010,PROD061,864,Completed,2026-03-31 17:00:00,2026-04-02 07:00:00
JOB01916,MACH099,PROD212,562,Completed,2026-04-07 02:00:00,2026-04-08 21:00:00
JOB01917,MACH070,PROD297,1425,Completed,2026-01-15 10:00:00,2026-01-17 02:00:00
JOB01918,MACH054,PROD368,671,Completed,2026-04-21 08:00:00,2026-04-22 02:00:00
JOB01919,MACH048,PROD317,160,Scheduled,2026-01-08 12:00:00,
JOB01920,MACH084,PROD343,1830,Completed,2026-06-17 07:00:00,2026-06-18 00:00:00
JOB01921,MACH048,PROD024,1862,Scheduled,2026-03-16 22:00:00,
JOB01922,MACH036,PROD271,631,Scheduled,2026-07-10 22:00:00,
JOB01923,MACH009,PROD489,675,Completed,2026-06-19 17:00:00,2026-06-21 04:00:00
JOB01924,MACH029,PROD423,1253,Scheduled,2026-01-02 08:00:00,
JOB01925,MACH075,PROD015,997,Scheduled,2026-01-12 19:00:00,
JOB01926,MACH017,PROD308,101,Running,2026-06-26 02:00:00,
JOB01927,MACH005,PROD422,1439,Scheduled,2026-03-25 08:00:00,
JOB01928,MACH109,PROD069,1026,Completed,2026-02-09 08:00:00,2026-02-09 15:00:00
JOB01929,MACH115,PROD291,1693,Scheduled,2026-04-13 03:00:00,
JOB01930,MACH066,PROD284,436,Completed,2026-03-11 23:00:00,2026-03-12 23:00:00
JOB01931,MACH109,PROD438,919,Delayed,2026-06-20 00:00:00,2026-06-24 20:00:00
JOB01932,MACH038,PROD310,1685,Completed,2026-04-26 12:00:00,2026-04-27 16:00:00
JOB01933,MACH071,PROD094,213,Completed,2026-01-01 15:00:00,2026-01-02 19:00:00
JOB01934,MACH078,PROD027,1147,Completed,2026-01-10 06:00:00,2026-01-10 20:00:00
JOB01935,MACH070,PROD254,703,Running,2026-05-05 04:00:00,
JOB01936,MACH108,PROD293,825,Completed,2026-03-09 01:00:00,2026-03-10 22:00:00
JOB01937,MACH041,PROD157,843,Completed,2026-05-02 23:00:00,2026-05-03 15:00:00
JOB01938,MACH099,PROD277,467,Completed,2026-02-14 18:00:00,2026-02-16 08:00:00
JOB01939,MACH043,PROD243,638,Scheduled,2026-04-23 03:00:00,
JOB01940,MACH058,PROD299,440,Delayed,2026-05-12 22:00:00,
JOB01941,MACH103,PROD003,1685,Scheduled,2026-07-05 10:00:00,
JOB01942,MACH048,PROD189,1476,Scheduled,2026-06-24 19:00:00,
JOB01943,MACH003,PROD021,310,Completed,2026-03-29 12:00:00,2026-03-30 15:00:00
JOB01944,MACH009,PROD149,204,Scheduled,2026-04-27 06:00:00,
JOB01945,MACH072,PROD004,571,Completed,2026-06-23 17:00:00,2026-06-24 11:00:00
JOB01946,MACH108,PROD291,786,Completed,2026-02-09 09:00:00,2026-02-09 11:00:00
JOB01947,MACH047,PROD187,1243,Completed,2026-06-16 12:00:00,2026-06-16 22:00:00
JOB01948,MACH090,PROD266,1029,Completed,2026-01-27 20:00:00,2026-01-29 07:00:00
JOB01949,MACH120,PROD486,791,Completed,2026-07-01 13:00:00,2026-07-02 23:00:00
JOB01950,MACH052,PROD371,490,Running,2026-02-06 21:00:00,
JOB01951,MACH050,PROD086,486,Completed,2026-05-24 20:00:00,2026-05-25 20:00:00
JOB01952,MACH083,PROD441,1054,Completed,2026-03-28 12:00:00,2026-03-29 06:00:00
JOB01953,MACH033,PROD349,438,Completed,2026-06-01 04:00:00,2026-06-02 10:00:00
JOB01954,MACH106,PROD145,584,Running,2026-04-11 17:00:00,
JOB01955,MACH077,PROD171,1720,Completed,2026-01-16 15:00:00,2026-01-17 12:00:00
JOB01956,MACH087,PROD231,1288,Running,2026-06-09 08:00:00,
JOB01957,MACH086,PROD418,887,Running,2026-02-03 21:00:00,
JOB01958,MACH045,PROD425,160,Completed,2026-06-15 21:00:00,2026-06-17 14:00:00
JOB01959,MACH087,PROD169,1953,Delayed,2026-04-21 22:00:00,2026-04-25 13:00:00
JOB01960,MACH113,PROD198,315,Running,2026-03-01 07:00:00,
JOB01961,MACH102,PROD436,1188,Completed,2026-02-01 23:00:00,2026-02-03 04:00:00
JOB01962,MACH078,PROD353,642,Running,2026-03-29 18:00:00,
JOB01963,MACH022,PROD333,1346,Running,2026-07-10 05:00:00,
JOB01964,MACH062,PROD294,903,Delayed,2026-04-24 10:00:00,2026-04-27 16:00:00
JOB01965,MACH050,PROD033,258,Completed,2026-03-10 03:00:00,2026-03-11 14:00:00
JOB01966,MACH034,PROD161,1834,Scheduled,2026-03-06 20:00:00,
JOB01967,MACH114,PROD414,1665,Scheduled,2026-02-15 18:00:00,
JOB01968,MACH078,PROD344,1313,Completed,2026-01-10 22:00:00,2026-01-11 15:00:00
JOB01969,MACH004,PROD105,1575,Completed,2026-06-13 05:00:00,2026-06-13 15:00:00
JOB01970,MACH004,PROD488,1297,Completed,2026-02-23 18:00:00,2026-02-24 18:00:00
JOB01971,MACH104,PROD016,1803,Completed,2026-05-06 06:00:00,2026-05-08 00:00:00
JOB01972,MACH019,PROD059,584,Completed,2026-03-30 14:00:00,2026-03-31 00:00:00
JOB01973,MACH120,PROD033,146,Completed,2026-05-26 16:00:00,2026-05-27 11:00:00
JOB01974,MACH050,PROD240,929,Running,2026-05-16 09:00:00,
JOB01975,MACH005,PROD471,1009,Completed,2026-01-06 23:00:00,2026-01-08 04:00:00
JOB01976,MACH090,PROD315,649,Scheduled,2026-02-15 18:00:00,
JOB01977,MACH020,PROD379,1841,Completed,2026-04-29 00:00:00,2026-04-30 12:00:00
JOB01978,MACH068,PROD189,306,Completed,2026-07-10 02:00:00,2026-07-10 21:00:00
JOB01979,MACH016,PROD193,1505,Running,2026-06-03 09:00:00,
JOB01980,MACH074,PROD283,1378,Running,2026-03-29 21:00:00,
JOB01981,MACH004,PROD059,1192,Scheduled,2026-05-20 20:00:00,
JOB01982,MACH067,PROD482,284,Delayed,2026-01-07 23:00:00,
JOB01983,MACH009,PROD492,1982,Completed,2026-01-02 18:00:00,2026-01-03 10:00:00
JOB01984,MACH042,PROD200,1439,Scheduled,2026-03-28 18:00:00,
JOB01985,MACH094,PROD463,1852,Completed,2026-03-07 04:00:00,2026-03-08 07:00:00
JOB01986,MACH016,PROD063,1885,Completed,2026-05-26 13:00:00,2026-05-27 20:00:00
JOB01987,MACH063,PROD402,582,Completed,2026-06-09 19:00:00,2026-06-10 10:00:00
JOB01988,MACH010,PROD114,1359,Running,2026-02-02 08:00:00,
JOB01989,MACH014,PROD247,1675,Completed,2026-02-20 07:00:00,2026-02-21 14:00:00
JOB01990,MACH018,PROD290,1528,Completed,2026-04-24 21:00:00,2026-04-26 21:00:00
JOB01991,MACH045,PROD293,1018,Running,2026-06-23 06:00:00,
JOB01992,MACH097,PROD204,1174,Completed,2026-01-23 09:00:00,2026-01-24 17:00:00
JOB01993,MACH084,PROD256,691,Completed,2026-03-05 03:00:00,2026-03-05 22:00:00
JOB01994,MACH065,PROD100,1278,Completed,2026-02-18 14:00:00,2026-02-18 18:00:00
JOB01995,MACH107,PROD205,1423,Scheduled,2026-04-26 13:00:00,
JOB01996,MACH044,PROD468,1290,Completed,2026-03-06 04:00:00,2026-03-07 15:00:00
JOB01997,MACH027,PROD233,1551,Completed,2026-05-02 11:00:00,2026-05-03 00:00:00
JOB01998,MACH093,PROD077,1965,Running,2026-04-30 04:00:00,
JOB01999,MACH049,PROD183,1901,Completed,2026-04-29 19:00:00,2026-04-30 02:00:00
JOB02000,MACH094,PROD162,1951,Completed,2026-07-13 07:00:00,2026-07-13 18:00:00
JOB02001,MACH064,PROD330,725,Completed,2026-04-07 05:00:00,2026-04-07 13:00:00
JOB02002,MACH105,PROD002,913,Completed,2026-06-25 19:00:00,2026-06-26 19:00:00
JOB02003,MACH067,PROD483,1589,Completed,2026-03-20 11:00:00,2026-03-21 06:00:00
JOB02004,MACH049,PROD076,1990,Running,2026-07-02 00:00:00,
JOB02005,MACH007,PROD150,281,Completed,2026-01-25 19:00:00,2026-01-26 01:00:00
JOB02006,MACH015,PROD392,872,Completed,2026-07-10 20:00:00,2026-07-10 22:00:00
JOB02007,MACH024,PROD396,1079,Scheduled,2026-04-23 10:00:00,
JOB02008,MACH075,PROD182,598,Running,2026-01-18 08:00:00,
JOB02009,MACH035,PROD322,551,Running,2026-02-16 05:00:00,
JOB02010,MACH055,PROD343,306,Scheduled,2026-06-18 23:00:00,
JOB02011,MACH012,PROD369,1780,Completed,2026-07-03 23:00:00,2026-07-05 13:00:00
JOB02012,MACH119,PROD017,1090,Scheduled,2026-07-19 10:00:00,
JOB02013,MACH039,PROD382,983,Completed,2026-03-10 22:00:00,2026-03-11 19:00:00
JOB02014,MACH030,PROD433,534,Scheduled,2026-05-15 14:00:00,
JOB02015,MACH055,PROD208,132,Running,2026-02-21 21:00:00,
JOB02016,MACH097,PROD479,523,Completed,2026-07-16 17:00:00,2026-07-17 03:00:00
JOB02017,MACH028,PROD465,1140,Running,2026-02-26 10:00:00,
JOB02018,MACH005,PROD440,1846,Completed,2026-03-04 16:00:00,2026-03-05 16:00:00
JOB02019,MACH108,PROD406,1147,Scheduled,2026-07-10 20:00:00,
JOB02020,MACH099,PROD320,586,Completed,2026-07-07 19:00:00,2026-07-08 09:00:00
JOB02021,MACH115,PROD016,1676,Delayed,2026-03-21 05:00:00,2026-03-25 03:00:00
JOB02022,MACH080,PROD159,1760,Scheduled,2026-06-29 17:00:00,
JOB02023,MACH108,PROD411,915,Completed,2026-02-10 07:00:00,2026-02-11 23:00:00
JOB02024,MACH069,PROD495,844,Running,2026-06-28 16:00:00,
JOB02025,MACH103,PROD393,1989,Completed,2026-04-06 14:00:00,2026-04-08 10:00:00
JOB02026,MACH056,PROD223,690,Completed,2026-03-10 08:00:00,2026-03-11 09:00:00
JOB02027,MACH021,PROD477,558,Completed,2026-06-14 23:00:00,2026-06-16 22:00:00
JOB02028,MACH013,PROD448,383,Scheduled,2026-02-23 09:00:00,
JOB02029,MACH021,PROD342,1043,Completed,2026-02-10 11:00:00,2026-02-10 19:00:00
JOB02030,MACH074,PROD071,1373,Completed,2026-04-27 02:00:00,2026-04-28 08:00:00
JOB02031,MACH031,PROD249,1395,Completed,2026-03-14 06:00:00,2026-03-15 22:00:00
JOB02032,MACH030,PROD463,432,Completed,2026-01-14 15:00:00,2026-01-14 21:00:00
JOB02033,MACH107,PROD425,1297,Running,2026-06-12 12:00:00,
JOB02034,MACH085,PROD487,244,Delayed,2026-05-27 17:00:00,
JOB02035,MACH061,PROD430,1824,Completed,2026-01-05 20:00:00,2026-01-06 12:00:00
JOB02036,MACH016,PROD007,718,Completed,2026-06-19 00:00:00,2026-06-19 09:00:00
JOB02037,MACH099,PROD271,121,Delayed,2026-06-30 19:00:00,2026-07-05 14:00:00
JOB02038,MACH041,PROD485,1831,Delayed,2026-03-08 10:00:00,
JOB02039,MACH114,PROD347,1870,Completed,2026-03-17 06:00:00,2026-03-17 12:00:00
JOB02040,MACH020,PROD271,614,Completed,2026-03-28 15:00:00,2026-03-29 08:00:00
JOB02041,MACH029,PROD043,797,Completed,2026-02-18 19:00:00,2026-02-19 02:00:00
JOB02042,MACH052,PROD223,576,Completed,2026-04-08 21:00:00,2026-04-09 20:00:00
JOB02043,MACH095,PROD006,1356,Completed,2026-03-30 02:00:00,2026-03-30 15:00:00
JOB02044,MACH112,PROD039,1027,Completed,2026-06-27 09:00:00,2026-06-29 09:00:00
JOB02045,MACH030,PROD015,151,Running,2026-06-11 07:00:00,
JOB02046,MACH046,PROD088,1697,Running,2026-05-06 20:00:00,
JOB02047,MACH119,PROD351,1098,Running,2026-04-08 04:00:00,
JOB02048,MACH078,PROD349,1683,Scheduled,2026-05-16 20:00:00,
JOB02049,MACH105,PROD207,1845,Completed,2026-07-10 18:00:00,2026-07-11 00:00:00
JOB02050,MACH002,PROD437,936,Completed,2026-01-04 03:00:00,2026-01-04 06:00:00
JOB02051,MACH118,PROD247,1697,Delayed,2026-02-26 09:00:00,2026-03-03 03:00:00
JOB02052,MACH022,PROD389,858,Completed,2026-03-26 15:00:00,2026-03-28 15:00:00
JOB02053,MACH106,PROD172,1797,Completed,2026-07-05 12:00:00,2026-07-06 00:00:00
JOB02054,MACH015,PROD470,1109,Scheduled,2026-07-05 21:00:00,
JOB02055,MACH072,PROD210,1604,Completed,2026-02-16 18:00:00,2026-02-18 11:00:00
JOB02056,MACH115,PROD140,1414,Completed,2026-03-01 20:00:00,2026-03-02 03:00:00
JOB02057,MACH106,PROD136,1002,Running,2026-03-20 03:00:00,
JOB02058,MACH093,PROD168,570,Completed,2026-02-09 23:00:00,2026-02-10 01:00:00
JOB02059,MACH079,PROD254,1570,Completed,2026-06-10 11:00:00,2026-06-12 11:00:00
JOB02060,MACH120,PROD395,1048,Completed,2026-05-29 18:00:00,2026-05-31 13:00:00
JOB02061,MACH076,PROD270,1035,Completed,2026-01-08 10:00:00,2026-01-09 23:00:00
JOB02062,MACH058,PROD458,171,Completed,2026-03-12 02:00:00,2026-03-13 03:00:00
JOB02063,MACH035,PROD359,380,Completed,2026-05-26 03:00:00,2026-05-26 13:00:00
JOB02064,MACH078,PROD109,220,Completed,2026-06-10 09:00:00,2026-06-10 13:00:00
JOB02065,MACH063,PROD229,316,Completed,2026-03-24 21:00:00,2026-03-26 17:00:00
JOB02066,MACH005,PROD343,1322,Completed,2026-05-27 23:00:00,2026-05-29 04:00:00
JOB02067,MACH075,PROD151,269,Completed,2026-03-05 19:00:00,2026-03-05 23:00:00
JOB02068,MACH032,PROD058,774,Completed,2026-02-12 14:00:00,2026-02-13 13:00:00
JOB02069,MACH109,PROD239,450,Scheduled,2026-03-06 14:00:00,
JOB02070,MACH004,PROD183,1292,Completed,2026-05-13 03:00:00,2026-05-13 06:00:00
JOB02071,MACH114,PROD186,104,Completed,2026-01-10 12:00:00,2026-01-11 05:00:00
JOB02072,MACH043,PROD048,1613,Completed,2026-03-11 16:00:00,2026-03-13 02:00:00
JOB02073,MACH091,PROD206,135,Running,2026-01-07 10:00:00,
JOB02074,MACH003,PROD287,271,Completed,2026-07-10 05:00:00,2026-07-10 15:00:00
JOB02075,MACH022,PROD336,340,Completed,2026-03-25 04:00:00,2026-03-25 15:00:00
JOB02076,MACH106,PROD470,1186,Completed,2026-01-06 12:00:00,2026-01-06 14:00:00
JOB02077,MACH052,PROD162,768,Completed,2026-02-27 09:00:00,2026-02-28 04:00:00
JOB02078,MACH041,PROD394,1843,Completed,2026-06-04 23:00:00,2026-06-05 11:00:00
JOB02079,MACH112,PROD121,1205,Completed,2026-02-20 01:00:00,2026-02-20 21:00:00
JOB02080,MACH022,PROD340,1641,Scheduled,2026-03-02 01:00:00,
JOB02081,MACH056,PROD052,868,Completed,2026-03-25 15:00:00,2026-03-26 18:00:00
JOB02082,MACH099,PROD211,139,Completed,2026-06-28 06:00:00,2026-06-29 21:00:00
JOB02083,MACH036,PROD131,698,Running,2026-04-11 21:00:00,
JOB02084,MACH079,PROD335,84,Completed,2026-04-11 02:00:00,2026-04-13 02:00:00
JOB02085,MACH100,PROD437,188,Running,2026-03-11 21:00:00,
JOB02086,MACH058,PROD047,780,Running,2026-06-08 17:00:00,
JOB02087,MACH077,PROD174,521,Completed,2026-04-13 06:00:00,2026-04-15 06:00:00
JOB02088,MACH044,PROD335,797,Completed,2026-02-13 10:00:00,2026-02-14 23:00:00
JOB02089,MACH081,PROD056,1522,Running,2026-02-05 15:00:00,
JOB02090,MACH100,PROD164,686,Completed,2026-03-24 08:00:00,2026-03-25 10:00:00
JOB02091,MACH115,PROD188,440,Scheduled,2026-03-23 07:00:00,
JOB02092,MACH026,PROD206,825,Running,2026-01-01 18:00:00,
JOB02093,MACH031,PROD164,1794,Running,2026-01-31 06:00:00,
JOB02094,MACH019,PROD264,71,Completed,2026-04-15 14:00:00,2026-04-16 07:00:00
JOB02095,MACH074,PROD362,255,Delayed,2026-03-12 15:00:00,
JOB02096,MACH018,PROD081,806,Completed,2026-05-25 22:00:00,2026-05-27 20:00:00
JOB02097,MACH102,PROD492,113,Delayed,2026-02-05 02:00:00,2026-02-08 08:00:00
JOB02098,MACH088,PROD175,677,Completed,2026-03-23 13:00:00,2026-03-24 18:00:00
JOB02099,MACH036,PROD442,505,Completed,2026-06-23 21:00:00,2026-06-24 08:00:00
JOB02100,MACH087,PROD207,323,Running,2026-07-14 13:00:00,
JOB02101,MACH085,PROD285,889,Delayed,2026-02-03 12:00:00,
JOB02102,MACH065,PROD315,1988,Scheduled,2026-05-15 20:00:00,
JOB02103,MACH026,PROD181,1620,Completed,2026-01-26 08:00:00,2026-01-26 19:00:00
JOB02104,MACH104,PROD135,947,Scheduled,2026-03-07 22:00:00,
JOB02105,MACH013,PROD328,347,Running,2026-01-12 07:00:00,
JOB02106,MACH017,PROD327,199,Running,2026-07-19 02:00:00,
JOB02107,MACH013,PROD368,627,Completed,2026-02-22 11:00:00,2026-02-22 18:00:00
JOB02108,MACH034,PROD048,1809,Completed,2026-01-09 05:00:00,2026-01-11 04:00:00
JOB02109,MACH011,PROD309,236,Completed,2026-04-20 02:00:00,2026-04-20 22:00:00
JOB02110,MACH007,PROD085,1871,Running,2026-04-04 02:00:00,
JOB02111,MACH102,PROD279,1544,Scheduled,2026-03-28 03:00:00,
JOB02112,MACH023,PROD006,685,Completed,2026-07-10 06:00:00,2026-07-11 19:00:00
JOB02113,MACH093,PROD219,448,Running,2026-02-28 14:00:00,
JOB02114,MACH003,PROD347,177,Completed,2026-05-29 15:00:00,2026-05-31 01:00:00
JOB02115,MACH028,PROD301,996,Completed,2026-01-11 12:00:00,2026-01-12 19:00:00
JOB02116,MACH025,PROD493,600,Completed,2026-03-07 19:00:00,2026-03-09 07:00:00
JOB02117,MACH085,PROD059,68,Scheduled,2026-03-25 10:00:00,
JOB02118,MACH115,PROD439,1921,Completed,2026-01-30 10:00:00,2026-02-01 07:00:00
JOB02119,MACH045,PROD458,131,Completed,2026-05-18 18:00:00,2026-05-19 15:00:00
JOB02120,MACH057,PROD422,776,Completed,2026-05-16 08:00:00,2026-05-16 16:00:00
JOB02121,MACH025,PROD313,902,Scheduled,2026-01-19 15:00:00,
JOB02122,MACH062,PROD494,860,Completed,2026-04-01 01:00:00,2026-04-02 08:00:00
JOB02123,MACH029,PROD150,115,Completed,2026-05-27 20:00:00,2026-05-28 04:00:00
JOB02124,MACH103,PROD347,1125,Running,2026-05-18 07:00:00,
JOB02125,MACH013,PROD142,1548,Completed,2026-07-02 06:00:00,2026-07-04 01:00:00
JOB02126,MACH096,PROD163,1999,Completed,2026-05-29 16:00:00,2026-05-29 20:00:00
JOB02127,MACH106,PROD026,1101,Scheduled,2026-01-24 17:00:00,
JOB02128,MACH065,PROD149,871,Completed,2026-01-03 17:00:00,2026-01-04 08:00:00
JOB02129,MACH119,PROD067,1996,Completed,2026-01-09 08:00:00,2026-01-10 14:00:00
JOB02130,MACH063,PROD383,417,Completed,2026-02-01 07:00:00,2026-02-02 06:00:00
JOB02131,MACH056,PROD427,1168,Running,2026-03-20 09:00:00,
JOB02132,MACH087,PROD125,277,Completed,2026-06-01 13:00:00,2026-06-02 16:00:00
JOB02133,MACH068,PROD367,623,Completed,2026-03-19 17:00:00,2026-03-21 05:00:00
JOB02134,MACH070,PROD118,646,Completed,2026-05-25 05:00:00,2026-05-27 00:00:00
JOB02135,MACH112,PROD107,1451,Scheduled,2026-06-29 06:00:00,
JOB02136,MACH119,PROD283,656,Running,2026-01-01 23:00:00,
JOB02137,MACH089,PROD083,799,Completed,2026-07-12 04:00:00,2026-07-12 23:00:00
JOB02138,MACH029,PROD058,361,Completed,2026-07-13 04:00:00,2026-07-14 05:00:00
JOB02139,MACH035,PROD118,297,Running,2026-01-14 07:00:00,
JOB02140,MACH031,PROD192,416,Completed,2026-04-17 08:00:00,2026-04-18 14:00:00
JOB02141,MACH023,PROD327,1752,Running,2026-01-07 16:00:00,
JOB02142,MACH002,PROD386,1820,Completed,2026-06-02 11:00:00,2026-06-03 00:00:00
JOB02143,MACH066,PROD345,373,Delayed,2026-02-28 01:00:00,
JOB02144,MACH101,PROD432,1872,Running,2026-03-12 17:00:00,
JOB02145,MACH031,PROD342,1617,Scheduled,2026-01-30 19:00:00,
JOB02146,MACH027,PROD096,977,Completed,2026-03-14 00:00:00,2026-03-14 19:00:00
JOB02147,MACH018,PROD062,1997,Completed,2026-07-17 16:00:00,2026-07-18 23:00:00
JOB02148,MACH112,PROD290,1847,Completed,2026-07-10 00:00:00,2026-07-11 19:00:00
JOB02149,MACH035,PROD187,389,Completed,2026-02-18 00:00:00,2026-02-18 03:00:00
JOB02150,MACH043,PROD294,1506,Completed,2026-06-30 11:00:00,2026-07-02 08:00:00
JOB02151,MACH069,PROD492,618,Completed,2026-05-06 15:00:00,2026-05-07 13:00:00
JOB02152,MACH039,PROD083,1488,Completed,2026-03-17 05:00:00,2026-03-17 07:00:00
JOB02153,MACH045,PROD265,275,Completed,2026-03-21 19:00:00,2026-03-23 19:00:00
JOB02154,MACH081,PROD426,1697,Scheduled,2026-01-27 02:00:00,
JOB02155,MACH082,PROD267,1701,Running,2026-06-28 23:00:00,
JOB02156,MACH016,PROD183,1222,Running,2026-03-03 00:00:00,
JOB02157,MACH056,PROD229,1689,Completed,2026-06-26 16:00:00,2026-06-28 00:00:00
JOB02158,MACH100,PROD418,1214,Completed,2026-06-08 22:00:00,2026-06-10 01:00:00
JOB02159,MACH005,PROD175,1287,Scheduled,2026-02-16 11:00:00,
JOB02160,MACH083,PROD232,1209,Completed,2026-02-17 08:00:00,2026-02-18 18:00:00
JOB02161,MACH071,PROD074,569,Completed,2026-05-27 16:00:00,2026-05-28 06:00:00
JOB02162,MACH045,PROD285,1411,Running,2026-03-16 22:00:00,
JOB02163,MACH019,PROD037,170,Completed,2026-04-24 09:00:00,2026-04-25 09:00:00
JOB02164,MACH050,PROD166,1722,Completed,2026-07-06 15:00:00,2026-07-06 17:00:00
JOB02165,MACH015,PROD255,1140,Scheduled,2026-02-28 20:00:00,
JOB02166,MACH055,PROD260,1980,Delayed,2026-07-05 21:00:00,
JOB02167,MACH079,PROD267,804,Scheduled,2026-04-29 07:00:00,
JOB02168,MACH081,PROD052,1253,Completed,2026-05-31 01:00:00,2026-06-01 21:00:00
JOB02169,MACH098,PROD286,207,Completed,2026-02-08 08:00:00,2026-02-09 15:00:00
JOB02170,MACH115,PROD078,1826,Completed,2026-02-09 23:00:00,2026-02-10 17:00:00
JOB02171,MACH090,PROD014,592,Scheduled,2026-03-26 10:00:00,
JOB02172,MACH045,PROD156,1857,Completed,2026-03-06 10:00:00,2026-03-07 18:00:00
JOB02173,MACH006,PROD093,927,Delayed,2026-06-25 19:00:00,
JOB02174,MACH075,PROD380,1393,Running,2026-01-07 04:00:00,
JOB02175,MACH111,PROD174,1176,Running,2026-03-24 23:00:00,
JOB02176,MACH111,PROD177,972,Running,2026-04-08 15:00:00,
JOB02177,MACH116,PROD034,1131,Scheduled,2026-05-22 09:00:00,
JOB02178,MACH113,PROD304,1407,Delayed,2026-04-28 08:00:00,
JOB02179,MACH006,PROD456,1024,Completed,2026-04-13 20:00:00,2026-04-14 02:00:00
JOB02180,MACH101,PROD192,1598,Completed,2026-03-29 13:00:00,2026-03-30 17:00:00
JOB02181,MACH045,PROD234,318,Scheduled,2026-07-08 18:00:00,
JOB02182,MACH058,PROD412,1906,Scheduled,2026-07-02 17:00:00,
JOB02183,MACH034,PROD105,1737,Running,2026-06-09 19:00:00,
JOB02184,MACH080,PROD394,1855,Completed,2026-01-17 10:00:00,2026-01-18 00:00:00
JOB02185,MACH048,PROD196,756,Scheduled,2026-05-24 13:00:00,
JOB02186,MACH109,PROD307,1283,Completed,2026-01-02 14:00:00,2026-01-03 23:00:00
JOB02187,MACH104,PROD254,1371,Completed,2026-04-13 11:00:00,2026-04-13 14:00:00
JOB02188,MACH030,PROD057,1432,Delayed,2026-01-11 16:00:00,2026-01-15 18:00:00
JOB02189,MACH087,PROD172,1883,Completed,2026-03-03 07:00:00,2026-03-04 08:00:00
JOB02190,MACH090,PROD007,1088,Completed,2026-06-28 11:00:00,2026-06-28 14:00:00
JOB02191,MACH034,PROD343,336,Completed,2026-06-04 10:00:00,2026-06-04 21:00:00
JOB02192,MACH056,PROD301,900,Completed,2026-02-16 13:00:00,2026-02-17 10:00:00
JOB02193,MACH097,PROD304,1718,Running,2026-06-06 07:00:00,
JOB02194,MACH035,PROD193,1329,Running,2026-05-30 17:00:00,
JOB02195,MACH054,PROD291,312,Running,2026-04-22 11:00:00,
JOB02196,MACH068,PROD469,611,Scheduled,2026-04-24 13:00:00,
JOB02197,MACH019,PROD210,337,Scheduled,2026-02-28 13:00:00,
JOB02198,MACH008,PROD148,74,Completed,2026-04-15 23:00:00,2026-04-16 18:00:00
JOB02199,MACH031,PROD242,278,Scheduled,2026-03-21 03:00:00,
JOB02200,MACH012,PROD403,1694,Running,2026-02-01 03:00:00,
JOB02201,MACH020,PROD030,1769,Completed,2026-03-31 06:00:00,2026-03-31 10:00:00
JOB02202,MACH094,PROD281,138,Completed,2026-06-03 12:00:00,2026-06-04 15:00:00
JOB02203,MACH029,PROD037,739,Completed,2026-01-08 23:00:00,2026-01-09 20:00:00
JOB02204,MACH113,PROD186,218,Running,2026-03-14 15:00:00,
JOB02205,MACH016,PROD450,228,Running,2026-06-05 12:00:00,
JOB02206,MACH014,PROD286,1448,Running,2026-07-08 16:00:00,
JOB02207,MACH085,PROD122,123,Completed,2026-05-11 02:00:00,2026-05-11 19:00:00
JOB02208,MACH062,PROD032,1849,Completed,2026-02-06 13:00:00,2026-02-07 00:00:00
JOB02209,MACH113,PROD221,1068,Completed,2026-06-16 11:00:00,2026-06-16 14:00:00
JOB02210,MACH057,PROD309,598,Scheduled,2026-02-14 04:00:00,
JOB02211,MACH115,PROD268,417,Running,2026-07-02 21:00:00,
JOB02212,MACH031,PROD045,681,Running,2026-05-27 03:00:00,
JOB02213,MACH069,PROD095,1456,Delayed,2026-01-21 11:00:00,2026-01-24 00:00:00
JOB02214,MACH011,PROD451,1734,Completed,2026-06-18 00:00:00,2026-06-19 17:00:00
JOB02215,MACH036,PROD481,1270,Completed,2026-01-06 04:00:00,2026-01-07 22:00:00
JOB02216,MACH053,PROD180,1318,Completed,2026-03-28 15:00:00,2026-03-29 23:00:00
JOB02217,MACH073,PROD433,764,Completed,2026-05-13 00:00:00,2026-05-13 22:00:00
JOB02218,MACH010,PROD439,490,Completed,2026-01-18 18:00:00,2026-01-19 02:00:00
JOB02219,MACH028,PROD049,511,Scheduled,2026-01-11 06:00:00,
JOB02220,MACH063,PROD323,75,Completed,2026-03-19 04:00:00,2026-03-19 16:00:00
JOB02221,MACH037,PROD236,323,Completed,2026-02-10 00:00:00,2026-02-10 11:00:00
JOB02222,MACH082,PROD066,1963,Delayed,2026-05-18 15:00:00,
JOB02223,MACH030,PROD422,1641,Completed,2026-04-17 05:00:00,2026-04-18 16:00:00
JOB02224,MACH034,PROD044,1196,Running,2026-06-22 09:00:00,
JOB02225,MACH056,PROD477,1324,Completed,2026-04-18 17:00:00,2026-04-18 19:00:00
JOB02226,MACH019,PROD274,1795,Delayed,2026-05-06 14:00:00,2026-05-09 18:00:00
JOB02227,MACH056,PROD269,1300,Completed,2026-03-16 09:00:00,2026-03-17 09:00:00
JOB02228,MACH027,PROD351,902,Completed,2026-06-26 06:00:00,2026-06-27 11:00:00
JOB02229,MACH088,PROD195,932,Completed,2026-05-23 02:00:00,2026-05-23 08:00:00
JOB02230,MACH057,PROD322,131,Running,2026-06-11 23:00:00,
JOB02231,MACH110,PROD240,1628,Completed,2026-07-15 07:00:00,2026-07-15 13:00:00
JOB02232,MACH012,PROD011,974,Completed,2026-03-29 22:00:00,2026-03-31 09:00:00
JOB02233,MACH028,PROD162,267,Completed,2026-05-23 06:00:00,2026-05-24 14:00:00
JOB02234,MACH097,PROD003,265,Scheduled,2026-06-18 18:00:00,
JOB02235,MACH060,PROD171,1949,Completed,2026-07-01 13:00:00,2026-07-02 18:00:00
JOB02236,MACH086,PROD320,1507,Running,2026-04-04 20:00:00,
JOB02237,MACH052,PROD246,1474,Completed,2026-07-10 00:00:00,2026-07-11 19:00:00
JOB02238,MACH093,PROD345,748,Running,2026-03-01 13:00:00,
JOB02239,MACH014,PROD297,977,Completed,2026-04-05 07:00:00,2026-04-06 08:00:00
JOB02240,MACH105,PROD286,1795,Scheduled,2026-01-30 21:00:00,
JOB02241,MACH077,PROD388,1817,Completed,2026-01-22 07:00:00,2026-01-23 11:00:00
JOB02242,MACH036,PROD172,997,Completed,2026-01-14 20:00:00,2026-01-15 07:00:00
JOB02243,MACH036,PROD204,363,Delayed,2026-05-06 11:00:00,
JOB02244,MACH092,PROD196,826,Completed,2026-01-09 19:00:00,2026-01-10 20:00:00
JOB02245,MACH010,PROD036,1736,Completed,2026-04-14 22:00:00,2026-04-16 05:00:00
JOB02246,MACH020,PROD163,1399,Completed,2026-04-10 00:00:00,2026-04-11 10:00:00
JOB02247,MACH057,PROD413,1039,Completed,2026-02-10 22:00:00,2026-02-11 10:00:00
JOB02248,MACH056,PROD344,1964,Completed,2026-03-18 23:00:00,2026-03-19 05:00:00
JOB02249,MACH037,PROD354,1489,Completed,2026-01-02 08:00:00,2026-01-02 12:00:00
JOB02250,MACH024,PROD120,1697,Completed,2026-05-27 09:00:00,2026-05-28 17:00:00
JOB02251,MACH028,PROD223,108,Completed,2026-06-02 01:00:00,2026-06-02 07:00:00
JOB02252,MACH030,PROD437,845,Running,2026-04-26 10:00:00,
JOB02253,MACH078,PROD474,1578,Running,2026-05-26 07:00:00,
JOB02254,MACH033,PROD415,1209,Completed,2026-07-04 11:00:00,2026-07-05 12:00:00
JOB02255,MACH011,PROD065,659,Completed,2026-02-26 13:00:00,2026-02-27 12:00:00
JOB02256,MACH045,PROD309,698,Completed,2026-03-05 17:00:00,2026-03-06 10:00:00
JOB02257,MACH009,PROD267,1693,Running,2026-02-08 19:00:00,
JOB02258,MACH114,PROD366,1583,Completed,2026-04-02 23:00:00,2026-04-03 12:00:00
JOB02259,MACH110,PROD192,834,Scheduled,2026-05-04 03:00:00,
JOB02260,MACH013,PROD375,1200,Running,2026-03-11 21:00:00,
JOB02261,MACH032,PROD318,262,Completed,2026-03-30 02:00:00,2026-03-31 21:00:00
JOB02262,MACH113,PROD345,1129,Completed,2026-05-28 14:00:00,2026-05-28 20:00:00
JOB02263,MACH087,PROD169,1367,Scheduled,2026-06-29 03:00:00,
JOB02264,MACH047,PROD158,1100,Completed,2026-03-13 11:00:00,2026-03-15 02:00:00
JOB02265,MACH006,PROD497,1982,Scheduled,2026-02-25 14:00:00,
JOB02266,MACH095,PROD417,170,Completed,2026-02-06 16:00:00,2026-02-07 10:00:00
JOB02267,MACH008,PROD376,1262,Completed,2026-05-18 21:00:00,2026-05-19 23:00:00
JOB02268,MACH036,PROD093,675,Completed,2026-01-25 16:00:00,2026-01-27 04:00:00
JOB02269,MACH022,PROD437,1025,Running,2026-04-12 04:00:00,
JOB02270,MACH089,PROD478,494,Delayed,2026-06-09 09:00:00,
JOB02271,MACH015,PROD155,1339,Scheduled,2026-04-15 08:00:00,
JOB02272,MACH064,PROD325,267,Completed,2026-06-07 16:00:00,2026-06-08 11:00:00
JOB02273,MACH076,PROD304,1641,Completed,2026-05-17 15:00:00,2026-05-18 09:00:00
JOB02274,MACH059,PROD085,1909,Running,2026-05-29 12:00:00,
JOB02275,MACH119,PROD201,219,Completed,2026-06-07 07:00:00,2026-06-08 10:00:00
JOB02276,MACH010,PROD140,1061,Scheduled,2026-02-27 15:00:00,
JOB02277,MACH109,PROD229,1298,Completed,2026-03-30 23:00:00,2026-04-01 18:00:00
JOB02278,MACH099,PROD032,571,Completed,2026-06-29 08:00:00,2026-07-01 04:00:00
JOB02279,MACH102,PROD199,196,Scheduled,2026-06-03 01:00:00,
JOB02280,MACH022,PROD137,1677,Completed,2026-07-08 11:00:00,2026-07-10 04:00:00
JOB02281,MACH016,PROD131,1411,Completed,2026-03-24 04:00:00,2026-03-24 23:00:00
JOB02282,MACH118,PROD195,216,Completed,2026-03-01 01:00:00,2026-03-01 19:00:00
JOB02283,MACH109,PROD018,55,Scheduled,2026-02-18 00:00:00,
JOB02284,MACH007,PROD080,1234,Completed,2026-04-30 23:00:00,2026-05-01 23:00:00
JOB02285,MACH092,PROD158,1711,Completed,2026-02-11 19:00:00,2026-02-13 02:00:00
JOB02286,MACH023,PROD208,1026,Delayed,2026-03-19 17:00:00,2026-03-22 14:00:00
JOB02287,MACH113,PROD293,472,Running,2026-03-28 18:00:00,
JOB02288,MACH059,PROD085,240,Scheduled,2026-03-28 12:00:00,
JOB02289,MACH048,PROD325,1392,Delayed,2026-01-21 20:00:00,2026-01-25 10:00:00
JOB02290,MACH102,PROD242,1783,Scheduled,2026-01-13 07:00:00,
JOB02291,MACH052,PROD077,100,Completed,2026-05-12 18:00:00,2026-05-14 12:00:00
JOB02292,MACH026,PROD033,1967,Completed,2026-07-09 15:00:00,2026-07-10 17:00:00
JOB02293,MACH033,PROD283,1281,Completed,2026-02-03 07:00:00,2026-02-04 01:00:00
JOB02294,MACH032,PROD308,941,Completed,2026-01-14 14:00:00,2026-01-14 16:00:00
JOB02295,MACH074,PROD431,1102,Completed,2026-07-03 12:00:00,2026-07-03 14:00:00
JOB02296,MACH087,PROD011,110,Delayed,2026-03-25 03:00:00,2026-03-28 03:00:00
JOB02297,MACH038,PROD397,1307,Scheduled,2026-05-03 08:00:00,
JOB02298,MACH062,PROD173,229,Scheduled,2026-07-11 05:00:00,
JOB02299,MACH083,PROD369,214,Completed,2026-03-14 09:00:00,2026-03-16 01:00:00
JOB02300,MACH118,PROD472,155,Delayed,2026-04-29 05:00:00,2026-05-01 18:00:00
JOB02301,MACH041,PROD484,1702,Completed,2026-05-20 23:00:00,2026-05-22 13:00:00
JOB02302,MACH085,PROD168,1259,Completed,2026-07-14 16:00:00,2026-07-16 01:00:00
JOB02303,MACH042,PROD106,1285,Delayed,2026-07-13 16:00:00,2026-07-16 22:00:00
JOB02304,MACH117,PROD231,906,Completed,2026-01-04 10:00:00,2026-01-06 00:00:00
JOB02305,MACH035,PROD048,740,Completed,2026-03-18 13:00:00,2026-03-18 21:00:00
JOB02306,MACH074,PROD189,1761,Completed,2026-03-26 02:00:00,2026-03-27 01:00:00
JOB02307,MACH064,PROD395,1459,Completed,2026-05-20 03:00:00,2026-05-20 16:00:00
JOB02308,MACH085,PROD081,597,Completed,2026-01-27 22:00:00,2026-01-28 15:00:00
JOB02309,MACH110,PROD295,1849,Completed,2026-02-15 19:00:00,2026-02-17 10:00:00
JOB02310,MACH097,PROD342,582,Completed,2026-06-27 09:00:00,2026-06-28 17:00:00
JOB02311,MACH017,PROD454,1056,Completed,2026-01-24 23:00:00,2026-01-26 21:00:00
JOB02312,MACH016,PROD379,665,Scheduled,2026-01-15 16:00:00,
JOB02313,MACH103,PROD010,1554,Completed,2026-03-06 13:00:00,2026-03-06 22:00:00
JOB02314,MACH081,PROD013,833,Completed,2026-02-26 08:00:00,2026-02-27 10:00:00
JOB02315,MACH062,PROD251,877,Completed,2026-03-24 03:00:00,2026-03-25 17:00:00
JOB02316,MACH116,PROD406,286,Completed,2026-01-26 00:00:00,2026-01-26 03:00:00
JOB02317,MACH038,PROD348,554,Running,2026-01-23 13:00:00,
JOB02318,MACH005,PROD364,865,Delayed,2026-06-22 17:00:00,2026-06-25 21:00:00
JOB02319,MACH064,PROD322,1287,Running,2026-01-30 14:00:00,
JOB02320,MACH062,PROD365,1578,Completed,2026-01-28 23:00:00,2026-01-30 20:00:00
JOB02321,MACH013,PROD136,952,Completed,2026-06-27 06:00:00,2026-06-28 16:00:00
JOB02322,MACH017,PROD157,1840,Running,2026-02-04 17:00:00,
JOB02323,MACH107,PROD168,1686,Delayed,2026-04-06 10:00:00,2026-04-09 16:00:00
JOB02324,MACH108,PROD102,1312,Completed,2026-04-03 22:00:00,2026-04-04 22:00:00
JOB02325,MACH077,PROD056,762,Scheduled,2026-01-26 11:00:00,
JOB02326,MACH049,PROD045,551,Scheduled,2026-04-10 15:00:00,
JOB02327,MACH092,PROD264,1632,Completed,2026-01-26 09:00:00,2026-01-27 23:00:00
JOB02328,MACH043,PROD171,1914,Scheduled,2026-05-11 12:00:00,
JOB02329,MACH024,PROD127,1958,Scheduled,2026-02-09 17:00:00,
JOB02330,MACH100,PROD373,1701,Completed,2026-03-16 15:00:00,2026-03-18 00:00:00
JOB02331,MACH119,PROD467,1692,Scheduled,2026-07-09 14:00:00,
JOB02332,MACH110,PROD482,1268,Completed,2026-02-20 20:00:00,2026-02-22 03:00:00
JOB02333,MACH051,PROD218,807,Delayed,2026-05-21 19:00:00,
JOB02334,MACH032,PROD008,961,Delayed,2026-04-12 05:00:00,
JOB02335,MACH040,PROD024,245,Completed,2026-03-07 05:00:00,2026-03-08 08:00:00
JOB02336,MACH055,PROD341,569,Completed,2026-05-27 21:00:00,2026-05-29 11:00:00
JOB02337,MACH002,PROD083,611,Completed,2026-05-17 22:00:00,2026-05-19 02:00:00
JOB02338,MACH097,PROD377,621,Completed,2026-01-17 04:00:00,2026-01-17 14:00:00
JOB02339,MACH074,PROD289,988,Scheduled,2026-06-23 03:00:00,
JOB02340,MACH074,PROD117,561,Scheduled,2026-03-31 04:00:00,
JOB02341,MACH057,PROD448,1387,Completed,2026-03-24 12:00:00,2026-03-25 11:00:00
JOB02342,MACH022,PROD470,1544,Running,2026-06-30 18:00:00,
JOB02343,MACH092,PROD024,1028,Completed,2026-05-18 16:00:00,2026-05-19 08:00:00
JOB02344,MACH012,PROD156,343,Completed,2026-07-01 05:00:00,2026-07-02 04:00:00
JOB02345,MACH010,PROD200,1098,Completed,2026-02-08 10:00:00,2026-02-08 21:00:00
JOB02346,MACH039,PROD118,1215,Scheduled,2026-06-28 12:00:00,
JOB02347,MACH015,PROD182,1291,Completed,2026-03-06 08:00:00,2026-03-06 19:00:00
JOB02348,MACH035,PROD472,1194,Completed,2026-03-06 10:00:00,2026-03-08 07:00:00
JOB02349,MACH015,PROD313,221,Running,2026-03-30 16:00:00,
JOB02350,MACH120,PROD096,1222,Delayed,2026-07-06 17:00:00,
JOB02351,MACH046,PROD254,1975,Scheduled,2026-06-25 05:00:00,
JOB02352,MACH098,PROD227,395,Completed,2026-05-19 13:00:00,2026-05-19 16:00:00
JOB02353,MACH063,PROD056,1110,Completed,2026-01-08 11:00:00,2026-01-10 03:00:00
JOB02354,MACH104,PROD227,1806,Running,2026-07-08 17:00:00,
JOB02355,MACH120,PROD167,182,Completed,2026-03-09 11:00:00,2026-03-09 21:00:00
JOB02356,MACH079,PROD009,1203,Delayed,2026-06-08 18:00:00,2026-06-12 10:00:00
JOB02357,MACH096,PROD328,483,Completed,2026-04-06 21:00:00,2026-04-08 13:00:00
JOB02358,MACH041,PROD473,1107,Running,2026-03-30 03:00:00,
JOB02359,MACH031,PROD165,1934,Completed,2026-06-18 15:00:00,2026-06-20 11:00:00
JOB02360,MACH090,PROD090,1553,Completed,2026-06-15 15:00:00,2026-06-16 22:00:00
JOB02361,MACH074,PROD047,484,Running,2026-01-18 09:00:00,
JOB02362,MACH074,PROD145,1743,Completed,2026-02-19 10:00:00,2026-02-20 12:00:00
JOB02363,MACH010,PROD203,1028,Completed,2026-04-26 02:00:00,2026-04-27 06:00:00
JOB02364,MACH069,PROD442,1031,Completed,2026-04-15 15:00:00,2026-04-16 18:00:00
JOB02365,MACH071,PROD192,954,Completed,2026-06-24 15:00:00,2026-06-26 14:00:00
JOB02366,MACH051,PROD381,1534,Running,2026-01-13 05:00:00,
JOB02367,MACH046,PROD485,1138,Scheduled,2026-01-13 08:00:00,
JOB02368,MACH079,PROD335,1686,Delayed,2026-06-10 02:00:00,2026-06-14 20:00:00
JOB02369,MACH039,PROD327,915,Completed,2026-03-13 10:00:00,2026-03-13 23:00:00
JOB02370,MACH020,PROD237,483,Completed,2026-05-04 02:00:00,2026-05-05 17:00:00
JOB02371,MACH097,PROD146,1064,Scheduled,2026-05-03 14:00:00,
JOB02372,MACH096,PROD173,1843,Running,2026-04-15 20:00:00,
JOB02373,MACH085,PROD017,274,Scheduled,2026-07-16 20:00:00,
JOB02374,MACH072,PROD352,857,Completed,2026-03-30 18:00:00,2026-04-01 00:00:00
JOB02375,MACH074,PROD311,1423,Completed,2026-06-05 09:00:00,2026-06-07 08:00:00
JOB02376,MACH025,PROD241,88,Completed,2026-06-01 17:00:00,2026-06-03 14:00:00
JOB02377,MACH035,PROD424,459,Running,2026-06-01 12:00:00,
JOB02378,MACH045,PROD352,1898,Scheduled,2026-03-03 09:00:00,
JOB02379,MACH113,PROD290,1893,Completed,2026-05-21 20:00:00,2026-05-22 18:00:00
JOB02380,MACH115,PROD174,1214,Scheduled,2026-03-02 15:00:00,
JOB02381,MACH093,PROD034,1447,Completed,2026-06-25 08:00:00,2026-06-26 06:00:00
JOB02382,MACH011,PROD454,1673,Completed,2026-04-30 11:00:00,2026-05-01 20:00:00
JOB02383,MACH064,PROD080,63,Completed,2026-06-08 07:00:00,2026-06-10 00:00:00
JOB02384,MACH014,PROD332,1882,Completed,2026-03-25 04:00:00,2026-03-26 08:00:00
JOB02385,MACH011,PROD222,670,Completed,2026-05-15 05:00:00,2026-05-16 21:00:00
JOB02386,MACH086,PROD115,1871,Completed,2026-02-15 10:00:00,2026-02-15 16:00:00
JOB02387,MACH051,PROD044,300,Delayed,2026-07-17 07:00:00,2026-07-21 16:00:00
JOB02388,MACH067,PROD390,380,Running,2026-05-31 18:00:00,
JOB02389,MACH084,PROD409,1813,Completed,2026-01-24 04:00:00,2026-01-24 08:00:00
JOB02390,MACH069,PROD127,162,Scheduled,2026-01-11 12:00:00,
JOB02391,MACH062,PROD427,786,Running,2026-06-15 07:00:00,
JOB02392,MACH111,PROD045,1942,Completed,2026-02-27 09:00:00,2026-02-27 21:00:00
JOB02393,MACH061,PROD206,1267,Completed,2026-03-25 00:00:00,2026-03-26 05:00:00
JOB02394,MACH022,PROD201,1866,Completed,2026-04-04 22:00:00,2026-04-05 14:00:00
JOB02395,MACH030,PROD418,1909,Scheduled,2026-06-05 21:00:00,
JOB02396,MACH070,PROD406,1995,Completed,2026-05-03 05:00:00,2026-05-04 13:00:00
JOB02397,MACH033,PROD347,1607,Completed,2026-05-11 13:00:00,2026-05-12 00:00:00
JOB02398,MACH063,PROD481,988,Completed,2026-03-12 16:00:00,2026-03-12 19:00:00
JOB02399,MACH087,PROD069,463,Delayed,2026-01-16 17:00:00,2026-01-20 08:00:00
JOB02400,MACH047,PROD020,1102,Completed,2026-05-08 04:00:00,2026-05-09 04:00:00
JOB02401,MACH010,PROD255,499,Completed,2026-02-15 16:00:00,2026-02-17 11:00:00
JOB02402,MACH005,PROD386,1913,Running,2026-01-25 19:00:00,
JOB02403,MACH087,PROD249,1996,Completed,2026-01-30 13:00:00,2026-01-31 23:00:00
JOB02404,MACH071,PROD282,1917,Completed,2026-03-28 05:00:00,2026-03-29 21:00:00
JOB02405,MACH033,PROD133,1872,Completed,2026-03-16 03:00:00,2026-03-16 12:00:00
JOB02406,MACH120,PROD265,298,Scheduled,2026-01-20 13:00:00,
JOB02407,MACH084,PROD465,1445,Completed,2026-03-25 00:00:00,2026-03-25 08:00:00
JOB02408,MACH105,PROD319,254,Completed,2026-06-01 05:00:00,2026-06-02 05:00:00
JOB02409,MACH097,PROD495,900,Completed,2026-03-17 12:00:00,2026-03-18 01:00:00
JOB02410,MACH052,PROD420,1709,Completed,2026-04-02 16:00:00,2026-04-03 16:00:00
JOB02411,MACH096,PROD472,940,Completed,2026-07-11 15:00:00,2026-07-12 21:00:00
JOB02412,MACH112,PROD216,484,Completed,2026-06-26 23:00:00,2026-06-28 02:00:00
JOB02413,MACH043,PROD129,997,Completed,2026-02-15 07:00:00,2026-02-15 17:00:00
JOB02414,MACH027,PROD460,159,Running,2026-06-28 05:00:00,
JOB02415,MACH043,PROD481,1302,Running,2026-07-09 10:00:00,
JOB02416,MACH064,PROD019,785,Delayed,2026-06-16 00:00:00,2026-06-18 15:00:00
JOB02417,MACH021,PROD416,88,Running,2026-06-01 17:00:00,
JOB02418,MACH117,PROD346,408,Completed,2026-03-25 10:00:00,2026-03-26 03:00:00
JOB02419,MACH012,PROD070,383,Completed,2026-07-07 15:00:00,2026-07-07 20:00:00
JOB02420,MACH066,PROD451,217,Scheduled,2026-07-12 04:00:00,
JOB02421,MACH065,PROD404,994,Delayed,2026-01-22 06:00:00,2026-01-25 11:00:00
JOB02422,MACH040,PROD267,1345,Delayed,2026-06-08 18:00:00,
JOB02423,MACH025,PROD390,1076,Delayed,2026-03-19 13:00:00,
JOB02424,MACH045,PROD097,852,Running,2026-03-18 01:00:00,
JOB02425,MACH041,PROD304,879,Completed,2026-04-19 14:00:00,2026-04-21 13:00:00
JOB02426,MACH051,PROD341,1077,Completed,2026-07-05 18:00:00,2026-07-07 08:00:00
JOB02427,MACH002,PROD179,139,Running,2026-05-17 08:00:00,
JOB02428,MACH097,PROD261,893,Completed,2026-06-16 11:00:00,2026-06-17 13:00:00
JOB02429,MACH048,PROD210,601,Scheduled,2026-01-03 16:00:00,
JOB02430,MACH002,PROD496,2000,Completed,2026-03-14 03:00:00,2026-03-14 06:00:00
JOB02431,MACH032,PROD240,683,Completed,2026-01-16 07:00:00,2026-01-16 10:00:00
JOB02432,MACH081,PROD375,1592,Completed,2026-03-18 15:00:00,2026-03-20 08:00:00
JOB02433,MACH018,PROD138,1278,Running,2026-07-08 04:00:00,
JOB02434,MACH090,PROD137,163,Running,2026-02-04 10:00:00,
JOB02435,MACH030,PROD330,554,Completed,2026-06-12 00:00:00,2026-06-13 20:00:00
JOB02436,MACH103,PROD444,1007,Running,2026-07-08 13:00:00,
JOB02437,MACH115,PROD138,400,Completed,2026-04-22 00:00:00,2026-04-22 07:00:00
JOB02438,MACH057,PROD322,1063,Completed,2026-05-27 14:00:00,2026-05-28 13:00:00
JOB02439,MACH051,PROD422,728,Completed,2026-03-28 12:00:00,2026-03-29 16:00:00
JOB02440,MACH076,PROD355,305,Completed,2026-05-13 21:00:00,2026-05-14 20:00:00
JOB02441,MACH120,PROD134,1729,Completed,2026-05-29 11:00:00,2026-05-30 04:00:00
JOB02442,MACH049,PROD263,1540,Scheduled,2026-02-26 09:00:00,
JOB02443,MACH033,PROD168,972,Completed,2026-04-26 22:00:00,2026-04-27 05:00:00
JOB02444,MACH057,PROD024,819,Completed,2026-07-17 05:00:00,2026-07-18 06:00:00
JOB02445,MACH020,PROD393,1382,Completed,2026-01-30 09:00:00,2026-01-31 11:00:00
JOB02446,MACH045,PROD180,553,Scheduled,2026-03-04 05:00:00,
JOB02447,MACH082,PROD338,877,Completed,2026-03-02 00:00:00,2026-03-03 05:00:00
JOB02448,MACH089,PROD405,1884,Running,2026-07-18 09:00:00,
JOB02449,MACH088,PROD466,1009,Completed,2026-02-02 13:00:00,2026-02-04 12:00:00
JOB02450,MACH096,PROD067,1973,Completed,2026-03-24 00:00:00,2026-03-24 22:00:00
JOB02451,MACH001,PROD164,1661,Completed,2026-06-13 15:00:00,2026-06-13 17:00:00
JOB02452,MACH043,PROD296,1602,Scheduled,2026-06-12 13:00:00,
JOB02453,MACH065,PROD325,1049,Completed,2026-03-15 03:00:00,2026-03-16 00:00:00
JOB02454,MACH024,PROD281,1704,Running,2026-02-18 00:00:00,
JOB02455,MACH027,PROD377,1565,Completed,2026-06-24 14:00:00,2026-06-25 07:00:00
JOB02456,MACH046,PROD224,381,Completed,2026-03-14 10:00:00,2026-03-15 18:00:00
JOB02457,MACH013,PROD045,1215,Scheduled,2026-06-23 20:00:00,
JOB02458,MACH088,PROD079,1811,Completed,2026-01-03 02:00:00,2026-01-04 05:00:00
JOB02459,MACH001,PROD152,773,Running,2026-01-11 11:00:00,
JOB02460,MACH078,PROD222,1643,Completed,2026-06-23 23:00:00,2026-06-24 12:00:00
JOB02461,MACH027,PROD334,1519,Completed,2026-01-23 12:00:00,2026-01-23 19:00:00
JOB02462,MACH027,PROD146,1163,Delayed,2026-05-25 05:00:00,2026-05-28 14:00:00
JOB02463,MACH011,PROD070,1147,Delayed,2026-05-31 16:00:00,
JOB02464,MACH117,PROD099,1832,Running,2026-01-25 10:00:00,
JOB02465,MACH083,PROD295,1908,Running,2026-02-04 12:00:00,
JOB02466,MACH040,PROD411,1521,Completed,2026-06-12 21:00:00,2026-06-13 00:00:00
JOB02467,MACH078,PROD007,450,Running,2026-04-30 06:00:00,
JOB02468,MACH103,PROD374,392,Completed,2026-06-05 02:00:00,2026-06-05 07:00:00
JOB02469,MACH077,PROD207,726,Scheduled,2026-06-08 16:00:00,
JOB02470,MACH061,PROD078,1045,Running,2026-06-30 09:00:00,
JOB02471,MACH091,PROD105,396,Completed,2026-06-12 15:00:00,2026-06-14 10:00:00
JOB02472,MACH054,PROD440,1323,Completed,2026-02-08 01:00:00,2026-02-08 18:00:00
JOB02473,MACH013,PROD269,1624,Completed,2026-03-20 00:00:00,2026-03-21 02:00:00
JOB02474,MACH045,PROD365,1184,Completed,2026-04-05 21:00:00,2026-04-06 08:00:00
JOB02475,MACH110,PROD231,1092,Delayed,2026-07-10 16:00:00,
JOB02476,MACH054,PROD442,1880,Running,2026-03-19 19:00:00,
JOB02477,MACH061,PROD205,941,Scheduled,2026-02-07 09:00:00,
JOB02478,MACH072,PROD438,1507,Scheduled,2026-03-23 19:00:00,
JOB02479,MACH063,PROD155,428,Completed,2026-07-03 01:00:00,2026-07-04 10:00:00
JOB02480,MACH011,PROD051,894,Completed,2026-02-02 17:00:00,2026-02-03 14:00:00
JOB02481,MACH091,PROD067,397,Completed,2026-05-06 11:00:00,2026-05-07 08:00:00
JOB02482,MACH013,PROD026,1249,Running,2026-06-04 11:00:00,
JOB02483,MACH041,PROD210,1082,Running,2026-04-12 19:00:00,
JOB02484,MACH019,PROD013,888,Completed,2026-02-07 07:00:00,2026-02-07 20:00:00
JOB02485,MACH035,PROD315,604,Running,2026-04-15 03:00:00,
JOB02486,MACH066,PROD408,710,Completed,2026-02-20 13:00:00,2026-02-20 16:00:00
JOB02487,MACH092,PROD395,1571,Completed,2026-05-26 15:00:00,2026-05-26 18:00:00
JOB02488,MACH104,PROD293,1051,Completed,2026-06-23 19:00:00,2026-06-24 09:00:00
JOB02489,MACH068,PROD289,450,Completed,2026-04-15 00:00:00,2026-04-15 12:00:00
JOB02490,MACH085,PROD336,1660,Completed,2026-01-24 10:00:00,2026-01-24 17:00:00
JOB02491,MACH018,PROD336,434,Completed,2026-02-24 08:00:00,2026-02-25 23:00:00
JOB02492,MACH115,PROD368,493,Completed,2026-02-22 04:00:00,2026-02-23 14:00:00
JOB02493,MACH068,PROD233,965,Completed,2026-06-19 16:00:00,2026-06-20 06:00:00
JOB02494,MACH016,PROD498,511,Running,2026-01-05 21:00:00,
JOB02495,MACH030,PROD179,1026,Running,2026-03-25 14:00:00,
JOB02496,MACH120,PROD297,1482,Running,2026-01-10 11:00:00,
JOB02497,MACH106,PROD333,1976,Delayed,2026-07-20 08:00:00,2026-07-25 01:00:00
JOB02498,MACH066,PROD492,880,Running,2026-03-31 16:00:00,
JOB02499,MACH113,PROD014,997,Running,2026-06-22 04:00:00,
JOB02500,MACH065,PROD259,1123,Completed,2026-05-16 15:00:00,2026-05-17 18:00:00
JOB02501,MACH031,PROD052,1802,Completed,2026-03-12 00:00:00,2026-03-13 03:00:00
JOB02502,MACH061,PROD150,890,Completed,2026-03-25 02:00:00,2026-03-26 22:00:00
JOB02503,MACH103,PROD349,156,Running,2026-04-03 18:00:00,
JOB02504,MACH050,PROD237,1627,Completed,2026-02-15 12:00:00,2026-02-17 08:00:00
JOB02505,MACH063,PROD194,1188,Scheduled,2026-05-23 02:00:00,
JOB02506,MACH061,PROD018,588,Completed,2026-03-09 06:00:00,2026-03-10 18:00:00
JOB02507,MACH027,PROD150,1740,Completed,2026-01-05 23:00:00,2026-01-07 04:00:00
JOB02508,MACH080,PROD458,1976,Scheduled,2026-03-26 20:00:00,
JOB02509,MACH041,PROD379,1988,Completed,2026-04-02 11:00:00,2026-04-04 11:00:00
JOB02510,MACH010,PROD198,971,Delayed,2026-01-18 20:00:00,
JOB02511,MACH056,PROD289,293,Scheduled,2026-02-05 11:00:00,
JOB02512,MACH072,PROD315,1124,Scheduled,2026-02-19 12:00:00,
JOB02513,MACH056,PROD112,180,Scheduled,2026-03-27 08:00:00,
JOB02514,MACH103,PROD261,1193,Scheduled,2026-05-20 16:00:00,
JOB02515,MACH021,PROD309,1363,Completed,2026-05-10 01:00:00,2026-05-11 19:00:00
JOB02516,MACH053,PROD088,1292,Scheduled,2026-02-10 08:00:00,
JOB02517,MACH074,PROD054,1358,Running,2026-05-18 09:00:00,
JOB02518,MACH054,PROD227,773,Completed,2026-03-18 00:00:00,2026-03-19 12:00:00
JOB02519,MACH025,PROD242,1390,Running,2026-04-21 00:00:00,
JOB02520,MACH062,PROD306,1602,Completed,2026-06-23 15:00:00,2026-06-25 00:00:00
JOB02521,MACH087,PROD448,1529,Running,2026-05-17 07:00:00,
JOB02522,MACH069,PROD363,1325,Completed,2026-03-23 21:00:00,2026-03-25 14:00:00
JOB02523,MACH013,PROD283,1637,Completed,2026-02-17 09:00:00,2026-02-17 18:00:00
JOB02524,MACH115,PROD398,1470,Running,2026-06-05 14:00:00,
JOB02525,MACH073,PROD403,693,Completed,2026-03-09 17:00:00,2026-03-11 06:00:00
JOB02526,MACH054,PROD302,484,Completed,2026-01-13 13:00:00,2026-01-14 06:00:00
JOB02527,MACH115,PROD492,1695,Completed,2026-03-31 10:00:00,2026-04-01 17:00:00
JOB02528,MACH094,PROD080,1109,Completed,2026-05-09 03:00:00,2026-05-10 20:00:00
JOB02529,MACH086,PROD129,1653,Scheduled,2026-02-12 17:00:00,
JOB02530,MACH104,PROD139,1555,Running,2026-06-25 19:00:00,
JOB02531,MACH045,PROD194,295,Completed,2026-06-24 14:00:00,2026-06-24 17:00:00
JOB02532,MACH105,PROD151,1854,Completed,2026-07-11 01:00:00,2026-07-11 09:00:00
JOB02533,MACH101,PROD258,1256,Completed,2026-01-04 20:00:00,2026-01-05 07:00:00
JOB02534,MACH076,PROD021,248,Completed,2026-01-28 18:00:00,2026-01-30 06:00:00
JOB02535,MACH011,PROD438,1953,Delayed,2026-01-13 12:00:00,2026-01-16 08:00:00
JOB02536,MACH073,PROD138,1182,Delayed,2026-03-12 07:00:00,2026-03-14 23:00:00
JOB02537,MACH001,PROD019,1863,Completed,2026-01-09 22:00:00,2026-01-10 23:00:00
JOB02538,MACH088,PROD450,1705,Completed,2026-06-19 10:00:00,2026-06-20 18:00:00
JOB02539,MACH032,PROD422,462,Completed,2026-06-21 19:00:00,2026-06-23 01:00:00
JOB02540,MACH013,PROD144,1824,Scheduled,2026-05-16 00:00:00,
JOB02541,MACH010,PROD302,1127,Running,2026-03-03 17:00:00,
JOB02542,MACH023,PROD439,108,Running,2026-05-05 19:00:00,
JOB02543,MACH039,PROD145,128,Completed,2026-02-11 15:00:00,2026-02-12 08:00:00
JOB02544,MACH064,PROD415,389,Completed,2026-06-11 11:00:00,2026-06-12 16:00:00
JOB02545,MACH095,PROD127,253,Completed,2026-04-19 10:00:00,2026-04-19 16:00:00
JOB02546,MACH108,PROD393,1846,Running,2026-05-15 17:00:00,
JOB02547,MACH047,PROD054,1652,Completed,2026-03-23 01:00:00,2026-03-23 04:00:00
JOB02548,MACH056,PROD243,1276,Completed,2026-03-13 13:00:00,2026-03-14 05:00:00
JOB02549,MACH072,PROD132,1995,Running,2026-04-08 05:00:00,
JOB02550,MACH094,PROD203,512,Completed,2026-06-28 10:00:00,2026-06-29 06:00:00
JOB02551,MACH057,PROD200,276,Delayed,2026-04-17 02:00:00,2026-04-21 09:00:00
JOB02552,MACH115,PROD469,350,Completed,2026-03-11 19:00:00,2026-03-13 01:00:00
JOB02553,MACH065,PROD484,1251,Running,2026-04-11 21:00:00,
JOB02554,MACH007,PROD431,603,Completed,2026-06-18 00:00:00,2026-06-19 08:00:00
JOB02555,MACH076,PROD127,1859,Running,2026-01-20 11:00:00,
JOB02556,MACH065,PROD422,320,Completed,2026-04-15 07:00:00,2026-04-15 15:00:00
JOB02557,MACH067,PROD325,1193,Delayed,2026-04-05 23:00:00,
JOB02558,MACH075,PROD166,1170,Completed,2026-04-02 19:00:00,2026-04-04 04:00:00
JOB02559,MACH016,PROD106,1930,Completed,2026-06-26 20:00:00,2026-06-28 00:00:00
JOB02560,MACH033,PROD417,1356,Running,2026-07-11 14:00:00,
JOB02561,MACH015,PROD076,1106,Scheduled,2026-01-29 02:00:00,
JOB02562,MACH062,PROD112,1424,Scheduled,2026-01-02 05:00:00,
JOB02563,MACH041,PROD084,1445,Completed,2026-01-28 15:00:00,2026-01-29 14:00:00
JOB02564,MACH053,PROD094,1070,Delayed,2026-03-13 05:00:00,2026-03-16 01:00:00
JOB02565,MACH030,PROD416,614,Scheduled,2026-02-26 14:00:00,
JOB02566,MACH050,PROD131,1833,Completed,2026-05-22 18:00:00,2026-05-23 16:00:00
JOB02567,MACH105,PROD027,552,Scheduled,2026-06-29 21:00:00,
JOB02568,MACH044,PROD010,972,Completed,2026-03-06 16:00:00,2026-03-06 19:00:00
JOB02569,MACH080,PROD192,748,Completed,2026-06-18 10:00:00,2026-06-19 16:00:00
JOB02570,MACH081,PROD059,591,Running,2026-05-29 03:00:00,
JOB02571,MACH073,PROD380,246,Delayed,2026-01-24 05:00:00,2026-01-28 11:00:00
JOB02572,MACH011,PROD409,316,Scheduled,2026-05-10 16:00:00,
JOB02573,MACH040,PROD151,652,Completed,2026-06-10 16:00:00,2026-06-11 10:00:00
JOB02574,MACH009,PROD109,1955,Completed,2026-06-16 02:00:00,2026-06-16 23:00:00
JOB02575,MACH054,PROD486,881,Completed,2026-03-21 01:00:00,2026-03-21 22:00:00
JOB02576,MACH092,PROD222,1641,Running,2026-01-21 09:00:00,
JOB02577,MACH102,PROD183,1458,Completed,2026-02-25 22:00:00,2026-02-26 00:00:00
JOB02578,MACH059,PROD458,402,Completed,2026-07-09 18:00:00,2026-07-11 13:00:00
JOB02579,MACH054,PROD103,268,Completed,2026-01-24 12:00:00,2026-01-25 05:00:00
JOB02580,MACH035,PROD104,503,Completed,2026-07-11 19:00:00,2026-07-12 02:00:00
JOB02581,MACH025,PROD079,72,Completed,2026-05-28 04:00:00,2026-05-28 07:00:00
JOB02582,MACH061,PROD196,350,Completed,2026-01-11 13:00:00,2026-01-12 18:00:00
JOB02583,MACH040,PROD439,1685,Completed,2026-01-10 23:00:00,2026-01-11 14:00:00
JOB02584,MACH115,PROD209,1157,Running,2026-05-19 11:00:00,
JOB02585,MACH103,PROD302,971,Running,2026-05-02 21:00:00,
JOB02586,MACH087,PROD237,432,Running,2026-01-24 10:00:00,
JOB02587,MACH017,PROD056,125,Completed,2026-05-10 08:00:00,2026-05-11 05:00:00
JOB02588,MACH020,PROD484,1053,Running,2026-01-23 01:00:00,
JOB02589,MACH052,PROD020,1628,Completed,2026-05-24 21:00:00,2026-05-25 15:00:00
JOB02590,MACH060,PROD251,1990,Scheduled,2026-04-23 02:00:00,
JOB02591,MACH027,PROD179,617,Running,2026-03-28 02:00:00,
JOB02592,MACH056,PROD305,1989,Completed,2026-04-16 00:00:00,2026-04-17 23:00:00
JOB02593,MACH067,PROD008,717,Delayed,2026-01-22 17:00:00,
JOB02594,MACH012,PROD476,1193,Completed,2026-01-29 02:00:00,2026-01-30 10:00:00
JOB02595,MACH059,PROD487,121,Completed,2026-05-15 09:00:00,2026-05-15 23:00:00
JOB02596,MACH024,PROD314,1979,Completed,2026-03-13 15:00:00,2026-03-14 21:00:00
JOB02597,MACH025,PROD069,1686,Delayed,2026-04-30 14:00:00,2026-05-03 20:00:00
JOB02598,MACH100,PROD080,1561,Running,2026-04-20 21:00:00,
JOB02599,MACH102,PROD399,1927,Running,2026-03-25 16:00:00,
JOB02600,MACH024,PROD148,72,Completed,2026-05-17 07:00:00,2026-05-18 00:00:00
JOB02601,MACH018,PROD265,460,Scheduled,2026-07-07 01:00:00,
JOB02602,MACH097,PROD080,1436,Completed,2026-07-01 09:00:00,2026-07-01 22:00:00
JOB02603,MACH061,PROD396,54,Delayed,2026-06-25 13:00:00,2026-06-29 19:00:00
JOB02604,MACH105,PROD333,798,Delayed,2026-02-25 20:00:00,2026-03-02 06:00:00
JOB02605,MACH029,PROD217,149,Completed,2026-05-13 16:00:00,2026-05-13 20:00:00
JOB02606,MACH072,PROD452,506,Completed,2026-01-28 00:00:00,2026-01-30 00:00:00
JOB02607,MACH091,PROD244,605,Completed,2026-02-17 00:00:00,2026-02-18 09:00:00
JOB02608,MACH034,PROD146,1135,Completed,2026-07-08 03:00:00,2026-07-09 15:00:00
JOB02609,MACH016,PROD196,1572,Completed,2026-07-08 13:00:00,2026-07-09 06:00:00
JOB02610,MACH084,PROD157,1075,Completed,2026-04-11 07:00:00,2026-04-11 19:00:00
JOB02611,MACH054,PROD094,1554,Completed,2026-01-08 06:00:00,2026-01-09 02:00:00
JOB02612,MACH010,PROD064,1197,Delayed,2026-05-05 01:00:00,2026-05-08 19:00:00
JOB02613,MACH055,PROD052,1984,Scheduled,2026-02-25 19:00:00,
JOB02614,MACH067,PROD419,1109,Running,2026-05-27 14:00:00,
JOB02615,MACH073,PROD026,1288,Scheduled,2026-04-29 02:00:00,
JOB02616,MACH042,PROD129,779,Delayed,2026-05-12 15:00:00,
JOB02617,MACH026,PROD419,447,Running,2026-04-22 13:00:00,
JOB02618,MACH117,PROD094,911,Scheduled,2026-07-17 08:00:00,
JOB02619,MACH071,PROD381,431,Completed,2026-02-03 01:00:00,2026-02-04 23:00:00
JOB02620,MACH007,PROD479,699,Completed,2026-05-26 18:00:00,2026-05-27 04:00:00
JOB02621,MACH044,PROD023,927,Completed,2026-01-15 09:00:00,2026-01-15 23:00:00
JOB02622,MACH081,PROD198,1914,Scheduled,2026-05-21 00:00:00,
JOB02623,MACH041,PROD064,1844,Completed,2026-05-11 18:00:00,2026-05-12 10:00:00
JOB02624,MACH041,PROD330,473,Completed,2026-02-15 10:00:00,2026-02-16 01:00:00
JOB02625,MACH104,PROD150,422,Completed,2026-01-20 05:00:00,2026-01-20 08:00:00
JOB02626,MACH001,PROD496,1465,Running,2026-05-24 15:00:00,
JOB02627,MACH097,PROD205,1309,Completed,2026-04-19 05:00:00,2026-04-20 21:00:00
JOB02628,MACH102,PROD081,1880,Completed,2026-01-10 06:00:00,2026-01-11 18:00:00
JOB02629,MACH097,PROD416,1001,Completed,2026-03-20 14:00:00,2026-03-20 18:00:00
JOB02630,MACH120,PROD369,1218,Scheduled,2026-04-22 16:00:00,
JOB02631,MACH022,PROD111,1827,Running,2026-03-06 23:00:00,
JOB02632,MACH102,PROD060,571,Running,2026-05-22 05:00:00,
JOB02633,MACH118,PROD482,224,Completed,2026-03-04 09:00:00,2026-03-06 08:00:00
JOB02634,MACH045,PROD192,1792,Running,2026-07-18 20:00:00,
JOB02635,MACH084,PROD201,1068,Running,2026-06-18 18:00:00,
JOB02636,MACH055,PROD042,944,Running,2026-06-21 02:00:00,
JOB02637,MACH008,PROD397,613,Running,2026-02-09 23:00:00,
JOB02638,MACH100,PROD006,88,Completed,2026-01-04 06:00:00,2026-01-05 11:00:00
JOB02639,MACH111,PROD065,303,Completed,2026-07-07 15:00:00,2026-07-08 04:00:00
JOB02640,MACH027,PROD397,805,Completed,2026-03-11 23:00:00,2026-03-13 02:00:00
JOB02641,MACH031,PROD376,1965,Completed,2026-07-08 22:00:00,2026-07-10 12:00:00
JOB02642,MACH027,PROD045,1368,Running,2026-06-28 02:00:00,
JOB02643,MACH104,PROD456,1280,Scheduled,2026-04-06 15:00:00,
JOB02644,MACH073,PROD395,745,Delayed,2026-05-21 13:00:00,2026-05-25 01:00:00
JOB02645,MACH109,PROD142,801,Completed,2026-02-22 00:00:00,2026-02-23 22:00:00
JOB02646,MACH102,PROD210,1869,Delayed,2026-02-11 01:00:00,
JOB02647,MACH115,PROD490,1093,Completed,2026-03-30 03:00:00,2026-03-30 07:00:00
JOB02648,MACH048,PROD135,259,Running,2026-03-18 05:00:00,
JOB02649,MACH027,PROD147,801,Scheduled,2026-05-05 01:00:00,
JOB02650,MACH116,PROD196,1486,Running,2026-03-16 11:00:00,
JOB02651,MACH118,PROD397,1374,Completed,2026-06-13 03:00:00,2026-06-14 07:00:00
JOB02652,MACH023,PROD110,851,Scheduled,2026-06-28 04:00:00,
JOB02653,MACH066,PROD078,1910,Completed,2026-05-09 20:00:00,2026-05-11 15:00:00
JOB02654,MACH008,PROD238,301,Running,2026-06-11 08:00:00,
JOB02655,MACH077,PROD337,1788,Completed,2026-04-12 15:00:00,2026-04-13 08:00:00
JOB02656,MACH042,PROD201,1288,Completed,2026-02-04 23:00:00,2026-02-05 15:00:00
JOB02657,MACH075,PROD153,1003,Delayed,2026-04-15 14:00:00,2026-04-19 17:00:00
JOB02658,MACH050,PROD232,991,Completed,2026-06-11 15:00:00,2026-06-13 10:00:00
JOB02659,MACH030,PROD234,187,Completed,2026-03-04 22:00:00,2026-03-06 21:00:00
JOB02660,MACH064,PROD101,505,Delayed,2026-01-18 21:00:00,
JOB02661,MACH055,PROD071,1833,Completed,2026-05-31 13:00:00,2026-06-01 00:00:00
JOB02662,MACH082,PROD236,229,Scheduled,2026-03-26 06:00:00,
JOB02663,MACH042,PROD326,868,Completed,2026-04-05 21:00:00,2026-04-07 06:00:00
JOB02664,MACH090,PROD374,187,Running,2026-06-15 23:00:00,
JOB02665,MACH029,PROD216,734,Scheduled,2026-03-13 06:00:00,
JOB02666,MACH113,PROD125,293,Completed,2026-01-10 19:00:00,2026-01-12 03:00:00
JOB02667,MACH033,PROD310,1991,Completed,2026-01-04 00:00:00,2026-01-04 02:00:00
JOB02668,MACH055,PROD259,561,Completed,2026-05-30 05:00:00,2026-05-30 16:00:00
JOB02669,MACH006,PROD470,412,Completed,2026-02-27 13:00:00,2026-02-28 05:00:00
JOB02670,MACH003,PROD299,75,Completed,2026-05-26 20:00:00,2026-05-27 05:00:00
JOB02671,MACH021,PROD009,1081,Completed,2026-07-11 21:00:00,2026-07-12 12:00:00
JOB02672,MACH008,PROD197,1598,Completed,2026-05-15 18:00:00,2026-05-17 14:00:00
JOB02673,MACH109,PROD122,521,Completed,2026-05-06 06:00:00,2026-05-06 20:00:00
JOB02674,MACH117,PROD196,1131,Completed,2026-03-10 06:00:00,2026-03-10 10:00:00
JOB02675,MACH083,PROD499,328,Completed,2026-01-27 12:00:00,2026-01-29 10:00:00
JOB02676,MACH090,PROD276,934,Completed,2026-06-18 05:00:00,2026-06-18 15:00:00
JOB02677,MACH029,PROD221,650,Completed,2026-03-09 23:00:00,2026-03-10 02:00:00
JOB02678,MACH093,PROD497,836,Completed,2026-01-21 18:00:00,2026-01-23 11:00:00
JOB02679,MACH096,PROD472,1276,Completed,2026-07-12 14:00:00,2026-07-14 12:00:00
JOB02680,MACH058,PROD170,1741,Running,2026-04-17 00:00:00,
JOB02681,MACH089,PROD342,1597,Completed,2026-01-06 09:00:00,2026-01-07 05:00:00
JOB02682,MACH063,PROD197,1632,Completed,2026-03-17 00:00:00,2026-03-18 15:00:00
JOB02683,MACH006,PROD184,1462,Completed,2026-02-18 02:00:00,2026-02-19 17:00:00
JOB02684,MACH043,PROD458,1979,Running,2026-03-08 23:00:00,
JOB02685,MACH048,PROD305,155,Running,2026-04-04 19:00:00,
JOB02686,MACH017,PROD015,1000,Running,2026-06-11 06:00:00,
JOB02687,MACH113,PROD202,847,Scheduled,2026-01-01 21:00:00,
JOB02688,MACH029,PROD009,1804,Completed,2026-01-03 07:00:00,2026-01-03 15:00:00
JOB02689,MACH076,PROD163,838,Completed,2026-03-08 09:00:00,2026-03-08 16:00:00
JOB02690,MACH102,PROD273,1177,Running,2026-02-19 03:00:00,
JOB02691,MACH035,PROD253,1151,Completed,2026-01-22 12:00:00,2026-01-23 14:00:00
JOB02692,MACH073,PROD346,346,Delayed,2026-01-09 06:00:00,
JOB02693,MACH115,PROD383,817,Running,2026-03-11 08:00:00,
JOB02694,MACH067,PROD037,371,Completed,2026-05-03 07:00:00,2026-05-05 05:00:00
JOB02695,MACH070,PROD095,1263,Running,2026-07-04 09:00:00,
JOB02696,MACH005,PROD456,78,Running,2026-04-17 02:00:00,
JOB02697,MACH013,PROD364,397,Completed,2026-01-12 15:00:00,2026-01-13 06:00:00
JOB02698,MACH043,PROD459,1949,Running,2026-04-21 06:00:00,
JOB02699,MACH082,PROD323,1908,Completed,2026-07-11 03:00:00,2026-07-12 03:00:00
JOB02700,MACH110,PROD351,1833,Completed,2026-06-24 22:00:00,2026-06-25 02:00:00
JOB02701,MACH106,PROD037,436,Scheduled,2026-04-04 10:00:00,
JOB02702,MACH039,PROD249,491,Delayed,2026-07-20 03:00:00,
JOB02703,MACH033,PROD247,113,Completed,2026-06-10 19:00:00,2026-06-12 14:00:00
JOB02704,MACH037,PROD271,1608,Completed,2026-05-21 12:00:00,2026-05-23 06:00:00
JOB02705,MACH090,PROD185,483,Completed,2026-02-03 04:00:00,2026-02-03 17:00:00
JOB02706,MACH089,PROD338,1180,Completed,2026-05-08 22:00:00,2026-05-09 10:00:00
JOB02707,MACH058,PROD308,1962,Completed,2026-03-10 06:00:00,2026-03-11 08:00:00
JOB02708,MACH051,PROD093,756,Running,2026-01-03 01:00:00,
JOB02709,MACH015,PROD323,1459,Scheduled,2026-01-30 03:00:00,
JOB02710,MACH059,PROD351,565,Delayed,2026-06-21 22:00:00,
JOB02711,MACH004,PROD146,241,Completed,2026-06-08 22:00:00,2026-06-10 22:00:00
JOB02712,MACH057,PROD280,1799,Completed,2026-03-26 07:00:00,2026-03-26 10:00:00
JOB02713,MACH059,PROD257,182,Completed,2026-05-11 21:00:00,2026-05-12 20:00:00
JOB02714,MACH076,PROD234,521,Running,2026-07-01 02:00:00,
JOB02715,MACH099,PROD047,666,Completed,2026-03-23 21:00:00,2026-03-24 19:00:00
JOB02716,MACH116,PROD496,1397,Delayed,2026-06-04 05:00:00,2026-06-08 13:00:00
JOB02717,MACH092,PROD105,758,Delayed,2026-01-29 05:00:00,2026-02-01 16:00:00
JOB02718,MACH103,PROD076,570,Scheduled,2026-06-14 22:00:00,
JOB02719,MACH058,PROD306,395,Completed,2026-07-05 09:00:00,2026-07-07 03:00:00
JOB02720,MACH091,PROD163,492,Delayed,2026-01-09 23:00:00,
JOB02721,MACH106,PROD473,2000,Completed,2026-02-18 20:00:00,2026-02-19 08:00:00
JOB02722,MACH056,PROD482,1853,Completed,2026-06-27 04:00:00,2026-06-27 14:00:00
JOB02723,MACH096,PROD482,1345,Completed,2026-06-22 04:00:00,2026-06-22 13:00:00
JOB02724,MACH114,PROD388,599,Running,2026-03-07 10:00:00,
JOB02725,MACH024,PROD284,1286,Completed,2026-04-27 03:00:00,2026-04-28 09:00:00
JOB02726,MACH078,PROD059,1106,Completed,2026-04-23 22:00:00,2026-04-24 12:00:00
JOB02727,MACH096,PROD105,1017,Completed,2026-07-11 21:00:00,2026-07-12 19:00:00
JOB02728,MACH083,PROD059,1784,Completed,2026-02-22 11:00:00,2026-02-23 00:00:00
JOB02729,MACH094,PROD293,798,Completed,2026-03-16 09:00:00,2026-03-17 08:00:00
JOB02730,MACH084,PROD221,606,Completed,2026-01-05 20:00:00,2026-01-06 21:00:00
JOB02731,MACH056,PROD433,282,Delayed,2026-01-31 15:00:00,
JOB02732,MACH100,PROD387,145,Completed,2026-07-11 00:00:00,2026-07-12 10:00:00
JOB02733,MACH049,PROD260,1237,Completed,2026-05-30 18:00:00,2026-05-31 00:00:00
JOB02734,MACH088,PROD135,908,Completed,2026-04-05 05:00:00,2026-04-07 05:00:00
JOB02735,MACH086,PROD252,421,Completed,2026-05-16 15:00:00,2026-05-17 07:00:00
JOB02736,MACH001,PROD279,304,Scheduled,2026-01-29 06:00:00,
JOB02737,MACH076,PROD222,972,Completed,2026-03-25 04:00:00,2026-03-26 22:00:00
JOB02738,MACH078,PROD248,300,Delayed,2026-02-19 21:00:00,
JOB02739,MACH081,PROD195,483,Completed,2026-05-31 00:00:00,2026-05-31 13:00:00
JOB02740,MACH062,PROD104,73,Completed,2026-02-05 09:00:00,2026-02-06 05:00:00
JOB02741,MACH004,PROD267,795,Scheduled,2026-06-19 16:00:00,
JOB02742,MACH006,PROD263,752,Completed,2026-06-05 22:00:00,2026-06-07 01:00:00
JOB02743,MACH057,PROD175,1482,Scheduled,2026-05-17 16:00:00,
JOB02744,MACH010,PROD016,1979,Delayed,2026-06-15 16:00:00,
JOB02745,MACH057,PROD297,1882,Completed,2026-06-23 16:00:00,2026-06-24 15:00:00
JOB02746,MACH031,PROD113,1330,Completed,2026-02-01 07:00:00,2026-02-03 00:00:00
JOB02747,MACH026,PROD351,1685,Completed,2026-01-16 04:00:00,2026-01-17 12:00:00
JOB02748,MACH071,PROD375,342,Completed,2026-03-25 06:00:00,2026-03-26 10:00:00
JOB02749,MACH059,PROD310,905,Completed,2026-02-08 11:00:00,2026-02-08 21:00:00
JOB02750,MACH094,PROD005,1685,Completed,2026-06-18 01:00:00,2026-06-19 15:00:00
JOB02751,MACH047,PROD292,1056,Scheduled,2026-03-08 08:00:00,
JOB02752,MACH021,PROD054,603,Scheduled,2026-01-30 00:00:00,
JOB02753,MACH087,PROD278,654,Running,2026-06-10 20:00:00,
JOB02754,MACH089,PROD319,154,Scheduled,2026-04-08 05:00:00,
JOB02755,MACH105,PROD490,95,Running,2026-06-01 14:00:00,
JOB02756,MACH024,PROD491,1560,Running,2026-04-06 05:00:00,
JOB02757,MACH023,PROD341,1390,Scheduled,2026-04-20 07:00:00,
JOB02758,MACH039,PROD112,1161,Scheduled,2026-06-06 02:00:00,
JOB02759,MACH017,PROD406,1871,Completed,2026-07-14 12:00:00,2026-07-14 22:00:00
JOB02760,MACH027,PROD216,766,Completed,2026-06-02 00:00:00,2026-06-03 16:00:00
JOB02761,MACH068,PROD302,262,Running,2026-07-11 10:00:00,
JOB02762,MACH044,PROD222,1537,Running,2026-03-05 10:00:00,
JOB02763,MACH020,PROD219,1762,Scheduled,2026-03-01 18:00:00,
JOB02764,MACH014,PROD247,362,Completed,2026-04-05 17:00:00,2026-04-05 21:00:00
JOB02765,MACH013,PROD131,1194,Completed,2026-05-29 04:00:00,2026-05-29 12:00:00
JOB02766,MACH019,PROD226,242,Delayed,2026-01-09 21:00:00,2026-01-13 11:00:00
JOB02767,MACH017,PROD221,194,Completed,2026-06-20 08:00:00,2026-06-20 15:00:00
JOB02768,MACH087,PROD119,1976,Running,2026-06-27 15:00:00,
JOB02769,MACH084,PROD299,1290,Scheduled,2026-05-14 02:00:00,
JOB02770,MACH099,PROD324,1251,Completed,2026-04-10 18:00:00,2026-04-12 13:00:00
JOB02771,MACH110,PROD201,1275,Completed,2026-07-14 02:00:00,2026-07-14 13:00:00
JOB02772,MACH112,PROD155,66,Running,2026-01-18 17:00:00,
JOB02773,MACH119,PROD377,957,Running,2026-05-25 10:00:00,
JOB02774,MACH118,PROD495,1798,Completed,2026-01-28 12:00:00,2026-01-28 19:00:00
JOB02775,MACH066,PROD330,1792,Completed,2026-03-30 13:00:00,2026-03-30 18:00:00
JOB02776,MACH092,PROD246,1466,Running,2026-01-26 01:00:00,
JOB02777,MACH098,PROD437,293,Completed,2026-05-03 19:00:00,2026-05-04 09:00:00
JOB02778,MACH080,PROD015,304,Completed,2026-05-31 06:00:00,2026-05-31 20:00:00
JOB02779,MACH052,PROD441,645,Completed,2026-04-22 19:00:00,2026-04-22 22:00:00
JOB02780,MACH083,PROD241,145,Completed,2026-02-24 06:00:00,2026-02-25 21:00:00
JOB02781,MACH048,PROD002,1360,Completed,2026-01-15 05:00:00,2026-01-16 16:00:00
JOB02782,MACH054,PROD476,1667,Completed,2026-01-03 18:00:00,2026-01-05 10:00:00
JOB02783,MACH014,PROD376,1462,Completed,2026-01-14 06:00:00,2026-01-15 02:00:00
JOB02784,MACH081,PROD327,1699,Completed,2026-07-16 01:00:00,2026-07-17 22:00:00
JOB02785,MACH090,PROD270,155,Completed,2026-01-03 13:00:00,2026-01-04 10:00:00
JOB02786,MACH102,PROD158,391,Scheduled,2026-06-29 06:00:00,
JOB02787,MACH041,PROD060,307,Scheduled,2026-05-13 07:00:00,
JOB02788,MACH107,PROD075,921,Delayed,2026-03-17 07:00:00,2026-03-20 16:00:00
JOB02789,MACH055,PROD150,547,Completed,2026-03-27 23:00:00,2026-03-29 18:00:00
JOB02790,MACH023,PROD002,965,Completed,2026-04-07 10:00:00,2026-04-07 21:00:00
JOB02791,MACH109,PROD165,760,Running,2026-04-12 20:00:00,
JOB02792,MACH094,PROD356,1210,Completed,2026-02-15 15:00:00,2026-02-16 10:00:00
JOB02793,MACH011,PROD167,1431,Completed,2026-07-08 14:00:00,2026-07-08 18:00:00
JOB02794,MACH097,PROD444,1401,Completed,2026-02-19 08:00:00,2026-02-20 21:00:00
JOB02795,MACH043,PROD222,65,Scheduled,2026-03-17 02:00:00,
JOB02796,MACH070,PROD273,1314,Completed,2026-01-07 04:00:00,2026-01-08 23:00:00
JOB02797,MACH083,PROD061,1863,Completed,2026-01-03 08:00:00,2026-01-05 04:00:00
JOB02798,MACH103,PROD170,212,Delayed,2026-05-07 18:00:00,2026-05-12 10:00:00
JOB02799,MACH093,PROD041,1219,Delayed,2026-03-11 22:00:00,2026-03-16 07:00:00
JOB02800,MACH037,PROD163,80,Running,2026-02-01 23:00:00,
JOB02801,MACH081,PROD188,1084,Completed,2026-02-17 06:00:00,2026-02-18 17:00:00
JOB02802,MACH019,PROD161,1083,Completed,2026-06-03 04:00:00,2026-06-03 06:00:00
JOB02803,MACH022,PROD289,1190,Completed,2026-06-04 08:00:00,2026-06-06 07:00:00
JOB02804,MACH106,PROD060,1297,Completed,2026-05-06 23:00:00,2026-05-08 03:00:00
JOB02805,MACH004,PROD177,1952,Delayed,2026-06-24 10:00:00,
JOB02806,MACH120,PROD330,1494,Completed,2026-05-09 16:00:00,2026-05-10 03:00:00
JOB02807,MACH044,PROD167,1364,Completed,2026-03-25 01:00:00,2026-03-26 05:00:00
JOB02808,MACH119,PROD195,886,Delayed,2026-07-02 05:00:00,
JOB02809,MACH005,PROD027,1312,Completed,2026-06-06 13:00:00,2026-06-07 00:00:00
JOB02810,MACH036,PROD472,805,Completed,2026-05-08 11:00:00,2026-05-09 09:00:00
JOB02811,MACH019,PROD049,1917,Scheduled,2026-02-16 13:00:00,
JOB02812,MACH014,PROD440,723,Completed,2026-03-07 19:00:00,2026-03-08 03:00:00
JOB02813,MACH086,PROD143,1399,Running,2026-01-10 23:00:00,
JOB02814,MACH035,PROD166,1446,Completed,2026-03-31 21:00:00,2026-04-02 06:00:00
JOB02815,MACH113,PROD456,983,Running,2026-05-30 12:00:00,
JOB02816,MACH021,PROD195,1322,Scheduled,2026-03-02 00:00:00,
JOB02817,MACH093,PROD083,1371,Delayed,2026-02-19 22:00:00,2026-02-22 10:00:00
JOB02818,MACH050,PROD411,1264,Delayed,2026-05-19 21:00:00,
JOB02819,MACH041,PROD375,1727,Running,2026-06-27 05:00:00,
JOB02820,MACH032,PROD417,247,Scheduled,2026-07-02 01:00:00,
JOB02821,MACH107,PROD054,389,Running,2026-07-03 11:00:00,
JOB02822,MACH078,PROD127,1731,Running,2026-05-14 08:00:00,
JOB02823,MACH038,PROD327,734,Scheduled,2026-02-10 04:00:00,
JOB02824,MACH070,PROD484,935,Running,2026-06-28 22:00:00,
JOB02825,MACH082,PROD045,1006,Completed,2026-05-28 10:00:00,2026-05-28 12:00:00
JOB02826,MACH071,PROD373,1410,Scheduled,2026-04-08 02:00:00,
JOB02827,MACH107,PROD426,877,Completed,2026-02-07 17:00:00,2026-02-08 09:00:00
JOB02828,MACH008,PROD104,98,Completed,2026-04-29 19:00:00,2026-04-30 21:00:00
JOB02829,MACH019,PROD500,1339,Running,2026-03-07 01:00:00,
JOB02830,MACH116,PROD174,77,Delayed,2026-04-01 06:00:00,2026-04-04 02:00:00
JOB02831,MACH087,PROD013,1400,Completed,2026-05-09 00:00:00,2026-05-10 12:00:00
JOB02832,MACH061,PROD207,74,Completed,2026-02-25 00:00:00,2026-02-25 07:00:00
JOB02833,MACH031,PROD353,505,Scheduled,2026-04-27 00:00:00,
JOB02834,MACH060,PROD341,228,Delayed,2026-05-04 06:00:00,2026-05-09 02:00:00
JOB02835,MACH047,PROD313,505,Running,2026-02-18 06:00:00,
JOB02836,MACH048,PROD042,476,Completed,2026-07-02 13:00:00,2026-07-03 18:00:00
JOB02837,MACH097,PROD110,1229,Completed,2026-04-30 04:00:00,2026-05-01 00:00:00
JOB02838,MACH056,PROD280,363,Completed,2026-06-23 05:00:00,2026-06-24 04:00:00
JOB02839,MACH061,PROD102,297,Scheduled,2026-06-03 02:00:00,
JOB02840,MACH028,PROD115,1842,Running,2026-04-18 09:00:00,
JOB02841,MACH025,PROD128,1203,Completed,2026-01-04 03:00:00,2026-01-05 23:00:00
JOB02842,MACH022,PROD216,745,Completed,2026-05-29 18:00:00,2026-05-30 21:00:00
JOB02843,MACH043,PROD011,1754,Completed,2026-03-22 20:00:00,2026-03-24 04:00:00
JOB02844,MACH026,PROD488,1704,Scheduled,2026-02-04 02:00:00,
JOB02845,MACH053,PROD101,1181,Completed,2026-01-25 08:00:00,2026-01-26 16:00:00
JOB02846,MACH063,PROD068,1425,Delayed,2026-01-06 07:00:00,
JOB02847,MACH012,PROD006,1340,Completed,2026-03-06 16:00:00,2026-03-07 05:00:00
JOB02848,MACH066,PROD462,501,Scheduled,2026-01-23 23:00:00,
JOB02849,MACH001,PROD447,434,Completed,2026-06-08 00:00:00,2026-06-08 20:00:00
JOB02850,MACH061,PROD079,1723,Completed,2026-05-08 10:00:00,2026-05-09 15:00:00
JOB02851,MACH090,PROD387,641,Delayed,2026-07-16 04:00:00,
JOB02852,MACH038,PROD251,1484,Completed,2026-03-26 13:00:00,2026-03-28 11:00:00
JOB02853,MACH006,PROD413,984,Completed,2026-02-19 07:00:00,2026-02-19 10:00:00
JOB02854,MACH054,PROD055,63,Running,2026-03-24 19:00:00,
JOB02855,MACH036,PROD294,928,Completed,2026-05-19 06:00:00,2026-05-21 00:00:00
JOB02856,MACH113,PROD337,270,Completed,2026-04-05 18:00:00,2026-04-07 16:00:00
JOB02857,MACH071,PROD110,285,Running,2026-01-12 01:00:00,
JOB02858,MACH051,PROD261,202,Running,2026-04-20 06:00:00,
JOB02859,MACH094,PROD260,1877,Completed,2026-02-08 20:00:00,2026-02-10 15:00:00
JOB02860,MACH081,PROD460,223,Completed,2026-02-14 22:00:00,2026-02-15 21:00:00
JOB02861,MACH023,PROD251,134,Completed,2026-02-03 23:00:00,2026-02-04 09:00:00
JOB02862,MACH018,PROD200,1757,Scheduled,2026-05-24 05:00:00,
JOB02863,MACH089,PROD049,638,Completed,2026-03-27 18:00:00,2026-03-28 16:00:00
JOB02864,MACH071,PROD222,607,Scheduled,2026-04-26 04:00:00,
JOB02865,MACH096,PROD434,1097,Running,2026-01-22 16:00:00,
JOB02866,MACH026,PROD449,1476,Completed,2026-04-14 04:00:00,2026-04-14 16:00:00
JOB02867,MACH072,PROD483,1004,Completed,2026-03-10 03:00:00,2026-03-10 19:00:00
JOB02868,MACH026,PROD012,951,Completed,2026-03-11 17:00:00,2026-03-13 00:00:00
JOB02869,MACH110,PROD190,486,Running,2026-04-03 23:00:00,
JOB02870,MACH060,PROD143,1687,Completed,2026-01-05 06:00:00,2026-01-05 17:00:00
JOB02871,MACH025,PROD484,80,Completed,2026-05-02 10:00:00,2026-05-04 05:00:00
JOB02872,MACH040,PROD356,215,Scheduled,2026-02-23 20:00:00,
JOB02873,MACH040,PROD075,1115,Delayed,2026-04-25 01:00:00,
JOB02874,MACH077,PROD322,570,Completed,2026-01-24 07:00:00,2026-01-24 12:00:00
JOB02875,MACH085,PROD212,76,Delayed,2026-02-10 20:00:00,
JOB02876,MACH007,PROD124,523,Completed,2026-05-27 02:00:00,2026-05-28 17:00:00
JOB02877,MACH092,PROD058,329,Running,2026-06-02 23:00:00,
JOB02878,MACH074,PROD054,1693,Scheduled,2026-03-06 09:00:00,
JOB02879,MACH026,PROD050,863,Completed,2026-05-08 00:00:00,2026-05-09 23:00:00
JOB02880,MACH098,PROD381,1299,Scheduled,2026-03-03 01:00:00,
JOB02881,MACH005,PROD252,1852,Scheduled,2026-07-15 05:00:00,
JOB02882,MACH095,PROD269,849,Completed,2026-07-16 14:00:00,2026-07-17 13:00:00
JOB02883,MACH011,PROD152,462,Completed,2026-01-22 17:00:00,2026-01-23 20:00:00
JOB02884,MACH048,PROD358,1080,Completed,2026-06-18 17:00:00,2026-06-20 14:00:00
JOB02885,MACH057,PROD180,673,Delayed,2026-04-05 06:00:00,
JOB02886,MACH016,PROD484,1344,Completed,2026-01-15 16:00:00,2026-01-17 12:00:00
JOB02887,MACH057,PROD045,1055,Running,2026-01-28 14:00:00,
JOB02888,MACH046,PROD209,887,Running,2026-05-27 09:00:00,
JOB02889,MACH023,PROD234,1268,Delayed,2026-04-03 23:00:00,
JOB02890,MACH026,PROD030,650,Scheduled,2026-05-27 19:00:00,
JOB02891,MACH095,PROD415,635,Completed,2026-06-03 00:00:00,2026-06-03 06:00:00
JOB02892,MACH002,PROD074,1016,Completed,2026-04-03 04:00:00,2026-04-04 21:00:00
JOB02893,MACH027,PROD341,1582,Completed,2026-04-04 11:00:00,2026-04-04 19:00:00
JOB02894,MACH013,PROD242,1025,Completed,2026-04-10 09:00:00,2026-04-12 02:00:00
JOB02895,MACH036,PROD019,301,Completed,2026-05-11 04:00:00,2026-05-11 11:00:00
JOB02896,MACH053,PROD430,133,Completed,2026-07-12 19:00:00,2026-07-14 12:00:00
JOB02897,MACH015,PROD052,1684,Delayed,2026-01-20 15:00:00,
JOB02898,MACH003,PROD034,1680,Scheduled,2026-07-04 05:00:00,
JOB02899,MACH028,PROD333,950,Scheduled,2026-04-30 12:00:00,
JOB02900,MACH094,PROD209,2000,Running,2026-02-19 00:00:00,
JOB02901,MACH119,PROD358,1147,Completed,2026-05-05 13:00:00,2026-05-06 16:00:00
JOB02902,MACH017,PROD497,1347,Scheduled,2026-03-17 00:00:00,
JOB02903,MACH091,PROD259,1241,Completed,2026-01-19 09:00:00,2026-01-19 14:00:00
JOB02904,MACH043,PROD141,190,Running,2026-01-24 11:00:00,
JOB02905,MACH050,PROD163,1127,Delayed,2026-06-08 17:00:00,
JOB02906,MACH020,PROD024,774,Scheduled,2026-02-14 19:00:00,
JOB02907,MACH019,PROD340,468,Completed,2026-06-15 04:00:00,2026-06-15 11:00:00
JOB02908,MACH094,PROD117,360,Scheduled,2026-01-22 04:00:00,
JOB02909,MACH098,PROD481,684,Completed,2026-05-12 19:00:00,2026-05-14 17:00:00
JOB02910,MACH114,PROD061,334,Completed,2026-03-25 04:00:00,2026-03-25 10:00:00
JOB02911,MACH109,PROD037,1953,Completed,2026-07-16 17:00:00,2026-07-18 01:00:00
JOB02912,MACH013,PROD368,1948,Completed,2026-01-25 11:00:00,2026-01-26 15:00:00
JOB02913,MACH017,PROD214,1072,Completed,2026-02-14 18:00:00,2026-02-15 01:00:00
JOB02914,MACH035,PROD182,1381,Completed,2026-04-07 08:00:00,2026-04-09 07:00:00
JOB02915,MACH058,PROD446,721,Scheduled,2026-05-19 19:00:00,
JOB02916,MACH016,PROD485,1400,Completed,2026-05-23 17:00:00,2026-05-24 01:00:00
JOB02917,MACH071,PROD321,823,Scheduled,2026-03-23 17:00:00,
JOB02918,MACH040,PROD449,969,Scheduled,2026-05-18 10:00:00,
JOB02919,MACH081,PROD048,1401,Running,2026-06-04 20:00:00,
JOB02920,MACH116,PROD295,1171,Completed,2026-05-22 16:00:00,2026-05-23 23:00:00
JOB02921,MACH107,PROD151,1865,Running,2026-07-20 00:00:00,
JOB02922,MACH099,PROD183,1933,Completed,2026-03-16 14:00:00,2026-03-17 20:00:00
JOB02923,MACH072,PROD219,1400,Running,2026-05-01 11:00:00,
JOB02924,MACH089,PROD304,297,Completed,2026-06-13 16:00:00,2026-06-15 08:00:00
JOB02925,MACH080,PROD200,449,Completed,2026-01-24 21:00:00,2026-01-26 06:00:00
JOB02926,MACH077,PROD089,1364,Delayed,2026-07-04 22:00:00,
JOB02927,MACH030,PROD141,86,Completed,2026-05-08 08:00:00,2026-05-09 18:00:00
JOB02928,MACH050,PROD084,887,Running,2026-01-11 05:00:00,
JOB02929,MACH067,PROD414,828,Completed,2026-06-06 03:00:00,2026-06-06 20:00:00
JOB02930,MACH115,PROD066,283,Scheduled,2026-06-29 18:00:00,
JOB02931,MACH059,PROD122,1021,Completed,2026-04-13 01:00:00,2026-04-13 14:00:00
JOB02932,MACH083,PROD151,683,Completed,2026-04-20 02:00:00,2026-04-21 07:00:00
JOB02933,MACH039,PROD264,54,Completed,2026-07-15 09:00:00,2026-07-16 03:00:00
JOB02934,MACH008,PROD202,320,Completed,2026-03-17 04:00:00,2026-03-17 08:00:00
JOB02935,MACH107,PROD173,1002,Completed,2026-05-14 09:00:00,2026-05-15 06:00:00
JOB02936,MACH030,PROD282,1179,Completed,2026-03-07 19:00:00,2026-03-08 10:00:00
JOB02937,MACH037,PROD364,818,Running,2026-04-08 13:00:00,
JOB02938,MACH091,PROD206,622,Running,2026-07-03 14:00:00,
JOB02939,MACH059,PROD394,1638,Running,2026-03-18 03:00:00,
JOB02940,MACH013,PROD473,1545,Completed,2026-03-06 13:00:00,2026-03-06 15:00:00
JOB02941,MACH109,PROD142,1911,Delayed,2026-01-03 08:00:00,
JOB02942,MACH009,PROD084,1555,Completed,2026-06-30 18:00:00,2026-07-01 22:00:00
JOB02943,MACH079,PROD097,724,Completed,2026-04-12 22:00:00,2026-04-14 14:00:00
JOB02944,MACH046,PROD101,941,Completed,2026-01-18 07:00:00,2026-01-19 00:00:00
JOB02945,MACH097,PROD181,376,Completed,2026-03-15 06:00:00,2026-03-17 03:00:00
JOB02946,MACH081,PROD087,62,Running,2026-01-27 11:00:00,
JOB02947,MACH029,PROD196,1760,Scheduled,2026-03-18 02:00:00,
JOB02948,MACH074,PROD278,531,Completed,2026-06-21 21:00:00,2026-06-22 16:00:00
JOB02949,MACH118,PROD470,1467,Running,2026-07-06 04:00:00,
JOB02950,MACH011,PROD077,173,Scheduled,2026-04-30 22:00:00,
JOB02951,MACH035,PROD483,230,Running,2026-02-18 08:00:00,
JOB02952,MACH053,PROD065,1722,Running,2026-07-17 03:00:00,
JOB02953,MACH091,PROD262,239,Scheduled,2026-05-01 22:00:00,
JOB02954,MACH006,PROD437,121,Scheduled,2026-02-03 16:00:00,
JOB02955,MACH094,PROD308,1959,Completed,2026-04-25 20:00:00,2026-04-27 03:00:00
JOB02956,MACH077,PROD152,290,Scheduled,2026-05-05 14:00:00,
JOB02957,MACH005,PROD097,257,Completed,2026-01-29 14:00:00,2026-01-29 21:00:00
JOB02958,MACH015,PROD381,984,Completed,2026-07-03 04:00:00,2026-07-04 13:00:00
JOB02959,MACH120,PROD288,1579,Scheduled,2026-03-22 05:00:00,
JOB02960,MACH066,PROD171,733,Running,2026-06-19 11:00:00,
JOB02961,MACH053,PROD336,1086,Running,2026-05-10 23:00:00,
JOB02962,MACH062,PROD161,1823,Delayed,2026-05-13 20:00:00,
JOB02963,MACH036,PROD130,1006,Scheduled,2026-04-04 02:00:00,
JOB02964,MACH037,PROD153,415,Completed,2026-01-19 02:00:00,2026-01-20 10:00:00
JOB02965,MACH052,PROD216,624,Running,2026-02-10 07:00:00,
JOB02966,MACH007,PROD461,822,Scheduled,2026-02-27 00:00:00,
JOB02967,MACH006,PROD263,1650,Completed,2026-04-17 20:00:00,2026-04-18 02:00:00
JOB02968,MACH091,PROD071,340,Scheduled,2026-03-23 07:00:00,
JOB02969,MACH094,PROD277,1061,Completed,2026-05-29 00:00:00,2026-05-30 06:00:00
JOB02970,MACH027,PROD349,1144,Completed,2026-02-17 04:00:00,2026-02-18 19:00:00
JOB02971,MACH094,PROD034,1092,Running,2026-05-11 04:00:00,
JOB02972,MACH098,PROD049,341,Scheduled,2026-07-17 19:00:00,
JOB02973,MACH014,PROD482,1081,Scheduled,2026-05-05 20:00:00,
JOB02974,MACH086,PROD373,1872,Scheduled,2026-04-08 18:00:00,
JOB02975,MACH095,PROD018,1567,Completed,2026-05-21 17:00:00,2026-05-22 18:00:00
JOB02976,MACH031,PROD152,135,Running,2026-03-04 02:00:00,
JOB02977,MACH051,PROD456,840,Completed,2026-03-16 15:00:00,2026-03-16 23:00:00
JOB02978,MACH055,PROD232,1140,Completed,2026-04-29 15:00:00,2026-04-29 18:00:00
JOB02979,MACH040,PROD097,1063,Completed,2026-04-01 12:00:00,2026-04-02 08:00:00
JOB02980,MACH031,PROD036,1576,Completed,2026-05-05 13:00:00,2026-05-06 07:00:00
JOB02981,MACH018,PROD115,1239,Completed,2026-02-23 12:00:00,2026-02-24 22:00:00
JOB02982,MACH002,PROD494,265,Completed,2026-07-11 07:00:00,2026-07-12 16:00:00
JOB02983,MACH003,PROD420,745,Completed,2026-06-24 22:00:00,2026-06-25 16:00:00
JOB02984,MACH046,PROD120,1400,Scheduled,2026-05-02 23:00:00,
JOB02985,MACH099,PROD271,980,Scheduled,2026-01-28 06:00:00,
JOB02986,MACH085,PROD345,587,Completed,2026-02-06 08:00:00,2026-02-08 06:00:00
JOB02987,MACH087,PROD402,436,Delayed,2026-06-27 04:00:00,
JOB02988,MACH075,PROD264,1797,Delayed,2026-01-03 12:00:00,
JOB02989,MACH066,PROD202,133,Running,2026-02-04 06:00:00,
JOB02990,MACH045,PROD475,1257,Running,2026-06-30 10:00:00,
JOB02991,MACH043,PROD028,1800,Completed,2026-01-25 11:00:00,2026-01-26 22:00:00
JOB02992,MACH009,PROD144,1247,Completed,2026-07-13 20:00:00,2026-07-15 00:00:00
JOB02993,MACH035,PROD330,794,Running,2026-06-05 19:00:00,
JOB02994,MACH013,PROD374,700,Delayed,2026-06-10 16:00:00,
JOB02995,MACH102,PROD496,520,Running,2026-04-13 02:00:00,
JOB02996,MACH027,PROD408,608,Scheduled,2026-06-22 18:00:00,
JOB02997,MACH023,PROD327,1566,Completed,2026-02-05 08:00:00,2026-02-06 03:00:00
JOB02998,MACH120,PROD274,868,Completed,2026-03-27 19:00:00,2026-03-27 22:00:00
JOB02999,MACH102,PROD074,392,Delayed,2026-03-31 19:00:00,
JOB03000,MACH031,PROD031,1466,Completed,2026-02-18 23:00:00,2026-02-19 01:00:00
JOB03001,MACH095,PROD155,1111,Completed,2026-06-29 22:00:00,2026-07-01 04:00:00
JOB03002,MACH040,PROD341,510,Completed,2026-04-07 15:00:00,2026-04-08 05:00:00
JOB03003,MACH089,PROD180,1192,Delayed,2026-02-16 09:00:00,2026-02-20 13:00:00
JOB03004,MACH016,PROD467,1142,Completed,2026-01-28 13:00:00,2026-01-30 12:00:00
JOB03005,MACH072,PROD438,131,Completed,2026-02-10 06:00:00,2026-02-12 00:00:00
JOB03006,MACH057,PROD288,153,Completed,2026-07-02 22:00:00,2026-07-04 01:00:00
JOB03007,MACH107,PROD192,1231,Completed,2026-04-14 03:00:00,2026-04-14 09:00:00
JOB03008,MACH064,PROD398,472,Running,2026-03-08 11:00:00,
JOB03009,MACH038,PROD332,373,Running,2026-03-09 18:00:00,
JOB03010,MACH065,PROD409,944,Scheduled,2026-04-20 06:00:00,
JOB03011,MACH083,PROD163,906,Running,2026-06-07 11:00:00,
JOB03012,MACH027,PROD331,1962,Completed,2026-03-30 10:00:00,2026-03-30 22:00:00
JOB03013,MACH052,PROD078,1561,Scheduled,2026-05-25 16:00:00,
JOB03014,MACH119,PROD415,258,Completed,2026-04-11 11:00:00,2026-04-12 03:00:00
JOB03015,MACH034,PROD266,817,Running,2026-05-03 01:00:00,
JOB03016,MACH068,PROD389,590,Completed,2026-01-01 09:00:00,2026-01-02 21:00:00
JOB03017,MACH044,PROD148,1744,Completed,2026-02-14 09:00:00,2026-02-15 05:00:00
JOB03018,MACH092,PROD140,1049,Completed,2026-04-09 23:00:00,2026-04-10 14:00:00
JOB03019,MACH007,PROD010,1457,Completed,2026-04-26 09:00:00,2026-04-28 07:00:00
JOB03020,MACH003,PROD238,1360,Completed,2026-04-22 13:00:00,2026-04-23 03:00:00
JOB03021,MACH042,PROD098,416,Running,2026-03-28 07:00:00,
JOB03022,MACH079,PROD078,1245,Completed,2026-04-27 09:00:00,2026-04-29 05:00:00
JOB03023,MACH061,PROD469,1692,Completed,2026-07-07 06:00:00,2026-07-08 08:00:00
JOB03024,MACH082,PROD477,282,Scheduled,2026-05-19 17:00:00,
JOB03025,MACH001,PROD029,489,Running,2026-02-27 11:00:00,
JOB03026,MACH111,PROD335,391,Completed,2026-02-14 17:00:00,2026-02-15 12:00:00
JOB03027,MACH119,PROD482,873,Completed,2026-06-19 07:00:00,2026-06-20 15:00:00
JOB03028,MACH042,PROD040,860,Completed,2026-05-20 11:00:00,2026-05-21 03:00:00
JOB03029,MACH001,PROD125,206,Completed,2026-02-21 09:00:00,2026-02-21 18:00:00
JOB03030,MACH105,PROD052,921,Running,2026-04-14 21:00:00,
JOB03031,MACH094,PROD384,1883,Completed,2026-02-28 10:00:00,2026-02-28 16:00:00
JOB03032,MACH054,PROD377,1430,Completed,2026-01-24 05:00:00,2026-01-26 02:00:00
JOB03033,MACH113,PROD227,937,Scheduled,2026-01-03 22:00:00,
JOB03034,MACH081,PROD154,166,Completed,2026-03-06 09:00:00,2026-03-07 23:00:00
JOB03035,MACH025,PROD222,1439,Completed,2026-05-20 04:00:00,2026-05-21 06:00:00
JOB03036,MACH051,PROD391,322,Completed,2026-01-12 01:00:00,2026-01-13 11:00:00
JOB03037,MACH118,PROD315,741,Completed,2026-07-07 20:00:00,2026-07-09 06:00:00
JOB03038,MACH109,PROD360,457,Completed,2026-06-11 19:00:00,2026-06-12 04:00:00
JOB03039,MACH112,PROD024,474,Running,2026-04-23 11:00:00,
JOB03040,MACH072,PROD140,782,Running,2026-06-20 20:00:00,
JOB03041,MACH064,PROD323,1215,Completed,2026-03-22 20:00:00,2026-03-23 16:00:00
JOB03042,MACH016,PROD239,684,Scheduled,2026-06-19 19:00:00,
JOB03043,MACH011,PROD476,768,Delayed,2026-02-17 12:00:00,
JOB03044,MACH018,PROD357,296,Running,2026-04-29 14:00:00,
JOB03045,MACH103,PROD499,1081,Completed,2026-06-18 13:00:00,2026-06-18 16:00:00
JOB03046,MACH103,PROD130,471,Scheduled,2026-01-13 15:00:00,
JOB03047,MACH115,PROD278,88,Completed,2026-05-24 22:00:00,2026-05-26 09:00:00
JOB03048,MACH111,PROD371,1214,Completed,2026-01-18 23:00:00,2026-01-20 14:00:00
JOB03049,MACH111,PROD455,1077,Completed,2026-05-28 19:00:00,2026-05-29 17:00:00
JOB03050,MACH056,PROD246,1615,Completed,2026-03-09 07:00:00,2026-03-10 02:00:00
JOB03051,MACH084,PROD465,809,Completed,2026-03-27 23:00:00,2026-03-28 03:00:00
JOB03052,MACH096,PROD359,1038,Scheduled,2026-06-08 06:00:00,
JOB03053,MACH042,PROD359,401,Running,2026-05-26 22:00:00,
JOB03054,MACH077,PROD120,1723,Completed,2026-04-23 21:00:00,2026-04-24 00:00:00
JOB03055,MACH020,PROD004,66,Completed,2026-04-21 16:00:00,2026-04-22 05:00:00
JOB03056,MACH076,PROD175,865,Completed,2026-04-05 23:00:00,2026-04-06 11:00:00
JOB03057,MACH051,PROD334,378,Running,2026-04-26 23:00:00,
JOB03058,MACH070,PROD223,289,Running,2026-06-06 23:00:00,
JOB03059,MACH049,PROD039,1692,Running,2026-01-03 15:00:00,
JOB03060,MACH001,PROD056,433,Completed,2026-06-25 11:00:00,2026-06-25 13:00:00
JOB03061,MACH012,PROD149,540,Running,2026-07-02 18:00:00,
JOB03062,MACH087,PROD089,628,Completed,2026-07-09 00:00:00,2026-07-10 11:00:00
JOB03063,MACH001,PROD207,997,Completed,2026-02-22 11:00:00,2026-02-22 23:00:00
JOB03064,MACH039,PROD104,527,Completed,2026-05-16 11:00:00,2026-05-18 01:00:00
JOB03065,MACH041,PROD376,1823,Running,2026-02-24 08:00:00,
JOB03066,MACH022,PROD115,242,Scheduled,2026-01-30 16:00:00,
JOB03067,MACH023,PROD472,1884,Completed,2026-01-23 00:00:00,2026-01-23 10:00:00
JOB03068,MACH071,PROD113,500,Completed,2026-01-07 06:00:00,2026-01-09 05:00:00
JOB03069,MACH057,PROD315,1704,Scheduled,2026-03-13 21:00:00,
JOB03070,MACH008,PROD081,417,Running,2026-02-26 20:00:00,
JOB03071,MACH113,PROD447,996,Completed,2026-03-15 03:00:00,2026-03-15 11:00:00
JOB03072,MACH051,PROD202,533,Completed,2026-02-18 16:00:00,2026-02-19 11:00:00
JOB03073,MACH011,PROD489,1078,Scheduled,2026-06-25 19:00:00,
JOB03074,MACH012,PROD498,1622,Completed,2026-06-15 03:00:00,2026-06-17 00:00:00
JOB03075,MACH096,PROD287,1786,Completed,2026-04-16 23:00:00,2026-04-17 05:00:00
JOB03076,MACH046,PROD071,530,Completed,2026-07-07 11:00:00,2026-07-07 22:00:00
JOB03077,MACH093,PROD257,60,Completed,2026-03-09 21:00:00,2026-03-10 03:00:00
JOB03078,MACH017,PROD379,577,Completed,2026-03-12 19:00:00,2026-03-14 06:00:00
JOB03079,MACH061,PROD403,162,Scheduled,2026-05-16 19:00:00,
JOB03080,MACH078,PROD106,274,Running,2026-02-21 06:00:00,
JOB03081,MACH060,PROD275,563,Completed,2026-01-28 23:00:00,2026-01-30 15:00:00
JOB03082,MACH019,PROD304,439,Running,2026-02-27 21:00:00,
JOB03083,MACH100,PROD404,1242,Completed,2026-05-02 15:00:00,2026-05-04 12:00:00
JOB03084,MACH077,PROD118,765,Running,2026-05-28 01:00:00,
JOB03085,MACH019,PROD386,1721,Completed,2026-02-15 15:00:00,2026-02-15 19:00:00
JOB03086,MACH035,PROD322,1689,Completed,2026-03-13 01:00:00,2026-03-13 17:00:00
JOB03087,MACH002,PROD417,232,Completed,2026-02-27 23:00:00,2026-02-28 02:00:00
JOB03088,MACH041,PROD064,1966,Running,2026-07-17 13:00:00,
JOB03089,MACH067,PROD143,319,Completed,2026-06-19 04:00:00,2026-06-20 17:00:00
JOB03090,MACH072,PROD192,958,Scheduled,2026-02-10 12:00:00,
JOB03091,MACH017,PROD231,1608,Running,2026-06-14 06:00:00,
JOB03092,MACH069,PROD400,893,Running,2026-02-11 15:00:00,
JOB03093,MACH052,PROD249,1177,Completed,2026-01-07 18:00:00,2026-01-08 19:00:00
JOB03094,MACH104,PROD345,286,Completed,2026-06-01 07:00:00,2026-06-01 12:00:00
JOB03095,MACH011,PROD113,1352,Scheduled,2026-01-11 04:00:00,
JOB03096,MACH086,PROD278,1884,Completed,2026-01-13 04:00:00,2026-01-14 09:00:00
JOB03097,MACH021,PROD381,1695,Completed,2026-07-16 04:00:00,2026-07-17 12:00:00
JOB03098,MACH039,PROD038,378,Completed,2026-06-29 10:00:00,2026-06-29 21:00:00
JOB03099,MACH114,PROD096,394,Running,2026-03-04 04:00:00,
JOB03100,MACH030,PROD085,342,Completed,2026-01-13 09:00:00,2026-01-15 00:00:00
JOB03101,MACH082,PROD236,1921,Completed,2026-02-01 11:00:00,2026-02-03 10:00:00
JOB03102,MACH024,PROD198,1174,Completed,2026-02-16 01:00:00,2026-02-16 09:00:00
JOB03103,MACH031,PROD103,598,Scheduled,2026-03-08 07:00:00,
JOB03104,MACH058,PROD130,1983,Completed,2026-05-23 01:00:00,2026-05-25 01:00:00
JOB03105,MACH105,PROD076,1742,Completed,2026-03-09 04:00:00,2026-03-10 19:00:00
JOB03106,MACH068,PROD453,432,Completed,2026-01-07 11:00:00,2026-01-08 13:00:00
JOB03107,MACH055,PROD074,1309,Running,2026-07-15 15:00:00,
JOB03108,MACH062,PROD325,395,Completed,2026-02-16 16:00:00,2026-02-17 05:00:00
JOB03109,MACH057,PROD293,437,Delayed,2026-05-26 15:00:00,2026-05-30 18:00:00
JOB03110,MACH006,PROD244,753,Completed,2026-02-22 14:00:00,2026-02-23 02:00:00
JOB03111,MACH057,PROD246,750,Delayed,2026-06-23 22:00:00,
JOB03112,MACH058,PROD063,629,Running,2026-05-17 02:00:00,
JOB03113,MACH044,PROD128,1431,Completed,2026-03-31 21:00:00,2026-04-02 04:00:00
JOB03114,MACH078,PROD241,159,Running,2026-06-28 09:00:00,
JOB03115,MACH070,PROD151,1550,Scheduled,2026-04-10 03:00:00,
JOB03116,MACH056,PROD448,787,Completed,2026-07-14 16:00:00,2026-07-16 14:00:00
JOB03117,MACH040,PROD278,1351,Running,2026-05-14 08:00:00,
JOB03118,MACH096,PROD246,1248,Scheduled,2026-01-22 12:00:00,
JOB03119,MACH070,PROD319,1530,Running,2026-05-03 21:00:00,
JOB03120,MACH052,PROD055,1463,Running,2026-02-11 13:00:00,
JOB03121,MACH117,PROD012,1021,Delayed,2026-06-13 21:00:00,
JOB03122,MACH009,PROD324,1188,Completed,2026-05-26 01:00:00,2026-05-27 06:00:00
JOB03123,MACH088,PROD062,1022,Scheduled,2026-03-18 19:00:00,
JOB03124,MACH100,PROD216,530,Completed,2026-03-18 19:00:00,2026-03-18 22:00:00
JOB03125,MACH001,PROD485,578,Completed,2026-05-28 18:00:00,2026-05-29 18:00:00
JOB03126,MACH088,PROD081,373,Delayed,2026-06-02 08:00:00,
JOB03127,MACH072,PROD012,995,Delayed,2026-03-21 03:00:00,2026-03-25 21:00:00
JOB03128,MACH100,PROD405,1420,Completed,2026-06-24 11:00:00,2026-06-24 23:00:00
JOB03129,MACH064,PROD038,1606,Completed,2026-05-11 04:00:00,2026-05-12 17:00:00
JOB03130,MACH109,PROD065,179,Running,2026-07-07 09:00:00,
JOB03131,MACH046,PROD049,831,Completed,2026-02-08 05:00:00,2026-02-09 15:00:00
JOB03132,MACH034,PROD296,1186,Running,2026-02-11 22:00:00,
JOB03133,MACH025,PROD153,808,Completed,2026-06-14 14:00:00,2026-06-14 19:00:00
JOB03134,MACH072,PROD053,1827,Completed,2026-04-19 05:00:00,2026-04-21 02:00:00
JOB03135,MACH089,PROD112,646,Running,2026-06-11 21:00:00,
JOB03136,MACH037,PROD454,1022,Delayed,2026-07-17 18:00:00,
JOB03137,MACH036,PROD385,1787,Completed,2026-05-05 03:00:00,2026-05-05 19:00:00
JOB03138,MACH004,PROD299,807,Scheduled,2026-06-12 09:00:00,
JOB03139,MACH054,PROD053,1452,Running,2026-01-02 00:00:00,
JOB03140,MACH106,PROD032,1501,Completed,2026-03-23 13:00:00,2026-03-24 07:00:00
JOB03141,MACH058,PROD142,1463,Completed,2026-03-23 08:00:00,2026-03-24 20:00:00
JOB03142,MACH111,PROD470,364,Completed,2026-06-21 04:00:00,2026-06-21 14:00:00
JOB03143,MACH043,PROD292,1293,Completed,2026-05-06 05:00:00,2026-05-07 02:00:00
JOB03144,MACH046,PROD407,759,Running,2026-04-17 03:00:00,
JOB03145,MACH108,PROD474,273,Completed,2026-07-07 07:00:00,2026-07-08 16:00:00
JOB03146,MACH083,PROD308,1666,Delayed,2026-04-06 20:00:00,
JOB03147,MACH007,PROD462,829,Scheduled,2026-05-17 21:00:00,
JOB03148,MACH060,PROD418,1394,Delayed,2026-03-03 11:00:00,
JOB03149,MACH091,PROD134,1287,Delayed,2026-03-19 16:00:00,
JOB03150,MACH017,PROD099,228,Completed,2026-01-03 19:00:00,2026-01-04 18:00:00
JOB03151,MACH113,PROD438,1280,Scheduled,2026-05-17 07:00:00,
JOB03152,MACH070,PROD451,1552,Running,2026-01-16 11:00:00,
JOB03153,MACH101,PROD486,1086,Delayed,2026-07-17 06:00:00,2026-07-19 18:00:00
JOB03154,MACH080,PROD133,1856,Delayed,2026-04-01 16:00:00,2026-04-04 21:00:00
JOB03155,MACH116,PROD479,1808,Completed,2026-06-15 21:00:00,2026-06-17 11:00:00
JOB03156,MACH063,PROD265,358,Completed,2026-05-26 09:00:00,2026-05-26 20:00:00
JOB03157,MACH038,PROD166,1934,Completed,2026-03-08 15:00:00,2026-03-08 21:00:00
JOB03158,MACH088,PROD152,121,Completed,2026-06-01 06:00:00,2026-06-01 15:00:00
JOB03159,MACH035,PROD248,408,Completed,2026-03-22 21:00:00,2026-03-24 14:00:00
JOB03160,MACH026,PROD302,786,Running,2026-07-10 04:00:00,
JOB03161,MACH084,PROD489,547,Running,2026-03-20 16:00:00,
JOB03162,MACH053,PROD072,355,Completed,2026-06-17 12:00:00,2026-06-18 19:00:00
JOB03163,MACH042,PROD028,944,Running,2026-06-13 22:00:00,
JOB03164,MACH084,PROD354,1301,Running,2026-03-01 16:00:00,
JOB03165,MACH091,PROD472,1375,Running,2026-04-01 03:00:00,
JOB03166,MACH074,PROD486,144,Running,2026-02-07 17:00:00,
JOB03167,MACH092,PROD411,1574,Completed,2026-05-04 04:00:00,2026-05-05 14:00:00
JOB03168,MACH096,PROD372,867,Running,2026-07-13 21:00:00,
JOB03169,MACH010,PROD101,1320,Completed,2026-06-01 13:00:00,2026-06-02 10:00:00
JOB03170,MACH032,PROD132,1429,Completed,2026-02-06 04:00:00,2026-02-07 23:00:00
JOB03171,MACH035,PROD193,1848,Completed,2026-06-20 06:00:00,2026-06-22 01:00:00
JOB03172,MACH002,PROD035,1950,Completed,2026-04-21 15:00:00,2026-04-22 03:00:00
JOB03173,MACH112,PROD381,1038,Running,2026-02-18 18:00:00,
JOB03174,MACH081,PROD468,1601,Completed,2026-01-06 10:00:00,2026-01-06 16:00:00
JOB03175,MACH029,PROD107,650,Completed,2026-03-19 19:00:00,2026-03-21 19:00:00
JOB03176,MACH050,PROD301,660,Completed,2026-04-09 21:00:00,2026-04-10 21:00:00
JOB03177,MACH073,PROD147,576,Completed,2026-01-02 23:00:00,2026-01-03 20:00:00
JOB03178,MACH004,PROD056,966,Completed,2026-05-23 00:00:00,2026-05-24 07:00:00
JOB03179,MACH105,PROD192,334,Completed,2026-01-03 03:00:00,2026-01-03 19:00:00
JOB03180,MACH040,PROD296,1284,Completed,2026-01-23 18:00:00,2026-01-24 03:00:00
JOB03181,MACH041,PROD066,1294,Completed,2026-05-18 20:00:00,2026-05-19 16:00:00
JOB03182,MACH040,PROD026,1190,Completed,2026-02-02 22:00:00,2026-02-03 01:00:00
JOB03183,MACH093,PROD277,818,Completed,2026-02-23 01:00:00,2026-02-23 21:00:00
JOB03184,MACH004,PROD342,497,Scheduled,2026-03-28 08:00:00,
JOB03185,MACH055,PROD185,1853,Completed,2026-06-19 16:00:00,2026-06-21 03:00:00
JOB03186,MACH057,PROD401,653,Completed,2026-06-01 02:00:00,2026-06-02 07:00:00
JOB03187,MACH065,PROD161,1905,Scheduled,2026-03-24 15:00:00,
JOB03188,MACH106,PROD370,351,Completed,2026-05-29 23:00:00,2026-05-30 13:00:00
JOB03189,MACH024,PROD235,497,Delayed,2026-02-08 09:00:00,
JOB03190,MACH078,PROD286,376,Completed,2026-07-08 00:00:00,2026-07-09 11:00:00
JOB03191,MACH031,PROD261,61,Completed,2026-04-05 04:00:00,2026-04-05 13:00:00
JOB03192,MACH053,PROD310,1328,Running,2026-05-22 15:00:00,
JOB03193,MACH096,PROD315,955,Scheduled,2026-05-28 14:00:00,
JOB03194,MACH030,PROD085,1231,Completed,2026-06-19 18:00:00,2026-06-20 17:00:00
JOB03195,MACH072,PROD137,1241,Running,2026-07-19 17:00:00,
JOB03196,MACH063,PROD361,628,Running,2026-02-22 16:00:00,
JOB03197,MACH064,PROD408,1845,Delayed,2026-02-03 18:00:00,
JOB03198,MACH118,PROD500,1696,Scheduled,2026-06-17 20:00:00,
JOB03199,MACH023,PROD075,1908,Scheduled,2026-07-07 08:00:00,
JOB03200,MACH031,PROD010,667,Completed,2026-05-24 15:00:00,2026-05-25 22:00:00
JOB03201,MACH099,PROD272,346,Completed,2026-06-21 18:00:00,2026-06-22 17:00:00
JOB03202,MACH027,PROD248,1335,Completed,2026-03-26 23:00:00,2026-03-28 10:00:00
JOB03203,MACH082,PROD385,267,Completed,2026-04-13 02:00:00,2026-04-14 17:00:00
JOB03204,MACH118,PROD356,870,Running,2026-04-12 01:00:00,
JOB03205,MACH082,PROD005,1390,Completed,2026-02-24 04:00:00,2026-02-24 10:00:00
JOB03206,MACH049,PROD132,1501,Completed,2026-05-26 04:00:00,2026-05-27 23:00:00
JOB03207,MACH058,PROD052,1302,Running,2026-02-21 11:00:00,
JOB03208,MACH078,PROD484,1139,Completed,2026-04-14 08:00:00,2026-04-15 20:00:00
JOB03209,MACH017,PROD320,1427,Running,2026-07-14 04:00:00,
JOB03210,MACH107,PROD488,1748,Running,2026-02-15 08:00:00,
JOB03211,MACH021,PROD355,1812,Completed,2026-02-07 11:00:00,2026-02-07 17:00:00
JOB03212,MACH041,PROD461,313,Running,2026-04-29 18:00:00,
JOB03213,MACH093,PROD252,1112,Scheduled,2026-07-08 21:00:00,
JOB03214,MACH015,PROD435,1173,Scheduled,2026-01-13 23:00:00,
JOB03215,MACH048,PROD357,1884,Running,2026-01-05 13:00:00,
JOB03216,MACH043,PROD264,316,Completed,2026-01-24 01:00:00,2026-01-24 20:00:00
JOB03217,MACH002,PROD134,1991,Scheduled,2026-07-09 13:00:00,
JOB03218,MACH088,PROD212,1471,Completed,2026-04-30 04:00:00,2026-05-01 07:00:00
JOB03219,MACH104,PROD123,1077,Scheduled,2026-01-11 21:00:00,
JOB03220,MACH003,PROD157,794,Completed,2026-05-09 03:00:00,2026-05-09 14:00:00
JOB03221,MACH053,PROD161,619,Completed,2026-01-20 10:00:00,2026-01-21 13:00:00
JOB03222,MACH063,PROD310,415,Completed,2026-07-07 05:00:00,2026-07-08 15:00:00
JOB03223,MACH115,PROD119,559,Running,2026-05-08 23:00:00,
JOB03224,MACH068,PROD474,68,Completed,2026-05-21 13:00:00,2026-05-22 06:00:00
JOB03225,MACH001,PROD294,696,Completed,2026-06-11 22:00:00,2026-06-12 23:00:00
JOB03226,MACH042,PROD027,1393,Running,2026-05-18 05:00:00,
JOB03227,MACH085,PROD413,1902,Completed,2026-06-15 19:00:00,2026-06-17 05:00:00
JOB03228,MACH075,PROD483,283,Running,2026-03-21 18:00:00,
JOB03229,MACH079,PROD008,65,Completed,2026-05-29 23:00:00,2026-05-30 11:00:00
JOB03230,MACH067,PROD207,1219,Scheduled,2026-01-20 03:00:00,
JOB03231,MACH113,PROD170,1819,Scheduled,2026-07-03 10:00:00,
JOB03232,MACH028,PROD480,799,Completed,2026-06-13 00:00:00,2026-06-14 09:00:00
JOB03233,MACH050,PROD203,446,Completed,2026-05-30 06:00:00,2026-05-30 12:00:00
JOB03234,MACH085,PROD312,1180,Completed,2026-03-28 04:00:00,2026-03-29 23:00:00
JOB03235,MACH007,PROD191,1794,Delayed,2026-06-17 08:00:00,2026-06-19 22:00:00
JOB03236,MACH089,PROD131,219,Running,2026-01-04 18:00:00,
JOB03237,MACH052,PROD046,1901,Running,2026-04-25 16:00:00,
JOB03238,MACH019,PROD032,877,Delayed,2026-04-18 02:00:00,2026-04-22 04:00:00
JOB03239,MACH029,PROD139,1723,Completed,2026-03-02 17:00:00,2026-03-02 23:00:00
JOB03240,MACH090,PROD422,650,Completed,2026-07-04 23:00:00,2026-07-05 21:00:00
JOB03241,MACH012,PROD139,745,Completed,2026-07-14 14:00:00,2026-07-15 12:00:00
JOB03242,MACH052,PROD024,756,Completed,2026-01-12 11:00:00,2026-01-13 19:00:00
JOB03243,MACH031,PROD239,949,Delayed,2026-01-29 21:00:00,
JOB03244,MACH065,PROD277,1899,Running,2026-03-28 08:00:00,
JOB03245,MACH113,PROD084,107,Completed,2026-02-12 02:00:00,2026-02-12 15:00:00
JOB03246,MACH048,PROD363,532,Running,2026-01-04 07:00:00,
JOB03247,MACH052,PROD328,281,Delayed,2026-03-28 10:00:00,
JOB03248,MACH014,PROD229,1931,Completed,2026-06-12 20:00:00,2026-06-14 19:00:00
JOB03249,MACH014,PROD465,1932,Running,2026-03-29 15:00:00,
JOB03250,MACH089,PROD095,1844,Scheduled,2026-01-09 00:00:00,
JOB03251,MACH021,PROD022,1267,Running,2026-01-21 07:00:00,
JOB03252,MACH094,PROD067,1374,Delayed,2026-06-21 10:00:00,2026-06-24 14:00:00
JOB03253,MACH066,PROD216,435,Completed,2026-05-08 10:00:00,2026-05-09 08:00:00
JOB03254,MACH115,PROD227,1745,Completed,2026-06-18 14:00:00,2026-06-19 12:00:00
JOB03255,MACH034,PROD097,1333,Completed,2026-03-03 14:00:00,2026-03-05 06:00:00
JOB03256,MACH091,PROD164,1910,Running,2026-02-26 19:00:00,
JOB03257,MACH119,PROD405,712,Completed,2026-02-03 11:00:00,2026-02-03 18:00:00
JOB03258,MACH095,PROD061,1686,Completed,2026-05-16 09:00:00,2026-05-18 00:00:00
JOB03259,MACH105,PROD226,1515,Delayed,2026-05-16 08:00:00,2026-05-19 13:00:00
JOB03260,MACH001,PROD381,1579,Delayed,2026-06-29 14:00:00,2026-07-04 12:00:00
JOB03261,MACH036,PROD101,1098,Completed,2026-04-24 01:00:00,2026-04-24 14:00:00
JOB03262,MACH053,PROD438,1120,Running,2026-07-08 09:00:00,
JOB03263,MACH096,PROD378,930,Delayed,2026-01-10 16:00:00,2026-01-14 19:00:00
JOB03264,MACH006,PROD486,1824,Scheduled,2026-01-01 22:00:00,
JOB03265,MACH106,PROD185,1201,Completed,2026-06-29 07:00:00,2026-06-29 14:00:00
JOB03266,MACH032,PROD212,1445,Completed,2026-04-29 06:00:00,2026-04-30 10:00:00
JOB03267,MACH099,PROD163,1897,Completed,2026-05-21 03:00:00,2026-05-22 06:00:00
JOB03268,MACH051,PROD123,456,Scheduled,2026-07-08 23:00:00,
JOB03269,MACH002,PROD084,1955,Running,2026-03-15 14:00:00,
JOB03270,MACH060,PROD107,258,Completed,2026-06-03 11:00:00,2026-06-04 15:00:00
JOB03271,MACH079,PROD257,995,Running,2026-02-12 23:00:00,
JOB03272,MACH095,PROD347,1507,Completed,2026-04-17 02:00:00,2026-04-19 02:00:00
JOB03273,MACH051,PROD135,860,Scheduled,2026-05-16 02:00:00,
JOB03274,MACH024,PROD468,695,Completed,2026-01-25 15:00:00,2026-01-25 19:00:00
JOB03275,MACH035,PROD280,1967,Delayed,2026-06-22 10:00:00,2026-06-26 16:00:00
JOB03276,MACH059,PROD384,637,Running,2026-05-29 00:00:00,
JOB03277,MACH078,PROD206,875,Running,2026-04-11 12:00:00,
JOB03278,MACH117,PROD275,1220,Completed,2026-06-14 01:00:00,2026-06-14 15:00:00
JOB03279,MACH083,PROD003,264,Running,2026-01-23 01:00:00,
JOB03280,MACH106,PROD364,1313,Completed,2026-07-13 22:00:00,2026-07-14 23:00:00
JOB03281,MACH081,PROD446,859,Completed,2026-05-17 01:00:00,2026-05-18 15:00:00
JOB03282,MACH061,PROD305,751,Completed,2026-03-12 16:00:00,2026-03-14 14:00:00
JOB03283,MACH050,PROD393,92,Completed,2026-07-15 19:00:00,2026-07-16 22:00:00
JOB03284,MACH083,PROD071,1888,Scheduled,2026-07-13 06:00:00,
JOB03285,MACH062,PROD221,762,Completed,2026-06-22 10:00:00,2026-06-23 21:00:00
JOB03286,MACH052,PROD337,104,Completed,2026-02-08 22:00:00,2026-02-10 22:00:00
JOB03287,MACH109,PROD427,395,Completed,2026-02-11 15:00:00,2026-02-13 09:00:00
JOB03288,MACH091,PROD043,1952,Running,2026-06-27 21:00:00,
JOB03289,MACH076,PROD256,1025,Running,2026-06-19 09:00:00,
JOB03290,MACH007,PROD294,1862,Completed,2026-04-01 22:00:00,2026-04-02 04:00:00
JOB03291,MACH049,PROD493,1185,Running,2026-05-17 04:00:00,
JOB03292,MACH087,PROD037,1805,Completed,2026-03-07 12:00:00,2026-03-08 17:00:00
JOB03293,MACH031,PROD184,895,Scheduled,2026-01-15 10:00:00,
JOB03294,MACH056,PROD074,1363,Completed,2026-05-13 06:00:00,2026-05-13 08:00:00
JOB03295,MACH005,PROD202,1706,Running,2026-02-07 10:00:00,
JOB03296,MACH055,PROD259,1633,Scheduled,2026-03-17 17:00:00,
JOB03297,MACH013,PROD133,1991,Scheduled,2026-03-22 20:00:00,
JOB03298,MACH083,PROD445,1005,Completed,2026-02-20 14:00:00,2026-02-21 19:00:00
JOB03299,MACH016,PROD330,1550,Running,2026-04-01 00:00:00,
JOB03300,MACH008,PROD136,134,Completed,2026-07-07 07:00:00,2026-07-07 19:00:00
JOB03301,MACH085,PROD428,1959,Scheduled,2026-05-26 05:00:00,
JOB03302,MACH025,PROD492,554,Scheduled,2026-01-21 15:00:00,
JOB03303,MACH053,PROD327,1808,Completed,2026-02-28 11:00:00,2026-03-01 15:00:00
JOB03304,MACH035,PROD458,396,Scheduled,2026-06-03 05:00:00,
JOB03305,MACH011,PROD090,202,Scheduled,2026-03-09 06:00:00,
JOB03306,MACH105,PROD321,1797,Completed,2026-02-10 19:00:00,2026-02-11 07:00:00
JOB03307,MACH107,PROD408,1945,Completed,2026-06-28 14:00:00,2026-06-29 06:00:00
JOB03308,MACH075,PROD235,1524,Scheduled,2026-04-24 18:00:00,
JOB03309,MACH110,PROD101,1616,Completed,2026-04-14 01:00:00,2026-04-15 11:00:00
JOB03310,MACH058,PROD049,1980,Running,2026-01-13 13:00:00,
JOB03311,MACH089,PROD273,1638,Running,2026-06-09 17:00:00,
JOB03312,MACH117,PROD182,1392,Completed,2026-01-30 14:00:00,2026-01-31 05:00:00
JOB03313,MACH092,PROD148,1329,Completed,2026-04-29 15:00:00,2026-04-30 02:00:00
JOB03314,MACH020,PROD386,1884,Completed,2026-05-08 07:00:00,2026-05-09 16:00:00
JOB03315,MACH056,PROD479,1481,Completed,2026-04-22 16:00:00,2026-04-22 18:00:00
JOB03316,MACH113,PROD392,133,Completed,2026-06-08 22:00:00,2026-06-09 17:00:00
JOB03317,MACH036,PROD312,250,Running,2026-03-05 15:00:00,
JOB03318,MACH030,PROD322,622,Completed,2026-01-30 06:00:00,2026-01-31 21:00:00
JOB03319,MACH090,PROD442,163,Running,2026-03-28 17:00:00,
JOB03320,MACH016,PROD397,963,Completed,2026-03-13 07:00:00,2026-03-15 03:00:00
JOB03321,MACH023,PROD472,224,Completed,2026-04-09 02:00:00,2026-04-09 23:00:00
JOB03322,MACH006,PROD303,1187,Completed,2026-02-08 18:00:00,2026-02-10 04:00:00
JOB03323,MACH018,PROD209,284,Completed,2026-06-24 01:00:00,2026-06-25 17:00:00
JOB03324,MACH001,PROD467,1949,Running,2026-05-20 11:00:00,
JOB03325,MACH074,PROD430,1877,Completed,2026-02-03 00:00:00,2026-02-03 20:00:00
JOB03326,MACH071,PROD265,993,Scheduled,2026-01-05 03:00:00,
JOB03327,MACH053,PROD301,746,Completed,2026-05-14 12:00:00,2026-05-15 01:00:00
JOB03328,MACH042,PROD430,1898,Completed,2026-04-13 01:00:00,2026-04-14 04:00:00
JOB03329,MACH045,PROD392,1135,Completed,2026-03-05 14:00:00,2026-03-07 11:00:00
JOB03330,MACH051,PROD446,1693,Completed,2026-05-15 09:00:00,2026-05-16 02:00:00
JOB03331,MACH010,PROD225,1028,Completed,2026-02-12 00:00:00,2026-02-13 11:00:00
JOB03332,MACH012,PROD120,107,Completed,2026-02-12 08:00:00,2026-02-12 20:00:00
JOB03333,MACH012,PROD091,890,Completed,2026-03-28 11:00:00,2026-03-28 23:00:00
JOB03334,MACH028,PROD357,1626,Scheduled,2026-07-16 16:00:00,
JOB03335,MACH098,PROD224,921,Completed,2026-01-15 23:00:00,2026-01-16 03:00:00
JOB03336,MACH045,PROD471,1423,Completed,2026-04-14 02:00:00,2026-04-15 17:00:00
JOB03337,MACH081,PROD309,1375,Running,2026-05-02 21:00:00,
JOB03338,MACH117,PROD125,251,Scheduled,2026-02-23 02:00:00,
JOB03339,MACH116,PROD405,1249,Scheduled,2026-05-18 13:00:00,
JOB03340,MACH051,PROD258,1889,Running,2026-06-14 09:00:00,
JOB03341,MACH040,PROD063,1314,Delayed,2026-07-11 17:00:00,2026-07-16 15:00:00
JOB03342,MACH105,PROD226,1829,Completed,2026-03-25 21:00:00,2026-03-26 06:00:00
JOB03343,MACH113,PROD272,1037,Completed,2026-05-31 03:00:00,2026-06-01 15:00:00
JOB03344,MACH108,PROD036,204,Scheduled,2026-03-16 02:00:00,
JOB03345,MACH024,PROD421,948,Completed,2026-05-01 15:00:00,2026-05-03 09:00:00
JOB03346,MACH071,PROD345,430,Scheduled,2026-05-26 01:00:00,
JOB03347,MACH021,PROD209,217,Completed,2026-02-14 01:00:00,2026-02-15 03:00:00
JOB03348,MACH019,PROD145,91,Completed,2026-02-28 01:00:00,2026-03-01 22:00:00
JOB03349,MACH049,PROD422,110,Scheduled,2026-05-18 15:00:00,
JOB03350,MACH087,PROD383,382,Running,2026-07-06 01:00:00,
JOB03351,MACH102,PROD403,1966,Completed,2026-02-18 05:00:00,2026-02-19 02:00:00
JOB03352,MACH076,PROD163,1736,Completed,2026-05-28 03:00:00,2026-05-29 19:00:00
JOB03353,MACH098,PROD186,485,Scheduled,2026-01-17 12:00:00,
JOB03354,MACH082,PROD111,476,Scheduled,2026-04-26 19:00:00,
JOB03355,MACH039,PROD061,524,Completed,2026-03-10 21:00:00,2026-03-12 07:00:00
JOB03356,MACH046,PROD016,1815,Running,2026-07-14 04:00:00,
JOB03357,MACH064,PROD388,71,Running,2026-04-14 11:00:00,
JOB03358,MACH109,PROD300,1928,Scheduled,2026-05-04 18:00:00,
JOB03359,MACH113,PROD367,1066,Running,2026-03-31 15:00:00,
JOB03360,MACH092,PROD488,77,Completed,2026-03-29 01:00:00,2026-03-29 22:00:00
JOB03361,MACH099,PROD171,1355,Running,2026-05-16 03:00:00,
JOB03362,MACH008,PROD403,1406,Delayed,2026-01-22 01:00:00,
JOB03363,MACH061,PROD235,1923,Completed,2026-03-24 02:00:00,2026-03-24 17:00:00
JOB03364,MACH001,PROD199,874,Completed,2026-04-28 19:00:00,2026-04-29 23:00:00
JOB03365,MACH118,PROD426,422,Scheduled,2026-05-11 04:00:00,
JOB03366,MACH013,PROD097,1004,Scheduled,2026-04-14 13:00:00,
JOB03367,MACH003,PROD127,369,Completed,2026-04-02 23:00:00,2026-04-04 12:00:00
JOB03368,MACH059,PROD321,1568,Completed,2026-04-29 17:00:00,2026-05-01 00:00:00
JOB03369,MACH004,PROD022,1703,Completed,2026-06-08 22:00:00,2026-06-09 04:00:00
JOB03370,MACH013,PROD449,1819,Completed,2026-07-17 15:00:00,2026-07-17 22:00:00
JOB03371,MACH058,PROD460,1939,Running,2026-07-11 18:00:00,
JOB03372,MACH057,PROD418,1093,Completed,2026-02-01 13:00:00,2026-02-03 08:00:00
JOB03373,MACH091,PROD403,623,Completed,2026-03-11 16:00:00,2026-03-11 23:00:00
JOB03374,MACH037,PROD338,1736,Completed,2026-05-26 22:00:00,2026-05-27 00:00:00
JOB03375,MACH016,PROD026,570,Completed,2026-06-16 16:00:00,2026-06-17 17:00:00
JOB03376,MACH025,PROD039,1684,Running,2026-03-22 22:00:00,
JOB03377,MACH002,PROD339,1728,Scheduled,2026-06-10 15:00:00,
JOB03378,MACH098,PROD033,272,Scheduled,2026-04-24 18:00:00,
JOB03379,MACH065,PROD097,1132,Completed,2026-02-17 20:00:00,2026-02-19 02:00:00
JOB03380,MACH059,PROD342,342,Completed,2026-06-26 07:00:00,2026-06-27 21:00:00
JOB03381,MACH063,PROD404,1616,Running,2026-05-06 17:00:00,
JOB03382,MACH104,PROD170,245,Completed,2026-02-26 06:00:00,2026-02-28 06:00:00
JOB03383,MACH035,PROD145,1296,Running,2026-06-28 20:00:00,
JOB03384,MACH089,PROD259,1054,Scheduled,2026-03-15 05:00:00,
JOB03385,MACH036,PROD207,976,Running,2026-04-03 06:00:00,
JOB03386,MACH109,PROD260,629,Completed,2026-05-30 02:00:00,2026-05-31 18:00:00
JOB03387,MACH001,PROD305,456,Completed,2026-05-10 09:00:00,2026-05-12 05:00:00
JOB03388,MACH032,PROD199,1942,Completed,2026-01-22 12:00:00,2026-01-23 13:00:00
JOB03389,MACH058,PROD377,1466,Scheduled,2026-04-02 08:00:00,
JOB03390,MACH022,PROD232,1168,Completed,2026-06-01 21:00:00,2026-06-02 06:00:00
JOB03391,MACH093,PROD033,433,Delayed,2026-06-24 12:00:00,2026-06-27 07:00:00
JOB03392,MACH026,PROD477,260,Completed,2026-07-03 23:00:00,2026-07-05 17:00:00
JOB03393,MACH072,PROD054,1731,Completed,2026-07-12 19:00:00,2026-07-12 23:00:00
JOB03394,MACH103,PROD059,1454,Completed,2026-05-08 20:00:00,2026-05-09 18:00:00
JOB03395,MACH055,PROD197,727,Completed,2026-01-13 19:00:00,2026-01-13 22:00:00
JOB03396,MACH058,PROD362,228,Completed,2026-02-24 08:00:00,2026-02-24 12:00:00
JOB03397,MACH065,PROD479,193,Running,2026-03-01 21:00:00,
JOB03398,MACH037,PROD059,1722,Running,2026-04-08 15:00:00,
JOB03399,MACH073,PROD218,59,Delayed,2026-03-12 21:00:00,2026-03-16 04:00:00
JOB03400,MACH069,PROD387,799,Completed,2026-03-07 02:00:00,2026-03-08 05:00:00
JOB03401,MACH068,PROD052,1211,Completed,2026-01-20 23:00:00,2026-01-22 14:00:00
JOB03402,MACH069,PROD252,1711,Completed,2026-05-26 22:00:00,2026-05-28 06:00:00
JOB03403,MACH037,PROD291,895,Completed,2026-07-13 21:00:00,2026-07-15 20:00:00
JOB03404,MACH090,PROD134,1606,Delayed,2026-02-01 09:00:00,2026-02-06 03:00:00
JOB03405,MACH104,PROD022,1469,Completed,2026-06-11 12:00:00,2026-06-11 17:00:00
JOB03406,MACH103,PROD020,1286,Scheduled,2026-02-09 15:00:00,
JOB03407,MACH053,PROD374,696,Running,2026-06-12 18:00:00,
JOB03408,MACH062,PROD462,723,Running,2026-03-01 10:00:00,
JOB03409,MACH072,PROD155,130,Completed,2026-05-12 23:00:00,2026-05-14 19:00:00
JOB03410,MACH027,PROD375,426,Completed,2026-06-22 00:00:00,2026-06-22 15:00:00
JOB03411,MACH074,PROD442,897,Completed,2026-05-06 20:00:00,2026-05-08 17:00:00
JOB03412,MACH106,PROD414,1067,Running,2026-07-04 06:00:00,
JOB03413,MACH117,PROD184,1863,Running,2026-06-08 21:00:00,
JOB03414,MACH085,PROD057,660,Completed,2026-01-28 10:00:00,2026-01-29 23:00:00
JOB03415,MACH078,PROD347,255,Completed,2026-02-02 04:00:00,2026-02-03 05:00:00
JOB03416,MACH115,PROD079,1941,Completed,2026-03-23 00:00:00,2026-03-24 11:00:00
JOB03417,MACH087,PROD077,511,Completed,2026-02-04 15:00:00,2026-02-05 12:00:00
JOB03418,MACH120,PROD033,1548,Delayed,2026-04-09 16:00:00,
JOB03419,MACH070,PROD230,270,Completed,2026-05-23 03:00:00,2026-05-23 10:00:00
JOB03420,MACH019,PROD096,62,Completed,2026-05-26 11:00:00,2026-05-27 16:00:00
JOB03421,MACH092,PROD230,202,Delayed,2026-05-06 18:00:00,
JOB03422,MACH051,PROD175,79,Running,2026-05-12 01:00:00,
JOB03423,MACH057,PROD197,796,Completed,2026-01-13 18:00:00,2026-01-14 18:00:00
JOB03424,MACH108,PROD224,157,Running,2026-06-08 05:00:00,
JOB03425,MACH018,PROD112,823,Completed,2026-06-13 13:00:00,2026-06-14 10:00:00
JOB03426,MACH072,PROD125,52,Completed,2026-07-12 20:00:00,2026-07-12 22:00:00
JOB03427,MACH062,PROD421,914,Completed,2026-04-13 13:00:00,2026-04-15 11:00:00
JOB03428,MACH115,PROD365,945,Running,2026-04-21 21:00:00,
JOB03429,MACH014,PROD059,1363,Delayed,2026-06-25 06:00:00,2026-06-29 14:00:00
JOB03430,MACH022,PROD088,603,Completed,2026-07-08 07:00:00,2026-07-09 04:00:00
JOB03431,MACH102,PROD176,1144,Scheduled,2026-04-20 07:00:00,
JOB03432,MACH087,PROD445,1879,Running,2026-06-01 18:00:00,
JOB03433,MACH059,PROD058,1781,Scheduled,2026-03-22 12:00:00,
JOB03434,MACH010,PROD178,299,Completed,2026-05-29 11:00:00,2026-05-30 19:00:00
JOB03435,MACH065,PROD486,1170,Scheduled,2026-05-03 06:00:00,
JOB03436,MACH047,PROD040,500,Completed,2026-03-02 20:00:00,2026-03-04 03:00:00
JOB03437,MACH046,PROD303,335,Running,2026-01-28 10:00:00,
JOB03438,MACH086,PROD317,1263,Running,2026-03-18 11:00:00,
JOB03439,MACH065,PROD032,1300,Completed,2026-06-12 06:00:00,2026-06-13 19:00:00
JOB03440,MACH113,PROD238,1095,Running,2026-04-13 14:00:00,
JOB03441,MACH085,PROD186,555,Completed,2026-07-10 15:00:00,2026-07-11 13:00:00
JOB03442,MACH023,PROD264,491,Completed,2026-05-10 17:00:00,2026-05-11 11:00:00
JOB03443,MACH083,PROD237,93,Completed,2026-06-23 21:00:00,2026-06-25 01:00:00
JOB03444,MACH031,PROD216,1969,Delayed,2026-06-07 19:00:00,
JOB03445,MACH028,PROD097,1205,Running,2026-07-13 17:00:00,
JOB03446,MACH044,PROD373,830,Running,2026-02-18 09:00:00,
JOB03447,MACH030,PROD039,667,Running,2026-01-15 11:00:00,
JOB03448,MACH069,PROD480,183,Completed,2026-02-17 04:00:00,2026-02-18 05:00:00
JOB03449,MACH067,PROD031,1798,Running,2026-07-18 06:00:00,
JOB03450,MACH092,PROD252,321,Completed,2026-02-07 23:00:00,2026-02-09 16:00:00
JOB03451,MACH053,PROD457,1983,Running,2026-05-20 18:00:00,
JOB03452,MACH105,PROD152,1219,Running,2026-02-01 03:00:00,
JOB03453,MACH060,PROD163,1041,Completed,2026-03-30 14:00:00,2026-04-01 12:00:00
JOB03454,MACH005,PROD043,469,Completed,2026-05-27 10:00:00,2026-05-27 20:00:00
JOB03455,MACH020,PROD029,1652,Completed,2026-03-14 15:00:00,2026-03-15 05:00:00
JOB03456,MACH052,PROD409,108,Completed,2026-05-19 16:00:00,2026-05-19 20:00:00
JOB03457,MACH024,PROD468,1020,Running,2026-04-07 06:00:00,
JOB03458,MACH117,PROD429,1539,Delayed,2026-04-29 03:00:00,2026-05-02 00:00:00
JOB03459,MACH045,PROD119,1547,Running,2026-06-20 16:00:00,
JOB03460,MACH075,PROD439,1198,Scheduled,2026-04-20 09:00:00,
JOB03461,MACH102,PROD127,124,Delayed,2026-07-07 08:00:00,
JOB03462,MACH087,PROD045,941,Completed,2026-06-13 01:00:00,2026-06-14 19:00:00
JOB03463,MACH071,PROD230,356,Running,2026-06-06 18:00:00,
JOB03464,MACH116,PROD148,687,Running,2026-06-21 15:00:00,
JOB03465,MACH026,PROD025,1458,Delayed,2026-05-01 02:00:00,2026-05-05 09:00:00
JOB03466,MACH018,PROD093,109,Completed,2026-07-02 12:00:00,2026-07-03 18:00:00
JOB03467,MACH008,PROD232,1403,Completed,2026-04-29 16:00:00,2026-05-01 08:00:00
JOB03468,MACH024,PROD040,1126,Scheduled,2026-06-10 11:00:00,
JOB03469,MACH103,PROD247,733,Scheduled,2026-05-09 02:00:00,
JOB03470,MACH081,PROD229,626,Completed,2026-04-01 23:00:00,2026-04-02 06:00:00
JOB03471,MACH118,PROD184,1006,Running,2026-07-04 14:00:00,
JOB03472,MACH002,PROD257,835,Completed,2026-01-29 17:00:00,2026-01-30 22:00:00
JOB03473,MACH092,PROD147,1133,Delayed,2026-05-05 23:00:00,
JOB03474,MACH030,PROD175,523,Completed,2026-01-21 06:00:00,2026-01-21 23:00:00
JOB03475,MACH069,PROD227,668,Completed,2026-02-04 05:00:00,2026-02-05 07:00:00
JOB03476,MACH033,PROD153,761,Delayed,2026-01-11 04:00:00,
JOB03477,MACH111,PROD458,165,Scheduled,2026-04-23 16:00:00,
JOB03478,MACH027,PROD126,289,Delayed,2026-04-08 00:00:00,2026-04-10 15:00:00
JOB03479,MACH106,PROD407,1007,Completed,2026-05-13 00:00:00,2026-05-14 01:00:00
JOB03480,MACH066,PROD289,184,Running,2026-06-03 05:00:00,
JOB03481,MACH051,PROD187,1455,Scheduled,2026-01-01 12:00:00,
JOB03482,MACH092,PROD052,1029,Running,2026-03-17 06:00:00,
JOB03483,MACH111,PROD265,434,Completed,2026-06-03 03:00:00,2026-06-04 13:00:00
JOB03484,MACH045,PROD243,1449,Scheduled,2026-06-21 00:00:00,
JOB03485,MACH034,PROD247,163,Completed,2026-07-14 08:00:00,2026-07-15 14:00:00
JOB03486,MACH058,PROD368,1780,Scheduled,2026-04-12 12:00:00,
JOB03487,MACH111,PROD075,1699,Completed,2026-02-23 07:00:00,2026-02-24 14:00:00
JOB03488,MACH095,PROD196,1316,Completed,2026-04-21 16:00:00,2026-04-22 08:00:00
JOB03489,MACH094,PROD419,646,Completed,2026-02-12 10:00:00,2026-02-12 15:00:00
JOB03490,MACH060,PROD396,627,Running,2026-01-19 16:00:00,
JOB03491,MACH025,PROD417,1359,Running,2026-01-08 10:00:00,
JOB03492,MACH071,PROD059,1538,Running,2026-01-30 06:00:00,
JOB03493,MACH067,PROD144,275,Delayed,2026-05-18 10:00:00,
JOB03494,MACH039,PROD096,343,Running,2026-05-07 03:00:00,
JOB03495,MACH076,PROD219,105,Running,2026-03-12 16:00:00,
JOB03496,MACH089,PROD431,1814,Completed,2026-07-12 15:00:00,2026-07-13 19:00:00
JOB03497,MACH099,PROD354,1726,Completed,2026-02-24 22:00:00,2026-02-25 19:00:00
JOB03498,MACH104,PROD263,1327,Completed,2026-04-21 13:00:00,2026-04-22 09:00:00
JOB03499,MACH103,PROD264,388,Delayed,2026-04-10 01:00:00,
JOB03500,MACH057,PROD058,363,Completed,2026-03-24 14:00:00,2026-03-25 10:00:00
JOB03501,MACH021,PROD392,906,Delayed,2026-02-20 21:00:00,2026-02-24 15:00:00
JOB03502,MACH012,PROD340,646,Scheduled,2026-03-06 04:00:00,
JOB03503,MACH109,PROD285,1499,Completed,2026-05-17 20:00:00,2026-05-18 13:00:00
JOB03504,MACH088,PROD048,1180,Completed,2026-02-25 10:00:00,2026-02-27 01:00:00
JOB03505,MACH001,PROD054,712,Completed,2026-04-12 09:00:00,2026-04-12 12:00:00
JOB03506,MACH009,PROD378,662,Scheduled,2026-04-24 08:00:00,
JOB03507,MACH018,PROD353,1541,Completed,2026-01-21 08:00:00,2026-01-21 23:00:00
JOB03508,MACH006,PROD490,1765,Completed,2026-01-18 08:00:00,2026-01-20 08:00:00
JOB03509,MACH051,PROD323,592,Completed,2026-03-28 09:00:00,2026-03-30 07:00:00
JOB03510,MACH013,PROD255,1788,Running,2026-02-02 18:00:00,
JOB03511,MACH086,PROD103,751,Completed,2026-04-09 05:00:00,2026-04-11 04:00:00
JOB03512,MACH089,PROD176,1628,Completed,2026-05-13 18:00:00,2026-05-15 02:00:00
JOB03513,MACH082,PROD084,1812,Delayed,2026-05-11 03:00:00,
JOB03514,MACH009,PROD354,252,Delayed,2026-04-10 03:00:00,2026-04-13 12:00:00
JOB03515,MACH090,PROD040,974,Completed,2026-01-21 14:00:00,2026-01-22 18:00:00
JOB03516,MACH034,PROD400,1402,Completed,2026-05-01 16:00:00,2026-05-03 16:00:00
JOB03517,MACH108,PROD375,223,Scheduled,2026-01-04 17:00:00,
JOB03518,MACH013,PROD308,154,Completed,2026-04-15 00:00:00,2026-04-16 13:00:00
JOB03519,MACH117,PROD182,488,Completed,2026-03-25 08:00:00,2026-03-25 14:00:00
JOB03520,MACH028,PROD331,1196,Completed,2026-05-08 15:00:00,2026-05-09 21:00:00
JOB03521,MACH011,PROD349,1006,Completed,2026-04-15 07:00:00,2026-04-16 00:00:00
JOB03522,MACH053,PROD174,719,Running,2026-03-25 16:00:00,
JOB03523,MACH020,PROD228,1988,Running,2026-06-06 10:00:00,
JOB03524,MACH077,PROD062,1136,Scheduled,2026-03-04 10:00:00,
JOB03525,MACH044,PROD424,141,Completed,2026-02-15 01:00:00,2026-02-17 01:00:00
JOB03526,MACH086,PROD493,364,Completed,2026-05-05 20:00:00,2026-05-06 07:00:00
JOB03527,MACH070,PROD334,1780,Completed,2026-05-18 17:00:00,2026-05-19 13:00:00
JOB03528,MACH111,PROD280,260,Running,2026-02-10 18:00:00,
JOB03529,MACH020,PROD427,352,Running,2026-01-06 09:00:00,
JOB03530,MACH097,PROD493,1341,Running,2026-05-11 17:00:00,
JOB03531,MACH065,PROD161,935,Delayed,2026-04-12 19:00:00,
JOB03532,MACH086,PROD364,224,Completed,2026-02-14 23:00:00,2026-02-15 12:00:00
JOB03533,MACH093,PROD493,166,Completed,2026-06-15 01:00:00,2026-06-15 07:00:00
JOB03534,MACH006,PROD278,1621,Running,2026-05-01 14:00:00,
JOB03535,MACH049,PROD184,1196,Completed,2026-02-23 02:00:00,2026-02-24 14:00:00
JOB03536,MACH037,PROD399,1079,Completed,2026-02-09 19:00:00,2026-02-10 19:00:00
JOB03537,MACH078,PROD032,1749,Completed,2026-01-22 19:00:00,2026-01-24 10:00:00
JOB03538,MACH017,PROD299,1529,Running,2026-03-01 06:00:00,
JOB03539,MACH010,PROD498,579,Running,2026-04-16 04:00:00,
JOB03540,MACH067,PROD142,1467,Completed,2026-05-24 04:00:00,2026-05-24 22:00:00
JOB03541,MACH009,PROD239,1811,Running,2026-04-03 21:00:00,
JOB03542,MACH013,PROD426,172,Completed,2026-06-30 01:00:00,2026-07-01 20:00:00
JOB03543,MACH063,PROD276,505,Delayed,2026-05-19 09:00:00,
JOB03544,MACH071,PROD261,686,Completed,2026-03-28 03:00:00,2026-03-28 20:00:00
JOB03545,MACH037,PROD350,1435,Running,2026-02-19 11:00:00,
JOB03546,MACH039,PROD492,517,Delayed,2026-05-18 03:00:00,
JOB03547,MACH011,PROD251,1897,Delayed,2026-07-08 15:00:00,2026-07-12 08:00:00
JOB03548,MACH114,PROD471,1236,Completed,2026-01-04 07:00:00,2026-01-04 11:00:00
JOB03549,MACH103,PROD140,1459,Scheduled,2026-04-25 00:00:00,
JOB03550,MACH025,PROD093,284,Completed,2026-05-02 15:00:00,2026-05-03 22:00:00
JOB03551,MACH046,PROD036,637,Completed,2026-05-19 07:00:00,2026-05-21 00:00:00
JOB03552,MACH048,PROD142,830,Scheduled,2026-05-19 02:00:00,
JOB03553,MACH084,PROD382,1140,Scheduled,2026-02-06 05:00:00,
JOB03554,MACH082,PROD454,646,Completed,2026-06-02 12:00:00,2026-06-03 17:00:00
JOB03555,MACH016,PROD487,280,Scheduled,2026-03-05 22:00:00,
JOB03556,MACH046,PROD044,654,Running,2026-04-06 14:00:00,
JOB03557,MACH070,PROD153,1809,Delayed,2026-03-19 04:00:00,
JOB03558,MACH022,PROD218,1286,Completed,2026-01-22 16:00:00,2026-01-24 00:00:00
JOB03559,MACH107,PROD337,1417,Completed,2026-03-22 11:00:00,2026-03-23 00:00:00
JOB03560,MACH118,PROD276,1622,Completed,2026-05-19 19:00:00,2026-05-20 14:00:00
JOB03561,MACH024,PROD250,1817,Scheduled,2026-04-23 05:00:00,
JOB03562,MACH106,PROD435,966,Completed,2026-02-08 01:00:00,2026-02-09 03:00:00
JOB03563,MACH084,PROD124,1288,Completed,2026-03-17 08:00:00,2026-03-18 11:00:00
JOB03564,MACH052,PROD465,700,Scheduled,2026-02-13 14:00:00,
JOB03565,MACH086,PROD065,1015,Running,2026-03-12 12:00:00,
JOB03566,MACH009,PROD310,1130,Completed,2026-01-09 08:00:00,2026-01-10 11:00:00
JOB03567,MACH018,PROD053,765,Scheduled,2026-06-20 06:00:00,
JOB03568,MACH113,PROD126,1587,Completed,2026-07-05 02:00:00,2026-07-05 09:00:00
JOB03569,MACH070,PROD440,791,Running,2026-07-12 16:00:00,
JOB03570,MACH043,PROD389,684,Completed,2026-02-04 00:00:00,2026-02-05 09:00:00
JOB03571,MACH047,PROD087,866,Scheduled,2026-04-04 04:00:00,
JOB03572,MACH111,PROD081,423,Scheduled,2026-06-21 16:00:00,
JOB03573,MACH109,PROD089,1846,Delayed,2026-03-18 02:00:00,2026-03-22 21:00:00
JOB03574,MACH020,PROD076,1516,Scheduled,2026-01-07 21:00:00,
JOB03575,MACH046,PROD103,567,Completed,2026-01-03 06:00:00,2026-01-05 04:00:00
JOB03576,MACH020,PROD498,928,Completed,2026-04-07 15:00:00,2026-04-09 09:00:00
JOB03577,MACH079,PROD439,825,Completed,2026-06-17 07:00:00,2026-06-17 10:00:00
JOB03578,MACH107,PROD351,1111,Completed,2026-04-23 15:00:00,2026-04-23 23:00:00
JOB03579,MACH076,PROD487,659,Completed,2026-02-27 08:00:00,2026-02-27 15:00:00
JOB03580,MACH098,PROD020,1638,Completed,2026-03-19 00:00:00,2026-03-19 09:00:00
JOB03581,MACH041,PROD165,476,Completed,2026-02-08 00:00:00,2026-02-09 02:00:00
JOB03582,MACH016,PROD182,543,Completed,2026-07-14 05:00:00,2026-07-14 09:00:00
JOB03583,MACH067,PROD104,146,Delayed,2026-02-25 06:00:00,2026-03-01 19:00:00
JOB03584,MACH089,PROD246,1286,Completed,2026-04-02 03:00:00,2026-04-02 17:00:00
JOB03585,MACH080,PROD349,1341,Completed,2026-03-01 19:00:00,2026-03-01 21:00:00
JOB03586,MACH093,PROD301,1523,Completed,2026-02-13 11:00:00,2026-02-14 03:00:00
JOB03587,MACH087,PROD231,1654,Completed,2026-06-16 05:00:00,2026-06-16 10:00:00
JOB03588,MACH029,PROD187,627,Completed,2026-06-15 00:00:00,2026-06-15 06:00:00
JOB03589,MACH075,PROD320,1264,Running,2026-05-16 22:00:00,
JOB03590,MACH103,PROD132,171,Completed,2026-01-11 05:00:00,2026-01-11 11:00:00
JOB03591,MACH041,PROD348,131,Scheduled,2026-04-15 19:00:00,
JOB03592,MACH098,PROD373,1390,Delayed,2026-06-29 04:00:00,2026-07-02 03:00:00
JOB03593,MACH067,PROD215,1249,Scheduled,2026-02-08 07:00:00,
JOB03594,MACH027,PROD462,326,Completed,2026-06-15 15:00:00,2026-06-15 18:00:00
JOB03595,MACH039,PROD126,1608,Completed,2026-02-05 17:00:00,2026-02-06 23:00:00
JOB03596,MACH075,PROD284,1869,Running,2026-03-06 14:00:00,
JOB03597,MACH017,PROD107,1597,Completed,2026-02-12 03:00:00,2026-02-12 08:00:00
JOB03598,MACH080,PROD106,1093,Completed,2026-07-02 09:00:00,2026-07-03 22:00:00
JOB03599,MACH117,PROD046,1933,Completed,2026-07-15 15:00:00,2026-07-16 16:00:00
JOB03600,MACH050,PROD474,694,Completed,2026-03-11 14:00:00,2026-03-12 15:00:00
JOB03601,MACH075,PROD250,360,Completed,2026-01-25 14:00:00,2026-01-26 03:00:00
JOB03602,MACH118,PROD337,439,Completed,2026-06-23 10:00:00,2026-06-25 01:00:00
JOB03603,MACH110,PROD094,1324,Completed,2026-04-25 13:00:00,2026-04-26 18:00:00
JOB03604,MACH075,PROD422,1586,Completed,2026-05-17 08:00:00,2026-05-18 04:00:00
JOB03605,MACH063,PROD384,198,Completed,2026-03-29 06:00:00,2026-03-30 22:00:00
JOB03606,MACH057,PROD144,1597,Completed,2026-07-14 14:00:00,2026-07-15 02:00:00
JOB03607,MACH032,PROD423,987,Completed,2026-05-16 21:00:00,2026-05-17 00:00:00
JOB03608,MACH012,PROD255,1307,Completed,2026-03-25 12:00:00,2026-03-26 06:00:00
JOB03609,MACH105,PROD116,1631,Running,2026-07-03 16:00:00,
JOB03610,MACH115,PROD367,80,Running,2026-07-19 02:00:00,
JOB03611,MACH001,PROD230,1454,Completed,2026-03-13 16:00:00,2026-03-14 00:00:00
JOB03612,MACH094,PROD076,1927,Running,2026-05-12 07:00:00,
JOB03613,MACH072,PROD109,694,Scheduled,2026-02-18 09:00:00,
JOB03614,MACH105,PROD003,1370,Running,2026-02-24 15:00:00,
JOB03615,MACH048,PROD216,548,Running,2026-03-07 16:00:00,
JOB03616,MACH100,PROD033,426,Scheduled,2026-05-25 18:00:00,
JOB03617,MACH118,PROD361,1248,Scheduled,2026-01-21 20:00:00,
JOB03618,MACH060,PROD300,452,Completed,2026-05-14 12:00:00,2026-05-16 02:00:00
JOB03619,MACH120,PROD450,1377,Scheduled,2026-05-16 04:00:00,
JOB03620,MACH089,PROD325,1165,Completed,2026-02-22 17:00:00,2026-02-24 06:00:00
JOB03621,MACH059,PROD427,91,Scheduled,2026-06-14 12:00:00,
JOB03622,MACH051,PROD089,730,Completed,2026-05-20 10:00:00,2026-05-20 23:00:00
JOB03623,MACH116,PROD056,623,Completed,2026-05-12 23:00:00,2026-05-13 06:00:00
JOB03624,MACH111,PROD355,630,Running,2026-01-23 07:00:00,
JOB03625,MACH078,PROD148,1381,Completed,2026-06-18 17:00:00,2026-06-19 16:00:00
JOB03626,MACH113,PROD496,833,Delayed,2026-07-04 13:00:00,2026-07-07 14:00:00
JOB03627,MACH110,PROD454,465,Running,2026-01-30 09:00:00,
JOB03628,MACH077,PROD358,1451,Running,2026-03-24 05:00:00,
JOB03629,MACH102,PROD278,407,Completed,2026-04-13 11:00:00,2026-04-14 13:00:00
JOB03630,MACH050,PROD015,1863,Completed,2026-03-07 23:00:00,2026-03-09 08:00:00
JOB03631,MACH116,PROD125,1649,Delayed,2026-07-08 21:00:00,
JOB03632,MACH110,PROD031,1402,Delayed,2026-02-09 08:00:00,2026-02-12 18:00:00
JOB03633,MACH089,PROD026,944,Completed,2026-02-27 08:00:00,2026-02-27 11:00:00
JOB03634,MACH108,PROD062,1521,Completed,2026-05-23 14:00:00,2026-05-23 18:00:00
JOB03635,MACH031,PROD336,344,Scheduled,2026-04-16 08:00:00,
JOB03636,MACH095,PROD206,703,Running,2026-07-01 10:00:00,
JOB03637,MACH091,PROD444,855,Completed,2026-05-14 21:00:00,2026-05-15 20:00:00
JOB03638,MACH022,PROD086,1018,Running,2026-04-14 22:00:00,
JOB03639,MACH032,PROD269,1412,Delayed,2026-04-11 07:00:00,2026-04-13 23:00:00
JOB03640,MACH036,PROD473,794,Running,2026-05-23 14:00:00,
JOB03641,MACH038,PROD142,1766,Completed,2026-06-12 16:00:00,2026-06-14 12:00:00
JOB03642,MACH059,PROD077,149,Scheduled,2026-01-08 17:00:00,
JOB03643,MACH108,PROD192,86,Delayed,2026-06-26 06:00:00,2026-06-29 16:00:00
JOB03644,MACH069,PROD320,785,Running,2026-06-21 13:00:00,
JOB03645,MACH043,PROD094,486,Scheduled,2026-07-04 06:00:00,
JOB03646,MACH076,PROD312,1116,Running,2026-02-15 15:00:00,
JOB03647,MACH019,PROD154,1823,Running,2026-03-30 11:00:00,
JOB03648,MACH076,PROD226,480,Completed,2026-05-24 08:00:00,2026-05-25 11:00:00
JOB03649,MACH009,PROD213,1623,Scheduled,2026-01-12 03:00:00,
JOB03650,MACH060,PROD318,686,Completed,2026-04-28 19:00:00,2026-04-28 21:00:00
JOB03651,MACH079,PROD332,1166,Completed,2026-03-30 17:00:00,2026-04-01 10:00:00
JOB03652,MACH076,PROD046,786,Delayed,2026-05-03 12:00:00,2026-05-08 07:00:00
JOB03653,MACH009,PROD292,1811,Running,2026-06-10 20:00:00,
JOB03654,MACH024,PROD055,1613,Completed,2026-06-14 23:00:00,2026-06-16 10:00:00
JOB03655,MACH098,PROD311,596,Delayed,2026-01-03 03:00:00,
JOB03656,MACH091,PROD193,1467,Completed,2026-06-17 10:00:00,2026-06-19 07:00:00
JOB03657,MACH052,PROD161,619,Running,2026-06-22 23:00:00,
JOB03658,MACH042,PROD098,1798,Completed,2026-04-21 09:00:00,2026-04-21 23:00:00
JOB03659,MACH109,PROD104,587,Running,2026-05-09 15:00:00,
JOB03660,MACH044,PROD332,1790,Completed,2026-03-06 02:00:00,2026-03-07 10:00:00
JOB03661,MACH053,PROD260,1143,Scheduled,2026-05-01 03:00:00,
JOB03662,MACH002,PROD398,1345,Completed,2026-05-02 14:00:00,2026-05-02 19:00:00
JOB03663,MACH110,PROD025,391,Completed,2026-01-19 08:00:00,2026-01-20 17:00:00
JOB03664,MACH058,PROD214,775,Delayed,2026-02-17 19:00:00,
JOB03665,MACH007,PROD329,991,Completed,2026-06-20 22:00:00,2026-06-21 15:00:00
JOB03666,MACH048,PROD279,933,Completed,2026-02-18 15:00:00,2026-02-20 02:00:00
JOB03667,MACH120,PROD019,1524,Delayed,2026-06-28 15:00:00,
JOB03668,MACH073,PROD055,730,Scheduled,2026-03-08 00:00:00,
JOB03669,MACH001,PROD291,1651,Scheduled,2026-03-22 18:00:00,
JOB03670,MACH061,PROD043,1553,Completed,2026-07-02 12:00:00,2026-07-03 05:00:00
JOB03671,MACH064,PROD312,128,Scheduled,2026-02-21 15:00:00,
JOB03672,MACH063,PROD496,436,Completed,2026-05-27 16:00:00,2026-05-28 08:00:00
JOB03673,MACH101,PROD236,1351,Completed,2026-03-18 05:00:00,2026-03-19 04:00:00
JOB03674,MACH089,PROD280,1615,Completed,2026-03-27 17:00:00,2026-03-29 14:00:00
JOB03675,MACH012,PROD133,541,Completed,2026-04-26 03:00:00,2026-04-27 19:00:00
JOB03676,MACH065,PROD129,1241,Running,2026-02-07 15:00:00,
JOB03677,MACH076,PROD072,324,Completed,2026-07-13 14:00:00,2026-07-14 01:00:00
JOB03678,MACH099,PROD280,1418,Delayed,2026-04-25 06:00:00,
JOB03679,MACH005,PROD485,1906,Running,2026-06-14 04:00:00,
JOB03680,MACH119,PROD141,1548,Completed,2026-03-31 22:00:00,2026-04-01 03:00:00
JOB03681,MACH053,PROD361,1567,Scheduled,2026-06-03 10:00:00,
JOB03682,MACH108,PROD398,1121,Running,2026-01-16 09:00:00,
JOB03683,MACH030,PROD317,455,Completed,2026-05-12 22:00:00,2026-05-14 21:00:00
JOB03684,MACH072,PROD253,1533,Completed,2026-06-06 17:00:00,2026-06-07 01:00:00
JOB03685,MACH023,PROD075,446,Completed,2026-07-15 23:00:00,2026-07-16 09:00:00
JOB03686,MACH118,PROD081,124,Running,2026-01-20 04:00:00,
JOB03687,MACH060,PROD472,813,Scheduled,2026-05-05 07:00:00,
JOB03688,MACH103,PROD370,1025,Scheduled,2026-05-25 17:00:00,
JOB03689,MACH108,PROD219,133,Completed,2026-07-13 01:00:00,2026-07-13 05:00:00
JOB03690,MACH023,PROD316,1120,Scheduled,2026-07-09 11:00:00,
JOB03691,MACH114,PROD044,379,Delayed,2026-01-28 14:00:00,2026-02-02 08:00:00
JOB03692,MACH040,PROD405,1513,Completed,2026-02-12 18:00:00,2026-02-14 07:00:00
JOB03693,MACH084,PROD392,1250,Completed,2026-05-24 02:00:00,2026-05-25 01:00:00
JOB03694,MACH007,PROD019,521,Delayed,2026-07-12 14:00:00,
JOB03695,MACH047,PROD195,1169,Completed,2026-04-16 19:00:00,2026-04-17 10:00:00
JOB03696,MACH036,PROD477,972,Scheduled,2026-02-10 17:00:00,
JOB03697,MACH027,PROD162,1387,Scheduled,2026-05-01 21:00:00,
JOB03698,MACH111,PROD361,1292,Scheduled,2026-06-18 09:00:00,
JOB03699,MACH096,PROD404,582,Completed,2026-02-03 14:00:00,2026-02-04 19:00:00
JOB03700,MACH020,PROD003,366,Completed,2026-06-22 05:00:00,2026-06-24 04:00:00
JOB03701,MACH028,PROD228,1772,Scheduled,2026-06-14 17:00:00,
JOB03702,MACH101,PROD048,1716,Delayed,2026-01-08 15:00:00,2026-01-11 13:00:00
JOB03703,MACH098,PROD153,1762,Completed,2026-02-08 02:00:00,2026-02-08 13:00:00
JOB03704,MACH032,PROD174,248,Completed,2026-04-26 21:00:00,2026-04-28 11:00:00
JOB03705,MACH043,PROD252,1687,Running,2026-04-09 15:00:00,
JOB03706,MACH097,PROD309,1999,Running,2026-06-06 03:00:00,
JOB03707,MACH050,PROD331,1876,Running,2026-01-24 01:00:00,
JOB03708,MACH093,PROD104,209,Scheduled,2026-05-07 11:00:00,
JOB03709,MACH082,PROD180,933,Scheduled,2026-07-19 01:00:00,
JOB03710,MACH075,PROD044,1060,Completed,2026-04-12 12:00:00,2026-04-14 08:00:00
JOB03711,MACH083,PROD319,668,Scheduled,2026-06-11 03:00:00,
JOB03712,MACH057,PROD190,1151,Scheduled,2026-02-04 22:00:00,
JOB03713,MACH055,PROD171,1991,Completed,2026-05-24 09:00:00,2026-05-25 04:00:00
JOB03714,MACH059,PROD477,143,Completed,2026-05-27 15:00:00,2026-05-27 18:00:00
JOB03715,MACH011,PROD400,932,Completed,2026-03-28 07:00:00,2026-03-29 15:00:00
JOB03716,MACH103,PROD137,457,Completed,2026-04-09 15:00:00,2026-04-11 13:00:00
JOB03717,MACH049,PROD481,1197,Scheduled,2026-04-09 10:00:00,
JOB03718,MACH097,PROD332,1429,Completed,2026-04-26 07:00:00,2026-04-28 06:00:00
JOB03719,MACH036,PROD401,225,Running,2026-01-16 19:00:00,
JOB03720,MACH041,PROD098,1394,Completed,2026-03-24 23:00:00,2026-03-26 07:00:00
JOB03721,MACH060,PROD085,817,Running,2026-02-25 13:00:00,
JOB03722,MACH092,PROD420,1206,Scheduled,2026-04-15 07:00:00,
JOB03723,MACH056,PROD436,1299,Completed,2026-04-29 21:00:00,2026-04-30 03:00:00
JOB03724,MACH019,PROD432,874,Completed,2026-03-19 13:00:00,2026-03-21 04:00:00
JOB03725,MACH003,PROD374,1127,Completed,2026-05-28 06:00:00,2026-05-29 21:00:00
JOB03726,MACH109,PROD334,1896,Completed,2026-03-20 18:00:00,2026-03-22 13:00:00
JOB03727,MACH068,PROD099,1047,Running,2026-02-23 18:00:00,
JOB03728,MACH047,PROD353,721,Running,2026-07-02 00:00:00,
JOB03729,MACH109,PROD139,1493,Scheduled,2026-01-21 06:00:00,
JOB03730,MACH105,PROD494,503,Delayed,2026-05-04 03:00:00,2026-05-07 00:00:00
JOB03731,MACH035,PROD442,632,Running,2026-05-21 03:00:00,
JOB03732,MACH065,PROD273,1947,Completed,2026-03-26 20:00:00,2026-03-27 11:00:00
JOB03733,MACH042,PROD048,850,Completed,2026-06-20 16:00:00,2026-06-22 00:00:00
JOB03734,MACH025,PROD268,926,Completed,2026-06-05 11:00:00,2026-06-06 01:00:00
JOB03735,MACH102,PROD238,1099,Completed,2026-05-21 06:00:00,2026-05-23 05:00:00
JOB03736,MACH091,PROD279,1493,Delayed,2026-06-04 08:00:00,2026-06-09 06:00:00
JOB03737,MACH092,PROD234,1999,Scheduled,2026-03-08 05:00:00,
JOB03738,MACH024,PROD007,1292,Completed,2026-03-21 11:00:00,2026-03-22 00:00:00
JOB03739,MACH092,PROD211,1050,Completed,2026-03-01 14:00:00,2026-03-02 02:00:00
JOB03740,MACH062,PROD348,873,Completed,2026-02-20 22:00:00,2026-02-21 14:00:00
JOB03741,MACH021,PROD110,1788,Running,2026-07-15 22:00:00,
JOB03742,MACH109,PROD326,1862,Scheduled,2026-04-26 11:00:00,
JOB03743,MACH087,PROD376,935,Completed,2026-07-09 23:00:00,2026-07-11 12:00:00
JOB03744,MACH098,PROD037,1215,Completed,2026-06-11 05:00:00,2026-06-12 11:00:00
JOB03745,MACH037,PROD446,593,Completed,2026-05-22 08:00:00,2026-05-22 16:00:00
JOB03746,MACH096,PROD320,127,Scheduled,2026-03-01 16:00:00,
JOB03747,MACH111,PROD039,100,Completed,2026-07-03 19:00:00,2026-07-04 12:00:00
JOB03748,MACH093,PROD482,172,Completed,2026-02-19 05:00:00,2026-02-20 01:00:00
JOB03749,MACH110,PROD481,780,Scheduled,2026-01-02 18:00:00,
JOB03750,MACH040,PROD319,873,Completed,2026-01-18 21:00:00,2026-01-20 08:00:00
JOB03751,MACH074,PROD118,940,Completed,2026-05-15 17:00:00,2026-05-16 03:00:00
JOB03752,MACH021,PROD085,969,Completed,2026-01-19 15:00:00,2026-01-19 19:00:00
JOB03753,MACH095,PROD091,877,Scheduled,2026-05-30 12:00:00,
JOB03754,MACH074,PROD180,489,Completed,2026-03-17 16:00:00,2026-03-18 05:00:00
JOB03755,MACH080,PROD174,175,Completed,2026-03-30 20:00:00,2026-03-31 23:00:00
JOB03756,MACH004,PROD015,1713,Scheduled,2026-05-07 12:00:00,
JOB03757,MACH103,PROD182,291,Completed,2026-01-03 17:00:00,2026-01-05 01:00:00
JOB03758,MACH023,PROD276,1921,Completed,2026-07-03 11:00:00,2026-07-05 06:00:00
JOB03759,MACH050,PROD167,1101,Completed,2026-01-17 11:00:00,2026-01-19 02:00:00
JOB03760,MACH066,PROD453,508,Delayed,2026-05-24 19:00:00,
JOB03761,MACH114,PROD445,1561,Scheduled,2026-05-23 00:00:00,
JOB03762,MACH048,PROD009,1702,Completed,2026-05-14 08:00:00,2026-05-15 09:00:00
JOB03763,MACH051,PROD247,1835,Running,2026-05-01 03:00:00,
JOB03764,MACH059,PROD189,183,Delayed,2026-01-31 19:00:00,
JOB03765,MACH046,PROD088,393,Running,2026-04-03 00:00:00,
JOB03766,MACH096,PROD342,1257,Scheduled,2026-01-20 08:00:00,
JOB03767,MACH117,PROD293,1658,Scheduled,2026-04-21 17:00:00,
JOB03768,MACH112,PROD109,1224,Completed,2026-04-08 02:00:00,2026-04-08 06:00:00
JOB03769,MACH008,PROD461,599,Completed,2026-03-31 05:00:00,2026-03-31 13:00:00
JOB03770,MACH112,PROD284,282,Completed,2026-06-07 23:00:00,2026-06-09 04:00:00
JOB03771,MACH073,PROD118,753,Scheduled,2026-03-16 20:00:00,
JOB03772,MACH091,PROD241,1951,Completed,2026-01-17 23:00:00,2026-01-19 02:00:00
JOB03773,MACH041,PROD263,917,Completed,2026-03-03 23:00:00,2026-03-04 14:00:00
JOB03774,MACH114,PROD376,1735,Completed,2026-03-19 04:00:00,2026-03-20 13:00:00
JOB03775,MACH078,PROD073,84,Completed,2026-07-03 22:00:00,2026-07-04 01:00:00
JOB03776,MACH062,PROD415,856,Completed,2026-06-20 03:00:00,2026-06-20 14:00:00
JOB03777,MACH077,PROD017,1858,Scheduled,2026-04-03 14:00:00,
JOB03778,MACH031,PROD346,1358,Completed,2026-04-17 08:00:00,2026-04-17 19:00:00
JOB03779,MACH067,PROD077,559,Completed,2026-05-26 18:00:00,2026-05-27 10:00:00
JOB03780,MACH076,PROD064,877,Completed,2026-03-23 15:00:00,2026-03-25 03:00:00
JOB03781,MACH066,PROD437,1583,Completed,2026-06-25 19:00:00,2026-06-27 01:00:00
JOB03782,MACH003,PROD164,321,Completed,2026-06-21 22:00:00,2026-06-22 12:00:00
JOB03783,MACH058,PROD499,1333,Running,2026-04-24 07:00:00,
JOB03784,MACH034,PROD423,1109,Delayed,2026-05-14 05:00:00,2026-05-18 23:00:00
JOB03785,MACH074,PROD049,630,Completed,2026-04-18 08:00:00,2026-04-19 07:00:00
JOB03786,MACH040,PROD073,714,Completed,2026-04-20 20:00:00,2026-04-21 20:00:00
JOB03787,MACH087,PROD307,1249,Running,2026-06-28 00:00:00,
JOB03788,MACH120,PROD412,750,Delayed,2026-03-23 05:00:00,2026-03-27 12:00:00
JOB03789,MACH072,PROD458,1066,Completed,2026-06-13 20:00:00,2026-06-14 21:00:00
JOB03790,MACH072,PROD073,577,Scheduled,2026-03-20 01:00:00,
JOB03791,MACH034,PROD050,777,Completed,2026-04-28 05:00:00,2026-04-29 18:00:00
JOB03792,MACH027,PROD300,440,Completed,2026-01-18 05:00:00,2026-01-19 04:00:00
JOB03793,MACH048,PROD340,1347,Running,2026-06-25 01:00:00,
JOB03794,MACH021,PROD470,1707,Delayed,2026-02-05 00:00:00,
JOB03795,MACH073,PROD183,83,Completed,2026-02-04 16:00:00,2026-02-05 21:00:00
JOB03796,MACH017,PROD234,1081,Completed,2026-05-08 08:00:00,2026-05-09 04:00:00
JOB03797,MACH063,PROD139,352,Completed,2026-05-08 06:00:00,2026-05-09 14:00:00
JOB03798,MACH108,PROD468,1124,Completed,2026-06-26 13:00:00,2026-06-28 08:00:00
JOB03799,MACH094,PROD419,591,Running,2026-04-23 20:00:00,
JOB03800,MACH117,PROD092,631,Completed,2026-06-06 12:00:00,2026-06-07 00:00:00
JOB03801,MACH049,PROD300,834,Scheduled,2026-02-04 16:00:00,
JOB03802,MACH107,PROD091,446,Completed,2026-07-06 08:00:00,2026-07-06 10:00:00
JOB03803,MACH043,PROD024,1109,Completed,2026-03-27 10:00:00,2026-03-28 02:00:00
JOB03804,MACH041,PROD009,689,Running,2026-06-29 01:00:00,
JOB03805,MACH098,PROD351,1663,Completed,2026-03-13 05:00:00,2026-03-14 23:00:00
JOB03806,MACH085,PROD284,1543,Completed,2026-03-07 22:00:00,2026-03-08 21:00:00
JOB03807,MACH016,PROD035,1316,Scheduled,2026-03-11 16:00:00,
JOB03808,MACH109,PROD336,774,Completed,2026-07-12 17:00:00,2026-07-13 07:00:00
JOB03809,MACH058,PROD410,1744,Completed,2026-05-04 23:00:00,2026-05-06 02:00:00
JOB03810,MACH031,PROD263,1183,Running,2026-05-14 04:00:00,
JOB03811,MACH070,PROD497,767,Running,2026-01-31 06:00:00,
JOB03812,MACH105,PROD380,1286,Completed,2026-03-23 06:00:00,2026-03-24 06:00:00
JOB03813,MACH118,PROD182,1383,Completed,2026-04-14 08:00:00,2026-04-14 20:00:00
JOB03814,MACH080,PROD069,1018,Delayed,2026-06-05 03:00:00,
JOB03815,MACH026,PROD493,1927,Completed,2026-01-25 04:00:00,2026-01-25 21:00:00
JOB03816,MACH103,PROD041,606,Running,2026-02-15 02:00:00,
JOB03817,MACH001,PROD129,398,Completed,2026-03-19 03:00:00,2026-03-21 03:00:00
JOB03818,MACH078,PROD233,1809,Completed,2026-05-28 00:00:00,2026-05-29 11:00:00
JOB03819,MACH034,PROD466,1422,Completed,2026-06-26 11:00:00,2026-06-27 05:00:00
JOB03820,MACH079,PROD014,136,Completed,2026-01-06 01:00:00,2026-01-07 03:00:00
JOB03821,MACH087,PROD454,136,Completed,2026-03-08 14:00:00,2026-03-09 01:00:00
JOB03822,MACH094,PROD095,1298,Delayed,2026-05-10 09:00:00,
JOB03823,MACH079,PROD108,1634,Completed,2026-02-09 12:00:00,2026-02-11 10:00:00
JOB03824,MACH107,PROD488,1624,Completed,2026-04-16 14:00:00,2026-04-17 12:00:00
JOB03825,MACH049,PROD357,927,Running,2026-03-05 09:00:00,
JOB03826,MACH107,PROD272,404,Completed,2026-05-03 20:00:00,2026-05-04 04:00:00
JOB03827,MACH081,PROD196,669,Completed,2026-04-24 12:00:00,2026-04-25 04:00:00
JOB03828,MACH083,PROD001,226,Completed,2026-03-06 17:00:00,2026-03-08 05:00:00
JOB03829,MACH039,PROD346,575,Scheduled,2026-04-15 14:00:00,
JOB03830,MACH058,PROD363,1532,Completed,2026-05-02 18:00:00,2026-05-03 01:00:00
JOB03831,MACH047,PROD087,1513,Running,2026-05-22 04:00:00,
JOB03832,MACH050,PROD093,1171,Completed,2026-02-22 12:00:00,2026-02-23 12:00:00
JOB03833,MACH029,PROD394,144,Running,2026-01-31 23:00:00,
JOB03834,MACH053,PROD247,448,Delayed,2026-01-02 08:00:00,2026-01-06 00:00:00
JOB03835,MACH053,PROD232,1772,Completed,2026-07-05 01:00:00,2026-07-06 20:00:00
JOB03836,MACH032,PROD312,162,Scheduled,2026-03-13 15:00:00,
JOB03837,MACH090,PROD407,1130,Running,2026-04-06 22:00:00,
JOB03838,MACH008,PROD117,1462,Completed,2026-01-20 06:00:00,2026-01-20 14:00:00
JOB03839,MACH007,PROD103,1330,Running,2026-01-19 00:00:00,
JOB03840,MACH024,PROD092,1668,Delayed,2026-04-25 05:00:00,
JOB03841,MACH096,PROD208,187,Completed,2026-07-10 07:00:00,2026-07-12 06:00:00
JOB03842,MACH119,PROD494,1018,Completed,2026-02-13 08:00:00,2026-02-13 23:00:00
JOB03843,MACH082,PROD324,777,Completed,2026-01-17 21:00:00,2026-01-18 13:00:00
JOB03844,MACH029,PROD211,1034,Completed,2026-03-25 16:00:00,2026-03-26 04:00:00
JOB03845,MACH066,PROD345,1212,Delayed,2026-05-13 16:00:00,2026-05-16 09:00:00
JOB03846,MACH017,PROD197,1723,Completed,2026-02-07 03:00:00,2026-02-07 12:00:00
JOB03847,MACH081,PROD383,1140,Running,2026-04-16 03:00:00,
JOB03848,MACH074,PROD357,1532,Running,2026-02-22 05:00:00,
JOB03849,MACH071,PROD382,1849,Completed,2026-02-24 20:00:00,2026-02-25 19:00:00
JOB03850,MACH042,PROD234,1384,Delayed,2026-04-11 19:00:00,2026-04-15 23:00:00
JOB03851,MACH054,PROD298,536,Completed,2026-03-19 14:00:00,2026-03-20 15:00:00
JOB03852,MACH033,PROD040,173,Completed,2026-02-26 20:00:00,2026-02-28 20:00:00
JOB03853,MACH056,PROD237,1182,Completed,2026-06-05 08:00:00,2026-06-07 00:00:00
JOB03854,MACH055,PROD437,1490,Completed,2026-02-12 20:00:00,2026-02-13 13:00:00
JOB03855,MACH001,PROD051,1705,Running,2026-04-13 13:00:00,
JOB03856,MACH038,PROD059,1842,Scheduled,2026-07-12 03:00:00,
JOB03857,MACH113,PROD381,903,Completed,2026-01-08 08:00:00,2026-01-09 13:00:00
JOB03858,MACH029,PROD235,1781,Completed,2026-01-25 01:00:00,2026-01-27 01:00:00
JOB03859,MACH034,PROD131,1981,Delayed,2026-07-01 11:00:00,
JOB03860,MACH050,PROD162,1238,Running,2026-03-19 11:00:00,
JOB03861,MACH108,PROD001,179,Running,2026-02-04 22:00:00,
JOB03862,MACH008,PROD171,1519,Completed,2026-02-07 08:00:00,2026-02-08 13:00:00
JOB03863,MACH098,PROD493,1213,Completed,2026-04-14 18:00:00,2026-04-15 10:00:00
JOB03864,MACH073,PROD454,227,Completed,2026-04-23 02:00:00,2026-04-24 04:00:00
JOB03865,MACH072,PROD223,1601,Completed,2026-07-06 22:00:00,2026-07-08 17:00:00
JOB03866,MACH037,PROD230,1855,Delayed,2026-06-27 13:00:00,2026-06-30 10:00:00
JOB03867,MACH107,PROD385,241,Completed,2026-04-24 03:00:00,2026-04-24 23:00:00
JOB03868,MACH088,PROD404,93,Completed,2026-04-19 08:00:00,2026-04-20 17:00:00
JOB03869,MACH001,PROD364,359,Completed,2026-04-11 13:00:00,2026-04-12 12:00:00
JOB03870,MACH072,PROD177,364,Completed,2026-02-12 08:00:00,2026-02-13 01:00:00
JOB03871,MACH002,PROD333,768,Delayed,2026-06-10 19:00:00,2026-06-15 12:00:00
JOB03872,MACH070,PROD336,1581,Scheduled,2026-05-06 09:00:00,
JOB03873,MACH085,PROD192,304,Delayed,2026-03-07 04:00:00,2026-03-12 03:00:00
JOB03874,MACH013,PROD087,453,Delayed,2026-01-23 00:00:00,2026-01-27 07:00:00
JOB03875,MACH107,PROD107,557,Completed,2026-06-15 23:00:00,2026-06-17 07:00:00
JOB03876,MACH086,PROD351,1763,Completed,2026-06-10 10:00:00,2026-06-11 07:00:00
JOB03877,MACH118,PROD412,941,Completed,2026-03-23 06:00:00,2026-03-24 17:00:00
JOB03878,MACH078,PROD213,1532,Scheduled,2026-01-17 16:00:00,
JOB03879,MACH025,PROD399,307,Scheduled,2026-05-16 11:00:00,
JOB03880,MACH115,PROD118,205,Completed,2026-06-12 14:00:00,2026-06-14 11:00:00
JOB03881,MACH060,PROD469,282,Completed,2026-02-22 08:00:00,2026-02-23 21:00:00
JOB03882,MACH007,PROD153,1504,Running,2026-04-06 19:00:00,
JOB03883,MACH108,PROD454,292,Completed,2026-01-16 05:00:00,2026-01-17 14:00:00
JOB03884,MACH022,PROD306,1754,Completed,2026-06-26 00:00:00,2026-06-27 15:00:00
JOB03885,MACH046,PROD174,444,Completed,2026-04-23 11:00:00,2026-04-24 20:00:00
JOB03886,MACH045,PROD204,1134,Completed,2026-03-19 10:00:00,2026-03-20 06:00:00
JOB03887,MACH106,PROD271,418,Completed,2026-06-02 21:00:00,2026-06-04 05:00:00
JOB03888,MACH112,PROD270,1276,Running,2026-06-29 12:00:00,
JOB03889,MACH033,PROD327,518,Running,2026-03-16 09:00:00,
JOB03890,MACH025,PROD207,347,Delayed,2026-06-23 20:00:00,
JOB03891,MACH007,PROD407,59,Scheduled,2026-02-04 00:00:00,
JOB03892,MACH077,PROD015,1230,Delayed,2026-07-10 14:00:00,2026-07-14 19:00:00
JOB03893,MACH053,PROD346,1401,Completed,2026-04-17 02:00:00,2026-04-18 09:00:00
JOB03894,MACH025,PROD486,477,Running,2026-02-13 04:00:00,
JOB03895,MACH008,PROD343,868,Completed,2026-03-10 14:00:00,2026-03-12 08:00:00
JOB03896,MACH029,PROD474,1222,Completed,2026-03-19 13:00:00,2026-03-20 08:00:00
JOB03897,MACH014,PROD004,532,Completed,2026-03-30 16:00:00,2026-04-01 16:00:00
JOB03898,MACH112,PROD183,765,Delayed,2026-04-29 03:00:00,2026-05-02 07:00:00
JOB03899,MACH119,PROD173,468,Scheduled,2026-06-16 02:00:00,
JOB03900,MACH085,PROD385,1384,Completed,2026-01-18 22:00:00,2026-01-19 01:00:00
JOB03901,MACH023,PROD069,1765,Completed,2026-01-02 12:00:00,2026-01-02 17:00:00
JOB03902,MACH086,PROD226,952,Running,2026-05-29 07:00:00,
JOB03903,MACH042,PROD192,805,Scheduled,2026-04-09 16:00:00,
JOB03904,MACH114,PROD157,1547,Completed,2026-05-15 14:00:00,2026-05-16 03:00:00
JOB03905,MACH023,PROD459,1731,Scheduled,2026-03-08 06:00:00,
JOB03906,MACH052,PROD309,1280,Delayed,2026-04-25 15:00:00,2026-04-29 01:00:00
JOB03907,MACH032,PROD428,1107,Scheduled,2026-03-03 09:00:00,
JOB03908,MACH078,PROD300,1818,Delayed,2026-02-05 21:00:00,
JOB03909,MACH111,PROD363,430,Completed,2026-02-14 19:00:00,2026-02-16 06:00:00
JOB03910,MACH110,PROD027,379,Scheduled,2026-03-01 01:00:00,
JOB03911,MACH088,PROD207,611,Completed,2026-01-28 15:00:00,2026-01-30 15:00:00
JOB03912,MACH014,PROD202,1959,Completed,2026-06-25 16:00:00,2026-06-27 09:00:00
JOB03913,MACH100,PROD078,955,Completed,2026-03-24 21:00:00,2026-03-26 20:00:00
JOB03914,MACH008,PROD492,1154,Scheduled,2026-05-03 08:00:00,
JOB03915,MACH042,PROD182,114,Completed,2026-05-26 09:00:00,2026-05-26 17:00:00
JOB03916,MACH101,PROD368,559,Completed,2026-07-01 07:00:00,2026-07-02 05:00:00
JOB03917,MACH066,PROD362,1584,Completed,2026-01-08 07:00:00,2026-01-10 04:00:00
JOB03918,MACH007,PROD060,1455,Completed,2026-05-26 17:00:00,2026-05-28 17:00:00
JOB03919,MACH074,PROD088,1953,Scheduled,2026-07-19 11:00:00,
JOB03920,MACH080,PROD416,1585,Scheduled,2026-02-24 04:00:00,
JOB03921,MACH116,PROD386,990,Delayed,2026-07-06 12:00:00,
JOB03922,MACH116,PROD320,1551,Scheduled,2026-06-23 16:00:00,
JOB03923,MACH104,PROD186,1841,Scheduled,2026-07-13 02:00:00,
JOB03924,MACH037,PROD211,454,Scheduled,2026-07-01 02:00:00,
JOB03925,MACH114,PROD294,926,Running,2026-07-15 22:00:00,
JOB03926,MACH049,PROD095,1795,Running,2026-03-06 13:00:00,
JOB03927,MACH098,PROD142,276,Running,2026-07-12 14:00:00,
JOB03928,MACH078,PROD383,347,Delayed,2026-05-03 08:00:00,2026-05-06 18:00:00
JOB03929,MACH074,PROD190,1823,Running,2026-02-23 14:00:00,
JOB03930,MACH012,PROD221,1534,Completed,2026-02-14 18:00:00,2026-02-16 16:00:00
JOB03931,MACH096,PROD126,672,Scheduled,2026-07-07 06:00:00,
JOB03932,MACH059,PROD302,1398,Delayed,2026-06-06 17:00:00,2026-06-11 14:00:00
JOB03933,MACH031,PROD409,1359,Completed,2026-04-18 04:00:00,2026-04-19 20:00:00
JOB03934,MACH073,PROD167,501,Scheduled,2026-05-11 21:00:00,
JOB03935,MACH050,PROD283,1256,Completed,2026-06-18 22:00:00,2026-06-20 00:00:00
JOB03936,MACH089,PROD389,198,Completed,2026-05-20 03:00:00,2026-05-20 10:00:00
JOB03937,MACH059,PROD117,882,Completed,2026-07-13 15:00:00,2026-07-15 14:00:00
JOB03938,MACH053,PROD173,572,Scheduled,2026-03-10 19:00:00,
JOB03939,MACH042,PROD221,1612,Completed,2026-06-25 17:00:00,2026-06-27 00:00:00
JOB03940,MACH097,PROD154,1518,Scheduled,2026-01-27 18:00:00,
JOB03941,MACH018,PROD298,1513,Completed,2026-01-07 03:00:00,2026-01-07 23:00:00
JOB03942,MACH026,PROD045,216,Completed,2026-03-21 07:00:00,2026-03-21 11:00:00
JOB03943,MACH113,PROD048,348,Completed,2026-05-02 17:00:00,2026-05-03 18:00:00
JOB03944,MACH119,PROD023,122,Scheduled,2026-07-15 01:00:00,
JOB03945,MACH111,PROD084,332,Running,2026-05-27 21:00:00,
JOB03946,MACH053,PROD334,605,Scheduled,2026-06-13 15:00:00,
JOB03947,MACH115,PROD404,593,Running,2026-04-04 21:00:00,
JOB03948,MACH092,PROD415,1672,Completed,2026-07-08 05:00:00,2026-07-09 18:00:00
JOB03949,MACH108,PROD017,827,Running,2026-01-17 04:00:00,
JOB03950,MACH051,PROD266,1615,Running,2026-01-04 12:00:00,
JOB03951,MACH114,PROD340,1341,Delayed,2026-07-12 06:00:00,
JOB03952,MACH035,PROD122,1916,Running,2026-05-04 23:00:00,
JOB03953,MACH078,PROD438,1040,Completed,2026-06-26 14:00:00,2026-06-27 02:00:00
JOB03954,MACH087,PROD430,542,Running,2026-04-13 00:00:00,
JOB03955,MACH061,PROD036,239,Delayed,2026-05-30 08:00:00,2026-06-04 00:00:00
JOB03956,MACH107,PROD229,1021,Scheduled,2026-01-01 14:00:00,
JOB03957,MACH070,PROD345,153,Completed,2026-04-12 20:00:00,2026-04-14 08:00:00
JOB03958,MACH103,PROD101,704,Delayed,2026-03-08 07:00:00,
JOB03959,MACH011,PROD008,858,Completed,2026-05-16 12:00:00,2026-05-16 19:00:00
JOB03960,MACH023,PROD284,1669,Scheduled,2026-05-10 21:00:00,
JOB03961,MACH036,PROD063,504,Running,2026-01-10 14:00:00,
JOB03962,MACH073,PROD357,1444,Completed,2026-03-12 03:00:00,2026-03-13 21:00:00
JOB03963,MACH100,PROD164,1163,Delayed,2026-06-06 01:00:00,
JOB03964,MACH074,PROD079,1755,Scheduled,2026-04-23 13:00:00,
JOB03965,MACH079,PROD045,920,Scheduled,2026-03-22 06:00:00,
JOB03966,MACH107,PROD452,1213,Completed,2026-07-07 13:00:00,2026-07-09 05:00:00
JOB03967,MACH086,PROD279,1268,Completed,2026-05-05 06:00:00,2026-05-07 01:00:00
JOB03968,MACH022,PROD052,742,Delayed,2026-05-08 07:00:00,
JOB03969,MACH061,PROD450,1804,Running,2026-03-04 16:00:00,
JOB03970,MACH020,PROD454,1656,Completed,2026-07-18 01:00:00,2026-07-18 08:00:00
JOB03971,MACH041,PROD101,1677,Running,2026-05-29 09:00:00,
JOB03972,MACH011,PROD315,228,Completed,2026-07-03 12:00:00,2026-07-04 18:00:00
JOB03973,MACH068,PROD235,1897,Delayed,2026-07-10 23:00:00,2026-07-15 14:00:00
JOB03974,MACH058,PROD100,735,Completed,2026-03-03 11:00:00,2026-03-04 02:00:00
JOB03975,MACH023,PROD199,279,Scheduled,2026-03-04 08:00:00,
JOB03976,MACH061,PROD436,115,Running,2026-04-15 11:00:00,
JOB03977,MACH097,PROD154,1585,Running,2026-02-07 20:00:00,
JOB03978,MACH008,PROD379,274,Completed,2026-01-31 03:00:00,2026-01-31 07:00:00
JOB03979,MACH105,PROD308,1597,Scheduled,2026-01-02 08:00:00,
JOB03980,MACH112,PROD187,473,Completed,2026-05-31 09:00:00,2026-05-31 14:00:00
JOB03981,MACH103,PROD493,1401,Completed,2026-06-24 05:00:00,2026-06-26 01:00:00
JOB03982,MACH049,PROD346,1958,Completed,2026-06-13 20:00:00,2026-06-14 06:00:00
JOB03983,MACH092,PROD309,416,Delayed,2026-07-06 06:00:00,
JOB03984,MACH018,PROD068,1387,Completed,2026-07-01 01:00:00,2026-07-01 18:00:00
JOB03985,MACH098,PROD251,655,Completed,2026-03-01 00:00:00,2026-03-01 12:00:00
JOB03986,MACH004,PROD237,159,Completed,2026-01-26 04:00:00,2026-01-27 21:00:00
JOB03987,MACH063,PROD034,1029,Running,2026-06-09 11:00:00,
JOB03988,MACH051,PROD094,1104,Running,2026-05-10 10:00:00,
JOB03989,MACH064,PROD185,1938,Completed,2026-05-17 19:00:00,2026-05-18 11:00:00
JOB03990,MACH090,PROD233,858,Running,2026-06-04 06:00:00,
JOB03991,MACH026,PROD400,448,Completed,2026-04-25 11:00:00,2026-04-26 05:00:00
JOB03992,MACH117,PROD239,339,Completed,2026-04-06 09:00:00,2026-04-06 12:00:00
JOB03993,MACH009,PROD270,1276,Scheduled,2026-02-04 07:00:00,
JOB03994,MACH002,PROD489,1190,Completed,2026-05-23 05:00:00,2026-05-24 23:00:00
JOB03995,MACH069,PROD398,1106,Completed,2026-02-08 23:00:00,2026-02-09 22:00:00
JOB03996,MACH107,PROD478,808,Completed,2026-03-08 07:00:00,2026-03-09 05:00:00
JOB03997,MACH120,PROD039,1582,Delayed,2026-04-21 18:00:00,
JOB03998,MACH074,PROD084,1840,Completed,2026-06-07 09:00:00,2026-06-08 12:00:00
JOB03999,MACH054,PROD250,1266,Completed,2026-06-28 09:00:00,2026-06-30 02:00:00
JOB04000,MACH115,PROD303,1853,Completed,2026-03-29 20:00:00,2026-03-30 06:00:00
