po_item_id,purchase_order_id,product_id,quantity,unit_cost
POITEM00001,PO00001,PROD290,249,96.88
POITEM00002,PO00001,PROD297,127,148.17
POITEM00003,PO00001,PROD258,57,268.33
POITEM00004,PO00002,PROD497,72,607.34
POITEM00005,PO00002,PROD209,134,431.65
POITEM00006,PO00002,PROD492,477,804.82
POITEM00007,PO00002,PROD274,29,184.54
POITEM00008,PO00002,PROD467,137,338.35
POITEM00009,PO00002,PROD288,459,740.09
POITEM00010,PO00003,PROD348,301,395.15
POITEM00011,PO00003,PROD093,69,388.15
POITEM00012,PO00004,PROD167,209,587.07
POITEM00013,PO00004,PROD134,244,169.2
POITEM00014,PO00004,PROD475,138,349.43
POITEM00015,PO00004,PROD210,77,734.75
POITEM00016,PO00004,PROD198,99,145.64
POITEM00017,PO00004,PROD079,463,812.58
POITEM00018,PO00005,PROD226,222,302.07
POITEM00019,PO00005,PROD207,108,406.78
POITEM00020,PO00005,PROD304,414,170.43
POITEM00021,PO00005,PROD257,463,218.67
POITEM00022,PO00005,PROD232,102,113.62
POITEM00023,PO00006,PROD300,163,537.18
POITEM00024,PO00006,PROD483,206,367.42
POITEM00025,PO00006,PROD159,39,783.19
POITEM00026,PO00006,PROD251,304,788.6
POITEM00027,PO00007,PROD062,482,176.9
POITEM00028,PO00007,PROD239,138,391.55
POITEM00029,PO00008,PROD049,477,665.03
POITEM00030,PO00008,PROD478,162,587.74
POITEM00031,PO00008,PROD218,108,669.74
POITEM00032,PO00008,PROD019,215,121.47
POITEM00033,PO00009,PROD045,190,105.62
POITEM00034,PO00009,PROD460,38,70.8
POITEM00035,PO00009,PROD214,454,448.24
POITEM00036,PO00010,PROD095,196,142.41
POITEM00037,PO00010,PROD221,369,255.85
POITEM00038,PO00010,PROD134,357,169.2
POITEM00039,PO00010,PROD146,276,411.83
POITEM00040,PO00010,PROD496,398,574.68
POITEM00041,PO00011,PROD132,357,576.63
POITEM00042,PO00011,PROD045,364,105.62
POITEM00043,PO00012,PROD286,279,584.6
POITEM00044,PO00012,PROD023,268,144.33
POITEM00045,PO00012,PROD131,444,395.7
POITEM00046,PO00012,PROD305,239,213.13
POITEM00047,PO00013,PROD414,247,649.94
POITEM00048,PO00013,PROD099,146,263.66
POITEM00049,PO00014,PROD160,108,576.41
POITEM00050,PO00014,PROD461,438,132.57
POITEM00051,PO00015,PROD160,153,576.41
POITEM00052,PO00015,PROD224,452,36.63
POITEM00053,PO00016,PROD356,117,53.56
POITEM00054,PO00016,PROD064,200,757.03
POITEM00055,PO00017,PROD175,305,214.47
POITEM00056,PO00017,PROD198,121,145.64
POITEM00057,PO00017,PROD045,93,105.62
POITEM00058,PO00018,PROD442,57,622.08
POITEM00059,PO00018,PROD353,451,270.5
POITEM00060,PO00018,PROD185,24,38.46
POITEM00061,PO00018,PROD177,314,207.32
POITEM00062,PO00019,PROD186,193,248.28
POITEM00063,PO00019,PROD396,23,471.13
POITEM00064,PO00019,PROD073,208,483.95
POITEM00065,PO00019,PROD444,225,399.53
POITEM00066,PO00019,PROD247,482,826.24
POITEM00067,PO00020,PROD473,376,234.57
POITEM00068,PO00020,PROD089,26,454.84
POITEM00069,PO00021,PROD201,374,148.93
POITEM00070,PO00021,PROD097,359,779.98
POITEM00071,PO00021,PROD106,114,129.72
POITEM00072,PO00021,PROD158,356,660.16
POITEM00073,PO00021,PROD017,336,435.9
POITEM00074,PO00022,PROD082,144,553.44
POITEM00075,PO00022,PROD232,99,113.62
POITEM00076,PO00022,PROD127,469,100.06
POITEM00077,PO00023,PROD225,471,739.73
POITEM00078,PO00023,PROD150,334,800.82
POITEM00079,PO00023,PROD223,191,123.48
POITEM00080,PO00024,PROD391,248,689.07
POITEM00081,PO00024,PROD198,347,145.64
POITEM00082,PO00024,PROD276,381,128.13
POITEM00083,PO00025,PROD138,57,737.18
POITEM00084,PO00025,PROD311,123,547.26
POITEM00085,PO00025,PROD313,233,530.62
POITEM00086,PO00025,PROD100,270,479.23
POITEM00087,PO00025,PROD404,197,182.61
POITEM00088,PO00026,PROD259,383,724.03
POITEM00089,PO00026,PROD134,437,169.2
POITEM00090,PO00027,PROD118,479,256.92
POITEM00091,PO00027,PROD208,244,672.53
POITEM00092,PO00027,PROD333,350,267.79
POITEM00093,PO00027,PROD217,276,364.98
POITEM00094,PO00028,PROD462,417,207.53
POITEM00095,PO00028,PROD366,125,707.17
POITEM00096,PO00028,PROD365,467,519.76
POITEM00097,PO00029,PROD022,293,164.43
POITEM00098,PO00029,PROD469,133,690.5
POITEM00099,PO00029,PROD107,116,604.75
POITEM00100,PO00029,PROD284,122,543.19
POITEM00101,PO00029,PROD349,72,753.18
POITEM00102,PO00030,PROD204,438,103.04
POITEM00103,PO00030,PROD207,25,406.78
POITEM00104,PO00030,PROD144,100,669.01
POITEM00105,PO00030,PROD277,147,596.29
POITEM00106,PO00031,PROD447,325,494.28
POITEM00107,PO00032,PROD037,416,675.52
POITEM00108,PO00032,PROD057,473,726.74
POITEM00109,PO00032,PROD182,362,188.11
POITEM00110,PO00032,PROD142,477,808.34
POITEM00111,PO00033,PROD134,316,169.2
POITEM00112,PO00033,PROD415,431,160.17
POITEM00113,PO00033,PROD045,63,105.62
POITEM00114,PO00033,PROD441,31,314.89
POITEM00115,PO00033,PROD163,364,835.86
POITEM00116,PO00034,PROD121,168,517.69
POITEM00117,PO00034,PROD367,223,416.73
POITEM00118,PO00034,PROD195,39,419.18
POITEM00119,PO00034,PROD181,92,486.15
POITEM00120,PO00034,PROD031,230,825.69
POITEM00121,PO00035,PROD068,492,804.13
POITEM00122,PO00035,PROD075,192,492.03
POITEM00123,PO00035,PROD478,73,587.74
POITEM00124,PO00036,PROD493,425,163.56
POITEM00125,PO00036,PROD329,417,267.76
POITEM00126,PO00036,PROD051,145,320.72
POITEM00127,PO00037,PROD034,59,553.63
POITEM00128,PO00037,PROD031,185,825.69
POITEM00129,PO00037,PROD272,463,456.22
POITEM00130,PO00037,PROD149,265,129.76
POITEM00131,PO00037,PROD017,452,435.9
POITEM00132,PO00038,PROD364,52,28.18
POITEM00133,PO00038,PROD315,39,259.32
POITEM00134,PO00038,PROD453,308,117.48
POITEM00135,PO00038,PROD269,333,500.47
POITEM00136,PO00039,PROD478,211,587.74
POITEM00137,PO00040,PROD283,410,484.15
POITEM00138,PO00040,PROD048,220,69.08
POITEM00139,PO00041,PROD227,261,641.82
POITEM00140,PO00041,PROD489,120,628.21
POITEM00141,PO00041,PROD116,47,608.53
POITEM00142,PO00042,PROD297,99,148.17
POITEM00143,PO00042,PROD010,33,95.43
POITEM00144,PO00042,PROD100,487,479.23
POITEM00145,PO00042,PROD317,46,616.34
POITEM00146,PO00042,PROD006,194,708.02
POITEM00147,PO00042,PROD309,452,467.42
POITEM00148,PO00042,PROD458,424,353.85
POITEM00149,PO00043,PROD004,343,681.55
POITEM00150,PO00044,PROD147,354,333.32
POITEM00151,PO00044,PROD263,249,750.8
POITEM00152,PO00044,PROD423,339,690.64
POITEM00153,PO00044,PROD168,287,579.64
POITEM00154,PO00044,PROD458,386,353.85
POITEM00155,PO00045,PROD237,292,500.6
POITEM00156,PO00045,PROD117,80,169.44
POITEM00157,PO00046,PROD089,314,454.84
POITEM00158,PO00046,PROD070,252,254.2
POITEM00159,PO00047,PROD020,171,496.51
POITEM00160,PO00047,PROD058,323,725.52
POITEM00161,PO00048,PROD150,279,800.82
POITEM00162,PO00048,PROD121,294,517.69
POITEM00163,PO00048,PROD329,225,267.76
POITEM00164,PO00048,PROD044,423,408.18
POITEM00165,PO00049,PROD280,436,561.08
POITEM00166,PO00049,PROD027,342,397.54
POITEM00167,PO00049,PROD030,445,98.6
POITEM00168,PO00049,PROD244,445,89.5
POITEM00169,PO00050,PROD111,326,720.46
POITEM00170,PO00050,PROD205,447,280.15
POITEM00171,PO00050,PROD211,287,660.34
POITEM00172,PO00051,PROD332,163,72.5
POITEM00173,PO00051,PROD009,445,267.41
POITEM00174,PO00052,PROD448,402,776.39
POITEM00175,PO00052,PROD380,257,583.27
POITEM00176,PO00052,PROD256,36,419.41
POITEM00177,PO00053,PROD049,205,665.03
POITEM00178,PO00053,PROD323,320,348.8
POITEM00179,PO00053,PROD450,381,446.47
POITEM00180,PO00053,PROD040,276,459.73
POITEM00181,PO00053,PROD407,21,628.45
POITEM00182,PO00053,PROD117,164,169.44
POITEM00183,PO00053,PROD393,118,401.11
POITEM00184,PO00054,PROD298,155,152.63
POITEM00185,PO00054,PROD216,29,103.05
POITEM00186,PO00055,PROD016,336,765.64
POITEM00187,PO00055,PROD047,366,69.18
POITEM00188,PO00055,PROD454,122,39.96
POITEM00189,PO00056,PROD086,216,796.25
POITEM00190,PO00056,PROD090,47,448.29
POITEM00191,PO00056,PROD415,371,160.17
POITEM00192,PO00057,PROD067,217,768.19
POITEM00193,PO00057,PROD390,224,668.9
POITEM00194,PO00058,PROD150,301,800.82
POITEM00195,PO00058,PROD027,99,397.54
POITEM00196,PO00058,PROD463,117,440.81
POITEM00197,PO00059,PROD354,81,728.91
POITEM00198,PO00059,PROD230,328,393.11
POITEM00199,PO00060,PROD024,410,367.61
POITEM00200,PO00060,PROD172,76,259.65
POITEM00201,PO00061,PROD307,25,168.22
POITEM00202,PO00061,PROD459,22,425.98
POITEM00203,PO00061,PROD364,450,28.18
POITEM00204,PO00062,PROD327,135,77.16
POITEM00205,PO00062,PROD184,206,29.32
POITEM00206,PO00062,PROD081,326,408.14
POITEM00207,PO00062,PROD411,208,722.17
POITEM00208,PO00062,PROD214,64,448.24
POITEM00209,PO00063,PROD123,96,256.49
POITEM00210,PO00063,PROD334,380,631.9
POITEM00211,PO00063,PROD484,115,780.87
POITEM00212,PO00063,PROD015,432,198.05
POITEM00213,PO00064,PROD204,187,103.04
POITEM00214,PO00064,PROD213,400,593.33
POITEM00215,PO00065,PROD086,207,796.25
POITEM00216,PO00065,PROD496,472,574.68
POITEM00217,PO00065,PROD099,248,263.66
POITEM00218,PO00066,PROD297,261,148.17
POITEM00219,PO00066,PROD023,63,144.33
POITEM00220,PO00066,PROD189,275,233.01
POITEM00221,PO00067,PROD443,336,266.46
POITEM00222,PO00067,PROD350,453,431.8
POITEM00223,PO00067,PROD320,447,561.69
POITEM00224,PO00067,PROD477,272,637.64
POITEM00225,PO00068,PROD270,487,123.23
POITEM00226,PO00068,PROD238,287,59.91
POITEM00227,PO00068,PROD484,339,780.87
POITEM00228,PO00069,PROD442,182,622.08
POITEM00229,PO00069,PROD128,463,304.2
POITEM00230,PO00069,PROD051,78,320.72
POITEM00231,PO00069,PROD245,67,572.74
POITEM00232,PO00069,PROD498,54,707.28
POITEM00233,PO00069,PROD055,152,324.06
POITEM00234,PO00070,PROD160,233,576.41
POITEM00235,PO00070,PROD187,245,702.51
POITEM00236,PO00070,PROD455,131,767.23
POITEM00237,PO00070,PROD157,58,65.99
POITEM00238,PO00070,PROD495,488,56.14
POITEM00239,PO00071,PROD048,369,69.08
POITEM00240,PO00071,PROD294,229,225.47
POITEM00241,PO00071,PROD457,225,725.46
POITEM00242,PO00071,PROD473,325,234.57
POITEM00243,PO00071,PROD001,184,776.99
POITEM00244,PO00072,PROD244,150,89.5
POITEM00245,PO00072,PROD380,23,583.27
POITEM00246,PO00072,PROD417,477,638.19
POITEM00247,PO00072,PROD003,82,313.13
POITEM00248,PO00072,PROD099,352,263.66
POITEM00249,PO00073,PROD054,38,723.26
POITEM00250,PO00073,PROD106,78,129.72
POITEM00251,PO00073,PROD333,73,267.79
POITEM00252,PO00073,PROD449,364,743.17
POITEM00253,PO00074,PROD324,352,214.11
POITEM00254,PO00074,PROD425,64,128.6
POITEM00255,PO00075,PROD241,236,619.62
POITEM00256,PO00075,PROD301,152,125.66
POITEM00257,PO00075,PROD195,26,419.18
POITEM00258,PO00075,PROD184,35,29.32
POITEM00259,PO00075,PROD489,52,628.21
POITEM00260,PO00075,PROD430,311,576.39
POITEM00261,PO00076,PROD400,383,523.63
POITEM00262,PO00076,PROD205,477,280.15
POITEM00263,PO00076,PROD371,467,273.28
POITEM00264,PO00076,PROD030,244,98.6
POITEM00265,PO00077,PROD446,125,112.46
POITEM00266,PO00077,PROD144,158,669.01
POITEM00267,PO00078,PROD429,149,65.57
POITEM00268,PO00078,PROD063,469,535.5
POITEM00269,PO00079,PROD483,160,367.42
POITEM00270,PO00079,PROD224,485,36.63
POITEM00271,PO00079,PROD074,405,668.18
POITEM00272,PO00080,PROD330,237,374.25
POITEM00273,PO00081,PROD217,224,364.98
POITEM00274,PO00081,PROD472,48,577.91
POITEM00275,PO00081,PROD262,134,46.35
POITEM00276,PO00081,PROD134,285,169.2
POITEM00277,PO00082,PROD077,162,418.0
POITEM00278,PO00082,PROD122,490,696.31
POITEM00279,PO00083,PROD433,166,509.44
POITEM00280,PO00083,PROD386,237,321.18
POITEM00281,PO00083,PROD254,151,529.14
POITEM00282,PO00084,PROD485,158,774.45
POITEM00283,PO00084,PROD222,317,237.21
POITEM00284,PO00084,PROD386,425,321.18
POITEM00285,PO00084,PROD444,181,399.53
POITEM00286,PO00085,PROD421,72,734.59
POITEM00287,PO00085,PROD148,69,19.6
POITEM00288,PO00086,PROD329,343,267.76
POITEM00289,PO00086,PROD218,73,669.74
POITEM00290,PO00086,PROD381,407,119.33
POITEM00291,PO00086,PROD454,370,39.96
POITEM00292,PO00086,PROD405,26,42.4
POITEM00293,PO00086,PROD124,274,413.86
POITEM00294,PO00087,PROD220,447,441.05
POITEM00295,PO00087,PROD296,370,629.34
POITEM00296,PO00088,PROD117,160,169.44
POITEM00297,PO00088,PROD008,74,531.37
POITEM00298,PO00089,PROD429,275,65.57
POITEM00299,PO00090,PROD336,458,771.31
POITEM00300,PO00090,PROD425,331,128.6
POITEM00301,PO00090,PROD335,260,290.45
POITEM00302,PO00091,PROD018,360,369.91
POITEM00303,PO00091,PROD049,238,665.03
POITEM00304,PO00092,PROD341,379,825.32
POITEM00305,PO00092,PROD415,267,160.17
POITEM00306,PO00092,PROD431,428,243.6
POITEM00307,PO00093,PROD110,62,706.0
POITEM00308,PO00093,PROD243,486,674.05
POITEM00309,PO00093,PROD010,402,95.43
POITEM00310,PO00094,PROD138,337,737.18
POITEM00311,PO00094,PROD330,203,374.25
POITEM00312,PO00094,PROD010,106,95.43
POITEM00313,PO00094,PROD378,309,94.29
POITEM00314,PO00095,PROD017,267,435.9
POITEM00315,PO00095,PROD307,491,168.22
POITEM00316,PO00095,PROD180,312,627.22
POITEM00317,PO00096,PROD200,223,324.44
POITEM00318,PO00096,PROD204,125,103.04
POITEM00319,PO00096,PROD259,399,724.03
POITEM00320,PO00096,PROD026,469,429.06
POITEM00321,PO00097,PROD049,325,665.03
POITEM00322,PO00097,PROD047,197,69.18
POITEM00323,PO00098,PROD091,350,484.78
POITEM00324,PO00098,PROD379,476,768.98
POITEM00325,PO00098,PROD250,476,549.69
POITEM00326,PO00098,PROD263,333,750.8
POITEM00327,PO00099,PROD410,82,65.45
POITEM00328,PO00099,PROD104,96,322.97
POITEM00329,PO00099,PROD046,361,444.13
POITEM00330,PO00099,PROD391,440,689.07
POITEM00331,PO00100,PROD077,470,418.0
POITEM00332,PO00100,PROD399,102,148.15
POITEM00333,PO00100,PROD423,127,690.64
POITEM00334,PO00101,PROD200,21,324.44
POITEM00335,PO00101,PROD249,442,494.03
POITEM00336,PO00101,PROD256,373,419.41
POITEM00337,PO00101,PROD071,382,644.78
POITEM00338,PO00101,PROD178,446,136.21
POITEM00339,PO00102,PROD353,378,270.5
POITEM00340,PO00102,PROD236,79,535.24
POITEM00341,PO00103,PROD255,116,68.92
POITEM00342,PO00103,PROD335,93,290.45
POITEM00343,PO00103,PROD363,123,398.27
POITEM00344,PO00103,PROD254,181,529.14
POITEM00345,PO00104,PROD093,71,388.15
POITEM00346,PO00104,PROD465,366,567.0
POITEM00347,PO00104,PROD402,478,288.73
POITEM00348,PO00105,PROD225,266,739.73
POITEM00349,PO00105,PROD305,153,213.13
POITEM00350,PO00105,PROD123,77,256.49
POITEM00351,PO00105,PROD459,209,425.98
POITEM00352,PO00106,PROD026,453,429.06
POITEM00353,PO00106,PROD441,426,314.89
POITEM00354,PO00106,PROD340,188,807.39
POITEM00355,PO00106,PROD169,135,677.32
POITEM00356,PO00106,PROD291,465,188.82
POITEM00357,PO00106,PROD070,482,254.2
POITEM00358,PO00106,PROD492,348,804.82
POITEM00359,PO00107,PROD252,331,755.34
POITEM00360,PO00107,PROD254,429,529.14
POITEM00361,PO00108,PROD251,127,788.6
POITEM00362,PO00109,PROD217,368,364.98
POITEM00363,PO00110,PROD123,73,256.49
POITEM00364,PO00110,PROD165,72,341.6
POITEM00365,PO00111,PROD055,116,324.06
POITEM00366,PO00111,PROD016,210,765.64
POITEM00367,PO00111,PROD244,411,89.5
POITEM00368,PO00111,PROD169,366,677.32
POITEM00369,PO00112,PROD499,288,136.97
POITEM00370,PO00112,PROD296,446,629.34
POITEM00371,PO00112,PROD143,417,189.93
POITEM00372,PO00113,PROD093,458,388.15
POITEM00373,PO00113,PROD117,107,169.44
POITEM00374,PO00114,PROD031,175,825.69
POITEM00375,PO00114,PROD482,126,195.08
POITEM00376,PO00114,PROD394,319,789.05
POITEM00377,PO00114,PROD388,445,392.75
POITEM00378,PO00114,PROD392,446,844.63
POITEM00379,PO00114,PROD369,73,496.21
POITEM00380,PO00114,PROD295,147,114.04
POITEM00381,PO00115,PROD288,285,740.09
POITEM00382,PO00115,PROD450,125,446.47
POITEM00383,PO00115,PROD226,265,302.07
POITEM00384,PO00116,PROD218,399,669.74
POITEM00385,PO00116,PROD418,303,502.51
POITEM00386,PO00116,PROD485,115,774.45
POITEM00387,PO00117,PROD004,434,681.55
POITEM00388,PO00117,PROD317,325,616.34
POITEM00389,PO00118,PROD320,493,561.69
POITEM00390,PO00118,PROD119,249,65.49
POITEM00391,PO00118,PROD039,451,328.0
POITEM00392,PO00119,PROD287,431,101.85
POITEM00393,PO00119,PROD403,146,460.82
POITEM00394,PO00119,PROD396,296,471.13
POITEM00395,PO00120,PROD333,474,267.79
POITEM00396,PO00120,PROD225,399,739.73
POITEM00397,PO00121,PROD032,314,272.47
POITEM00398,PO00121,PROD344,156,838.24
POITEM00399,PO00121,PROD129,222,474.72
POITEM00400,PO00122,PROD158,269,660.16
POITEM00401,PO00122,PROD016,471,765.64
POITEM00402,PO00122,PROD226,27,302.07
POITEM00403,PO00122,PROD439,27,348.87
POITEM00404,PO00123,PROD266,489,691.86
POITEM00405,PO00123,PROD067,155,768.19
POITEM00406,PO00123,PROD438,302,485.88
POITEM00407,PO00123,PROD105,390,288.76
POITEM00408,PO00124,PROD290,284,96.88
POITEM00409,PO00124,PROD334,184,631.9
POITEM00410,PO00124,PROD382,49,278.93
POITEM00411,PO00124,PROD119,432,65.49
POITEM00412,PO00125,PROD500,303,482.22
POITEM00413,PO00126,PROD377,210,593.84
POITEM00414,PO00126,PROD182,238,188.11
POITEM00415,PO00126,PROD113,414,148.55
POITEM00416,PO00126,PROD238,170,59.91
POITEM00417,PO00126,PROD036,71,500.54
POITEM00418,PO00127,PROD396,233,471.13
POITEM00419,PO00127,PROD009,368,267.41
POITEM00420,PO00127,PROD196,476,763.76
POITEM00421,PO00127,PROD211,272,660.34
POITEM00422,PO00128,PROD047,71,69.18
POITEM00423,PO00129,PROD494,190,405.19
POITEM00424,PO00129,PROD303,192,460.65
POITEM00425,PO00130,PROD106,117,129.72
POITEM00426,PO00130,PROD372,150,340.73
POITEM00427,PO00130,PROD059,370,476.49
POITEM00428,PO00130,PROD431,49,243.6
POITEM00429,PO00131,PROD397,268,41.01
POITEM00430,PO00131,PROD486,312,40.88
POITEM00431,PO00131,PROD111,343,720.46
POITEM00432,PO00132,PROD298,27,152.63
POITEM00433,PO00132,PROD071,166,644.78
POITEM00434,PO00132,PROD451,490,590.08
POITEM00435,PO00132,PROD027,209,397.54
POITEM00436,PO00132,PROD459,284,425.98
POITEM00437,PO00133,PROD201,172,148.93
POITEM00438,PO00133,PROD094,85,119.15
POITEM00439,PO00133,PROD425,172,128.6
POITEM00440,PO00133,PROD139,240,185.81
POITEM00441,PO00133,PROD230,306,393.11
POITEM00442,PO00133,PROD499,158,136.97
POITEM00443,PO00133,PROD355,497,245.42
POITEM00444,PO00134,PROD032,413,272.47
POITEM00445,PO00135,PROD172,386,259.65
POITEM00446,PO00136,PROD326,32,44.1
POITEM00447,PO00136,PROD062,436,176.9
POITEM00448,PO00136,PROD067,250,768.19
POITEM00449,PO00137,PROD417,31,638.19
POITEM00450,PO00137,PROD339,453,635.93
POITEM00451,PO00137,PROD497,139,607.34
POITEM00452,PO00137,PROD310,180,658.21
POITEM00453,PO00138,PROD292,455,238.58
POITEM00454,PO00138,PROD310,232,658.21
POITEM00455,PO00138,PROD386,296,321.18
POITEM00456,PO00138,PROD411,460,722.17
POITEM00457,PO00138,PROD405,429,42.4
POITEM00458,PO00138,PROD496,500,574.68
POITEM00459,PO00139,PROD488,442,538.7
POITEM00460,PO00139,PROD361,393,549.02
POITEM00461,PO00139,PROD229,248,704.2
POITEM00462,PO00139,PROD381,154,119.33
POITEM00463,PO00139,PROD357,170,656.13
POITEM00464,PO00139,PROD369,114,496.21
POITEM00465,PO00139,PROD276,37,128.13
POITEM00466,PO00139,PROD400,181,523.63
POITEM00467,PO00139,PROD041,153,696.65
POITEM00468,PO00140,PROD473,186,234.57
POITEM00469,PO00140,PROD354,234,728.91
POITEM00470,PO00140,PROD341,267,825.32
POITEM00471,PO00141,PROD060,221,493.98
POITEM00472,PO00141,PROD374,350,166.06
POITEM00473,PO00142,PROD474,32,486.88
POITEM00474,PO00143,PROD041,37,696.65
POITEM00475,PO00143,PROD156,198,450.52
POITEM00476,PO00143,PROD448,397,776.39
POITEM00477,PO00144,PROD010,56,95.43
POITEM00478,PO00144,PROD293,451,540.67
POITEM00479,PO00145,PROD132,45,576.63
POITEM00480,PO00145,PROD003,26,313.13
POITEM00481,PO00146,PROD131,203,395.7
POITEM00482,PO00146,PROD435,148,605.54
POITEM00483,PO00147,PROD415,107,160.17
POITEM00484,PO00147,PROD226,204,302.07
POITEM00485,PO00147,PROD180,228,627.22
POITEM00486,PO00148,PROD310,237,658.21
POITEM00487,PO00148,PROD073,88,483.95
POITEM00488,PO00148,PROD441,181,314.89
POITEM00489,PO00148,PROD145,247,314.36
POITEM00490,PO00148,PROD203,236,195.25
POITEM00491,PO00149,PROD021,398,371.88
POITEM00492,PO00149,PROD357,60,656.13
POITEM00493,PO00149,PROD241,65,619.62
POITEM00494,PO00149,PROD309,279,467.42
POITEM00495,PO00149,PROD170,77,847.62
POITEM00496,PO00150,PROD031,365,825.69
POITEM00497,PO00150,PROD286,80,584.6
POITEM00498,PO00151,PROD174,31,34.33
POITEM00499,PO00151,PROD482,244,195.08
POITEM00500,PO00152,PROD247,431,826.24
POITEM00501,PO00152,PROD487,267,307.18
POITEM00502,PO00153,PROD398,378,652.23
POITEM00503,PO00153,PROD422,146,804.99
POITEM00504,PO00153,PROD081,82,408.14
POITEM00505,PO00154,PROD494,281,405.19
POITEM00506,PO00154,PROD193,150,285.63
POITEM00507,PO00154,PROD052,491,368.02
POITEM00508,PO00154,PROD212,169,333.53
POITEM00509,PO00155,PROD188,349,345.38
POITEM00510,PO00155,PROD390,278,668.9
POITEM00511,PO00156,PROD483,478,367.42
POITEM00512,PO00156,PROD341,415,825.32
POITEM00513,PO00156,PROD278,54,232.84
POITEM00514,PO00156,PROD117,463,169.44
POITEM00515,PO00156,PROD095,65,142.41
POITEM00516,PO00156,PROD261,458,819.85
POITEM00517,PO00157,PROD393,497,401.11
POITEM00518,PO00157,PROD253,384,512.2
POITEM00519,PO00158,PROD295,156,114.04
POITEM00520,PO00158,PROD048,488,69.08
POITEM00521,PO00158,PROD368,447,619.33
POITEM00522,PO00158,PROD440,173,463.42
POITEM00523,PO00159,PROD295,178,114.04
POITEM00524,PO00159,PROD339,216,635.93
POITEM00525,PO00160,PROD452,316,316.15
POITEM00526,PO00160,PROD497,99,607.34
POITEM00527,PO00160,PROD408,349,677.22
POITEM00528,PO00161,PROD385,223,368.25
POITEM00529,PO00161,PROD125,361,569.18
POITEM00530,PO00161,PROD245,346,572.74
POITEM00531,PO00162,PROD241,125,619.62
POITEM00532,PO00162,PROD474,251,486.88
POITEM00533,PO00163,PROD439,308,348.87
POITEM00534,PO00163,PROD076,71,128.14
POITEM00535,PO00163,PROD180,457,627.22
POITEM00536,PO00163,PROD058,295,725.52
POITEM00537,PO00164,PROD293,246,540.67
POITEM00538,PO00164,PROD229,242,704.2
POITEM00539,PO00164,PROD157,433,65.99
POITEM00540,PO00165,PROD355,332,245.42
POITEM00541,PO00166,PROD195,195,419.18
POITEM00542,PO00166,PROD430,315,576.39
POITEM00543,PO00166,PROD130,356,372.25
POITEM00544,PO00166,PROD065,352,418.06
POITEM00545,PO00167,PROD443,452,266.46
POITEM00546,PO00167,PROD297,495,148.17
POITEM00547,PO00167,PROD255,453,68.92
POITEM00548,PO00168,PROD164,79,83.61
POITEM00549,PO00168,PROD295,33,114.04
POITEM00550,PO00169,PROD334,442,631.9
POITEM00551,PO00169,PROD344,232,838.24
POITEM00552,PO00170,PROD402,264,288.73
POITEM00553,PO00170,PROD229,266,704.2
POITEM00554,PO00171,PROD434,453,825.48
POITEM00555,PO00172,PROD357,204,656.13
POITEM00556,PO00172,PROD044,208,408.18
POITEM00557,PO00173,PROD328,337,665.85
POITEM00558,PO00173,PROD426,374,369.19
POITEM00559,PO00173,PROD402,338,288.73
POITEM00560,PO00174,PROD190,130,716.67
POITEM00561,PO00174,PROD200,271,324.44
POITEM00562,PO00174,PROD323,152,348.8
POITEM00563,PO00175,PROD364,262,28.18
POITEM00564,PO00175,PROD343,219,279.4
POITEM00565,PO00175,PROD336,446,771.31
POITEM00566,PO00176,PROD498,190,707.28
POITEM00567,PO00176,PROD095,33,142.41
POITEM00568,PO00176,PROD002,309,804.13
POITEM00569,PO00176,PROD363,480,398.27
POITEM00570,PO00176,PROD464,194,580.41
POITEM00571,PO00177,PROD067,340,768.19
POITEM00572,PO00177,PROD271,381,642.62
POITEM00573,PO00178,PROD255,387,68.92
POITEM00574,PO00178,PROD031,304,825.69
POITEM00575,PO00179,PROD219,140,428.2
POITEM00576,PO00179,PROD419,229,312.82
POITEM00577,PO00179,PROD207,493,406.78
POITEM00578,PO00179,PROD012,236,840.64
POITEM00579,PO00180,PROD349,468,753.18
POITEM00580,PO00181,PROD464,441,580.41
POITEM00581,PO00181,PROD395,431,236.19
POITEM00582,PO00181,PROD308,166,364.45
POITEM00583,PO00182,PROD426,430,369.19
POITEM00584,PO00182,PROD204,72,103.04
POITEM00585,PO00183,PROD446,151,112.46
POITEM00586,PO00183,PROD400,91,523.63
POITEM00587,PO00183,PROD240,162,813.74
POITEM00588,PO00183,PROD349,271,753.18
POITEM00589,PO00183,PROD270,74,123.23
POITEM00590,PO00184,PROD301,77,125.66
POITEM00591,PO00185,PROD298,448,152.63
POITEM00592,PO00185,PROD171,371,619.21
POITEM00593,PO00185,PROD012,261,840.64
POITEM00594,PO00185,PROD438,431,485.88
POITEM00595,PO00186,PROD019,198,121.47
POITEM00596,PO00186,PROD051,238,320.72
POITEM00597,PO00186,PROD199,333,60.76
POITEM00598,PO00186,PROD311,263,547.26
POITEM00599,PO00186,PROD038,291,806.17
POITEM00600,PO00187,PROD343,43,279.4
POITEM00601,PO00188,PROD423,397,690.64
POITEM00602,PO00189,PROD154,111,783.77
POITEM00603,PO00189,PROD119,445,65.49
POITEM00604,PO00190,PROD283,376,484.15
POITEM00605,PO00190,PROD002,214,804.13
POITEM00606,PO00190,PROD047,364,69.18
POITEM00607,PO00191,PROD356,173,53.56
POITEM00608,PO00191,PROD090,235,448.29
POITEM00609,PO00191,PROD294,481,225.47
POITEM00610,PO00191,PROD434,154,825.48
POITEM00611,PO00192,PROD080,326,528.13
POITEM00612,PO00192,PROD284,483,543.19
POITEM00613,PO00192,PROD237,68,500.6
POITEM00614,PO00193,PROD179,354,282.68
POITEM00615,PO00193,PROD050,94,794.2
POITEM00616,PO00193,PROD043,34,432.93
POITEM00617,PO00194,PROD488,368,538.7
POITEM00618,PO00194,PROD198,241,145.64
POITEM00619,PO00194,PROD222,350,237.21
POITEM00620,PO00195,PROD486,305,40.88
POITEM00621,PO00195,PROD475,365,349.43
POITEM00622,PO00195,PROD149,126,129.76
POITEM00623,PO00195,PROD424,389,212.71
POITEM00624,PO00195,PROD097,266,779.98
POITEM00625,PO00196,PROD257,144,218.67
POITEM00626,PO00196,PROD154,262,783.77
POITEM00627,PO00196,PROD198,388,145.64
POITEM00628,PO00197,PROD323,396,348.8
POITEM00629,PO00197,PROD399,144,148.15
POITEM00630,PO00197,PROD167,24,587.07
POITEM00631,PO00197,PROD028,437,806.13
POITEM00632,PO00198,PROD233,436,563.96
POITEM00633,PO00198,PROD295,58,114.04
POITEM00634,PO00198,PROD105,225,288.76
POITEM00635,PO00199,PROD102,100,814.0
POITEM00636,PO00200,PROD143,176,189.93
POITEM00637,PO00200,PROD442,365,622.08
POITEM00638,PO00200,PROD432,416,384.23
POITEM00639,PO00200,PROD336,379,771.31
POITEM00640,PO00200,PROD325,281,844.48
POITEM00641,PO00201,PROD391,321,689.07
POITEM00642,PO00201,PROD363,473,398.27
POITEM00643,PO00201,PROD250,143,549.69
POITEM00644,PO00202,PROD041,107,696.65
POITEM00645,PO00202,PROD411,457,722.17
POITEM00646,PO00203,PROD260,151,341.22
POITEM00647,PO00203,PROD250,274,549.69
POITEM00648,PO00203,PROD246,423,775.74
POITEM00649,PO00204,PROD027,29,397.54
POITEM00650,PO00204,PROD151,246,106.92
POITEM00651,PO00205,PROD491,113,87.09
POITEM00652,PO00205,PROD407,447,628.45
POITEM00653,PO00205,PROD196,403,763.76
POITEM00654,PO00205,PROD161,164,19.17
POITEM00655,PO00206,PROD026,155,429.06
POITEM00656,PO00206,PROD073,59,483.95
POITEM00657,PO00206,PROD010,380,95.43
POITEM00658,PO00206,PROD147,478,333.32
POITEM00659,PO00206,PROD011,24,767.67
POITEM00660,PO00207,PROD128,48,304.2
POITEM00661,PO00207,PROD403,494,460.82
POITEM00662,PO00207,PROD353,112,270.5
POITEM00663,PO00207,PROD234,236,497.04
POITEM00664,PO00208,PROD318,222,549.26
POITEM00665,PO00209,PROD190,127,716.67
POITEM00666,PO00210,PROD155,209,109.64
POITEM00667,PO00211,PROD417,375,638.19
POITEM00668,PO00211,PROD113,43,148.55
POITEM00669,PO00211,PROD245,390,572.74
POITEM00670,PO00211,PROD030,377,98.6
POITEM00671,PO00212,PROD291,250,188.82
POITEM00672,PO00212,PROD098,204,478.75
POITEM00673,PO00212,PROD048,232,69.08
POITEM00674,PO00212,PROD464,34,580.41
POITEM00675,PO00213,PROD484,455,780.87
POITEM00676,PO00213,PROD054,247,723.26
POITEM00677,PO00213,PROD362,129,488.97
POITEM00678,PO00213,PROD478,252,587.74
POITEM00679,PO00213,PROD359,129,452.52
POITEM00680,PO00214,PROD431,358,243.6
POITEM00681,PO00214,PROD454,471,39.96
POITEM00682,PO00214,PROD448,168,776.39
POITEM00683,PO00214,PROD003,309,313.13
POITEM00684,PO00214,PROD051,107,320.72
POITEM00685,PO00215,PROD437,101,656.13
POITEM00686,PO00215,PROD081,391,408.14
POITEM00687,PO00215,PROD471,366,235.79
POITEM00688,PO00215,PROD443,478,266.46
POITEM00689,PO00216,PROD040,288,459.73
POITEM00690,PO00216,PROD107,215,604.75
POITEM00691,PO00217,PROD475,352,349.43
POITEM00692,PO00217,PROD207,180,406.78
POITEM00693,PO00217,PROD028,457,806.13
POITEM00694,PO00217,PROD088,63,814.29
POITEM00695,PO00217,PROD469,158,690.5
POITEM00696,PO00218,PROD425,62,128.6
POITEM00697,PO00218,PROD242,52,478.65
POITEM00698,PO00219,PROD027,402,397.54
POITEM00699,PO00219,PROD043,144,432.93
POITEM00700,PO00219,PROD458,492,353.85
POITEM00701,PO00219,PROD162,55,17.84
POITEM00702,PO00220,PROD030,227,98.6
POITEM00703,PO00220,PROD426,327,369.19
POITEM00704,PO00220,PROD494,419,405.19
POITEM00705,PO00220,PROD078,117,794.47
POITEM00706,PO00220,PROD247,429,826.24
POITEM00707,PO00221,PROD026,487,429.06
POITEM00708,PO00221,PROD434,277,825.48
POITEM00709,PO00221,PROD168,451,579.64
POITEM00710,PO00221,PROD132,476,576.63
POITEM00711,PO00222,PROD180,159,627.22
POITEM00712,PO00222,PROD005,106,497.89
POITEM00713,PO00222,PROD429,111,65.57
POITEM00714,PO00223,PROD199,154,60.76
POITEM00715,PO00223,PROD303,359,460.65
POITEM00716,PO00223,PROD449,402,743.17
POITEM00717,PO00224,PROD173,152,28.86
POITEM00718,PO00224,PROD437,470,656.13
POITEM00719,PO00225,PROD407,173,628.45
POITEM00720,PO00225,PROD060,307,493.98
POITEM00721,PO00226,PROD011,275,767.67
POITEM00722,PO00226,PROD485,363,774.45
POITEM00723,PO00226,PROD039,422,328.0
POITEM00724,PO00226,PROD291,461,188.82
POITEM00725,PO00227,PROD286,300,584.6
POITEM00726,PO00227,PROD088,215,814.29
POITEM00727,PO00227,PROD206,455,609.95
POITEM00728,PO00227,PROD252,186,755.34
POITEM00729,PO00227,PROD378,474,94.29
POITEM00730,PO00228,PROD462,483,207.53
POITEM00731,PO00228,PROD154,162,783.77
POITEM00732,PO00229,PROD405,29,42.4
POITEM00733,PO00229,PROD323,291,348.8
POITEM00734,PO00230,PROD034,83,553.63
POITEM00735,PO00230,PROD169,136,677.32
POITEM00736,PO00230,PROD420,244,649.28
POITEM00737,PO00231,PROD486,170,40.88
POITEM00738,PO00231,PROD228,93,683.56
POITEM00739,PO00231,PROD023,150,144.33
POITEM00740,PO00232,PROD060,96,493.98
POITEM00741,PO00232,PROD151,467,106.92
POITEM00742,PO00233,PROD041,354,696.65
POITEM00743,PO00233,PROD225,25,739.73
POITEM00744,PO00234,PROD113,315,148.55
POITEM00745,PO00234,PROD219,261,428.2
POITEM00746,PO00234,PROD185,98,38.46
POITEM00747,PO00235,PROD350,148,431.8
POITEM00748,PO00235,PROD025,82,270.8
POITEM00749,PO00235,PROD161,463,19.17
POITEM00750,PO00236,PROD222,254,237.21
POITEM00751,PO00236,PROD008,198,531.37
POITEM00752,PO00236,PROD042,407,146.76
POITEM00753,PO00236,PROD353,76,270.5
POITEM00754,PO00236,PROD426,383,369.19
POITEM00755,PO00236,PROD446,400,112.46
POITEM00756,PO00237,PROD129,279,474.72
POITEM00757,PO00237,PROD092,165,301.04
POITEM00758,PO00238,PROD272,239,456.22
POITEM00759,PO00238,PROD321,491,627.48
POITEM00760,PO00239,PROD353,329,270.5
POITEM00761,PO00239,PROD048,391,69.08
POITEM00762,PO00240,PROD301,125,125.66
POITEM00763,PO00240,PROD443,25,266.46
POITEM00764,PO00240,PROD061,345,433.65
POITEM00765,PO00240,PROD133,323,337.84
POITEM00766,PO00241,PROD488,206,538.7
POITEM00767,PO00241,PROD091,338,484.78
POITEM00768,PO00241,PROD382,268,278.93
POITEM00769,PO00242,PROD467,421,338.35
POITEM00770,PO00242,PROD499,372,136.97
POITEM00771,PO00242,PROD144,47,669.01
POITEM00772,PO00243,PROD177,319,207.32
POITEM00773,PO00243,PROD304,433,170.43
POITEM00774,PO00244,PROD303,293,460.65
POITEM00775,PO00244,PROD377,460,593.84
POITEM00776,PO00244,PROD434,296,825.48
POITEM00777,PO00245,PROD176,428,36.12
POITEM00778,PO00245,PROD387,86,540.68
POITEM00779,PO00245,PROD208,51,672.53
POITEM00780,PO00246,PROD441,96,314.89
POITEM00781,PO00246,PROD287,203,101.85
POITEM00782,PO00246,PROD277,271,596.29
POITEM00783,PO00246,PROD020,441,496.51
POITEM00784,PO00247,PROD377,387,593.84
POITEM00785,PO00247,PROD335,143,290.45
POITEM00786,PO00247,PROD204,254,103.04
POITEM00787,PO00248,PROD317,74,616.34
POITEM00788,PO00248,PROD181,182,486.15
POITEM00789,PO00248,PROD454,83,39.96
POITEM00790,PO00248,PROD453,220,117.48
POITEM00791,PO00248,PROD319,244,39.15
POITEM00792,PO00249,PROD208,468,672.53
POITEM00793,PO00250,PROD068,204,804.13
POITEM00794,PO00250,PROD400,144,523.63
POITEM00795,PO00251,PROD076,467,128.14
POITEM00796,PO00251,PROD092,161,301.04
POITEM00797,PO00251,PROD168,204,579.64
POITEM00798,PO00252,PROD314,257,834.65
POITEM00799,PO00252,PROD225,439,739.73
POITEM00800,PO00252,PROD287,124,101.85
POITEM00801,PO00252,PROD410,441,65.45
POITEM00802,PO00252,PROD477,483,637.64
POITEM00803,PO00253,PROD457,48,725.46
POITEM00804,PO00253,PROD061,46,433.65
POITEM00805,PO00253,PROD387,347,540.68
POITEM00806,PO00254,PROD150,143,800.82
POITEM00807,PO00254,PROD264,456,329.51
POITEM00808,PO00254,PROD148,384,19.6
POITEM00809,PO00254,PROD492,406,804.82
POITEM00810,PO00255,PROD142,51,808.34
POITEM00811,PO00255,PROD221,135,255.85
POITEM00812,PO00256,PROD357,274,656.13
POITEM00813,PO00256,PROD437,474,656.13
POITEM00814,PO00256,PROD488,39,538.7
POITEM00815,PO00256,PROD322,216,562.63
POITEM00816,PO00257,PROD408,165,677.22
POITEM00817,PO00257,PROD003,164,313.13
POITEM00818,PO00258,PROD383,49,361.93
POITEM00819,PO00258,PROD284,154,543.19
POITEM00820,PO00258,PROD421,260,734.59
POITEM00821,PO00258,PROD125,27,569.18
POITEM00822,PO00259,PROD218,78,669.74
POITEM00823,PO00259,PROD135,116,585.93
POITEM00824,PO00259,PROD189,22,233.01
POITEM00825,PO00260,PROD460,478,70.8
POITEM00826,PO00260,PROD438,339,485.88
POITEM00827,PO00260,PROD061,299,433.65
POITEM00828,PO00261,PROD261,297,819.85
POITEM00829,PO00261,PROD397,164,41.01
POITEM00830,PO00261,PROD001,112,776.99
POITEM00831,PO00262,PROD262,186,46.35
POITEM00832,PO00262,PROD085,421,577.31
POITEM00833,PO00262,PROD257,21,218.67
POITEM00834,PO00263,PROD095,375,142.41
POITEM00835,PO00263,PROD007,91,88.13
POITEM00836,PO00263,PROD190,294,716.67
POITEM00837,PO00264,PROD060,149,493.98
POITEM00838,PO00264,PROD097,259,779.98
POITEM00839,PO00264,PROD169,61,677.32
POITEM00840,PO00264,PROD081,67,408.14
POITEM00841,PO00265,PROD063,126,535.5
POITEM00842,PO00266,PROD263,403,750.8
POITEM00843,PO00266,PROD013,67,731.42
POITEM00844,PO00266,PROD184,440,29.32
POITEM00845,PO00267,PROD253,160,512.2
POITEM00846,PO00267,PROD133,396,337.84
POITEM00847,PO00267,PROD324,211,214.11
POITEM00848,PO00267,PROD474,54,486.88
POITEM00849,PO00267,PROD022,189,164.43
POITEM00850,PO00268,PROD243,94,674.05
POITEM00851,PO00268,PROD209,421,431.65
POITEM00852,PO00268,PROD359,416,452.52
POITEM00853,PO00268,PROD320,215,561.69
POITEM00854,PO00269,PROD239,333,391.55
POITEM00855,PO00269,PROD429,123,65.57
POITEM00856,PO00270,PROD309,44,467.42
POITEM00857,PO00271,PROD102,230,814.0
POITEM00858,PO00272,PROD425,83,128.6
POITEM00859,PO00272,PROD417,124,638.19
POITEM00860,PO00272,PROD434,264,825.48
POITEM00861,PO00273,PROD161,436,19.17
POITEM00862,PO00273,PROD275,55,345.37
POITEM00863,PO00274,PROD297,240,148.17
POITEM00864,PO00274,PROD148,172,19.6
POITEM00865,PO00274,PROD446,126,112.46
POITEM00866,PO00274,PROD098,238,478.75
POITEM00867,PO00275,PROD355,163,245.42
POITEM00868,PO00275,PROD497,210,607.34
POITEM00869,PO00275,PROD306,235,255.04
POITEM00870,PO00275,PROD500,302,482.22
POITEM00871,PO00275,PROD406,409,296.65
POITEM00872,PO00276,PROD164,489,83.61
POITEM00873,PO00276,PROD056,170,446.11
POITEM00874,PO00277,PROD282,136,159.09
POITEM00875,PO00277,PROD297,142,148.17
POITEM00876,PO00277,PROD246,364,775.74
POITEM00877,PO00277,PROD450,408,446.47
POITEM00878,PO00277,PROD211,43,660.34
POITEM00879,PO00277,PROD400,85,523.63
POITEM00880,PO00278,PROD124,285,413.86
POITEM00881,PO00278,PROD417,288,638.19
POITEM00882,PO00278,PROD114,343,206.92
POITEM00883,PO00278,PROD355,408,245.42
POITEM00884,PO00279,PROD003,332,313.13
POITEM00885,PO00279,PROD394,391,789.05
POITEM00886,PO00279,PROD075,385,492.03
POITEM00887,PO00279,PROD167,357,587.07
POITEM00888,PO00279,PROD014,98,234.75
POITEM00889,PO00280,PROD399,416,148.15
POITEM00890,PO00280,PROD159,447,783.19
POITEM00891,PO00280,PROD126,299,198.43
POITEM00892,PO00281,PROD416,98,632.6
POITEM00893,PO00281,PROD256,219,419.41
POITEM00894,PO00281,PROD334,41,631.9
POITEM00895,PO00282,PROD104,34,322.97
POITEM00896,PO00282,PROD212,202,333.53
POITEM00897,PO00282,PROD258,125,268.33
POITEM00898,PO00283,PROD397,95,41.01
POITEM00899,PO00283,PROD270,123,123.23
POITEM00900,PO00284,PROD312,317,216.09
POITEM00901,PO00284,PROD409,297,295.02
POITEM00902,PO00285,PROD324,205,214.11
POITEM00903,PO00285,PROD352,70,807.92
POITEM00904,PO00285,PROD239,288,391.55
POITEM00905,PO00286,PROD260,355,341.22
POITEM00906,PO00286,PROD339,444,635.93
POITEM00907,PO00286,PROD321,481,627.48
POITEM00908,PO00286,PROD449,231,743.17
POITEM00909,PO00286,PROD408,449,677.22
POITEM00910,PO00287,PROD259,470,724.03
POITEM00911,PO00287,PROD333,236,267.79
POITEM00912,PO00287,PROD035,298,513.23
POITEM00913,PO00288,PROD397,480,41.01
POITEM00914,PO00288,PROD453,224,117.48
POITEM00915,PO00289,PROD250,44,549.69
POITEM00916,PO00289,PROD302,179,202.72
POITEM00917,PO00290,PROD194,277,504.89
POITEM00918,PO00290,PROD166,495,389.01
POITEM00919,PO00291,PROD306,71,255.04
POITEM00920,PO00291,PROD069,360,722.01
POITEM00921,PO00291,PROD081,332,408.14
POITEM00922,PO00291,PROD324,332,214.11
POITEM00923,PO00291,PROD147,422,333.32
POITEM00924,PO00292,PROD112,41,787.68
POITEM00925,PO00292,PROD064,305,757.03
POITEM00926,PO00293,PROD280,455,561.08
POITEM00927,PO00293,PROD469,197,690.5
POITEM00928,PO00294,PROD283,42,484.15
POITEM00929,PO00294,PROD294,439,225.47
POITEM00930,PO00295,PROD461,489,132.57
POITEM00931,PO00295,PROD408,374,677.22
POITEM00932,PO00295,PROD163,254,835.86
POITEM00933,PO00295,PROD277,488,596.29
POITEM00934,PO00295,PROD194,396,504.89
POITEM00935,PO00296,PROD111,372,720.46
POITEM00936,PO00296,PROD036,35,500.54
POITEM00937,PO00296,PROD344,236,838.24
POITEM00938,PO00296,PROD259,380,724.03
POITEM00939,PO00297,PROD311,472,547.26
POITEM00940,PO00298,PROD272,24,456.22
POITEM00941,PO00298,PROD256,451,419.41
POITEM00942,PO00298,PROD372,379,340.73
POITEM00943,PO00298,PROD285,128,346.6
POITEM00944,PO00299,PROD225,74,739.73
POITEM00945,PO00300,PROD255,478,68.92
POITEM00946,PO00300,PROD012,61,840.64
POITEM00947,PO00300,PROD148,190,19.6
POITEM00948,PO00301,PROD103,385,281.85
POITEM00949,PO00302,PROD431,264,243.6
POITEM00950,PO00303,PROD247,447,826.24
POITEM00951,PO00303,PROD305,76,213.13
POITEM00952,PO00303,PROD309,274,467.42
POITEM00953,PO00303,PROD142,298,808.34
POITEM00954,PO00303,PROD495,101,56.14
POITEM00955,PO00303,PROD370,250,241.67
POITEM00956,PO00303,PROD130,135,372.25
POITEM00957,PO00303,PROD127,389,100.06
POITEM00958,PO00303,PROD101,433,328.38
POITEM00959,PO00304,PROD210,89,734.75
POITEM00960,PO00304,PROD223,36,123.48
POITEM00961,PO00305,PROD267,488,508.59
POITEM00962,PO00305,PROD141,225,718.98
POITEM00963,PO00305,PROD367,149,416.73
POITEM00964,PO00306,PROD497,334,607.34
POITEM00965,PO00306,PROD198,377,145.64
POITEM00966,PO00306,PROD072,268,760.5
POITEM00967,PO00306,PROD060,281,493.98
POITEM00968,PO00306,PROD308,359,364.45
POITEM00969,PO00307,PROD340,173,807.39
POITEM00970,PO00307,PROD438,96,485.88
POITEM00971,PO00308,PROD233,332,563.96
POITEM00972,PO00308,PROD090,111,448.29
POITEM00973,PO00309,PROD216,42,103.05
POITEM00974,PO00309,PROD242,241,478.65
POITEM00975,PO00309,PROD316,361,388.86
POITEM00976,PO00309,PROD139,32,185.81
POITEM00977,PO00310,PROD117,493,169.44
POITEM00978,PO00310,PROD265,495,751.2
POITEM00979,PO00310,PROD084,139,725.26
POITEM00980,PO00310,PROD225,305,739.73
POITEM00981,PO00310,PROD368,228,619.33
POITEM00982,PO00311,PROD428,404,556.07
POITEM00983,PO00311,PROD275,330,345.37
POITEM00984,PO00311,PROD342,288,372.68
POITEM00985,PO00312,PROD452,276,316.15
POITEM00986,PO00312,PROD130,398,372.25
POITEM00987,PO00312,PROD217,235,364.98
POITEM00988,PO00312,PROD333,115,267.79
POITEM00989,PO00313,PROD031,136,825.69
POITEM00990,PO00314,PROD329,306,267.76
POITEM00991,PO00314,PROD284,487,543.19
POITEM00992,PO00314,PROD027,179,397.54
POITEM00993,PO00315,PROD083,266,427.38
POITEM00994,PO00315,PROD211,138,660.34
POITEM00995,PO00315,PROD075,340,492.03
POITEM00996,PO00316,PROD027,440,397.54
POITEM00997,PO00316,PROD374,239,166.06
POITEM00998,PO00316,PROD040,231,459.73
POITEM00999,PO00316,PROD077,461,418.0
POITEM01000,PO00317,PROD039,420,328.0
POITEM01001,PO00317,PROD146,38,411.83
POITEM01002,PO00317,PROD310,310,658.21
POITEM01003,PO00318,PROD221,447,255.85
POITEM01004,PO00318,PROD201,360,148.93
POITEM01005,PO00318,PROD183,323,750.98
POITEM01006,PO00319,PROD020,285,496.51
POITEM01007,PO00319,PROD028,465,806.13
POITEM01008,PO00319,PROD050,157,794.2
POITEM01009,PO00319,PROD243,457,674.05
POITEM01010,PO00319,PROD454,224,39.96
POITEM01011,PO00320,PROD412,486,688.71
POITEM01012,PO00320,PROD421,351,734.59
POITEM01013,PO00320,PROD003,181,313.13
POITEM01014,PO00321,PROD293,48,540.67
POITEM01015,PO00321,PROD260,275,341.22
POITEM01016,PO00321,PROD479,416,554.3
POITEM01017,PO00321,PROD458,121,353.85
POITEM01018,PO00321,PROD235,100,819.51
POITEM01019,PO00321,PROD352,75,807.92
POITEM01020,PO00321,PROD477,230,637.64
POITEM01021,PO00321,PROD423,223,690.64
POITEM01022,PO00321,PROD102,211,814.0
POITEM01023,PO00322,PROD322,361,562.63
POITEM01024,PO00322,PROD273,226,82.7
POITEM01025,PO00322,PROD348,404,395.15
POITEM01026,PO00323,PROD001,37,776.99
POITEM01027,PO00323,PROD328,31,665.85
POITEM01028,PO00323,PROD076,228,128.14
POITEM01029,PO00323,PROD184,158,29.32
POITEM01030,PO00324,PROD465,446,567.0
POITEM01031,PO00324,PROD404,314,182.61
POITEM01032,PO00324,PROD132,350,576.63
POITEM01033,PO00324,PROD126,176,198.43
POITEM01034,PO00324,PROD159,410,783.19
POITEM01035,PO00325,PROD032,118,272.47
POITEM01036,PO00325,PROD434,165,825.48
POITEM01037,PO00325,PROD164,275,83.61
POITEM01038,PO00325,PROD499,475,136.97
POITEM01039,PO00326,PROD008,211,531.37
POITEM01040,PO00326,PROD081,378,408.14
POITEM01041,PO00326,PROD261,313,819.85
POITEM01042,PO00327,PROD370,195,241.67
POITEM01043,PO00327,PROD256,203,419.41
POITEM01044,PO00328,PROD478,153,587.74
POITEM01045,PO00328,PROD379,390,768.98
POITEM01046,PO00328,PROD096,55,575.32
POITEM01047,PO00328,PROD031,364,825.69
POITEM01048,PO00329,PROD391,136,689.07
POITEM01049,PO00330,PROD374,341,166.06
POITEM01050,PO00330,PROD119,88,65.49
POITEM01051,PO00330,PROD011,328,767.67
POITEM01052,PO00330,PROD467,273,338.35
POITEM01053,PO00330,PROD338,254,512.58
POITEM01054,PO00330,PROD127,380,100.06
POITEM01055,PO00331,PROD117,94,169.44
POITEM01056,PO00331,PROD398,323,652.23
POITEM01057,PO00331,PROD368,379,619.33
POITEM01058,PO00332,PROD220,490,441.05
POITEM01059,PO00332,PROD486,488,40.88
POITEM01060,PO00333,PROD483,252,367.42
POITEM01061,PO00334,PROD369,487,496.21
POITEM01062,PO00334,PROD141,337,718.98
POITEM01063,PO00335,PROD339,72,635.93
POITEM01064,PO00335,PROD397,308,41.01
POITEM01065,PO00335,PROD152,427,584.46
POITEM01066,PO00336,PROD012,313,840.64
POITEM01067,PO00336,PROD017,246,435.9
POITEM01068,PO00336,PROD306,306,255.04
POITEM01069,PO00337,PROD261,316,819.85
POITEM01070,PO00337,PROD085,311,577.31
POITEM01071,PO00338,PROD068,202,804.13
POITEM01072,PO00338,PROD063,279,535.5
POITEM01073,PO00338,PROD066,198,101.43
POITEM01074,PO00338,PROD258,329,268.33
POITEM01075,PO00338,PROD065,260,418.06
POITEM01076,PO00338,PROD217,416,364.98
POITEM01077,PO00339,PROD265,56,751.2
POITEM01078,PO00339,PROD304,20,170.43
POITEM01079,PO00340,PROD186,444,248.28
POITEM01080,PO00340,PROD393,290,401.11
POITEM01081,PO00340,PROD435,400,605.54
POITEM01082,PO00341,PROD457,353,725.46
POITEM01083,PO00341,PROD194,95,504.89
POITEM01084,PO00341,PROD180,414,627.22
POITEM01085,PO00341,PROD493,134,163.56
POITEM01086,PO00341,PROD060,166,493.98
POITEM01087,PO00342,PROD355,30,245.42
POITEM01088,PO00342,PROD014,232,234.75
POITEM01089,PO00342,PROD264,456,329.51
POITEM01090,PO00342,PROD396,353,471.13
POITEM01091,PO00343,PROD169,332,677.32
POITEM01092,PO00344,PROD384,489,687.48
POITEM01093,PO00344,PROD402,157,288.73
POITEM01094,PO00344,PROD336,458,771.31
POITEM01095,PO00345,PROD080,103,528.13
POITEM01096,PO00345,PROD268,57,615.12
POITEM01097,PO00346,PROD049,281,665.03
POITEM01098,PO00346,PROD498,60,707.28
POITEM01099,PO00346,PROD338,183,512.58
POITEM01100,PO00347,PROD259,131,724.03
POITEM01101,PO00347,PROD299,412,408.79
POITEM01102,PO00348,PROD439,247,348.87
POITEM01103,PO00348,PROD015,32,198.05
POITEM01104,PO00349,PROD327,362,77.16
POITEM01105,PO00349,PROD206,131,609.95
POITEM01106,PO00349,PROD478,114,587.74
POITEM01107,PO00349,PROD067,247,768.19
POITEM01108,PO00349,PROD198,227,145.64
POITEM01109,PO00350,PROD232,413,113.62
POITEM01110,PO00350,PROD079,273,812.58
POITEM01111,PO00350,PROD002,330,804.13
POITEM01112,PO00351,PROD247,282,826.24
POITEM01113,PO00352,PROD226,493,302.07
POITEM01114,PO00352,PROD310,284,658.21
POITEM01115,PO00353,PROD318,242,549.26
POITEM01116,PO00353,PROD302,447,202.72
POITEM01117,PO00353,PROD319,447,39.15
POITEM01118,PO00354,PROD154,75,783.77
POITEM01119,PO00354,PROD186,463,248.28
POITEM01120,PO00354,PROD142,367,808.34
POITEM01121,PO00354,PROD138,432,737.18
POITEM01122,PO00355,PROD499,98,136.97
POITEM01123,PO00355,PROD368,289,619.33
POITEM01124,PO00355,PROD456,104,490.07
POITEM01125,PO00355,PROD292,224,238.58
POITEM01126,PO00356,PROD054,328,723.26
POITEM01127,PO00356,PROD162,390,17.84
POITEM01128,PO00357,PROD229,430,704.2
POITEM01129,PO00357,PROD437,298,656.13
POITEM01130,PO00358,PROD170,134,847.62
POITEM01131,PO00358,PROD377,118,593.84
POITEM01132,PO00359,PROD294,56,225.47
POITEM01133,PO00359,PROD482,426,195.08
POITEM01134,PO00359,PROD397,360,41.01
POITEM01135,PO00359,PROD117,129,169.44
POITEM01136,PO00360,PROD426,403,369.19
POITEM01137,PO00360,PROD217,68,364.98
POITEM01138,PO00361,PROD073,430,483.95
POITEM01139,PO00361,PROD058,30,725.52
POITEM01140,PO00361,PROD411,422,722.17
POITEM01141,PO00361,PROD011,42,767.67
POITEM01142,PO00362,PROD183,440,750.98
POITEM01143,PO00362,PROD455,287,767.23
POITEM01144,PO00362,PROD419,363,312.82
POITEM01145,PO00363,PROD062,84,176.9
POITEM01146,PO00363,PROD326,186,44.1
POITEM01147,PO00364,PROD099,480,263.66
POITEM01148,PO00364,PROD049,130,665.03
POITEM01149,PO00364,PROD315,474,259.32
POITEM01150,PO00364,PROD359,273,452.52
POITEM01151,PO00364,PROD002,447,804.13
POITEM01152,PO00364,PROD170,479,847.62
POITEM01153,PO00365,PROD374,314,166.06
POITEM01154,PO00365,PROD285,484,346.6
POITEM01155,PO00365,PROD240,443,813.74
POITEM01156,PO00365,PROD325,370,844.48
POITEM01157,PO00366,PROD397,111,41.01
POITEM01158,PO00366,PROD096,222,575.32
POITEM01159,PO00367,PROD383,153,361.93
POITEM01160,PO00367,PROD452,408,316.15
POITEM01161,PO00367,PROD179,426,282.68
POITEM01162,PO00367,PROD084,125,725.26
POITEM01163,PO00367,PROD343,295,279.4
POITEM01164,PO00368,PROD228,186,683.56
POITEM01165,PO00369,PROD129,434,474.72
POITEM01166,PO00369,PROD335,420,290.45
POITEM01167,PO00369,PROD312,429,216.09
POITEM01168,PO00369,PROD138,78,737.18
POITEM01169,PO00370,PROD498,410,707.28
POITEM01170,PO00370,PROD389,353,539.54
POITEM01171,PO00371,PROD284,497,543.19
POITEM01172,PO00371,PROD143,386,189.93
POITEM01173,PO00371,PROD004,444,681.55
POITEM01174,PO00371,PROD495,92,56.14
POITEM01175,PO00371,PROD295,412,114.04
POITEM01176,PO00372,PROD433,492,509.44
POITEM01177,PO00372,PROD182,137,188.11
POITEM01178,PO00372,PROD231,360,543.19
POITEM01179,PO00372,PROD438,345,485.88
POITEM01180,PO00373,PROD346,297,634.23
POITEM01181,PO00373,PROD057,99,726.74
POITEM01182,PO00373,PROD459,198,425.98
POITEM01183,PO00374,PROD335,86,290.45
POITEM01184,PO00374,PROD273,29,82.7
POITEM01185,PO00374,PROD223,264,123.48
POITEM01186,PO00374,PROD232,201,113.62
POITEM01187,PO00375,PROD213,486,593.33
POITEM01188,PO00375,PROD220,59,441.05
POITEM01189,PO00375,PROD488,337,538.7
POITEM01190,PO00376,PROD369,158,496.21
POITEM01191,PO00376,PROD171,140,619.21
POITEM01192,PO00376,PROD028,159,806.13
POITEM01193,PO00376,PROD367,20,416.73
POITEM01194,PO00377,PROD335,195,290.45
POITEM01195,PO00377,PROD191,252,491.12
POITEM01196,PO00378,PROD186,254,248.28
POITEM01197,PO00378,PROD382,471,278.93
POITEM01198,PO00379,PROD043,192,432.93
POITEM01199,PO00379,PROD392,21,844.63
POITEM01200,PO00379,PROD031,241,825.69
POITEM01201,PO00380,PROD124,333,413.86
POITEM01202,PO00380,PROD125,421,569.18
POITEM01203,PO00380,PROD028,172,806.13
POITEM01204,PO00381,PROD326,234,44.1
POITEM01205,PO00381,PROD012,448,840.64
POITEM01206,PO00381,PROD443,70,266.46
POITEM01207,PO00382,PROD436,256,483.58
POITEM01208,PO00382,PROD429,132,65.57
POITEM01209,PO00382,PROD460,448,70.8
POITEM01210,PO00383,PROD279,271,181.43
POITEM01211,PO00383,PROD306,383,255.04
POITEM01212,PO00383,PROD001,290,776.99
POITEM01213,PO00384,PROD479,352,554.3
POITEM01214,PO00384,PROD295,213,114.04
POITEM01215,PO00384,PROD412,77,688.71
POITEM01216,PO00385,PROD222,223,237.21
POITEM01217,PO00385,PROD204,329,103.04
POITEM01218,PO00385,PROD063,47,535.5
POITEM01219,PO00386,PROD170,81,847.62
POITEM01220,PO00386,PROD296,255,629.34
POITEM01221,PO00386,PROD031,356,825.69
POITEM01222,PO00386,PROD138,450,737.18
POITEM01223,PO00386,PROD061,313,433.65
POITEM01224,PO00387,PROD054,324,723.26
POITEM01225,PO00388,PROD017,338,435.9
POITEM01226,PO00388,PROD291,218,188.82
POITEM01227,PO00388,PROD477,364,637.64
POITEM01228,PO00389,PROD442,281,622.08
POITEM01229,PO00389,PROD077,132,418.0
POITEM01230,PO00389,PROD310,29,658.21
POITEM01231,PO00389,PROD477,282,637.64
POITEM01232,PO00390,PROD277,98,596.29
POITEM01233,PO00390,PROD261,151,819.85
POITEM01234,PO00390,PROD465,418,567.0
POITEM01235,PO00390,PROD259,130,724.03
POITEM01236,PO00391,PROD380,295,583.27
POITEM01237,PO00391,PROD201,371,148.93
POITEM01238,PO00392,PROD472,500,577.91
POITEM01239,PO00392,PROD258,376,268.33
POITEM01240,PO00392,PROD096,139,575.32
POITEM01241,PO00393,PROD461,186,132.57
POITEM01242,PO00394,PROD060,456,493.98
POITEM01243,PO00394,PROD416,409,632.6
POITEM01244,PO00394,PROD100,430,479.23
POITEM01245,PO00395,PROD034,215,553.63
POITEM01246,PO00395,PROD428,248,556.07
POITEM01247,PO00395,PROD168,411,579.64
POITEM01248,PO00396,PROD275,293,345.37
POITEM01249,PO00396,PROD082,113,553.44
POITEM01250,PO00396,PROD465,170,567.0
POITEM01251,PO00397,PROD425,427,128.6
POITEM01252,PO00397,PROD427,435,318.68
POITEM01253,PO00398,PROD029,363,272.35
POITEM01254,PO00398,PROD291,347,188.82
POITEM01255,PO00398,PROD143,105,189.93
POITEM01256,PO00399,PROD241,134,619.62
POITEM01257,PO00399,PROD276,80,128.13
POITEM01258,PO00399,PROD044,471,408.18
POITEM01259,PO00399,PROD408,354,677.22
POITEM01260,PO00400,PROD373,317,693.26
POITEM01261,PO00400,PROD039,431,328.0
POITEM01262,PO00400,PROD364,31,28.18
POITEM01263,PO00400,PROD124,33,413.86
POITEM01264,PO00400,PROD196,161,763.76
POITEM01265,PO00400,PROD414,482,649.94
POITEM01266,PO00401,PROD307,414,168.22
POITEM01267,PO00401,PROD135,197,585.93
POITEM01268,PO00401,PROD031,369,825.69
POITEM01269,PO00402,PROD390,335,668.9
POITEM01270,PO00402,PROD115,150,800.71
POITEM01271,PO00403,PROD319,451,39.15
POITEM01272,PO00403,PROD352,293,807.92
POITEM01273,PO00403,PROD083,325,427.38
POITEM01274,PO00403,PROD223,47,123.48
POITEM01275,PO00403,PROD405,30,42.4
POITEM01276,PO00404,PROD038,446,806.17
POITEM01277,PO00404,PROD457,169,725.46
POITEM01278,PO00405,PROD050,264,794.2
POITEM01279,PO00405,PROD053,408,384.27
POITEM01280,PO00406,PROD210,260,734.75
POITEM01281,PO00406,PROD455,45,767.23
POITEM01282,PO00406,PROD444,305,399.53
POITEM01283,PO00407,PROD284,367,543.19
POITEM01284,PO00407,PROD079,25,812.58
POITEM01285,PO00407,PROD144,150,669.01
POITEM01286,PO00408,PROD360,165,13.82
POITEM01287,PO00408,PROD248,23,696.53
POITEM01288,PO00408,PROD091,37,484.78
POITEM01289,PO00409,PROD034,286,553.63
POITEM01290,PO00409,PROD383,462,361.93
POITEM01291,PO00409,PROD403,231,460.82
POITEM01292,PO00410,PROD312,111,216.09
POITEM01293,PO00410,PROD223,415,123.48
POITEM01294,PO00411,PROD215,71,621.5
POITEM01295,PO00411,PROD136,332,254.26
POITEM01296,PO00411,PROD331,158,432.78
POITEM01297,PO00411,PROD492,321,804.82
POITEM01298,PO00412,PROD307,460,168.22
POITEM01299,PO00412,PROD294,434,225.47
POITEM01300,PO00412,PROD020,226,496.51
POITEM01301,PO00412,PROD043,138,432.93
POITEM01302,PO00412,PROD006,128,708.02
POITEM01303,PO00412,PROD070,154,254.2
POITEM01304,PO00412,PROD441,497,314.89
POITEM01305,PO00413,PROD358,262,453.91
POITEM01306,PO00413,PROD390,48,668.9
POITEM01307,PO00414,PROD217,140,364.98
POITEM01308,PO00414,PROD260,335,341.22
POITEM01309,PO00414,PROD089,357,454.84
POITEM01310,PO00415,PROD276,287,128.13
POITEM01311,PO00415,PROD404,344,182.61
POITEM01312,PO00415,PROD094,22,119.15
POITEM01313,PO00415,PROD047,80,69.18
POITEM01314,PO00415,PROD124,81,413.86
POITEM01315,PO00416,PROD399,209,148.15
POITEM01316,PO00416,PROD052,465,368.02
POITEM01317,PO00416,PROD345,72,556.51
POITEM01318,PO00417,PROD081,124,408.14
POITEM01319,PO00417,PROD464,260,580.41
POITEM01320,PO00417,PROD479,205,554.3
POITEM01321,PO00418,PROD237,183,500.6
POITEM01322,PO00419,PROD129,124,474.72
POITEM01323,PO00419,PROD358,311,453.91
POITEM01324,PO00419,PROD075,198,492.03
POITEM01325,PO00419,PROD050,428,794.2
POITEM01326,PO00419,PROD379,399,768.98
POITEM01327,PO00420,PROD283,121,484.15
POITEM01328,PO00420,PROD004,473,681.55
POITEM01329,PO00420,PROD252,134,755.34
POITEM01330,PO00421,PROD439,373,348.87
POITEM01331,PO00422,PROD401,476,73.57
POITEM01332,PO00422,PROD266,169,691.86
POITEM01333,PO00422,PROD088,41,814.29
POITEM01334,PO00422,PROD314,263,834.65
POITEM01335,PO00423,PROD188,197,345.38
POITEM01336,PO00423,PROD377,287,593.84
POITEM01337,PO00424,PROD012,100,840.64
POITEM01338,PO00424,PROD393,342,401.11
POITEM01339,PO00424,PROD220,347,441.05
POITEM01340,PO00424,PROD449,204,743.17
POITEM01341,PO00424,PROD386,464,321.18
POITEM01342,PO00425,PROD010,50,95.43
POITEM01343,PO00425,PROD269,208,500.47
POITEM01344,PO00426,PROD480,381,732.4
POITEM01345,PO00427,PROD435,63,605.54
POITEM01346,PO00427,PROD011,209,767.67
POITEM01347,PO00427,PROD033,121,631.35
POITEM01348,PO00428,PROD428,173,556.07
POITEM01349,PO00429,PROD388,280,392.75
POITEM01350,PO00429,PROD195,376,419.18
POITEM01351,PO00429,PROD436,365,483.58
POITEM01352,PO00429,PROD358,235,453.91
POITEM01353,PO00429,PROD279,128,181.43
POITEM01354,PO00430,PROD301,24,125.66
POITEM01355,PO00430,PROD276,288,128.13
POITEM01356,PO00430,PROD242,35,478.65
POITEM01357,PO00431,PROD479,301,554.3
POITEM01358,PO00431,PROD299,398,408.79
POITEM01359,PO00432,PROD338,189,512.58
POITEM01360,PO00432,PROD445,251,632.13
POITEM01361,PO00432,PROD314,372,834.65
POITEM01362,PO00432,PROD200,402,324.44
POITEM01363,PO00432,PROD411,206,722.17
POITEM01364,PO00432,PROD424,452,212.71
POITEM01365,PO00433,PROD171,494,619.21
POITEM01366,PO00433,PROD059,216,476.49
POITEM01367,PO00433,PROD082,99,553.44
POITEM01368,PO00433,PROD321,500,627.48
POITEM01369,PO00433,PROD168,106,579.64
POITEM01370,PO00434,PROD402,445,288.73
POITEM01371,PO00434,PROD144,151,669.01
POITEM01372,PO00434,PROD396,366,471.13
POITEM01373,PO00434,PROD209,157,431.65
POITEM01374,PO00435,PROD230,471,393.11
POITEM01375,PO00435,PROD039,212,328.0
POITEM01376,PO00435,PROD287,42,101.85
POITEM01377,PO00435,PROD348,488,395.15
POITEM01378,PO00436,PROD175,216,214.47
POITEM01379,PO00436,PROD039,356,328.0
POITEM01380,PO00436,PROD019,454,121.47
POITEM01381,PO00437,PROD073,215,483.95
POITEM01382,PO00437,PROD037,94,675.52
POITEM01383,PO00438,PROD249,273,494.03
POITEM01384,PO00438,PROD260,427,341.22
POITEM01385,PO00438,PROD192,428,840.18
POITEM01386,PO00438,PROD359,74,452.52
POITEM01387,PO00439,PROD325,26,844.48
POITEM01388,PO00440,PROD489,487,628.21
POITEM01389,PO00440,PROD334,110,631.9
POITEM01390,PO00440,PROD387,181,540.68
POITEM01391,PO00440,PROD213,340,593.33
POITEM01392,PO00441,PROD110,106,706.0
POITEM01393,PO00441,PROD164,300,83.61
POITEM01394,PO00442,PROD456,410,490.07
POITEM01395,PO00442,PROD264,285,329.51
POITEM01396,PO00442,PROD389,499,539.54
POITEM01397,PO00443,PROD236,164,535.24
POITEM01398,PO00443,PROD051,325,320.72
POITEM01399,PO00444,PROD262,279,46.35
POITEM01400,PO00444,PROD016,352,765.64
POITEM01401,PO00445,PROD147,430,333.32
POITEM01402,PO00445,PROD134,446,169.2
POITEM01403,PO00445,PROD401,269,73.57
POITEM01404,PO00445,PROD395,88,236.19
POITEM01405,PO00445,PROD140,419,695.21
POITEM01406,PO00445,PROD108,77,22.43
POITEM01407,PO00446,PROD438,306,485.88
POITEM01408,PO00446,PROD214,420,448.24
POITEM01409,PO00446,PROD109,134,173.24
POITEM01410,PO00446,PROD443,417,266.46
POITEM01411,PO00447,PROD120,377,125.97
POITEM01412,PO00447,PROD263,143,750.8
POITEM01413,PO00447,PROD457,43,725.46
POITEM01414,PO00447,PROD153,414,609.33
POITEM01415,PO00448,PROD169,212,677.32
POITEM01416,PO00448,PROD491,282,87.09
POITEM01417,PO00448,PROD395,386,236.19
POITEM01418,PO00449,PROD285,36,346.6
POITEM01419,PO00449,PROD389,53,539.54
POITEM01420,PO00449,PROD492,435,804.82
POITEM01421,PO00450,PROD047,476,69.18
POITEM01422,PO00450,PROD366,136,707.17
POITEM01423,PO00450,PROD489,73,628.21
POITEM01424,PO00450,PROD355,82,245.42
POITEM01425,PO00451,PROD355,23,245.42
POITEM01426,PO00451,PROD226,131,302.07
POITEM01427,PO00451,PROD159,49,783.19
POITEM01428,PO00451,PROD199,87,60.76
POITEM01429,PO00452,PROD271,78,642.62
POITEM01430,PO00453,PROD445,181,632.13
POITEM01431,PO00453,PROD072,289,760.5
POITEM01432,PO00453,PROD253,298,512.2
POITEM01433,PO00453,PROD439,302,348.87
POITEM01434,PO00454,PROD013,32,731.42
POITEM01435,PO00454,PROD213,458,593.33
POITEM01436,PO00454,PROD112,153,787.68
POITEM01437,PO00455,PROD086,222,796.25
POITEM01438,PO00455,PROD449,65,743.17
POITEM01439,PO00456,PROD050,480,794.2
POITEM01440,PO00456,PROD479,442,554.3
POITEM01441,PO00456,PROD022,55,164.43
POITEM01442,PO00456,PROD010,255,95.43
POITEM01443,PO00456,PROD499,328,136.97
POITEM01444,PO00457,PROD080,58,528.13
POITEM01445,PO00457,PROD100,130,479.23
POITEM01446,PO00457,PROD279,359,181.43
POITEM01447,PO00457,PROD334,249,631.9
POITEM01448,PO00457,PROD010,36,95.43
POITEM01449,PO00458,PROD455,22,767.23
POITEM01450,PO00458,PROD287,58,101.85
POITEM01451,PO00458,PROD434,463,825.48
POITEM01452,PO00458,PROD047,488,69.18
POITEM01453,PO00458,PROD427,406,318.68
POITEM01454,PO00458,PROD306,161,255.04
POITEM01455,PO00458,PROD160,218,576.41
POITEM01456,PO00459,PROD019,271,121.47
POITEM01457,PO00459,PROD480,100,732.4
POITEM01458,PO00459,PROD239,38,391.55
POITEM01459,PO00459,PROD254,343,529.14
POITEM01460,PO00459,PROD074,400,668.18
POITEM01461,PO00459,PROD458,164,353.85
POITEM01462,PO00460,PROD004,478,681.55
POITEM01463,PO00460,PROD223,124,123.48
POITEM01464,PO00460,PROD377,373,593.84
POITEM01465,PO00460,PROD432,370,384.23
POITEM01466,PO00461,PROD014,115,234.75
POITEM01467,PO00461,PROD058,235,725.52
POITEM01468,PO00461,PROD489,87,628.21
POITEM01469,PO00461,PROD206,186,609.95
POITEM01470,PO00461,PROD364,54,28.18
POITEM01471,PO00462,PROD194,81,504.89
POITEM01472,PO00462,PROD481,268,490.69
POITEM01473,PO00463,PROD415,193,160.17
POITEM01474,PO00463,PROD374,71,166.06
POITEM01475,PO00464,PROD303,123,460.65
POITEM01476,PO00464,PROD203,48,195.25
POITEM01477,PO00464,PROD227,462,641.82
POITEM01478,PO00465,PROD159,346,783.19
POITEM01479,PO00465,PROD048,451,69.08
POITEM01480,PO00466,PROD213,142,593.33
POITEM01481,PO00466,PROD173,141,28.86
POITEM01482,PO00467,PROD339,205,635.93
POITEM01483,PO00467,PROD265,266,751.2
POITEM01484,PO00467,PROD490,162,806.54
POITEM01485,PO00468,PROD164,278,83.61
POITEM01486,PO00468,PROD448,29,776.39
POITEM01487,PO00469,PROD053,213,384.27
POITEM01488,PO00469,PROD201,269,148.93
POITEM01489,PO00469,PROD073,204,483.95
POITEM01490,PO00469,PROD350,42,431.8
POITEM01491,PO00470,PROD138,220,737.18
POITEM01492,PO00471,PROD296,344,629.34
POITEM01493,PO00471,PROD131,482,395.7
POITEM01494,PO00471,PROD394,209,789.05
POITEM01495,PO00472,PROD330,350,374.25
POITEM01496,PO00472,PROD083,488,427.38
POITEM01497,PO00472,PROD031,326,825.69
POITEM01498,PO00472,PROD051,30,320.72
POITEM01499,PO00472,PROD258,91,268.33
POITEM01500,PO00472,PROD055,129,324.06
POITEM01501,PO00472,PROD391,106,689.07
POITEM01502,PO00473,PROD308,300,364.45
POITEM01503,PO00473,PROD268,496,615.12
POITEM01504,PO00474,PROD058,412,725.52
POITEM01505,PO00474,PROD437,198,656.13
POITEM01506,PO00474,PROD250,36,549.69
POITEM01507,PO00475,PROD474,262,486.88
POITEM01508,PO00475,PROD083,344,427.38
POITEM01509,PO00475,PROD200,201,324.44
POITEM01510,PO00475,PROD418,430,502.51
POITEM01511,PO00475,PROD463,30,440.81
POITEM01512,PO00475,PROD237,163,500.6
POITEM01513,PO00476,PROD082,341,553.44
POITEM01514,PO00476,PROD339,165,635.93
POITEM01515,PO00476,PROD075,120,492.03
POITEM01516,PO00476,PROD345,395,556.51
POITEM01517,PO00476,PROD327,329,77.16
POITEM01518,PO00476,PROD465,365,567.0
POITEM01519,PO00476,PROD264,240,329.51
POITEM01520,PO00477,PROD426,408,369.19
POITEM01521,PO00478,PROD132,304,576.63
POITEM01522,PO00478,PROD433,268,509.44
POITEM01523,PO00479,PROD117,165,169.44
POITEM01524,PO00480,PROD130,383,372.25
POITEM01525,PO00480,PROD150,460,800.82
POITEM01526,PO00480,PROD403,402,460.82
POITEM01527,PO00480,PROD074,260,668.18
POITEM01528,PO00480,PROD370,78,241.67
POITEM01529,PO00481,PROD187,317,702.51
POITEM01530,PO00482,PROD026,479,429.06
POITEM01531,PO00482,PROD075,29,492.03
POITEM01532,PO00482,PROD322,238,562.63
POITEM01533,PO00482,PROD317,388,616.34
POITEM01534,PO00483,PROD499,489,136.97
POITEM01535,PO00483,PROD162,150,17.84
POITEM01536,PO00483,PROD218,89,669.74
POITEM01537,PO00483,PROD467,435,338.35
POITEM01538,PO00484,PROD020,32,496.51
POITEM01539,PO00484,PROD489,309,628.21
POITEM01540,PO00484,PROD402,286,288.73
POITEM01541,PO00484,PROD313,101,530.62
POITEM01542,PO00485,PROD060,360,493.98
POITEM01543,PO00485,PROD136,172,254.26
POITEM01544,PO00485,PROD364,246,28.18
POITEM01545,PO00485,PROD221,41,255.85
POITEM01546,PO00486,PROD252,421,755.34
POITEM01547,PO00486,PROD031,239,825.69
POITEM01548,PO00487,PROD172,123,259.65
POITEM01549,PO00487,PROD166,358,389.01
POITEM01550,PO00487,PROD465,357,567.0
POITEM01551,PO00487,PROD469,61,690.5
POITEM01552,PO00488,PROD216,34,103.05
POITEM01553,PO00488,PROD096,484,575.32
POITEM01554,PO00488,PROD280,314,561.08
POITEM01555,PO00489,PROD190,69,716.67
POITEM01556,PO00489,PROD137,218,614.65
POITEM01557,PO00489,PROD348,146,395.15
POITEM01558,PO00489,PROD017,249,435.9
POITEM01559,PO00490,PROD284,248,543.19
POITEM01560,PO00490,PROD085,116,577.31
POITEM01561,PO00490,PROD059,334,476.49
POITEM01562,PO00491,PROD317,72,616.34
POITEM01563,PO00491,PROD323,33,348.8
POITEM01564,PO00491,PROD463,409,440.81
POITEM01565,PO00492,PROD334,201,631.9
POITEM01566,PO00492,PROD339,242,635.93
POITEM01567,PO00492,PROD500,75,482.22
POITEM01568,PO00493,PROD429,212,65.57
POITEM01569,PO00493,PROD483,152,367.42
POITEM01570,PO00493,PROD246,257,775.74
POITEM01571,PO00494,PROD285,200,346.6
POITEM01572,PO00494,PROD134,49,169.2
POITEM01573,PO00494,PROD472,401,577.91
POITEM01574,PO00495,PROD298,202,152.63
POITEM01575,PO00495,PROD290,259,96.88
POITEM01576,PO00495,PROD080,471,528.13
POITEM01577,PO00496,PROD005,286,497.89
POITEM01578,PO00496,PROD074,196,668.18
POITEM01579,PO00497,PROD166,25,389.01
POITEM01580,PO00497,PROD350,146,431.8
POITEM01581,PO00497,PROD171,115,619.21
POITEM01582,PO00497,PROD073,500,483.95
POITEM01583,PO00498,PROD441,308,314.89
POITEM01584,PO00498,PROD430,425,576.39
POITEM01585,PO00499,PROD272,434,456.22
POITEM01586,PO00499,PROD439,329,348.87
POITEM01587,PO00499,PROD106,414,129.72
POITEM01588,PO00500,PROD251,297,788.6
POITEM01589,PO00500,PROD113,135,148.55
POITEM01590,PO00500,PROD456,435,490.07
POITEM01591,PO00500,PROD008,47,531.37
POITEM01592,PO00500,PROD376,136,507.07
POITEM01593,PO00500,PROD344,307,838.24
POITEM01594,PO00501,PROD327,425,77.16
POITEM01595,PO00501,PROD244,225,89.5
POITEM01596,PO00501,PROD238,323,59.91
POITEM01597,PO00502,PROD377,471,593.84
POITEM01598,PO00502,PROD009,71,267.41
POITEM01599,PO00502,PROD169,316,677.32
POITEM01600,PO00502,PROD007,254,88.13
POITEM01601,PO00502,PROD433,37,509.44
POITEM01602,PO00502,PROD251,328,788.6
POITEM01603,PO00503,PROD179,162,282.68
POITEM01604,PO00503,PROD480,32,732.4
POITEM01605,PO00503,PROD362,455,488.97
POITEM01606,PO00504,PROD409,126,295.02
POITEM01607,PO00504,PROD223,302,123.48
POITEM01608,PO00504,PROD242,349,478.65
POITEM01609,PO00505,PROD382,237,278.93
POITEM01610,PO00505,PROD411,331,722.17
POITEM01611,PO00505,PROD191,181,491.12
POITEM01612,PO00505,PROD212,326,333.53
POITEM01613,PO00505,PROD254,488,529.14
POITEM01614,PO00506,PROD117,136,169.44
POITEM01615,PO00506,PROD085,270,577.31
POITEM01616,PO00506,PROD367,407,416.73
POITEM01617,PO00506,PROD244,41,89.5
POITEM01618,PO00506,PROD112,117,787.68
POITEM01619,PO00506,PROD086,366,796.25
POITEM01620,PO00506,PROD494,461,405.19
POITEM01621,PO00506,PROD136,344,254.26
POITEM01622,PO00507,PROD168,369,579.64
POITEM01623,PO00507,PROD210,432,734.75
POITEM01624,PO00507,PROD208,75,672.53
POITEM01625,PO00507,PROD392,493,844.63
POITEM01626,PO00507,PROD165,499,341.6
POITEM01627,PO00508,PROD098,477,478.75
POITEM01628,PO00508,PROD011,249,767.67
POITEM01629,PO00509,PROD228,375,683.56
POITEM01630,PO00509,PROD197,300,622.87
POITEM01631,PO00509,PROD416,63,632.6
POITEM01632,PO00510,PROD045,72,105.62
POITEM01633,PO00510,PROD299,261,408.79
POITEM01634,PO00511,PROD444,141,399.53
POITEM01635,PO00512,PROD237,131,500.6
POITEM01636,PO00512,PROD128,58,304.2
POITEM01637,PO00512,PROD274,289,184.54
POITEM01638,PO00512,PROD024,154,367.61
POITEM01639,PO00512,PROD035,118,513.23
POITEM01640,PO00513,PROD367,403,416.73
POITEM01641,PO00513,PROD062,307,176.9
POITEM01642,PO00513,PROD413,93,431.16
POITEM01643,PO00513,PROD224,231,36.63
POITEM01644,PO00514,PROD196,256,763.76
POITEM01645,PO00514,PROD474,295,486.88
POITEM01646,PO00514,PROD460,266,70.8
POITEM01647,PO00514,PROD088,473,814.29
POITEM01648,PO00514,PROD013,425,731.42
POITEM01649,PO00514,PROD228,404,683.56
POITEM01650,PO00514,PROD105,137,288.76
POITEM01651,PO00514,PROD131,395,395.7
POITEM01652,PO00515,PROD478,176,587.74
POITEM01653,PO00515,PROD179,251,282.68
POITEM01654,PO00515,PROD407,482,628.45
POITEM01655,PO00515,PROD479,499,554.3
POITEM01656,PO00515,PROD214,119,448.24
POITEM01657,PO00515,PROD446,52,112.46
POITEM01658,PO00516,PROD208,226,672.53
POITEM01659,PO00517,PROD455,157,767.23
POITEM01660,PO00517,PROD310,134,658.21
POITEM01661,PO00518,PROD281,262,472.78
POITEM01662,PO00518,PROD342,279,372.68
POITEM01663,PO00518,PROD188,396,345.38
POITEM01664,PO00519,PROD266,367,691.86
POITEM01665,PO00519,PROD272,425,456.22
POITEM01666,PO00519,PROD496,155,574.68
POITEM01667,PO00519,PROD025,479,270.8
POITEM01668,PO00519,PROD456,55,490.07
POITEM01669,PO00520,PROD413,114,431.16
POITEM01670,PO00520,PROD367,304,416.73
POITEM01671,PO00521,PROD355,435,245.42
POITEM01672,PO00521,PROD194,299,504.89
POITEM01673,PO00521,PROD018,254,369.91
POITEM01674,PO00521,PROD475,131,349.43
POITEM01675,PO00521,PROD481,411,490.69
POITEM01676,PO00522,PROD265,486,751.2
POITEM01677,PO00522,PROD044,88,408.18
POITEM01678,PO00522,PROD098,410,478.75
POITEM01679,PO00522,PROD232,97,113.62
POITEM01680,PO00523,PROD333,21,267.79
POITEM01681,PO00523,PROD118,417,256.92
POITEM01682,PO00524,PROD206,317,609.95
POITEM01683,PO00524,PROD147,114,333.32
POITEM01684,PO00524,PROD251,391,788.6
POITEM01685,PO00524,PROD212,264,333.53
POITEM01686,PO00524,PROD131,121,395.7
POITEM01687,PO00525,PROD450,263,446.47
POITEM01688,PO00525,PROD120,352,125.97
POITEM01689,PO00525,PROD475,87,349.43
POITEM01690,PO00525,PROD373,474,693.26
POITEM01691,PO00526,PROD177,126,207.32
POITEM01692,PO00526,PROD460,357,70.8
POITEM01693,PO00527,PROD128,122,304.2
POITEM01694,PO00527,PROD018,223,369.91
POITEM01695,PO00527,PROD478,269,587.74
POITEM01696,PO00527,PROD090,52,448.29
POITEM01697,PO00527,PROD046,228,444.13
POITEM01698,PO00528,PROD389,226,539.54
POITEM01699,PO00528,PROD267,26,508.59
POITEM01700,PO00528,PROD233,99,563.96
POITEM01701,PO00529,PROD468,148,340.28
POITEM01702,PO00529,PROD354,291,728.91
POITEM01703,PO00529,PROD352,280,807.92
POITEM01704,PO00530,PROD301,266,125.66
POITEM01705,PO00530,PROD046,294,444.13
POITEM01706,PO00530,PROD214,58,448.24
POITEM01707,PO00531,PROD309,188,467.42
POITEM01708,PO00531,PROD332,483,72.5
POITEM01709,PO00531,PROD277,344,596.29
POITEM01710,PO00532,PROD458,425,353.85
POITEM01711,PO00532,PROD080,114,528.13
POITEM01712,PO00533,PROD179,182,282.68
POITEM01713,PO00533,PROD128,145,304.2
POITEM01714,PO00533,PROD304,443,170.43
POITEM01715,PO00534,PROD022,173,164.43
POITEM01716,PO00534,PROD225,436,739.73
POITEM01717,PO00534,PROD086,281,796.25
POITEM01718,PO00534,PROD324,232,214.11
POITEM01719,PO00535,PROD119,438,65.49
POITEM01720,PO00535,PROD027,375,397.54
POITEM01721,PO00536,PROD198,161,145.64
POITEM01722,PO00536,PROD252,380,755.34
POITEM01723,PO00536,PROD020,59,496.51
POITEM01724,PO00536,PROD044,454,408.18
POITEM01725,PO00537,PROD455,39,767.23
POITEM01726,PO00537,PROD443,307,266.46
POITEM01727,PO00537,PROD082,123,553.44
POITEM01728,PO00538,PROD158,188,660.16
POITEM01729,PO00538,PROD258,226,268.33
POITEM01730,PO00539,PROD332,304,72.5
POITEM01731,PO00540,PROD409,228,295.02
POITEM01732,PO00540,PROD232,32,113.62
POITEM01733,PO00540,PROD236,380,535.24
POITEM01734,PO00540,PROD497,232,607.34
POITEM01735,PO00541,PROD209,318,431.65
POITEM01736,PO00541,PROD286,45,584.6
POITEM01737,PO00541,PROD292,238,238.58
POITEM01738,PO00541,PROD441,204,314.89
POITEM01739,PO00542,PROD281,349,472.78
POITEM01740,PO00542,PROD129,132,474.72
POITEM01741,PO00543,PROD244,399,89.5
POITEM01742,PO00544,PROD140,133,695.21
POITEM01743,PO00544,PROD182,195,188.11
POITEM01744,PO00545,PROD353,278,270.5
POITEM01745,PO00545,PROD313,139,530.62
POITEM01746,PO00545,PROD142,231,808.34
POITEM01747,PO00545,PROD494,57,405.19
POITEM01748,PO00545,PROD174,294,34.33
POITEM01749,PO00546,PROD449,482,743.17
POITEM01750,PO00546,PROD290,105,96.88
POITEM01751,PO00547,PROD137,22,614.65
POITEM01752,PO00547,PROD167,113,587.07
POITEM01753,PO00548,PROD062,336,176.9
POITEM01754,PO00548,PROD246,190,775.74
POITEM01755,PO00548,PROD416,424,632.6
POITEM01756,PO00548,PROD265,320,751.2
POITEM01757,PO00548,PROD089,304,454.84
POITEM01758,PO00549,PROD225,411,739.73
POITEM01759,PO00549,PROD370,102,241.67
POITEM01760,PO00549,PROD211,321,660.34
POITEM01761,PO00549,PROD107,169,604.75
POITEM01762,PO00550,PROD156,271,450.52
POITEM01763,PO00550,PROD110,150,706.0
POITEM01764,PO00551,PROD481,394,490.69
POITEM01765,PO00551,PROD005,212,497.89
POITEM01766,PO00551,PROD263,183,750.8
POITEM01767,PO00552,PROD315,323,259.32
POITEM01768,PO00552,PROD423,256,690.64
POITEM01769,PO00553,PROD348,338,395.15
POITEM01770,PO00553,PROD041,175,696.65
POITEM01771,PO00553,PROD121,36,517.69
POITEM01772,PO00553,PROD066,105,101.43
POITEM01773,PO00554,PROD034,474,553.63
POITEM01774,PO00555,PROD164,213,83.61
POITEM01775,PO00555,PROD244,128,89.5
POITEM01776,PO00555,PROD155,344,109.64
POITEM01777,PO00555,PROD267,96,508.59
POITEM01778,PO00556,PROD343,21,279.4
POITEM01779,PO00556,PROD384,421,687.48
POITEM01780,PO00556,PROD387,194,540.68
POITEM01781,PO00557,PROD246,287,775.74
POITEM01782,PO00557,PROD108,387,22.43
POITEM01783,PO00558,PROD004,495,681.55
POITEM01784,PO00558,PROD399,214,148.15
POITEM01785,PO00558,PROD015,443,198.05
POITEM01786,PO00558,PROD383,79,361.93
POITEM01787,PO00558,PROD221,228,255.85
POITEM01788,PO00559,PROD011,170,767.67
POITEM01789,PO00559,PROD412,169,688.71
POITEM01790,PO00559,PROD355,375,245.42
POITEM01791,PO00559,PROD085,211,577.31
POITEM01792,PO00560,PROD110,373,706.0
POITEM01793,PO00560,PROD118,478,256.92
POITEM01794,PO00560,PROD389,469,539.54
POITEM01795,PO00561,PROD135,422,585.93
POITEM01796,PO00561,PROD202,28,554.67
POITEM01797,PO00562,PROD100,288,479.23
POITEM01798,PO00562,PROD121,299,517.69
POITEM01799,PO00562,PROD446,100,112.46
POITEM01800,PO00563,PROD372,299,340.73
POITEM01801,PO00563,PROD026,380,429.06
POITEM01802,PO00564,PROD056,168,446.11
POITEM01803,PO00565,PROD270,73,123.23
POITEM01804,PO00565,PROD228,90,683.56
POITEM01805,PO00565,PROD134,430,169.2
POITEM01806,PO00565,PROD171,400,619.21
POITEM01807,PO00566,PROD444,333,399.53
POITEM01808,PO00566,PROD231,48,543.19
POITEM01809,PO00567,PROD451,351,590.08
POITEM01810,PO00567,PROD012,372,840.64
POITEM01811,PO00567,PROD308,169,364.45
POITEM01812,PO00568,PROD044,385,408.18
POITEM01813,PO00568,PROD406,185,296.65
POITEM01814,PO00568,PROD102,189,814.0
POITEM01815,PO00568,PROD141,445,718.98
POITEM01816,PO00568,PROD436,245,483.58
POITEM01817,PO00569,PROD206,87,609.95
POITEM01818,PO00569,PROD199,500,60.76
POITEM01819,PO00569,PROD401,147,73.57
POITEM01820,PO00569,PROD437,49,656.13
POITEM01821,PO00569,PROD387,215,540.68
POITEM01822,PO00569,PROD286,348,584.6
POITEM01823,PO00569,PROD249,127,494.03
POITEM01824,PO00570,PROD227,423,641.82
POITEM01825,PO00570,PROD358,46,453.91
POITEM01826,PO00570,PROD038,165,806.17
POITEM01827,PO00570,PROD332,70,72.5
POITEM01828,PO00570,PROD349,140,753.18
POITEM01829,PO00570,PROD190,224,716.67
POITEM01830,PO00570,PROD056,268,446.11
POITEM01831,PO00571,PROD337,349,726.12
POITEM01832,PO00571,PROD355,123,245.42
POITEM01833,PO00572,PROD246,321,775.74
POITEM01834,PO00572,PROD112,235,787.68
POITEM01835,PO00572,PROD240,261,813.74
POITEM01836,PO00572,PROD041,180,696.65
POITEM01837,PO00573,PROD429,329,65.57
POITEM01838,PO00574,PROD473,295,234.57
POITEM01839,PO00574,PROD084,380,725.26
POITEM01840,PO00575,PROD071,450,644.78
POITEM01841,PO00575,PROD194,321,504.89
POITEM01842,PO00576,PROD121,218,517.69
POITEM01843,PO00576,PROD346,218,634.23
POITEM01844,PO00577,PROD219,329,428.2
POITEM01845,PO00577,PROD431,318,243.6
POITEM01846,PO00577,PROD260,220,341.22
POITEM01847,PO00578,PROD290,82,96.88
POITEM01848,PO00578,PROD468,296,340.28
POITEM01849,PO00578,PROD041,374,696.65
POITEM01850,PO00578,PROD489,142,628.21
POITEM01851,PO00578,PROD153,185,609.33
POITEM01852,PO00579,PROD313,424,530.62
POITEM01853,PO00579,PROD028,169,806.13
POITEM01854,PO00579,PROD352,153,807.92
POITEM01855,PO00579,PROD145,258,314.36
POITEM01856,PO00580,PROD071,159,644.78
POITEM01857,PO00580,PROD186,195,248.28
POITEM01858,PO00580,PROD154,391,783.77
POITEM01859,PO00581,PROD130,255,372.25
POITEM01860,PO00582,PROD447,332,494.28
POITEM01861,PO00582,PROD315,83,259.32
POITEM01862,PO00582,PROD126,496,198.43
POITEM01863,PO00583,PROD230,306,393.11
POITEM01864,PO00583,PROD280,471,561.08
POITEM01865,PO00583,PROD087,35,210.4
POITEM01866,PO00584,PROD312,78,216.09
POITEM01867,PO00584,PROD353,366,270.5
POITEM01868,PO00585,PROD236,388,535.24
POITEM01869,PO00585,PROD001,260,776.99
POITEM01870,PO00585,PROD457,203,725.46
POITEM01871,PO00586,PROD345,339,556.51
POITEM01872,PO00587,PROD202,448,554.67
POITEM01873,PO00587,PROD496,333,574.68
POITEM01874,PO00587,PROD486,496,40.88
POITEM01875,PO00587,PROD232,264,113.62
POITEM01876,PO00588,PROD399,112,148.15
POITEM01877,PO00588,PROD247,228,826.24
POITEM01878,PO00588,PROD035,228,513.23
POITEM01879,PO00588,PROD266,394,691.86
POITEM01880,PO00588,PROD207,245,406.78
POITEM01881,PO00589,PROD408,307,677.22
POITEM01882,PO00589,PROD116,220,608.53
POITEM01883,PO00589,PROD392,126,844.63
POITEM01884,PO00590,PROD073,429,483.95
POITEM01885,PO00590,PROD382,229,278.93
POITEM01886,PO00591,PROD216,332,103.05
POITEM01887,PO00591,PROD156,149,450.52
POITEM01888,PO00591,PROD014,226,234.75
POITEM01889,PO00592,PROD250,418,549.69
POITEM01890,PO00592,PROD232,180,113.62
POITEM01891,PO00592,PROD016,135,765.64
POITEM01892,PO00593,PROD495,167,56.14
POITEM01893,PO00593,PROD289,72,433.32
POITEM01894,PO00593,PROD333,87,267.79
POITEM01895,PO00593,PROD173,75,28.86
POITEM01896,PO00594,PROD334,462,631.9
POITEM01897,PO00594,PROD017,291,435.9
POITEM01898,PO00594,PROD435,335,605.54
POITEM01899,PO00594,PROD040,147,459.73
POITEM01900,PO00594,PROD359,479,452.52
POITEM01901,PO00594,PROD091,150,484.78
POITEM01902,PO00595,PROD405,201,42.4
POITEM01903,PO00595,PROD346,146,634.23
POITEM01904,PO00595,PROD302,459,202.72
POITEM01905,PO00595,PROD084,217,725.26
POITEM01906,PO00595,PROD422,184,804.99
POITEM01907,PO00595,PROD010,33,95.43
POITEM01908,PO00596,PROD307,327,168.22
POITEM01909,PO00596,PROD021,106,371.88
POITEM01910,PO00596,PROD020,468,496.51
POITEM01911,PO00596,PROD475,131,349.43
POITEM01912,PO00596,PROD041,116,696.65
POITEM01913,PO00597,PROD487,159,307.18
POITEM01914,PO00598,PROD356,94,53.56
POITEM01915,PO00598,PROD411,256,722.17
POITEM01916,PO00599,PROD230,455,393.11
POITEM01917,PO00599,PROD417,121,638.19
POITEM01918,PO00599,PROD470,431,555.27
POITEM01919,PO00599,PROD373,143,693.26
POITEM01920,PO00599,PROD489,135,628.21
POITEM01921,PO00599,PROD432,142,384.23
POITEM01922,PO00599,PROD293,444,540.67
POITEM01923,PO00599,PROD381,188,119.33
POITEM01924,PO00600,PROD048,151,69.08
POITEM01925,PO00600,PROD283,427,484.15
POITEM01926,PO00600,PROD138,184,737.18
POITEM01927,PO00601,PROD213,387,593.33
POITEM01928,PO00601,PROD445,362,632.13
POITEM01929,PO00601,PROD424,109,212.71
POITEM01930,PO00602,PROD034,353,553.63
POITEM01931,PO00602,PROD008,500,531.37
POITEM01932,PO00602,PROD110,469,706.0
POITEM01933,PO00602,PROD040,269,459.73
POITEM01934,PO00602,PROD274,474,184.54
POITEM01935,PO00602,PROD158,145,660.16
POITEM01936,PO00602,PROD033,362,631.35
POITEM01937,PO00602,PROD326,112,44.1
POITEM01938,PO00603,PROD131,239,395.7
POITEM01939,PO00603,PROD325,209,844.48
POITEM01940,PO00604,PROD419,357,312.82
POITEM01941,PO00605,PROD378,108,94.29
POITEM01942,PO00605,PROD211,243,660.34
POITEM01943,PO00605,PROD233,153,563.96
POITEM01944,PO00605,PROD346,174,634.23
POITEM01945,PO00606,PROD317,479,616.34
POITEM01946,PO00606,PROD089,328,454.84
POITEM01947,PO00606,PROD362,78,488.97
POITEM01948,PO00606,PROD262,477,46.35
POITEM01949,PO00607,PROD423,342,690.64
POITEM01950,PO00607,PROD093,386,388.15
POITEM01951,PO00607,PROD176,439,36.12
POITEM01952,PO00608,PROD413,274,431.16
POITEM01953,PO00608,PROD383,375,361.93
POITEM01954,PO00608,PROD332,281,72.5
POITEM01955,PO00608,PROD002,63,804.13
POITEM01956,PO00609,PROD408,453,677.22
POITEM01957,PO00609,PROD171,57,619.21
POITEM01958,PO00610,PROD317,396,616.34
POITEM01959,PO00610,PROD046,182,444.13
POITEM01960,PO00610,PROD258,29,268.33
POITEM01961,PO00610,PROD446,211,112.46
POITEM01962,PO00611,PROD344,233,838.24
POITEM01963,PO00611,PROD479,384,554.3
POITEM01964,PO00611,PROD162,199,17.84
POITEM01965,PO00611,PROD394,59,789.05
POITEM01966,PO00611,PROD138,87,737.18
POITEM01967,PO00612,PROD331,240,432.78
POITEM01968,PO00613,PROD233,347,563.96
POITEM01969,PO00613,PROD112,245,787.68
POITEM01970,PO00614,PROD061,159,433.65
POITEM01971,PO00614,PROD162,213,17.84
POITEM01972,PO00614,PROD274,178,184.54
POITEM01973,PO00615,PROD139,446,185.81
POITEM01974,PO00615,PROD457,408,725.46
POITEM01975,PO00616,PROD300,127,537.18
POITEM01976,PO00616,PROD085,75,577.31
POITEM01977,PO00616,PROD400,314,523.63
POITEM01978,PO00616,PROD467,201,338.35
POITEM01979,PO00616,PROD375,498,655.65
POITEM01980,PO00616,PROD387,493,540.68
POITEM01981,PO00617,PROD125,470,569.18
POITEM01982,PO00617,PROD008,456,531.37
POITEM01983,PO00618,PROD389,344,539.54
POITEM01984,PO00618,PROD140,394,695.21
POITEM01985,PO00619,PROD013,189,731.42
POITEM01986,PO00619,PROD458,368,353.85
POITEM01987,PO00620,PROD420,95,649.28
POITEM01988,PO00621,PROD197,246,622.87
POITEM01989,PO00621,PROD408,299,677.22
POITEM01990,PO00621,PROD177,374,207.32
POITEM01991,PO00621,PROD376,132,507.07
POITEM01992,PO00621,PROD474,447,486.88
POITEM01993,PO00622,PROD037,316,675.52
POITEM01994,PO00622,PROD016,369,765.64
POITEM01995,PO00623,PROD261,410,819.85
POITEM01996,PO00623,PROD181,247,486.15
POITEM01997,PO00624,PROD482,453,195.08
POITEM01998,PO00624,PROD438,309,485.88
POITEM01999,PO00624,PROD008,194,531.37
POITEM02000,PO00624,PROD348,266,395.15
POITEM02001,PO00625,PROD102,369,814.0
POITEM02002,PO00625,PROD007,457,88.13
POITEM02003,PO00626,PROD439,287,348.87
POITEM02004,PO00626,PROD393,169,401.11
POITEM02005,PO00626,PROD349,226,753.18
POITEM02006,PO00627,PROD343,213,279.4
POITEM02007,PO00627,PROD164,347,83.61
POITEM02008,PO00627,PROD348,259,395.15
POITEM02009,PO00627,PROD383,21,361.93
POITEM02010,PO00628,PROD229,202,704.2
POITEM02011,PO00629,PROD446,36,112.46
POITEM02012,PO00630,PROD024,149,367.61
POITEM02013,PO00631,PROD107,30,604.75
POITEM02014,PO00631,PROD298,343,152.63
POITEM02015,PO00632,PROD098,41,478.75
POITEM02016,PO00632,PROD315,96,259.32
POITEM02017,PO00632,PROD086,172,796.25
POITEM02018,PO00633,PROD326,485,44.1
POITEM02019,PO00633,PROD052,297,368.02
POITEM02020,PO00633,PROD294,354,225.47
POITEM02021,PO00633,PROD248,339,696.53
POITEM02022,PO00633,PROD042,403,146.76
POITEM02023,PO00634,PROD388,407,392.75
POITEM02024,PO00634,PROD101,223,328.38
POITEM02025,PO00635,PROD317,495,616.34
POITEM02026,PO00635,PROD413,84,431.16
POITEM02027,PO00635,PROD323,477,348.8
POITEM02028,PO00635,PROD130,241,372.25
POITEM02029,PO00636,PROD340,34,807.39
POITEM02030,PO00636,PROD216,270,103.05
POITEM02031,PO00636,PROD141,375,718.98
POITEM02032,PO00636,PROD248,313,696.53
POITEM02033,PO00636,PROD034,132,553.63
POITEM02034,PO00637,PROD188,89,345.38
POITEM02035,PO00638,PROD039,217,328.0
POITEM02036,PO00638,PROD378,60,94.29
POITEM02037,PO00639,PROD082,50,553.44
POITEM02038,PO00639,PROD292,449,238.58
POITEM02039,PO00639,PROD479,272,554.3
POITEM02040,PO00639,PROD024,171,367.61
POITEM02041,PO00640,PROD108,32,22.43
POITEM02042,PO00640,PROD487,431,307.18
POITEM02043,PO00640,PROD020,171,496.51
POITEM02044,PO00640,PROD282,95,159.09
POITEM02045,PO00640,PROD194,304,504.89
POITEM02046,PO00641,PROD109,86,173.24
POITEM02047,PO00642,PROD243,39,674.05
POITEM02048,PO00642,PROD060,214,493.98
POITEM02049,PO00643,PROD252,336,755.34
POITEM02050,PO00643,PROD465,104,567.0
POITEM02051,PO00643,PROD233,57,563.96
POITEM02052,PO00643,PROD271,150,642.62
POITEM02053,PO00643,PROD273,82,82.7
POITEM02054,PO00643,PROD454,298,39.96
POITEM02055,PO00644,PROD413,331,431.16
POITEM02056,PO00645,PROD369,391,496.21
POITEM02057,PO00645,PROD024,73,367.61
POITEM02058,PO00646,PROD379,252,768.98
POITEM02059,PO00646,PROD170,407,847.62
POITEM02060,PO00646,PROD277,206,596.29
POITEM02061,PO00646,PROD323,250,348.8
POITEM02062,PO00646,PROD190,323,716.67
POITEM02063,PO00647,PROD325,392,844.48
POITEM02064,PO00647,PROD302,491,202.72
POITEM02065,PO00647,PROD385,163,368.25
POITEM02066,PO00648,PROD367,131,416.73
POITEM02067,PO00648,PROD317,400,616.34
POITEM02068,PO00648,PROD299,442,408.79
POITEM02069,PO00648,PROD430,267,576.39
POITEM02070,PO00648,PROD321,290,627.48
POITEM02071,PO00649,PROD276,181,128.13
POITEM02072,PO00649,PROD003,449,313.13
POITEM02073,PO00649,PROD148,129,19.6
POITEM02074,PO00650,PROD136,109,254.26
POITEM02075,PO00650,PROD314,33,834.65
POITEM02076,PO00650,PROD419,423,312.82
POITEM02077,PO00650,PROD279,257,181.43
POITEM02078,PO00651,PROD488,198,538.7
POITEM02079,PO00651,PROD394,192,789.05
POITEM02080,PO00651,PROD240,154,813.74
POITEM02081,PO00652,PROD413,237,431.16
POITEM02082,PO00652,PROD149,127,129.76
POITEM02083,PO00652,PROD405,290,42.4
POITEM02084,PO00652,PROD365,91,519.76
POITEM02085,PO00652,PROD046,194,444.13
POITEM02086,PO00653,PROD104,434,322.97
POITEM02087,PO00653,PROD027,198,397.54
POITEM02088,PO00653,PROD099,279,263.66
POITEM02089,PO00653,PROD432,103,384.23
POITEM02090,PO00654,PROD444,298,399.53
POITEM02091,PO00654,PROD015,412,198.05
POITEM02092,PO00655,PROD275,60,345.37
POITEM02093,PO00655,PROD456,74,490.07
POITEM02094,PO00655,PROD354,105,728.91
POITEM02095,PO00655,PROD264,415,329.51
POITEM02096,PO00655,PROD366,208,707.17
POITEM02097,PO00655,PROD220,277,441.05
POITEM02098,PO00655,PROD451,30,590.08
POITEM02099,PO00655,PROD356,174,53.56
POITEM02100,PO00656,PROD349,379,753.18
POITEM02101,PO00656,PROD425,227,128.6
POITEM02102,PO00656,PROD399,284,148.15
POITEM02103,PO00656,PROD238,74,59.91
POITEM02104,PO00656,PROD473,20,234.57
POITEM02105,PO00656,PROD248,309,696.53
POITEM02106,PO00656,PROD065,291,418.06
POITEM02107,PO00656,PROD048,480,69.08
POITEM02108,PO00656,PROD052,68,368.02
POITEM02109,PO00656,PROD069,455,722.01
POITEM02110,PO00656,PROD228,357,683.56
POITEM02111,PO00656,PROD055,466,324.06
POITEM02112,PO00657,PROD468,85,340.28
POITEM02113,PO00657,PROD189,63,233.01
POITEM02114,PO00658,PROD104,57,322.97
POITEM02115,PO00658,PROD424,26,212.71
POITEM02116,PO00658,PROD335,251,290.45
POITEM02117,PO00658,PROD232,411,113.62
POITEM02118,PO00658,PROD059,23,476.49
POITEM02119,PO00659,PROD378,177,94.29
POITEM02120,PO00659,PROD426,71,369.19
POITEM02121,PO00660,PROD219,191,428.2
POITEM02122,PO00660,PROD282,118,159.09
POITEM02123,PO00660,PROD292,345,238.58
POITEM02124,PO00661,PROD089,493,454.84
POITEM02125,PO00661,PROD163,214,835.86
POITEM02126,PO00661,PROD236,295,535.24
POITEM02127,PO00661,PROD228,318,683.56
POITEM02128,PO00662,PROD349,481,753.18
POITEM02129,PO00662,PROD425,217,128.6
POITEM02130,PO00662,PROD294,37,225.47
POITEM02131,PO00662,PROD192,134,840.18
POITEM02132,PO00662,PROD046,391,444.13
POITEM02133,PO00662,PROD199,102,60.76
POITEM02134,PO00662,PROD321,362,627.48
POITEM02135,PO00663,PROD452,51,316.15
POITEM02136,PO00663,PROD315,367,259.32
POITEM02137,PO00663,PROD181,245,486.15
POITEM02138,PO00663,PROD365,427,519.76
POITEM02139,PO00663,PROD331,350,432.78
POITEM02140,PO00663,PROD495,435,56.14
POITEM02141,PO00664,PROD313,214,530.62
POITEM02142,PO00664,PROD485,392,774.45
POITEM02143,PO00665,PROD158,271,660.16
POITEM02144,PO00665,PROD250,97,549.69
POITEM02145,PO00665,PROD467,192,338.35
POITEM02146,PO00666,PROD327,348,77.16
POITEM02147,PO00667,PROD440,169,463.42
POITEM02148,PO00667,PROD118,66,256.92
POITEM02149,PO00667,PROD412,221,688.71
POITEM02150,PO00667,PROD399,84,148.15
POITEM02151,PO00667,PROD259,493,724.03
POITEM02152,PO00667,PROD397,407,41.01
POITEM02153,PO00668,PROD392,393,844.63
POITEM02154,PO00668,PROD261,229,819.85
POITEM02155,PO00668,PROD045,223,105.62
POITEM02156,PO00668,PROD165,47,341.6
POITEM02157,PO00668,PROD369,358,496.21
POITEM02158,PO00668,PROD357,444,656.13
POITEM02159,PO00669,PROD030,62,98.6
POITEM02160,PO00669,PROD180,347,627.22
POITEM02161,PO00669,PROD483,287,367.42
POITEM02162,PO00670,PROD418,124,502.51
POITEM02163,PO00670,PROD291,228,188.82
POITEM02164,PO00671,PROD355,246,245.42
POITEM02165,PO00671,PROD478,335,587.74
POITEM02166,PO00671,PROD268,342,615.12
POITEM02167,PO00671,PROD256,490,419.41
POITEM02168,PO00672,PROD462,257,207.53
POITEM02169,PO00672,PROD360,218,13.82
POITEM02170,PO00672,PROD134,93,169.2
POITEM02171,PO00672,PROD049,68,665.03
POITEM02172,PO00672,PROD361,429,549.02
POITEM02173,PO00672,PROD218,294,669.74
POITEM02174,PO00673,PROD256,328,419.41
POITEM02175,PO00673,PROD155,347,109.64
POITEM02176,PO00673,PROD067,122,768.19
POITEM02177,PO00674,PROD268,32,615.12
POITEM02178,PO00674,PROD248,329,696.53
POITEM02179,PO00675,PROD287,40,101.85
POITEM02180,PO00675,PROD364,304,28.18
POITEM02181,PO00675,PROD302,179,202.72
POITEM02182,PO00676,PROD072,125,760.5
POITEM02183,PO00676,PROD225,134,739.73
POITEM02184,PO00676,PROD245,72,572.74
POITEM02185,PO00676,PROD464,461,580.41
POITEM02186,PO00677,PROD344,306,838.24
POITEM02187,PO00677,PROD394,486,789.05
POITEM02188,PO00677,PROD487,258,307.18
POITEM02189,PO00677,PROD431,221,243.6
POITEM02190,PO00678,PROD409,73,295.02
POITEM02191,PO00679,PROD472,194,577.91
POITEM02192,PO00679,PROD240,386,813.74
POITEM02193,PO00679,PROD218,113,669.74
POITEM02194,PO00680,PROD265,410,751.2
POITEM02195,PO00680,PROD409,78,295.02
POITEM02196,PO00680,PROD170,231,847.62
POITEM02197,PO00681,PROD037,372,675.52
POITEM02198,PO00681,PROD237,356,500.6
POITEM02199,PO00681,PROD054,93,723.26
POITEM02200,PO00681,PROD127,342,100.06
POITEM02201,PO00681,PROD191,303,491.12
POITEM02202,PO00682,PROD015,187,198.05
POITEM02203,PO00682,PROD365,23,519.76
POITEM02204,PO00682,PROD321,340,627.48
POITEM02205,PO00682,PROD428,31,556.07
POITEM02206,PO00683,PROD489,42,628.21
POITEM02207,PO00684,PROD236,78,535.24
POITEM02208,PO00684,PROD266,135,691.86
POITEM02209,PO00684,PROD153,299,609.33
POITEM02210,PO00685,PROD024,415,367.61
POITEM02211,PO00685,PROD254,140,529.14
POITEM02212,PO00685,PROD275,120,345.37
POITEM02213,PO00686,PROD472,407,577.91
POITEM02214,PO00686,PROD132,297,576.63
POITEM02215,PO00686,PROD186,294,248.28
POITEM02216,PO00686,PROD065,80,418.06
POITEM02217,PO00686,PROD147,218,333.32
POITEM02218,PO00686,PROD423,466,690.64
POITEM02219,PO00686,PROD489,27,628.21
POITEM02220,PO00686,PROD412,359,688.71
POITEM02221,PO00687,PROD359,228,452.52
POITEM02222,PO00687,PROD425,74,128.6
POITEM02223,PO00687,PROD181,433,486.15
POITEM02224,PO00687,PROD160,154,576.41
POITEM02225,PO00688,PROD056,169,446.11
POITEM02226,PO00688,PROD017,364,435.9
POITEM02227,PO00688,PROD335,417,290.45
POITEM02228,PO00688,PROD052,256,368.02
POITEM02229,PO00689,PROD260,180,341.22
POITEM02230,PO00689,PROD420,286,649.28
POITEM02231,PO00689,PROD334,148,631.9
POITEM02232,PO00689,PROD121,164,517.69
POITEM02233,PO00689,PROD482,306,195.08
POITEM02234,PO00689,PROD413,478,431.16
POITEM02235,PO00690,PROD454,270,39.96
POITEM02236,PO00690,PROD227,377,641.82
POITEM02237,PO00691,PROD100,446,479.23
POITEM02238,PO00691,PROD424,328,212.71
POITEM02239,PO00692,PROD292,485,238.58
POITEM02240,PO00693,PROD337,34,726.12
POITEM02241,PO00693,PROD099,426,263.66
POITEM02242,PO00694,PROD442,443,622.08
POITEM02243,PO00694,PROD207,69,406.78
POITEM02244,PO00694,PROD134,329,169.2
POITEM02245,PO00695,PROD080,148,528.13
POITEM02246,PO00695,PROD356,184,53.56
POITEM02247,PO00695,PROD290,84,96.88
POITEM02248,PO00695,PROD126,440,198.43
POITEM02249,PO00695,PROD238,232,59.91
POITEM02250,PO00695,PROD216,347,103.05
POITEM02251,PO00696,PROD122,469,696.31
POITEM02252,PO00696,PROD282,217,159.09
POITEM02253,PO00697,PROD007,316,88.13
POITEM02254,PO00697,PROD284,298,543.19
POITEM02255,PO00697,PROD005,33,497.89
POITEM02256,PO00697,PROD187,362,702.51
POITEM02257,PO00698,PROD127,495,100.06
POITEM02258,PO00698,PROD001,119,776.99
POITEM02259,PO00698,PROD171,253,619.21
POITEM02260,PO00699,PROD377,102,593.84
POITEM02261,PO00699,PROD246,422,775.74
POITEM02262,PO00699,PROD323,390,348.8
POITEM02263,PO00700,PROD233,297,563.96
POITEM02264,PO00700,PROD037,52,675.52
POITEM02265,PO00700,PROD032,480,272.47
POITEM02266,PO00700,PROD440,410,463.42
POITEM02267,PO00701,PROD240,213,813.74
POITEM02268,PO00702,PROD036,376,500.54
POITEM02269,PO00702,PROD179,54,282.68
POITEM02270,PO00702,PROD436,316,483.58
POITEM02271,PO00703,PROD233,359,563.96
POITEM02272,PO00703,PROD376,105,507.07
POITEM02273,PO00703,PROD069,445,722.01
POITEM02274,PO00703,PROD318,440,549.26
POITEM02275,PO00704,PROD210,295,734.75
POITEM02276,PO00704,PROD111,413,720.46
POITEM02277,PO00704,PROD171,456,619.21
POITEM02278,PO00705,PROD103,318,281.85
POITEM02279,PO00705,PROD287,414,101.85
POITEM02280,PO00706,PROD312,414,216.09
POITEM02281,PO00706,PROD046,416,444.13
POITEM02282,PO00706,PROD028,402,806.13
POITEM02283,PO00706,PROD313,137,530.62
POITEM02284,PO00706,PROD073,142,483.95
POITEM02285,PO00707,PROD179,96,282.68
POITEM02286,PO00707,PROD234,476,497.04
POITEM02287,PO00707,PROD433,283,509.44
POITEM02288,PO00708,PROD332,69,72.5
POITEM02289,PO00708,PROD265,474,751.2
POITEM02290,PO00708,PROD418,242,502.51
POITEM02291,PO00708,PROD312,61,216.09
POITEM02292,PO00709,PROD250,345,549.69
POITEM02293,PO00709,PROD188,96,345.38
POITEM02294,PO00709,PROD107,320,604.75
POITEM02295,PO00709,PROD010,229,95.43
POITEM02296,PO00709,PROD358,64,453.91
POITEM02297,PO00710,PROD153,187,609.33
POITEM02298,PO00710,PROD034,341,553.63
POITEM02299,PO00710,PROD220,357,441.05
POITEM02300,PO00710,PROD240,100,813.74
POITEM02301,PO00710,PROD290,353,96.88
POITEM02302,PO00711,PROD315,373,259.32
POITEM02303,PO00711,PROD350,69,431.8
POITEM02304,PO00711,PROD375,160,655.65
POITEM02305,PO00712,PROD488,81,538.7
POITEM02306,PO00712,PROD316,262,388.86
POITEM02307,PO00713,PROD139,450,185.81
POITEM02308,PO00713,PROD301,42,125.66
POITEM02309,PO00713,PROD132,315,576.63
POITEM02310,PO00713,PROD022,464,164.43
POITEM02311,PO00714,PROD497,450,607.34
POITEM02312,PO00714,PROD204,31,103.04
POITEM02313,PO00714,PROD178,473,136.21
POITEM02314,PO00714,PROD377,272,593.84
POITEM02315,PO00714,PROD277,356,596.29
POITEM02316,PO00715,PROD327,358,77.16
POITEM02317,PO00716,PROD292,127,238.58
POITEM02318,PO00716,PROD463,410,440.81
POITEM02319,PO00716,PROD255,356,68.92
POITEM02320,PO00716,PROD147,360,333.32
POITEM02321,PO00716,PROD443,184,266.46
POITEM02322,PO00717,PROD066,439,101.43
POITEM02323,PO00717,PROD170,483,847.62
POITEM02324,PO00717,PROD177,377,207.32
POITEM02325,PO00718,PROD281,438,472.78
POITEM02326,PO00718,PROD138,327,737.18
POITEM02327,PO00718,PROD218,393,669.74
POITEM02328,PO00719,PROD288,214,740.09
POITEM02329,PO00719,PROD057,458,726.74
POITEM02330,PO00719,PROD066,98,101.43
POITEM02331,PO00719,PROD400,159,523.63
POITEM02332,PO00719,PROD109,380,173.24
POITEM02333,PO00720,PROD402,367,288.73
POITEM02334,PO00720,PROD248,39,696.53
POITEM02335,PO00721,PROD293,478,540.67
POITEM02336,PO00721,PROD355,353,245.42
POITEM02337,PO00721,PROD021,249,371.88
POITEM02338,PO00721,PROD202,482,554.67
POITEM02339,PO00722,PROD026,500,429.06
POITEM02340,PO00722,PROD319,204,39.15
POITEM02341,PO00723,PROD148,217,19.6
POITEM02342,PO00723,PROD235,144,819.51
POITEM02343,PO00724,PROD343,68,279.4
POITEM02344,PO00724,PROD275,459,345.37
POITEM02345,PO00724,PROD309,421,467.42
POITEM02346,PO00724,PROD016,365,765.64
POITEM02347,PO00724,PROD484,49,780.87
POITEM02348,PO00724,PROD317,38,616.34
POITEM02349,PO00725,PROD158,61,660.16
POITEM02350,PO00725,PROD322,278,562.63
POITEM02351,PO00725,PROD395,27,236.19
POITEM02352,PO00725,PROD346,439,634.23
POITEM02353,PO00726,PROD100,419,479.23
POITEM02354,PO00726,PROD008,464,531.37
POITEM02355,PO00726,PROD162,308,17.84
POITEM02356,PO00727,PROD285,404,346.6
POITEM02357,PO00727,PROD397,115,41.01
POITEM02358,PO00727,PROD335,496,290.45
POITEM02359,PO00728,PROD373,91,693.26
POITEM02360,PO00728,PROD183,189,750.98
POITEM02361,PO00728,PROD178,280,136.21
POITEM02362,PO00729,PROD391,264,689.07
POITEM02363,PO00729,PROD197,288,622.87
POITEM02364,PO00729,PROD137,105,614.65
POITEM02365,PO00729,PROD496,356,574.68
POITEM02366,PO00729,PROD257,225,218.67
POITEM02367,PO00730,PROD027,200,397.54
POITEM02368,PO00730,PROD028,153,806.13
POITEM02369,PO00730,PROD090,227,448.29
POITEM02370,PO00730,PROD176,348,36.12
POITEM02371,PO00731,PROD147,319,333.32
POITEM02372,PO00731,PROD228,155,683.56
POITEM02373,PO00731,PROD319,345,39.15
POITEM02374,PO00731,PROD261,340,819.85
POITEM02375,PO00731,PROD179,280,282.68
POITEM02376,PO00731,PROD070,166,254.2
POITEM02377,PO00732,PROD191,188,491.12
POITEM02378,PO00732,PROD019,361,121.47
POITEM02379,PO00733,PROD021,485,371.88
POITEM02380,PO00733,PROD219,191,428.2
POITEM02381,PO00733,PROD309,352,467.42
POITEM02382,PO00734,PROD102,293,814.0
POITEM02383,PO00735,PROD289,111,433.32
POITEM02384,PO00735,PROD144,314,669.01
POITEM02385,PO00735,PROD084,288,725.26
POITEM02386,PO00736,PROD316,361,388.86
POITEM02387,PO00737,PROD441,213,314.89
POITEM02388,PO00737,PROD056,246,446.11
POITEM02389,PO00737,PROD366,376,707.17
POITEM02390,PO00737,PROD356,421,53.56
POITEM02391,PO00738,PROD027,339,397.54
POITEM02392,PO00738,PROD425,21,128.6
POITEM02393,PO00738,PROD136,463,254.26
POITEM02394,PO00738,PROD280,323,561.08
POITEM02395,PO00739,PROD051,370,320.72
POITEM02396,PO00739,PROD133,232,337.84
POITEM02397,PO00739,PROD115,313,800.71
POITEM02398,PO00740,PROD398,219,652.23
POITEM02399,PO00740,PROD246,376,775.74
POITEM02400,PO00741,PROD324,492,214.11
POITEM02401,PO00741,PROD378,289,94.29
POITEM02402,PO00741,PROD047,360,69.18
POITEM02403,PO00741,PROD359,266,452.52
POITEM02404,PO00742,PROD346,169,634.23
POITEM02405,PO00742,PROD029,116,272.35
POITEM02406,PO00742,PROD277,61,596.29
POITEM02407,PO00743,PROD372,483,340.73
POITEM02408,PO00743,PROD035,375,513.23
POITEM02409,PO00744,PROD100,209,479.23
POITEM02410,PO00744,PROD340,183,807.39
POITEM02411,PO00744,PROD034,376,553.63
POITEM02412,PO00744,PROD069,453,722.01
POITEM02413,PO00744,PROD215,270,621.5
POITEM02414,PO00744,PROD011,173,767.67
POITEM02415,PO00745,PROD386,174,321.18
POITEM02416,PO00745,PROD476,494,797.37
POITEM02417,PO00746,PROD192,347,840.18
POITEM02418,PO00746,PROD290,107,96.88
POITEM02419,PO00746,PROD446,232,112.46
POITEM02420,PO00746,PROD431,284,243.6
POITEM02421,PO00746,PROD049,66,665.03
POITEM02422,PO00747,PROD231,375,543.19
POITEM02423,PO00747,PROD444,373,399.53
POITEM02424,PO00747,PROD108,143,22.43
POITEM02425,PO00747,PROD056,198,446.11
POITEM02426,PO00747,PROD401,317,73.57
POITEM02427,PO00747,PROD267,490,508.59
POITEM02428,PO00748,PROD168,110,579.64
POITEM02429,PO00748,PROD299,435,408.79
POITEM02430,PO00748,PROD368,209,619.33
POITEM02431,PO00748,PROD089,374,454.84
POITEM02432,PO00748,PROD104,284,322.97
POITEM02433,PO00749,PROD178,489,136.21
POITEM02434,PO00749,PROD164,72,83.61
POITEM02435,PO00749,PROD429,412,65.57
POITEM02436,PO00749,PROD256,216,419.41
POITEM02437,PO00749,PROD040,111,459.73
POITEM02438,PO00750,PROD053,421,384.27
POITEM02439,PO00750,PROD467,164,338.35
POITEM02440,PO00751,PROD069,98,722.01
POITEM02441,PO00751,PROD254,125,529.14
POITEM02442,PO00751,PROD359,71,452.52
POITEM02443,PO00751,PROD029,257,272.35
POITEM02444,PO00752,PROD023,21,144.33
POITEM02445,PO00752,PROD493,419,163.56
POITEM02446,PO00752,PROD195,343,419.18
POITEM02447,PO00753,PROD107,368,604.75
POITEM02448,PO00753,PROD144,232,669.01
POITEM02449,PO00754,PROD126,223,198.43
POITEM02450,PO00754,PROD371,162,273.28
POITEM02451,PO00754,PROD188,57,345.38
POITEM02452,PO00755,PROD020,389,496.51
POITEM02453,PO00755,PROD416,389,632.6
POITEM02454,PO00755,PROD088,468,814.29
POITEM02455,PO00755,PROD170,65,847.62
POITEM02456,PO00755,PROD078,157,794.47
POITEM02457,PO00755,PROD049,367,665.03
POITEM02458,PO00755,PROD185,347,38.46
POITEM02459,PO00756,PROD343,492,279.4
POITEM02460,PO00756,PROD196,279,763.76
POITEM02461,PO00757,PROD275,344,345.37
POITEM02462,PO00757,PROD187,472,702.51
POITEM02463,PO00757,PROD087,404,210.4
POITEM02464,PO00757,PROD199,92,60.76
POITEM02465,PO00757,PROD027,440,397.54
POITEM02466,PO00758,PROD079,106,812.58
POITEM02467,PO00758,PROD450,151,446.47
POITEM02468,PO00759,PROD459,79,425.98
POITEM02469,PO00759,PROD040,135,459.73
POITEM02470,PO00760,PROD336,487,771.31
POITEM02471,PO00760,PROD272,329,456.22
POITEM02472,PO00761,PROD260,38,341.22
POITEM02473,PO00761,PROD252,405,755.34
POITEM02474,PO00762,PROD113,203,148.55
POITEM02475,PO00762,PROD172,225,259.65
POITEM02476,PO00762,PROD188,142,345.38
POITEM02477,PO00762,PROD487,280,307.18
POITEM02478,PO00763,PROD134,127,169.2
POITEM02479,PO00763,PROD453,333,117.48
POITEM02480,PO00764,PROD287,42,101.85
POITEM02481,PO00764,PROD022,467,164.43
POITEM02482,PO00765,PROD465,396,567.0
POITEM02483,PO00765,PROD269,84,500.47
POITEM02484,PO00765,PROD002,227,804.13
POITEM02485,PO00765,PROD236,342,535.24
POITEM02486,PO00765,PROD320,218,561.69
POITEM02487,PO00766,PROD453,485,117.48
POITEM02488,PO00767,PROD008,231,531.37
POITEM02489,PO00767,PROD171,367,619.21
POITEM02490,PO00768,PROD305,402,213.13
POITEM02491,PO00768,PROD392,39,844.63
POITEM02492,PO00768,PROD314,350,834.65
POITEM02493,PO00768,PROD325,223,844.48
POITEM02494,PO00769,PROD084,168,725.26
POITEM02495,PO00769,PROD104,113,322.97
POITEM02496,PO00769,PROD087,41,210.4
POITEM02497,PO00770,PROD123,373,256.49
POITEM02498,PO00771,PROD430,453,576.39
POITEM02499,PO00772,PROD303,431,460.65
POITEM02500,PO00772,PROD041,66,696.65
POITEM02501,PO00772,PROD391,452,689.07
POITEM02502,PO00772,PROD344,174,838.24
POITEM02503,PO00772,PROD409,387,295.02
POITEM02504,PO00773,PROD418,100,502.51
POITEM02505,PO00773,PROD074,303,668.18
POITEM02506,PO00773,PROD111,230,720.46
POITEM02507,PO00774,PROD148,89,19.6
POITEM02508,PO00774,PROD477,94,637.64
POITEM02509,PO00774,PROD169,153,677.32
POITEM02510,PO00774,PROD153,397,609.33
POITEM02511,PO00775,PROD012,48,840.64
POITEM02512,PO00775,PROD077,27,418.0
POITEM02513,PO00775,PROD119,33,65.49
POITEM02514,PO00775,PROD354,69,728.91
POITEM02515,PO00775,PROD068,117,804.13
POITEM02516,PO00775,PROD397,86,41.01
POITEM02517,PO00775,PROD360,249,13.82
POITEM02518,PO00776,PROD136,51,254.26
POITEM02519,PO00776,PROD340,348,807.39
POITEM02520,PO00776,PROD121,320,517.69
POITEM02521,PO00776,PROD171,448,619.21
POITEM02522,PO00777,PROD310,214,658.21
POITEM02523,PO00777,PROD166,79,389.01
POITEM02524,PO00777,PROD499,345,136.97
POITEM02525,PO00778,PROD144,285,669.01
POITEM02526,PO00778,PROD458,160,353.85
POITEM02527,PO00778,PROD378,228,94.29
POITEM02528,PO00778,PROD357,396,656.13
POITEM02529,PO00779,PROD386,479,321.18
POITEM02530,PO00779,PROD495,460,56.14
POITEM02531,PO00780,PROD193,55,285.63
POITEM02532,PO00781,PROD329,40,267.76
POITEM02533,PO00781,PROD239,325,391.55
POITEM02534,PO00782,PROD029,85,272.35
POITEM02535,PO00783,PROD216,270,103.05
POITEM02536,PO00783,PROD036,401,500.54
POITEM02537,PO00784,PROD150,326,800.82
POITEM02538,PO00784,PROD165,362,341.6
POITEM02539,PO00784,PROD416,299,632.6
POITEM02540,PO00785,PROD380,119,583.27
POITEM02541,PO00785,PROD094,277,119.15
POITEM02542,PO00785,PROD354,99,728.91
POITEM02543,PO00785,PROD154,52,783.77
POITEM02544,PO00786,PROD085,291,577.31
POITEM02545,PO00786,PROD096,457,575.32
POITEM02546,PO00786,PROD083,134,427.38
POITEM02547,PO00786,PROD485,120,774.45
POITEM02548,PO00787,PROD091,327,484.78
POITEM02549,PO00787,PROD370,34,241.67
POITEM02550,PO00787,PROD084,217,725.26
POITEM02551,PO00787,PROD112,94,787.68
POITEM02552,PO00787,PROD173,268,28.86
POITEM02553,PO00788,PROD143,58,189.93
POITEM02554,PO00788,PROD154,107,783.77
POITEM02555,PO00789,PROD303,246,460.65
POITEM02556,PO00789,PROD080,365,528.13
POITEM02557,PO00789,PROD129,33,474.72
POITEM02558,PO00789,PROD416,287,632.6
POITEM02559,PO00789,PROD190,360,716.67
POITEM02560,PO00789,PROD199,441,60.76
POITEM02561,PO00790,PROD179,485,282.68
POITEM02562,PO00790,PROD018,100,369.91
POITEM02563,PO00790,PROD144,375,669.01
POITEM02564,PO00790,PROD213,334,593.33
POITEM02565,PO00791,PROD058,195,725.52
POITEM02566,PO00791,PROD181,303,486.15
POITEM02567,PO00791,PROD473,439,234.57
POITEM02568,PO00791,PROD101,435,328.38
POITEM02569,PO00791,PROD440,392,463.42
POITEM02570,PO00792,PROD261,318,819.85
POITEM02571,PO00792,PROD330,206,374.25
POITEM02572,PO00792,PROD483,423,367.42
POITEM02573,PO00793,PROD175,316,214.47
POITEM02574,PO00793,PROD125,347,569.18
POITEM02575,PO00793,PROD391,401,689.07
POITEM02576,PO00793,PROD017,157,435.9
POITEM02577,PO00794,PROD359,434,452.52
POITEM02578,PO00794,PROD095,485,142.41
POITEM02579,PO00794,PROD177,264,207.32
POITEM02580,PO00795,PROD008,22,531.37
POITEM02581,PO00795,PROD003,306,313.13
POITEM02582,PO00795,PROD247,235,826.24
POITEM02583,PO00796,PROD202,165,554.67
POITEM02584,PO00796,PROD349,258,753.18
POITEM02585,PO00796,PROD234,388,497.04
POITEM02586,PO00797,PROD138,350,737.18
POITEM02587,PO00797,PROD281,214,472.78
POITEM02588,PO00797,PROD128,465,304.2
POITEM02589,PO00797,PROD379,205,768.98
POITEM02590,PO00797,PROD188,41,345.38
POITEM02591,PO00798,PROD235,498,819.51
POITEM02592,PO00798,PROD433,358,509.44
POITEM02593,PO00798,PROD481,20,490.69
POITEM02594,PO00798,PROD443,402,266.46
POITEM02595,PO00799,PROD412,381,688.71
POITEM02596,PO00799,PROD411,155,722.17
POITEM02597,PO00799,PROD326,476,44.1
POITEM02598,PO00799,PROD343,340,279.4
POITEM02599,PO00800,PROD182,230,188.11
POITEM02600,PO00800,PROD379,111,768.98
POITEM02601,PO00801,PROD338,350,512.58
POITEM02602,PO00801,PROD209,279,431.65
POITEM02603,PO00801,PROD229,33,704.2
POITEM02604,PO00801,PROD216,422,103.05
POITEM02605,PO00801,PROD459,351,425.98
POITEM02606,PO00802,PROD248,38,696.53
POITEM02607,PO00803,PROD431,412,243.6
POITEM02608,PO00803,PROD148,186,19.6
POITEM02609,PO00803,PROD432,408,384.23
POITEM02610,PO00804,PROD221,395,255.85
POITEM02611,PO00804,PROD164,135,83.61
POITEM02612,PO00804,PROD139,91,185.81
POITEM02613,PO00804,PROD436,228,483.58
POITEM02614,PO00804,PROD372,344,340.73
POITEM02615,PO00805,PROD445,478,632.13
POITEM02616,PO00805,PROD031,450,825.69
POITEM02617,PO00805,PROD357,412,656.13
POITEM02618,PO00805,PROD341,446,825.32
POITEM02619,PO00805,PROD464,126,580.41
POITEM02620,PO00806,PROD098,81,478.75
POITEM02621,PO00806,PROD407,42,628.45
POITEM02622,PO00807,PROD274,35,184.54
POITEM02623,PO00807,PROD127,336,100.06
POITEM02624,PO00807,PROD334,487,631.9
POITEM02625,PO00807,PROD467,477,338.35
POITEM02626,PO00808,PROD084,320,725.26
POITEM02627,PO00808,PROD187,247,702.51
POITEM02628,PO00808,PROD378,164,94.29
POITEM02629,PO00808,PROD441,244,314.89
POITEM02630,PO00808,PROD395,301,236.19
POITEM02631,PO00808,PROD206,257,609.95
POITEM02632,PO00808,PROD142,51,808.34
POITEM02633,PO00809,PROD149,279,129.76
POITEM02634,PO00809,PROD145,231,314.36
POITEM02635,PO00809,PROD084,341,725.26
POITEM02636,PO00810,PROD236,40,535.24
POITEM02637,PO00810,PROD269,394,500.47
POITEM02638,PO00810,PROD041,55,696.65
POITEM02639,PO00810,PROD377,395,593.84
POITEM02640,PO00811,PROD269,210,500.47
POITEM02641,PO00811,PROD395,220,236.19
POITEM02642,PO00811,PROD005,330,497.89
POITEM02643,PO00812,PROD158,163,660.16
POITEM02644,PO00812,PROD367,151,416.73
POITEM02645,PO00812,PROD301,319,125.66
POITEM02646,PO00812,PROD335,55,290.45
POITEM02647,PO00812,PROD011,443,767.67
POITEM02648,PO00812,PROD014,47,234.75
POITEM02649,PO00813,PROD375,108,655.65
POITEM02650,PO00813,PROD431,35,243.6
POITEM02651,PO00813,PROD413,165,431.16
POITEM02652,PO00813,PROD151,311,106.92
POITEM02653,PO00813,PROD470,327,555.27
POITEM02654,PO00813,PROD292,126,238.58
POITEM02655,PO00814,PROD044,254,408.18
POITEM02656,PO00814,PROD067,40,768.19
POITEM02657,PO00814,PROD038,363,806.17
POITEM02658,PO00814,PROD031,453,825.69
POITEM02659,PO00815,PROD190,65,716.67
POITEM02660,PO00815,PROD403,206,460.82
POITEM02661,PO00815,PROD005,392,497.89
POITEM02662,PO00815,PROD112,287,787.68
POITEM02663,PO00816,PROD395,247,236.19
POITEM02664,PO00816,PROD221,434,255.85
POITEM02665,PO00817,PROD177,56,207.32
POITEM02666,PO00817,PROD480,190,732.4
POITEM02667,PO00818,PROD137,496,614.65
POITEM02668,PO00818,PROD369,254,496.21
POITEM02669,PO00818,PROD068,262,804.13
POITEM02670,PO00819,PROD199,73,60.76
POITEM02671,PO00819,PROD059,191,476.49
POITEM02672,PO00820,PROD443,69,266.46
POITEM02673,PO00820,PROD372,151,340.73
POITEM02674,PO00820,PROD242,126,478.65
POITEM02675,PO00820,PROD434,404,825.48
POITEM02676,PO00821,PROD332,458,72.5
POITEM02677,PO00822,PROD131,275,395.7
POITEM02678,PO00822,PROD489,115,628.21
POITEM02679,PO00822,PROD358,182,453.91
POITEM02680,PO00822,PROD448,198,776.39
POITEM02681,PO00823,PROD103,115,281.85
POITEM02682,PO00823,PROD256,94,419.41
POITEM02683,PO00823,PROD460,23,70.8
POITEM02684,PO00823,PROD039,244,328.0
POITEM02685,PO00824,PROD332,390,72.5
POITEM02686,PO00824,PROD157,402,65.99
POITEM02687,PO00824,PROD165,110,341.6
POITEM02688,PO00824,PROD417,173,638.19
POITEM02689,PO00825,PROD346,182,634.23
POITEM02690,PO00825,PROD304,412,170.43
POITEM02691,PO00825,PROD066,137,101.43
POITEM02692,PO00826,PROD473,318,234.57
POITEM02693,PO00826,PROD477,396,637.64
POITEM02694,PO00827,PROD396,324,471.13
POITEM02695,PO00827,PROD031,332,825.69
POITEM02696,PO00827,PROD014,369,234.75
POITEM02697,PO00827,PROD416,278,632.6
POITEM02698,PO00828,PROD483,382,367.42
POITEM02699,PO00829,PROD339,425,635.93
POITEM02700,PO00829,PROD359,349,452.52
POITEM02701,PO00829,PROD433,114,509.44
POITEM02702,PO00830,PROD443,429,266.46
POITEM02703,PO00830,PROD463,202,440.81
POITEM02704,PO00830,PROD132,155,576.63
POITEM02705,PO00830,PROD319,345,39.15
POITEM02706,PO00830,PROD077,118,418.0
POITEM02707,PO00831,PROD331,265,432.78
POITEM02708,PO00831,PROD089,144,454.84
POITEM02709,PO00832,PROD431,52,243.6
POITEM02710,PO00832,PROD224,469,36.63
POITEM02711,PO00832,PROD458,62,353.85
POITEM02712,PO00832,PROD143,39,189.93
POITEM02713,PO00832,PROD281,191,472.78
POITEM02714,PO00833,PROD328,89,665.85
POITEM02715,PO00833,PROD374,377,166.06
POITEM02716,PO00834,PROD010,272,95.43
POITEM02717,PO00834,PROD377,261,593.84
POITEM02718,PO00834,PROD219,274,428.2
POITEM02719,PO00835,PROD035,21,513.23
POITEM02720,PO00835,PROD006,281,708.02
POITEM02721,PO00835,PROD253,373,512.2
POITEM02722,PO00836,PROD313,386,530.62
POITEM02723,PO00836,PROD406,375,296.65
POITEM02724,PO00836,PROD115,460,800.71
POITEM02725,PO00836,PROD325,473,844.48
POITEM02726,PO00836,PROD184,132,29.32
POITEM02727,PO00836,PROD043,117,432.93
POITEM02728,PO00837,PROD092,112,301.04
POITEM02729,PO00837,PROD029,363,272.35
POITEM02730,PO00837,PROD288,147,740.09
POITEM02731,PO00838,PROD084,489,725.26
POITEM02732,PO00838,PROD009,97,267.41
POITEM02733,PO00838,PROD043,321,432.93
POITEM02734,PO00838,PROD229,435,704.2
POITEM02735,PO00838,PROD424,186,212.71
POITEM02736,PO00839,PROD030,369,98.6
POITEM02737,PO00839,PROD452,307,316.15
POITEM02738,PO00840,PROD045,303,105.62
POITEM02739,PO00840,PROD436,158,483.58
POITEM02740,PO00840,PROD494,20,405.19
POITEM02741,PO00840,PROD011,364,767.67
POITEM02742,PO00841,PROD201,230,148.93
POITEM02743,PO00841,PROD460,30,70.8
POITEM02744,PO00841,PROD248,416,696.53
POITEM02745,PO00841,PROD111,290,720.46
POITEM02746,PO00841,PROD388,233,392.75
POITEM02747,PO00842,PROD332,220,72.5
POITEM02748,PO00842,PROD497,379,607.34
POITEM02749,PO00842,PROD178,227,136.21
POITEM02750,PO00842,PROD023,349,144.33
POITEM02751,PO00842,PROD201,272,148.93
POITEM02752,PO00843,PROD011,33,767.67
POITEM02753,PO00843,PROD270,352,123.23
POITEM02754,PO00843,PROD331,38,432.78
POITEM02755,PO00844,PROD023,115,144.33
POITEM02756,PO00844,PROD214,204,448.24
POITEM02757,PO00844,PROD321,44,627.48
POITEM02758,PO00844,PROD319,374,39.15
POITEM02759,PO00845,PROD457,171,725.46
POITEM02760,PO00845,PROD221,179,255.85
POITEM02761,PO00845,PROD476,429,797.37
POITEM02762,PO00846,PROD109,53,173.24
POITEM02763,PO00846,PROD214,220,448.24
POITEM02764,PO00847,PROD326,319,44.1
POITEM02765,PO00847,PROD385,332,368.25
POITEM02766,PO00847,PROD488,41,538.7
POITEM02767,PO00848,PROD391,480,689.07
POITEM02768,PO00848,PROD323,178,348.8
POITEM02769,PO00848,PROD259,332,724.03
POITEM02770,PO00848,PROD057,469,726.74
POITEM02771,PO00848,PROD380,294,583.27
POITEM02772,PO00848,PROD460,127,70.8
POITEM02773,PO00849,PROD429,162,65.57
POITEM02774,PO00849,PROD485,308,774.45
POITEM02775,PO00849,PROD048,446,69.08
POITEM02776,PO00849,PROD231,376,543.19
POITEM02777,PO00849,PROD227,67,641.82
POITEM02778,PO00850,PROD497,116,607.34
POITEM02779,PO00850,PROD355,442,245.42
POITEM02780,PO00850,PROD342,272,372.68
POITEM02781,PO00850,PROD405,193,42.4
POITEM02782,PO00850,PROD021,348,371.88
POITEM02783,PO00850,PROD143,465,189.93
POITEM02784,PO00851,PROD331,87,432.78
POITEM02785,PO00851,PROD482,477,195.08
POITEM02786,PO00851,PROD341,110,825.32
POITEM02787,PO00851,PROD441,337,314.89
POITEM02788,PO00852,PROD422,221,804.99
POITEM02789,PO00852,PROD287,38,101.85
POITEM02790,PO00853,PROD285,204,346.6
POITEM02791,PO00853,PROD220,471,441.05
POITEM02792,PO00853,PROD227,222,641.82
POITEM02793,PO00853,PROD436,261,483.58
POITEM02794,PO00854,PROD133,272,337.84
POITEM02795,PO00854,PROD339,165,635.93
POITEM02796,PO00854,PROD358,123,453.91
POITEM02797,PO00855,PROD030,443,98.6
POITEM02798,PO00855,PROD235,386,819.51
POITEM02799,PO00855,PROD280,33,561.08
POITEM02800,PO00855,PROD023,126,144.33
POITEM02801,PO00855,PROD391,272,689.07
POITEM02802,PO00856,PROD002,430,804.13
POITEM02803,PO00856,PROD128,463,304.2
POITEM02804,PO00856,PROD325,22,844.48
POITEM02805,PO00856,PROD074,277,668.18
POITEM02806,PO00857,PROD005,370,497.89
POITEM02807,PO00857,PROD306,334,255.04
POITEM02808,PO00858,PROD413,225,431.16
POITEM02809,PO00858,PROD408,224,677.22
POITEM02810,PO00858,PROD182,63,188.11
POITEM02811,PO00858,PROD059,308,476.49
POITEM02812,PO00858,PROD454,29,39.96
POITEM02813,PO00859,PROD025,134,270.8
POITEM02814,PO00859,PROD144,421,669.01
POITEM02815,PO00860,PROD368,92,619.33
POITEM02816,PO00860,PROD039,84,328.0
POITEM02817,PO00860,PROD223,373,123.48
POITEM02818,PO00860,PROD491,106,87.09
POITEM02819,PO00860,PROD332,258,72.5
POITEM02820,PO00861,PROD175,157,214.47
POITEM02821,PO00862,PROD382,455,278.93
POITEM02822,PO00862,PROD435,427,605.54
POITEM02823,PO00862,PROD093,231,388.15
POITEM02824,PO00862,PROD268,202,615.12
POITEM02825,PO00862,PROD333,389,267.79
POITEM02826,PO00862,PROD155,189,109.64
POITEM02827,PO00863,PROD301,216,125.66
POITEM02828,PO00863,PROD163,296,835.86
POITEM02829,PO00864,PROD436,118,483.58
POITEM02830,PO00865,PROD098,52,478.75
POITEM02831,PO00865,PROD449,292,743.17
POITEM02832,PO00865,PROD311,41,547.26
POITEM02833,PO00866,PROD226,347,302.07
POITEM02834,PO00866,PROD211,175,660.34
POITEM02835,PO00866,PROD044,175,408.18
POITEM02836,PO00866,PROD402,150,288.73
POITEM02837,PO00867,PROD395,38,236.19
POITEM02838,PO00867,PROD330,337,374.25
POITEM02839,PO00867,PROD331,452,432.78
POITEM02840,PO00868,PROD309,220,467.42
POITEM02841,PO00868,PROD157,405,65.99
POITEM02842,PO00868,PROD227,130,641.82
POITEM02843,PO00869,PROD009,26,267.41
POITEM02844,PO00870,PROD329,499,267.76
POITEM02845,PO00870,PROD250,427,549.69
POITEM02846,PO00870,PROD276,195,128.13
POITEM02847,PO00871,PROD163,479,835.86
POITEM02848,PO00871,PROD036,101,500.54
POITEM02849,PO00871,PROD405,77,42.4
POITEM02850,PO00872,PROD023,476,144.33
POITEM02851,PO00872,PROD046,238,444.13
POITEM02852,PO00872,PROD011,467,767.67
POITEM02853,PO00872,PROD194,182,504.89
POITEM02854,PO00872,PROD485,278,774.45
POITEM02855,PO00873,PROD362,86,488.97
POITEM02856,PO00873,PROD159,396,783.19
POITEM02857,PO00874,PROD112,438,787.68
POITEM02858,PO00874,PROD286,188,584.6
POITEM02859,PO00875,PROD321,314,627.48
POITEM02860,PO00875,PROD173,301,28.86
POITEM02861,PO00875,PROD010,224,95.43
POITEM02862,PO00875,PROD353,119,270.5
POITEM02863,PO00875,PROD120,289,125.97
POITEM02864,PO00875,PROD452,472,316.15
POITEM02865,PO00876,PROD268,151,615.12
POITEM02866,PO00876,PROD062,170,176.9
POITEM02867,PO00877,PROD407,113,628.45
POITEM02868,PO00877,PROD170,371,847.62
POITEM02869,PO00877,PROD116,304,608.53
POITEM02870,PO00878,PROD239,428,391.55
POITEM02871,PO00878,PROD457,73,725.46
POITEM02872,PO00878,PROD308,336,364.45
POITEM02873,PO00879,PROD039,51,328.0
POITEM02874,PO00879,PROD184,283,29.32
POITEM02875,PO00880,PROD092,290,301.04
POITEM02876,PO00880,PROD311,96,547.26
POITEM02877,PO00881,PROD140,122,695.21
POITEM02878,PO00881,PROD386,418,321.18
POITEM02879,PO00881,PROD045,274,105.62
POITEM02880,PO00881,PROD261,306,819.85
POITEM02881,PO00881,PROD107,286,604.75
POITEM02882,PO00882,PROD075,431,492.03
POITEM02883,PO00882,PROD453,488,117.48
POITEM02884,PO00882,PROD180,177,627.22
POITEM02885,PO00882,PROD013,133,731.42
POITEM02886,PO00882,PROD235,289,819.51
POITEM02887,PO00883,PROD183,50,750.98
POITEM02888,PO00883,PROD423,352,690.64
POITEM02889,PO00883,PROD345,384,556.51
POITEM02890,PO00884,PROD229,20,704.2
POITEM02891,PO00884,PROD444,37,399.53
POITEM02892,PO00884,PROD171,417,619.21
POITEM02893,PO00884,PROD172,184,259.65
POITEM02894,PO00885,PROD408,477,677.22
POITEM02895,PO00885,PROD465,439,567.0
POITEM02896,PO00885,PROD436,216,483.58
POITEM02897,PO00885,PROD327,385,77.16
POITEM02898,PO00885,PROD324,50,214.11
POITEM02899,PO00886,PROD112,219,787.68
POITEM02900,PO00887,PROD144,411,669.01
POITEM02901,PO00887,PROD044,444,408.18
POITEM02902,PO00887,PROD183,67,750.98
POITEM02903,PO00888,PROD363,160,398.27
POITEM02904,PO00888,PROD033,280,631.35
POITEM02905,PO00888,PROD329,471,267.76
POITEM02906,PO00889,PROD124,195,413.86
POITEM02907,PO00889,PROD214,58,448.24
POITEM02908,PO00889,PROD155,247,109.64
POITEM02909,PO00889,PROD280,290,561.08
POITEM02910,PO00890,PROD104,54,322.97
POITEM02911,PO00890,PROD031,153,825.69
POITEM02912,PO00890,PROD391,465,689.07
POITEM02913,PO00890,PROD199,487,60.76
POITEM02914,PO00891,PROD393,64,401.11
POITEM02915,PO00892,PROD032,187,272.47
POITEM02916,PO00892,PROD423,231,690.64
POITEM02917,PO00892,PROD373,366,693.26
POITEM02918,PO00892,PROD302,281,202.72
POITEM02919,PO00892,PROD080,424,528.13
POITEM02920,PO00893,PROD425,340,128.6
POITEM02921,PO00893,PROD065,433,418.06
POITEM02922,PO00893,PROD229,305,704.2
POITEM02923,PO00893,PROD267,262,508.59
POITEM02924,PO00893,PROD128,264,304.2
POITEM02925,PO00894,PROD069,172,722.01
POITEM02926,PO00894,PROD115,500,800.71
POITEM02927,PO00895,PROD232,23,113.62
POITEM02928,PO00895,PROD140,419,695.21
POITEM02929,PO00895,PROD338,85,512.58
POITEM02930,PO00895,PROD450,292,446.47
POITEM02931,PO00896,PROD396,311,471.13
POITEM02932,PO00896,PROD221,134,255.85
POITEM02933,PO00896,PROD494,487,405.19
POITEM02934,PO00896,PROD176,361,36.12
POITEM02935,PO00896,PROD093,212,388.15
POITEM02936,PO00897,PROD190,152,716.67
POITEM02937,PO00897,PROD390,27,668.9
POITEM02938,PO00897,PROD129,139,474.72
POITEM02939,PO00897,PROD175,418,214.47
POITEM02940,PO00897,PROD346,176,634.23
POITEM02941,PO00897,PROD423,319,690.64
POITEM02942,PO00898,PROD318,172,549.26
POITEM02943,PO00898,PROD184,341,29.32
POITEM02944,PO00898,PROD169,500,677.32
POITEM02945,PO00898,PROD122,106,696.31
POITEM02946,PO00898,PROD205,112,280.15
POITEM02947,PO00898,PROD337,371,726.12
POITEM02948,PO00899,PROD454,463,39.96
POITEM02949,PO00899,PROD134,223,169.2
POITEM02950,PO00899,PROD254,203,529.14
POITEM02951,PO00900,PROD035,259,513.23
POITEM02952,PO00900,PROD484,217,780.87
POITEM02953,PO00900,PROD288,415,740.09
POITEM02954,PO00900,PROD374,373,166.06
POITEM02955,PO00900,PROD336,467,771.31
POITEM02956,PO00901,PROD140,142,695.21
POITEM02957,PO00901,PROD440,281,463.42
POITEM02958,PO00902,PROD231,52,543.19
POITEM02959,PO00903,PROD116,372,608.53
POITEM02960,PO00903,PROD013,359,731.42
POITEM02961,PO00903,PROD068,258,804.13
POITEM02962,PO00903,PROD422,480,804.99
POITEM02963,PO00903,PROD299,387,408.79
POITEM02964,PO00903,PROD318,142,549.26
POITEM02965,PO00904,PROD412,479,688.71
POITEM02966,PO00904,PROD144,413,669.01
POITEM02967,PO00904,PROD032,152,272.47
POITEM02968,PO00904,PROD080,439,528.13
POITEM02969,PO00904,PROD316,474,388.86
POITEM02970,PO00905,PROD360,341,13.82
POITEM02971,PO00905,PROD371,337,273.28
POITEM02972,PO00905,PROD456,384,490.07
POITEM02973,PO00906,PROD103,500,281.85
POITEM02974,PO00906,PROD455,356,767.23
POITEM02975,PO00906,PROD460,109,70.8
POITEM02976,PO00906,PROD431,269,243.6
POITEM02977,PO00906,PROD131,104,395.7
POITEM02978,PO00907,PROD058,253,725.52
POITEM02979,PO00907,PROD180,119,627.22
POITEM02980,PO00907,PROD229,265,704.2
POITEM02981,PO00907,PROD282,420,159.09
POITEM02982,PO00908,PROD430,53,576.39
POITEM02983,PO00908,PROD453,399,117.48
POITEM02984,PO00908,PROD207,270,406.78
POITEM02985,PO00908,PROD081,128,408.14
POITEM02986,PO00909,PROD102,130,814.0
POITEM02987,PO00909,PROD033,483,631.35
POITEM02988,PO00909,PROD150,58,800.82
POITEM02989,PO00909,PROD011,311,767.67
POITEM02990,PO00909,PROD358,373,453.91
POITEM02991,PO00909,PROD328,451,665.85
POITEM02992,PO00910,PROD218,358,669.74
POITEM02993,PO00910,PROD087,223,210.4
POITEM02994,PO00910,PROD160,336,576.41
POITEM02995,PO00910,PROD383,390,361.93
POITEM02996,PO00910,PROD346,299,634.23
POITEM02997,PO00911,PROD089,90,454.84
POITEM02998,PO00911,PROD480,112,732.4
POITEM02999,PO00911,PROD378,179,94.29
POITEM03000,PO00911,PROD039,257,328.0
POITEM03001,PO00911,PROD258,311,268.33
POITEM03002,PO00912,PROD334,495,631.9
POITEM03003,PO00912,PROD500,302,482.22
POITEM03004,PO00912,PROD456,236,490.07
POITEM03005,PO00913,PROD201,346,148.93
POITEM03006,PO00913,PROD432,157,384.23
POITEM03007,PO00913,PROD227,285,641.82
POITEM03008,PO00913,PROD048,360,69.08
POITEM03009,PO00914,PROD171,294,619.21
POITEM03010,PO00914,PROD234,209,497.04
POITEM03011,PO00915,PROD306,421,255.04
POITEM03012,PO00915,PROD258,337,268.33
POITEM03013,PO00915,PROD029,116,272.35
POITEM03014,PO00915,PROD014,169,234.75
POITEM03015,PO00916,PROD129,85,474.72
POITEM03016,PO00916,PROD175,166,214.47
POITEM03017,PO00916,PROD138,264,737.18
POITEM03018,PO00917,PROD266,305,691.86
POITEM03019,PO00917,PROD096,77,575.32
POITEM03020,PO00917,PROD440,443,463.42
POITEM03021,PO00917,PROD093,309,388.15
POITEM03022,PO00917,PROD486,190,40.88
POITEM03023,PO00917,PROD034,63,553.63
POITEM03024,PO00918,PROD231,253,543.19
POITEM03025,PO00918,PROD422,261,804.99
POITEM03026,PO00918,PROD014,354,234.75
POITEM03027,PO00918,PROD223,238,123.48
POITEM03028,PO00919,PROD050,481,794.2
POITEM03029,PO00919,PROD407,462,628.45
POITEM03030,PO00919,PROD435,172,605.54
POITEM03031,PO00919,PROD201,180,148.93
POITEM03032,PO00920,PROD179,457,282.68
POITEM03033,PO00920,PROD166,134,389.01
POITEM03034,PO00920,PROD005,204,497.89
POITEM03035,PO00921,PROD017,173,435.9
POITEM03036,PO00921,PROD052,377,368.02
POITEM03037,PO00921,PROD083,226,427.38
POITEM03038,PO00921,PROD173,250,28.86
POITEM03039,PO00922,PROD343,454,279.4
POITEM03040,PO00922,PROD310,312,658.21
POITEM03041,PO00922,PROD184,410,29.32
POITEM03042,PO00923,PROD001,292,776.99
POITEM03043,PO00923,PROD185,356,38.46
POITEM03044,PO00923,PROD220,391,441.05
POITEM03045,PO00924,PROD022,492,164.43
POITEM03046,PO00924,PROD035,130,513.23
POITEM03047,PO00924,PROD461,188,132.57
POITEM03048,PO00924,PROD137,176,614.65
POITEM03049,PO00924,PROD411,209,722.17
POITEM03050,PO00925,PROD262,371,46.35
POITEM03051,PO00925,PROD264,431,329.51
POITEM03052,PO00926,PROD215,456,621.5
POITEM03053,PO00926,PROD324,446,214.11
POITEM03054,PO00927,PROD460,79,70.8
POITEM03055,PO00927,PROD297,35,148.17
POITEM03056,PO00927,PROD260,358,341.22
POITEM03057,PO00927,PROD449,226,743.17
POITEM03058,PO00928,PROD072,213,760.5
POITEM03059,PO00928,PROD325,440,844.48
POITEM03060,PO00928,PROD014,383,234.75
POITEM03061,PO00929,PROD076,462,128.14
POITEM03062,PO00929,PROD316,91,388.86
POITEM03063,PO00929,PROD313,407,530.62
POITEM03064,PO00930,PROD229,128,704.2
POITEM03065,PO00930,PROD135,348,585.93
POITEM03066,PO00930,PROD490,409,806.54
POITEM03067,PO00931,PROD278,50,232.84
POITEM03068,PO00931,PROD461,314,132.57
POITEM03069,PO00931,PROD087,316,210.4
POITEM03070,PO00932,PROD111,323,720.46
POITEM03071,PO00932,PROD262,334,46.35
POITEM03072,PO00932,PROD078,278,794.47
POITEM03073,PO00932,PROD371,118,273.28
POITEM03074,PO00933,PROD400,208,523.63
POITEM03075,PO00933,PROD342,338,372.68
POITEM03076,PO00933,PROD487,198,307.18
POITEM03077,PO00933,PROD347,172,47.53
POITEM03078,PO00934,PROD287,341,101.85
POITEM03079,PO00934,PROD386,218,321.18
POITEM03080,PO00934,PROD032,282,272.47
POITEM03081,PO00934,PROD371,37,273.28
POITEM03082,PO00935,PROD443,376,266.46
POITEM03083,PO00935,PROD498,158,707.28
POITEM03084,PO00935,PROD168,465,579.64
POITEM03085,PO00935,PROD350,235,431.8
POITEM03086,PO00936,PROD420,482,649.28
POITEM03087,PO00936,PROD446,160,112.46
POITEM03088,PO00937,PROD135,115,585.93
POITEM03089,PO00937,PROD101,72,328.38
POITEM03090,PO00938,PROD295,190,114.04
POITEM03091,PO00939,PROD042,262,146.76
POITEM03092,PO00939,PROD389,324,539.54
POITEM03093,PO00939,PROD350,396,431.8
POITEM03094,PO00940,PROD121,270,517.69
POITEM03095,PO00940,PROD195,349,419.18
POITEM03096,PO00940,PROD150,233,800.82
POITEM03097,PO00940,PROD034,182,553.63
POITEM03098,PO00941,PROD155,344,109.64
POITEM03099,PO00941,PROD278,124,232.84
POITEM03100,PO00942,PROD456,286,490.07
POITEM03101,PO00942,PROD450,26,446.47
POITEM03102,PO00942,PROD039,74,328.0
POITEM03103,PO00942,PROD216,407,103.05
POITEM03104,PO00942,PROD423,62,690.64
POITEM03105,PO00943,PROD010,169,95.43
POITEM03106,PO00943,PROD320,127,561.69
POITEM03107,PO00943,PROD198,331,145.64
POITEM03108,PO00944,PROD137,126,614.65
POITEM03109,PO00944,PROD459,84,425.98
POITEM03110,PO00944,PROD312,50,216.09
POITEM03111,PO00944,PROD253,21,512.2
POITEM03112,PO00945,PROD101,431,328.38
POITEM03113,PO00945,PROD172,342,259.65
POITEM03114,PO00945,PROD104,425,322.97
POITEM03115,PO00946,PROD495,108,56.14
POITEM03116,PO00946,PROD222,494,237.21
POITEM03117,PO00946,PROD382,177,278.93
POITEM03118,PO00947,PROD009,173,267.41
POITEM03119,PO00947,PROD443,325,266.46
POITEM03120,PO00947,PROD410,273,65.45
POITEM03121,PO00948,PROD453,185,117.48
POITEM03122,PO00948,PROD359,202,452.52
POITEM03123,PO00948,PROD170,69,847.62
POITEM03124,PO00949,PROD432,411,384.23
POITEM03125,PO00949,PROD171,346,619.21
POITEM03126,PO00949,PROD457,477,725.46
POITEM03127,PO00950,PROD290,124,96.88
POITEM03128,PO00951,PROD001,349,776.99
POITEM03129,PO00951,PROD121,417,517.69
POITEM03130,PO00951,PROD263,316,750.8
POITEM03131,PO00952,PROD320,204,561.69
POITEM03132,PO00952,PROD445,99,632.13
POITEM03133,PO00952,PROD348,57,395.15
POITEM03134,PO00953,PROD272,153,456.22
POITEM03135,PO00953,PROD449,375,743.17
POITEM03136,PO00953,PROD367,116,416.73
POITEM03137,PO00953,PROD022,330,164.43
POITEM03138,PO00954,PROD406,366,296.65
POITEM03139,PO00954,PROD264,358,329.51
POITEM03140,PO00955,PROD425,344,128.6
POITEM03141,PO00956,PROD024,32,367.61
POITEM03142,PO00956,PROD099,129,263.66
POITEM03143,PO00956,PROD245,251,572.74
POITEM03144,PO00957,PROD027,304,397.54
POITEM03145,PO00957,PROD189,229,233.01
POITEM03146,PO00957,PROD496,310,574.68
POITEM03147,PO00957,PROD283,348,484.15
POITEM03148,PO00957,PROD405,372,42.4
POITEM03149,PO00958,PROD235,302,819.51
POITEM03150,PO00958,PROD486,59,40.88
POITEM03151,PO00959,PROD179,80,282.68
POITEM03152,PO00959,PROD354,493,728.91
POITEM03153,PO00959,PROD335,160,290.45
POITEM03154,PO00960,PROD052,383,368.02
POITEM03155,PO00960,PROD125,217,569.18
POITEM03156,PO00960,PROD364,58,28.18
POITEM03157,PO00960,PROD433,273,509.44
POITEM03158,PO00961,PROD420,390,649.28
POITEM03159,PO00961,PROD184,455,29.32
POITEM03160,PO00961,PROD156,414,450.52
POITEM03161,PO00961,PROD373,399,693.26
POITEM03162,PO00961,PROD337,89,726.12
POITEM03163,PO00961,PROD056,369,446.11
POITEM03164,PO00962,PROD299,104,408.79
POITEM03165,PO00962,PROD146,182,411.83
POITEM03166,PO00962,PROD348,187,395.15
POITEM03167,PO00962,PROD167,472,587.07
POITEM03168,PO00963,PROD221,99,255.85
POITEM03169,PO00963,PROD041,359,696.65
POITEM03170,PO00963,PROD140,386,695.21
POITEM03171,PO00963,PROD138,410,737.18
POITEM03172,PO00963,PROD052,374,368.02
POITEM03173,PO00963,PROD480,419,732.4
POITEM03174,PO00964,PROD314,75,834.65
POITEM03175,PO00964,PROD098,274,478.75
POITEM03176,PO00964,PROD339,432,635.93
POITEM03177,PO00964,PROD067,240,768.19
POITEM03178,PO00964,PROD063,76,535.5
POITEM03179,PO00964,PROD171,76,619.21
POITEM03180,PO00964,PROD075,69,492.03
POITEM03181,PO00964,PROD302,473,202.72
POITEM03182,PO00964,PROD131,455,395.7
POITEM03183,PO00965,PROD307,403,168.22
POITEM03184,PO00965,PROD208,195,672.53
POITEM03185,PO00966,PROD419,385,312.82
POITEM03186,PO00966,PROD404,308,182.61
POITEM03187,PO00966,PROD212,172,333.53
POITEM03188,PO00967,PROD001,383,776.99
POITEM03189,PO00967,PROD040,126,459.73
POITEM03190,PO00967,PROD033,132,631.35
POITEM03191,PO00967,PROD085,376,577.31
POITEM03192,PO00968,PROD423,208,690.64
POITEM03193,PO00968,PROD196,340,763.76
POITEM03194,PO00968,PROD173,219,28.86
POITEM03195,PO00969,PROD199,70,60.76
POITEM03196,PO00969,PROD259,170,724.03
POITEM03197,PO00969,PROD158,143,660.16
POITEM03198,PO00970,PROD411,31,722.17
POITEM03199,PO00970,PROD259,403,724.03
POITEM03200,PO00971,PROD029,282,272.35
POITEM03201,PO00971,PROD161,365,19.17
POITEM03202,PO00971,PROD103,460,281.85
POITEM03203,PO00972,PROD004,393,681.55
POITEM03204,PO00972,PROD315,158,259.32
POITEM03205,PO00972,PROD391,102,689.07
POITEM03206,PO00972,PROD463,288,440.81
POITEM03207,PO00972,PROD472,348,577.91
POITEM03208,PO00973,PROD079,111,812.58
POITEM03209,PO00973,PROD170,63,847.62
POITEM03210,PO00973,PROD488,33,538.7
POITEM03211,PO00973,PROD229,378,704.2
POITEM03212,PO00973,PROD252,276,755.34
POITEM03213,PO00974,PROD489,446,628.21
POITEM03214,PO00974,PROD026,500,429.06
POITEM03215,PO00975,PROD261,448,819.85
POITEM03216,PO00975,PROD383,403,361.93
POITEM03217,PO00976,PROD283,387,484.15
POITEM03218,PO00976,PROD160,424,576.41
POITEM03219,PO00976,PROD304,208,170.43
POITEM03220,PO00976,PROD183,105,750.98
POITEM03221,PO00977,PROD163,121,835.86
POITEM03222,PO00977,PROD072,85,760.5
POITEM03223,PO00977,PROD071,302,644.78
POITEM03224,PO00977,PROD050,176,794.2
POITEM03225,PO00977,PROD248,92,696.53
POITEM03226,PO00978,PROD274,99,184.54
POITEM03227,PO00978,PROD031,336,825.69
POITEM03228,PO00978,PROD340,58,807.39
POITEM03229,PO00978,PROD083,349,427.38
POITEM03230,PO00978,PROD012,495,840.64
POITEM03231,PO00978,PROD457,254,725.46
POITEM03232,PO00979,PROD332,388,72.5
POITEM03233,PO00979,PROD125,154,569.18
POITEM03234,PO00980,PROD431,76,243.6
POITEM03235,PO00980,PROD252,145,755.34
POITEM03236,PO00980,PROD265,74,751.2
POITEM03237,PO00980,PROD386,168,321.18
POITEM03238,PO00981,PROD370,131,241.67
POITEM03239,PO00981,PROD191,50,491.12
POITEM03240,PO00981,PROD117,472,169.44
POITEM03241,PO00981,PROD032,90,272.47
POITEM03242,PO00982,PROD108,237,22.43
POITEM03243,PO00982,PROD034,174,553.63
POITEM03244,PO00982,PROD145,446,314.36
POITEM03245,PO00983,PROD239,264,391.55
POITEM03246,PO00983,PROD329,277,267.76
POITEM03247,PO00984,PROD340,88,807.39
POITEM03248,PO00984,PROD466,476,726.78
POITEM03249,PO00984,PROD316,264,388.86
POITEM03250,PO00984,PROD071,262,644.78
POITEM03251,PO00984,PROD379,32,768.98
POITEM03252,PO00985,PROD239,338,391.55
POITEM03253,PO00985,PROD205,498,280.15
POITEM03254,PO00986,PROD207,351,406.78
POITEM03255,PO00986,PROD344,419,838.24
POITEM03256,PO00986,PROD303,176,460.65
POITEM03257,PO00986,PROD224,59,36.63
POITEM03258,PO00987,PROD354,422,728.91
POITEM03259,PO00987,PROD223,168,123.48
POITEM03260,PO00988,PROD098,33,478.75
POITEM03261,PO00988,PROD112,40,787.68
POITEM03262,PO00988,PROD290,246,96.88
POITEM03263,PO00988,PROD211,77,660.34
POITEM03264,PO00988,PROD260,486,341.22
POITEM03265,PO00989,PROD326,68,44.1
POITEM03266,PO00989,PROD095,53,142.41
POITEM03267,PO00989,PROD066,93,101.43
POITEM03268,PO00989,PROD024,472,367.61
POITEM03269,PO00990,PROD190,140,716.67
POITEM03270,PO00990,PROD478,352,587.74
POITEM03271,PO00990,PROD292,387,238.58
POITEM03272,PO00990,PROD372,485,340.73
POITEM03273,PO00990,PROD115,90,800.71
POITEM03274,PO00991,PROD209,240,431.65
POITEM03275,PO00991,PROD459,227,425.98
POITEM03276,PO00991,PROD487,398,307.18
POITEM03277,PO00991,PROD039,461,328.0
POITEM03278,PO00992,PROD299,269,408.79
POITEM03279,PO00992,PROD250,78,549.69
POITEM03280,PO00992,PROD021,77,371.88
POITEM03281,PO00993,PROD460,272,70.8
POITEM03282,PO00993,PROD035,299,513.23
POITEM03283,PO00993,PROD406,482,296.65
POITEM03284,PO00993,PROD057,252,726.74
POITEM03285,PO00993,PROD061,85,433.65
POITEM03286,PO00993,PROD190,142,716.67
POITEM03287,PO00994,PROD061,208,433.65
POITEM03288,PO00994,PROD165,499,341.6
POITEM03289,PO00994,PROD332,492,72.5
POITEM03290,PO00995,PROD155,127,109.64
POITEM03291,PO00995,PROD067,226,768.19
POITEM03292,PO00996,PROD370,384,241.67
POITEM03293,PO00996,PROD147,212,333.32
POITEM03294,PO00997,PROD332,285,72.5
POITEM03295,PO00997,PROD283,363,484.15
POITEM03296,PO00997,PROD255,31,68.92
POITEM03297,PO00997,PROD178,202,136.21
POITEM03298,PO00997,PROD443,350,266.46
POITEM03299,PO00997,PROD014,375,234.75
POITEM03300,PO00998,PROD143,99,189.93
POITEM03301,PO00998,PROD026,395,429.06
POITEM03302,PO00998,PROD031,269,825.69
POITEM03303,PO00999,PROD480,442,732.4
POITEM03304,PO00999,PROD119,124,65.49
POITEM03305,PO00999,PROD227,227,641.82
POITEM03306,PO00999,PROD312,219,216.09
POITEM03307,PO01000,PROD276,223,128.13
POITEM03308,PO01000,PROD387,422,540.68
POITEM03309,PO01001,PROD039,54,328.0
POITEM03310,PO01001,PROD209,289,431.65
POITEM03311,PO01002,PROD238,399,59.91
POITEM03312,PO01002,PROD148,169,19.6
POITEM03313,PO01002,PROD302,211,202.72
POITEM03314,PO01002,PROD214,378,448.24
POITEM03315,PO01002,PROD225,84,739.73
POITEM03316,PO01002,PROD498,256,707.28
POITEM03317,PO01002,PROD266,478,691.86
POITEM03318,PO01003,PROD328,431,665.85
POITEM03319,PO01003,PROD265,482,751.2
POITEM03320,PO01003,PROD425,286,128.6
POITEM03321,PO01004,PROD438,439,485.88
POITEM03322,PO01004,PROD146,129,411.83
POITEM03323,PO01004,PROD062,425,176.9
POITEM03324,PO01005,PROD176,346,36.12
POITEM03325,PO01005,PROD339,433,635.93
POITEM03326,PO01005,PROD225,35,739.73
POITEM03327,PO01005,PROD306,390,255.04
POITEM03328,PO01005,PROD234,255,497.04
POITEM03329,PO01006,PROD427,343,318.68
POITEM03330,PO01006,PROD159,347,783.19
POITEM03331,PO01007,PROD011,120,767.67
POITEM03332,PO01007,PROD037,73,675.52
POITEM03333,PO01007,PROD249,417,494.03
POITEM03334,PO01008,PROD493,320,163.56
POITEM03335,PO01008,PROD180,109,627.22
POITEM03336,PO01009,PROD230,152,393.11
POITEM03337,PO01009,PROD354,46,728.91
POITEM03338,PO01009,PROD066,207,101.43
POITEM03339,PO01010,PROD084,275,725.26
POITEM03340,PO01010,PROD168,260,579.64
POITEM03341,PO01010,PROD436,167,483.58
POITEM03342,PO01010,PROD430,344,576.39
POITEM03343,PO01010,PROD054,292,723.26
POITEM03344,PO01011,PROD207,99,406.78
POITEM03345,PO01011,PROD158,408,660.16
POITEM03346,PO01011,PROD468,470,340.28
POITEM03347,PO01012,PROD259,89,724.03
POITEM03348,PO01012,PROD382,420,278.93
POITEM03349,PO01013,PROD141,169,718.98
POITEM03350,PO01013,PROD038,483,806.17
POITEM03351,PO01013,PROD002,312,804.13
POITEM03352,PO01013,PROD215,227,621.5
POITEM03353,PO01014,PROD489,468,628.21
POITEM03354,PO01014,PROD425,371,128.6
POITEM03355,PO01015,PROD211,211,660.34
POITEM03356,PO01015,PROD232,37,113.62
POITEM03357,PO01015,PROD487,48,307.18
POITEM03358,PO01015,PROD119,313,65.49
POITEM03359,PO01015,PROD225,142,739.73
POITEM03360,PO01015,PROD088,102,814.29
POITEM03361,PO01016,PROD100,111,479.23
POITEM03362,PO01016,PROD405,50,42.4
POITEM03363,PO01017,PROD199,341,60.76
POITEM03364,PO01017,PROD467,78,338.35
POITEM03365,PO01018,PROD065,148,418.06
POITEM03366,PO01018,PROD112,317,787.68
POITEM03367,PO01018,PROD204,484,103.04
POITEM03368,PO01019,PROD407,107,628.45
POITEM03369,PO01019,PROD455,36,767.23
POITEM03370,PO01019,PROD347,295,47.53
POITEM03371,PO01020,PROD153,93,609.33
POITEM03372,PO01020,PROD030,145,98.6
POITEM03373,PO01020,PROD486,115,40.88
POITEM03374,PO01020,PROD405,69,42.4
POITEM03375,PO01020,PROD211,448,660.34
POITEM03376,PO01021,PROD064,328,757.03
POITEM03377,PO01022,PROD268,61,615.12
POITEM03378,PO01022,PROD221,158,255.85
POITEM03379,PO01022,PROD182,367,188.11
POITEM03380,PO01022,PROD120,427,125.97
POITEM03381,PO01023,PROD017,443,435.9
POITEM03382,PO01023,PROD254,43,529.14
POITEM03383,PO01024,PROD478,258,587.74
POITEM03384,PO01024,PROD234,149,497.04
POITEM03385,PO01024,PROD235,336,819.51
POITEM03386,PO01024,PROD087,496,210.4
POITEM03387,PO01024,PROD085,325,577.31
POITEM03388,PO01024,PROD074,465,668.18
POITEM03389,PO01024,PROD288,190,740.09
POITEM03390,PO01025,PROD277,223,596.29
POITEM03391,PO01025,PROD373,36,693.26
POITEM03392,PO01026,PROD231,277,543.19
POITEM03393,PO01026,PROD490,410,806.54
POITEM03394,PO01026,PROD110,468,706.0
POITEM03395,PO01026,PROD464,284,580.41
POITEM03396,PO01027,PROD017,498,435.9
POITEM03397,PO01027,PROD335,317,290.45
POITEM03398,PO01027,PROD180,97,627.22
POITEM03399,PO01027,PROD089,126,454.84
POITEM03400,PO01027,PROD352,291,807.92
POITEM03401,PO01028,PROD108,191,22.43
POITEM03402,PO01028,PROD239,42,391.55
POITEM03403,PO01028,PROD253,158,512.2
POITEM03404,PO01029,PROD136,368,254.26
POITEM03405,PO01029,PROD143,332,189.93
POITEM03406,PO01029,PROD282,224,159.09
POITEM03407,PO01030,PROD433,385,509.44
POITEM03408,PO01030,PROD057,106,726.74
POITEM03409,PO01030,PROD475,234,349.43
POITEM03410,PO01030,PROD479,73,554.3
POITEM03411,PO01031,PROD240,321,813.74
POITEM03412,PO01031,PROD300,312,537.18
POITEM03413,PO01031,PROD127,260,100.06
POITEM03414,PO01031,PROD101,48,328.38
POITEM03415,PO01031,PROD338,87,512.58
POITEM03416,PO01032,PROD314,179,834.65
POITEM03417,PO01032,PROD425,262,128.6
POITEM03418,PO01032,PROD382,362,278.93
POITEM03419,PO01032,PROD389,214,539.54
POITEM03420,PO01032,PROD018,57,369.91
POITEM03421,PO01033,PROD339,62,635.93
POITEM03422,PO01033,PROD389,320,539.54
POITEM03423,PO01033,PROD333,403,267.79
POITEM03424,PO01033,PROD188,42,345.38
POITEM03425,PO01033,PROD135,407,585.93
POITEM03426,PO01033,PROD151,427,106.92
POITEM03427,PO01034,PROD086,358,796.25
POITEM03428,PO01034,PROD317,232,616.34
POITEM03429,PO01035,PROD212,106,333.53
POITEM03430,PO01035,PROD399,141,148.15
POITEM03431,PO01035,PROD424,250,212.71
POITEM03432,PO01035,PROD426,438,369.19
POITEM03433,PO01036,PROD342,433,372.68
POITEM03434,PO01036,PROD138,223,737.18
POITEM03435,PO01036,PROD396,24,471.13
POITEM03436,PO01036,PROD167,170,587.07
POITEM03437,PO01037,PROD017,394,435.9
POITEM03438,PO01037,PROD467,140,338.35
POITEM03439,PO01037,PROD208,110,672.53
POITEM03440,PO01037,PROD164,461,83.61
POITEM03441,PO01037,PROD386,115,321.18
POITEM03442,PO01037,PROD202,364,554.67
POITEM03443,PO01038,PROD261,78,819.85
POITEM03444,PO01038,PROD173,112,28.86
POITEM03445,PO01039,PROD040,227,459.73
POITEM03446,PO01040,PROD067,92,768.19
POITEM03447,PO01040,PROD451,493,590.08
POITEM03448,PO01040,PROD435,198,605.54
POITEM03449,PO01040,PROD311,146,547.26
POITEM03450,PO01041,PROD170,264,847.62
POITEM03451,PO01041,PROD405,495,42.4
POITEM03452,PO01041,PROD441,219,314.89
POITEM03453,PO01042,PROD133,495,337.84
POITEM03454,PO01042,PROD442,206,622.08
POITEM03455,PO01042,PROD468,450,340.28
POITEM03456,PO01043,PROD256,359,419.41
POITEM03457,PO01043,PROD300,164,537.18
POITEM03458,PO01043,PROD287,44,101.85
POITEM03459,PO01043,PROD111,283,720.46
POITEM03460,PO01043,PROD121,122,517.69
POITEM03461,PO01044,PROD181,113,486.15
POITEM03462,PO01044,PROD427,456,318.68
POITEM03463,PO01044,PROD325,219,844.48
POITEM03464,PO01044,PROD296,232,629.34
POITEM03465,PO01045,PROD013,209,731.42
POITEM03466,PO01045,PROD278,233,232.84
POITEM03467,PO01045,PROD484,191,780.87
POITEM03468,PO01045,PROD012,142,840.64
POITEM03469,PO01045,PROD247,46,826.24
POITEM03470,PO01045,PROD302,32,202.72
POITEM03471,PO01046,PROD187,229,702.51
POITEM03472,PO01046,PROD007,357,88.13
POITEM03473,PO01046,PROD316,436,388.86
POITEM03474,PO01046,PROD104,28,322.97
POITEM03475,PO01046,PROD355,163,245.42
POITEM03476,PO01047,PROD459,430,425.98
POITEM03477,PO01047,PROD114,64,206.92
POITEM03478,PO01047,PROD232,155,113.62
POITEM03479,PO01048,PROD256,316,419.41
POITEM03480,PO01048,PROD424,109,212.71
POITEM03481,PO01048,PROD292,343,238.58
POITEM03482,PO01048,PROD117,93,169.44
POITEM03483,PO01049,PROD143,312,189.93
POITEM03484,PO01049,PROD448,187,776.39
POITEM03485,PO01050,PROD313,393,530.62
POITEM03486,PO01050,PROD127,409,100.06
POITEM03487,PO01050,PROD374,146,166.06
POITEM03488,PO01051,PROD016,367,765.64
POITEM03489,PO01052,PROD401,335,73.57
POITEM03490,PO01053,PROD472,276,577.91
POITEM03491,PO01053,PROD039,33,328.0
POITEM03492,PO01053,PROD341,321,825.32
POITEM03493,PO01054,PROD135,29,585.93
POITEM03494,PO01055,PROD225,174,739.73
POITEM03495,PO01055,PROD076,188,128.14
POITEM03496,PO01055,PROD138,444,737.18
POITEM03497,PO01055,PROD399,85,148.15
POITEM03498,PO01056,PROD120,114,125.97
POITEM03499,PO01056,PROD409,478,295.02
POITEM03500,PO01056,PROD069,95,722.01
POITEM03501,PO01056,PROD354,72,728.91
POITEM03502,PO01056,PROD361,429,549.02
POITEM03503,PO01056,PROD364,181,28.18
POITEM03504,PO01056,PROD362,198,488.97
POITEM03505,PO01056,PROD248,141,696.53
POITEM03506,PO01056,PROD092,94,301.04
POITEM03507,PO01057,PROD317,417,616.34
POITEM03508,PO01057,PROD443,467,266.46
POITEM03509,PO01057,PROD297,115,148.17
POITEM03510,PO01057,PROD097,310,779.98
POITEM03511,PO01058,PROD361,222,549.02
POITEM03512,PO01058,PROD341,193,825.32
POITEM03513,PO01059,PROD089,323,454.84
POITEM03514,PO01059,PROD397,421,41.01
POITEM03515,PO01059,PROD492,186,804.82
POITEM03516,PO01059,PROD152,469,584.46
POITEM03517,PO01059,PROD427,74,318.68
POITEM03518,PO01060,PROD417,22,638.19
POITEM03519,PO01060,PROD370,396,241.67
POITEM03520,PO01061,PROD203,400,195.25
POITEM03521,PO01062,PROD263,479,750.8
POITEM03522,PO01062,PROD044,88,408.18
POITEM03523,PO01062,PROD109,357,173.24
POITEM03524,PO01062,PROD468,21,340.28
POITEM03525,PO01063,PROD299,64,408.79
POITEM03526,PO01063,PROD364,295,28.18
POITEM03527,PO01064,PROD441,499,314.89
POITEM03528,PO01064,PROD028,131,806.13
POITEM03529,PO01064,PROD397,241,41.01
POITEM03530,PO01064,PROD211,317,660.34
POITEM03531,PO01065,PROD235,465,819.51
POITEM03532,PO01065,PROD452,235,316.15
POITEM03533,PO01065,PROD378,352,94.29
POITEM03534,PO01066,PROD039,325,328.0
POITEM03535,PO01067,PROD227,90,641.82
POITEM03536,PO01067,PROD208,121,672.53
POITEM03537,PO01067,PROD032,213,272.47
POITEM03538,PO01067,PROD380,160,583.27
POITEM03539,PO01067,PROD095,176,142.41
POITEM03540,PO01068,PROD231,397,543.19
POITEM03541,PO01068,PROD342,157,372.68
POITEM03542,PO01068,PROD003,120,313.13
POITEM03543,PO01069,PROD054,99,723.26
POITEM03544,PO01069,PROD437,240,656.13
POITEM03545,PO01069,PROD215,121,621.5
POITEM03546,PO01070,PROD076,112,128.14
POITEM03547,PO01071,PROD068,75,804.13
POITEM03548,PO01071,PROD496,434,574.68
POITEM03549,PO01071,PROD331,386,432.78
POITEM03550,PO01072,PROD448,315,776.39
POITEM03551,PO01072,PROD411,34,722.17
POITEM03552,PO01072,PROD350,489,431.8
POITEM03553,PO01073,PROD233,110,563.96
POITEM03554,PO01073,PROD168,322,579.64
POITEM03555,PO01073,PROD052,495,368.02
POITEM03556,PO01073,PROD017,207,435.9
POITEM03557,PO01073,PROD339,296,635.93
POITEM03558,PO01074,PROD121,172,517.69
POITEM03559,PO01074,PROD087,180,210.4
POITEM03560,PO01074,PROD243,126,674.05
POITEM03561,PO01074,PROD052,396,368.02
POITEM03562,PO01074,PROD013,185,731.42
POITEM03563,PO01075,PROD219,382,428.2
POITEM03564,PO01075,PROD375,170,655.65
POITEM03565,PO01075,PROD104,135,322.97
POITEM03566,PO01075,PROD345,53,556.51
POITEM03567,PO01076,PROD495,137,56.14
POITEM03568,PO01076,PROD034,496,553.63
POITEM03569,PO01076,PROD458,432,353.85
POITEM03570,PO01076,PROD195,120,419.18
POITEM03571,PO01077,PROD360,466,13.82
POITEM03572,PO01077,PROD184,153,29.32
POITEM03573,PO01078,PROD260,75,341.22
POITEM03574,PO01078,PROD484,268,780.87
POITEM03575,PO01078,PROD461,430,132.57
POITEM03576,PO01078,PROD086,230,796.25
POITEM03577,PO01078,PROD166,298,389.01
POITEM03578,PO01078,PROD155,312,109.64
POITEM03579,PO01079,PROD069,350,722.01
POITEM03580,PO01079,PROD292,323,238.58
POITEM03581,PO01079,PROD485,481,774.45
POITEM03582,PO01080,PROD089,175,454.84
POITEM03583,PO01080,PROD476,197,797.37
POITEM03584,PO01080,PROD263,255,750.8
POITEM03585,PO01080,PROD477,80,637.64
POITEM03586,PO01081,PROD340,349,807.39
POITEM03587,PO01082,PROD190,329,716.67
POITEM03588,PO01082,PROD483,120,367.42
POITEM03589,PO01082,PROD151,74,106.92
POITEM03590,PO01082,PROD306,491,255.04
POITEM03591,PO01083,PROD052,242,368.02
POITEM03592,PO01083,PROD103,76,281.85
POITEM03593,PO01083,PROD112,422,787.68
POITEM03594,PO01083,PROD472,134,577.91
POITEM03595,PO01083,PROD265,232,751.2
POITEM03596,PO01084,PROD423,183,690.64
POITEM03597,PO01084,PROD006,159,708.02
POITEM03598,PO01085,PROD248,426,696.53
POITEM03599,PO01085,PROD386,375,321.18
POITEM03600,PO01085,PROD343,445,279.4
POITEM03601,PO01086,PROD256,330,419.41
POITEM03602,PO01086,PROD359,405,452.52
POITEM03603,PO01086,PROD133,488,337.84
POITEM03604,PO01086,PROD248,457,696.53
POITEM03605,PO01086,PROD003,211,313.13
POITEM03606,PO01086,PROD214,142,448.24
POITEM03607,PO01087,PROD418,20,502.51
POITEM03608,PO01087,PROD393,359,401.11
POITEM03609,PO01087,PROD305,371,213.13
POITEM03610,PO01087,PROD155,218,109.64
POITEM03611,PO01087,PROD439,338,348.87
POITEM03612,PO01088,PROD229,159,704.2
POITEM03613,PO01088,PROD073,65,483.95
POITEM03614,PO01088,PROD438,303,485.88
POITEM03615,PO01088,PROD027,240,397.54
POITEM03616,PO01089,PROD331,247,432.78
POITEM03617,PO01089,PROD194,302,504.89
POITEM03618,PO01089,PROD456,493,490.07
POITEM03619,PO01090,PROD354,474,728.91
POITEM03620,PO01090,PROD133,418,337.84
POITEM03621,PO01090,PROD252,472,755.34
POITEM03622,PO01090,PROD494,79,405.19
POITEM03623,PO01090,PROD008,331,531.37
POITEM03624,PO01091,PROD499,20,136.97
POITEM03625,PO01091,PROD172,153,259.65
POITEM03626,PO01091,PROD168,220,579.64
POITEM03627,PO01091,PROD410,449,65.45
POITEM03628,PO01092,PROD278,395,232.84
POITEM03629,PO01092,PROD433,482,509.44
POITEM03630,PO01093,PROD065,264,418.06
POITEM03631,PO01093,PROD433,192,509.44
POITEM03632,PO01093,PROD194,164,504.89
POITEM03633,PO01094,PROD030,86,98.6
POITEM03634,PO01094,PROD298,202,152.63
POITEM03635,PO01094,PROD151,498,106.92
POITEM03636,PO01094,PROD046,357,444.13
POITEM03637,PO01094,PROD133,405,337.84
POITEM03638,PO01095,PROD112,189,787.68
POITEM03639,PO01095,PROD261,350,819.85
POITEM03640,PO01096,PROD098,127,478.75
POITEM03641,PO01096,PROD060,96,493.98
POITEM03642,PO01096,PROD482,336,195.08
POITEM03643,PO01097,PROD111,178,720.46
POITEM03644,PO01097,PROD458,123,353.85
POITEM03645,PO01097,PROD422,497,804.99
POITEM03646,PO01097,PROD441,203,314.89
POITEM03647,PO01098,PROD447,416,494.28
POITEM03648,PO01098,PROD311,258,547.26
POITEM03649,PO01098,PROD238,229,59.91
POITEM03650,PO01098,PROD452,146,316.15
POITEM03651,PO01099,PROD076,191,128.14
POITEM03652,PO01099,PROD073,384,483.95
POITEM03653,PO01100,PROD216,227,103.05
POITEM03654,PO01101,PROD495,243,56.14
POITEM03655,PO01101,PROD414,209,649.94
POITEM03656,PO01102,PROD388,119,392.75
POITEM03657,PO01102,PROD171,330,619.21
POITEM03658,PO01102,PROD178,157,136.21
POITEM03659,PO01103,PROD258,356,268.33
POITEM03660,PO01103,PROD399,85,148.15
POITEM03661,PO01104,PROD401,330,73.57
POITEM03662,PO01104,PROD411,313,722.17
POITEM03663,PO01104,PROD032,394,272.47
POITEM03664,PO01105,PROD063,317,535.5
POITEM03665,PO01105,PROD229,124,704.2
POITEM03666,PO01106,PROD160,380,576.41
POITEM03667,PO01106,PROD460,80,70.8
POITEM03668,PO01106,PROD290,154,96.88
POITEM03669,PO01107,PROD297,256,148.17
POITEM03670,PO01107,PROD206,451,609.95
POITEM03671,PO01108,PROD489,273,628.21
POITEM03672,PO01108,PROD488,153,538.7
POITEM03673,PO01108,PROD185,36,38.46
POITEM03674,PO01109,PROD382,374,278.93
POITEM03675,PO01109,PROD343,268,279.4
POITEM03676,PO01110,PROD189,214,233.01
POITEM03677,PO01110,PROD129,498,474.72
POITEM03678,PO01110,PROD472,436,577.91
POITEM03679,PO01110,PROD237,429,500.6
POITEM03680,PO01110,PROD221,436,255.85
POITEM03681,PO01111,PROD293,184,540.67
POITEM03682,PO01111,PROD416,59,632.6
POITEM03683,PO01111,PROD312,361,216.09
POITEM03684,PO01111,PROD251,350,788.6
POITEM03685,PO01112,PROD319,164,39.15
POITEM03686,PO01112,PROD436,31,483.58
POITEM03687,PO01113,PROD487,205,307.18
POITEM03688,PO01113,PROD413,391,431.16
POITEM03689,PO01113,PROD209,41,431.65
POITEM03690,PO01113,PROD053,159,384.27
POITEM03691,PO01114,PROD289,46,433.32
POITEM03692,PO01114,PROD078,320,794.47
POITEM03693,PO01114,PROD072,93,760.5
POITEM03694,PO01115,PROD015,202,198.05
POITEM03695,PO01115,PROD003,42,313.13
POITEM03696,PO01115,PROD092,52,301.04
POITEM03697,PO01115,PROD300,420,537.18
POITEM03698,PO01115,PROD353,396,270.5
POITEM03699,PO01116,PROD091,312,484.78
POITEM03700,PO01116,PROD316,48,388.86
POITEM03701,PO01117,PROD124,278,413.86
POITEM03702,PO01117,PROD247,116,826.24
POITEM03703,PO01118,PROD177,414,207.32
POITEM03704,PO01118,PROD246,169,775.74
POITEM03705,PO01118,PROD360,180,13.82
POITEM03706,PO01119,PROD119,145,65.49
POITEM03707,PO01119,PROD101,417,328.38
POITEM03708,PO01119,PROD108,480,22.43
POITEM03709,PO01119,PROD422,455,804.99
POITEM03710,PO01120,PROD471,168,235.79
POITEM03711,PO01120,PROD022,307,164.43
POITEM03712,PO01120,PROD107,122,604.75
POITEM03713,PO01120,PROD366,425,707.17
POITEM03714,PO01121,PROD217,45,364.98
POITEM03715,PO01121,PROD407,227,628.45
POITEM03716,PO01122,PROD328,168,665.85
POITEM03717,PO01122,PROD382,494,278.93
POITEM03718,PO01122,PROD290,497,96.88
POITEM03719,PO01122,PROD125,80,569.18
POITEM03720,PO01122,PROD448,268,776.39
POITEM03721,PO01123,PROD479,41,554.3
POITEM03722,PO01123,PROD385,408,368.25
POITEM03723,PO01123,PROD363,380,398.27
POITEM03724,PO01123,PROD323,447,348.8
POITEM03725,PO01124,PROD321,292,627.48
POITEM03726,PO01124,PROD436,101,483.58
POITEM03727,PO01125,PROD292,290,238.58
POITEM03728,PO01125,PROD085,495,577.31
POITEM03729,PO01125,PROD493,212,163.56
POITEM03730,PO01125,PROD113,256,148.55
POITEM03731,PO01125,PROD035,345,513.23
POITEM03732,PO01126,PROD279,495,181.43
POITEM03733,PO01126,PROD411,51,722.17
POITEM03734,PO01126,PROD486,98,40.88
POITEM03735,PO01127,PROD349,365,753.18
POITEM03736,PO01127,PROD246,91,775.74
POITEM03737,PO01127,PROD466,428,726.78
POITEM03738,PO01127,PROD004,450,681.55
POITEM03739,PO01127,PROD395,363,236.19
POITEM03740,PO01128,PROD401,357,73.57
POITEM03741,PO01128,PROD184,52,29.32
POITEM03742,PO01128,PROD217,482,364.98
POITEM03743,PO01128,PROD159,55,783.19
POITEM03744,PO01128,PROD139,330,185.81
POITEM03745,PO01129,PROD268,323,615.12
POITEM03746,PO01129,PROD201,309,148.93
POITEM03747,PO01129,PROD128,379,304.2
POITEM03748,PO01130,PROD119,379,65.49
POITEM03749,PO01130,PROD258,154,268.33
POITEM03750,PO01131,PROD244,338,89.5
POITEM03751,PO01131,PROD325,58,844.48
POITEM03752,PO01131,PROD177,153,207.32
POITEM03753,PO01132,PROD330,338,374.25
POITEM03754,PO01132,PROD013,365,731.42
POITEM03755,PO01132,PROD336,206,771.31
POITEM03756,PO01132,PROD098,412,478.75
POITEM03757,PO01133,PROD124,315,413.86
POITEM03758,PO01133,PROD315,347,259.32
POITEM03759,PO01133,PROD175,420,214.47
POITEM03760,PO01133,PROD121,469,517.69
POITEM03761,PO01134,PROD113,114,148.55
POITEM03762,PO01134,PROD110,247,706.0
POITEM03763,PO01134,PROD471,216,235.79
POITEM03764,PO01134,PROD267,183,508.59
POITEM03765,PO01135,PROD355,335,245.42
POITEM03766,PO01135,PROD154,314,783.77
POITEM03767,PO01135,PROD296,380,629.34
POITEM03768,PO01135,PROD200,107,324.44
POITEM03769,PO01135,PROD201,140,148.93
POITEM03770,PO01135,PROD267,305,508.59
POITEM03771,PO01136,PROD349,77,753.18
POITEM03772,PO01136,PROD473,344,234.57
POITEM03773,PO01137,PROD252,324,755.34
POITEM03774,PO01138,PROD188,392,345.38
POITEM03775,PO01138,PROD054,441,723.26
POITEM03776,PO01138,PROD409,373,295.02
POITEM03777,PO01139,PROD088,353,814.29
POITEM03778,PO01139,PROD053,251,384.27
POITEM03779,PO01139,PROD370,253,241.67
POITEM03780,PO01140,PROD384,500,687.48
POITEM03781,PO01140,PROD460,291,70.8
POITEM03782,PO01140,PROD322,143,562.63
POITEM03783,PO01140,PROD306,313,255.04
POITEM03784,PO01141,PROD004,390,681.55
POITEM03785,PO01141,PROD354,46,728.91
POITEM03786,PO01141,PROD141,137,718.98
POITEM03787,PO01141,PROD055,347,324.06
POITEM03788,PO01142,PROD077,485,418.0
POITEM03789,PO01143,PROD168,99,579.64
POITEM03790,PO01143,PROD183,240,750.98
POITEM03791,PO01143,PROD453,129,117.48
POITEM03792,PO01143,PROD497,257,607.34
POITEM03793,PO01143,PROD059,48,476.49
POITEM03794,PO01144,PROD107,112,604.75
POITEM03795,PO01144,PROD360,101,13.82
POITEM03796,PO01144,PROD012,198,840.64
POITEM03797,PO01144,PROD408,72,677.22
POITEM03798,PO01145,PROD319,483,39.15
POITEM03799,PO01145,PROD313,104,530.62
POITEM03800,PO01145,PROD090,270,448.29
POITEM03801,PO01145,PROD061,166,433.65
POITEM03802,PO01146,PROD156,475,450.52
POITEM03803,PO01146,PROD187,387,702.51
POITEM03804,PO01146,PROD296,197,629.34
POITEM03805,PO01147,PROD493,499,163.56
POITEM03806,PO01147,PROD204,199,103.04
POITEM03807,PO01148,PROD307,310,168.22
POITEM03808,PO01148,PROD479,175,554.3
POITEM03809,PO01148,PROD372,467,340.73
POITEM03810,PO01148,PROD167,172,587.07
POITEM03811,PO01148,PROD433,58,509.44
POITEM03812,PO01148,PROD017,404,435.9
POITEM03813,PO01148,PROD299,172,408.79
POITEM03814,PO01148,PROD459,275,425.98
POITEM03815,PO01148,PROD376,206,507.07
POITEM03816,PO01149,PROD465,109,567.0
POITEM03817,PO01149,PROD364,198,28.18
POITEM03818,PO01149,PROD422,233,804.99
POITEM03819,PO01150,PROD255,318,68.92
POITEM03820,PO01150,PROD224,203,36.63
POITEM03821,PO01150,PROD214,480,448.24
POITEM03822,PO01151,PROD209,445,431.65
POITEM03823,PO01151,PROD442,46,622.08
POITEM03824,PO01151,PROD188,222,345.38
POITEM03825,PO01151,PROD482,257,195.08
POITEM03826,PO01152,PROD035,180,513.23
POITEM03827,PO01152,PROD051,335,320.72
POITEM03828,PO01152,PROD192,90,840.18
POITEM03829,PO01152,PROD300,467,537.18
POITEM03830,PO01152,PROD329,451,267.76
POITEM03831,PO01152,PROD003,189,313.13
POITEM03832,PO01153,PROD135,336,585.93
POITEM03833,PO01153,PROD194,202,504.89
POITEM03834,PO01153,PROD491,43,87.09
POITEM03835,PO01153,PROD313,454,530.62
POITEM03836,PO01153,PROD256,393,419.41
POITEM03837,PO01154,PROD209,449,431.65
POITEM03838,PO01155,PROD259,72,724.03
POITEM03839,PO01155,PROD191,233,491.12
POITEM03840,PO01155,PROD017,92,435.9
POITEM03841,PO01155,PROD367,410,416.73
POITEM03842,PO01155,PROD152,257,584.46
POITEM03843,PO01156,PROD084,112,725.26
POITEM03844,PO01156,PROD015,191,198.05
POITEM03845,PO01156,PROD328,109,665.85
POITEM03846,PO01156,PROD315,76,259.32
POITEM03847,PO01156,PROD081,114,408.14
POITEM03848,PO01157,PROD136,469,254.26
POITEM03849,PO01157,PROD359,451,452.52
POITEM03850,PO01157,PROD420,88,649.28
POITEM03851,PO01157,PROD196,479,763.76
POITEM03852,PO01158,PROD455,281,767.23
POITEM03853,PO01158,PROD447,257,494.28
POITEM03854,PO01158,PROD151,154,106.92
POITEM03855,PO01159,PROD068,325,804.13
POITEM03856,PO01159,PROD345,188,556.51
POITEM03857,PO01160,PROD124,180,413.86
POITEM03858,PO01160,PROD374,134,166.06
POITEM03859,PO01160,PROD280,479,561.08
POITEM03860,PO01161,PROD293,331,540.67
POITEM03861,PO01162,PROD484,492,780.87
POITEM03862,PO01162,PROD179,410,282.68
POITEM03863,PO01163,PROD334,184,631.9
POITEM03864,PO01163,PROD348,60,395.15
POITEM03865,PO01164,PROD034,65,553.63
POITEM03866,PO01164,PROD281,274,472.78
POITEM03867,PO01165,PROD041,236,696.65
POITEM03868,PO01165,PROD148,142,19.6
POITEM03869,PO01165,PROD458,127,353.85
POITEM03870,PO01165,PROD311,236,547.26
POITEM03871,PO01166,PROD162,164,17.84
POITEM03872,PO01166,PROD343,364,279.4
POITEM03873,PO01166,PROD002,404,804.13
POITEM03874,PO01167,PROD336,157,771.31
POITEM03875,PO01167,PROD232,51,113.62
POITEM03876,PO01167,PROD461,34,132.57
POITEM03877,PO01167,PROD333,453,267.79
POITEM03878,PO01167,PROD493,380,163.56
POITEM03879,PO01168,PROD184,396,29.32
POITEM03880,PO01168,PROD308,159,364.45
POITEM03881,PO01169,PROD009,170,267.41
POITEM03882,PO01169,PROD347,436,47.53
POITEM03883,PO01169,PROD261,65,819.85
POITEM03884,PO01169,PROD464,468,580.41
POITEM03885,PO01170,PROD165,38,341.6
POITEM03886,PO01170,PROD139,446,185.81
POITEM03887,PO01170,PROD292,258,238.58
POITEM03888,PO01171,PROD018,179,369.91
POITEM03889,PO01171,PROD362,81,488.97
POITEM03890,PO01171,PROD192,191,840.18
POITEM03891,PO01172,PROD389,246,539.54
POITEM03892,PO01172,PROD239,444,391.55
POITEM03893,PO01172,PROD002,421,804.13
POITEM03894,PO01172,PROD429,316,65.57
POITEM03895,PO01172,PROD438,214,485.88
POITEM03896,PO01173,PROD048,236,69.08
POITEM03897,PO01173,PROD465,320,567.0
POITEM03898,PO01173,PROD344,161,838.24
POITEM03899,PO01174,PROD088,423,814.29
POITEM03900,PO01174,PROD419,461,312.82
POITEM03901,PO01174,PROD278,304,232.84
POITEM03902,PO01174,PROD135,124,585.93
POITEM03903,PO01175,PROD276,268,128.13
POITEM03904,PO01175,PROD497,257,607.34
POITEM03905,PO01175,PROD082,397,553.44
POITEM03906,PO01176,PROD213,440,593.33
POITEM03907,PO01176,PROD307,211,168.22
POITEM03908,PO01176,PROD430,218,576.39
POITEM03909,PO01176,PROD337,308,726.12
POITEM03910,PO01176,PROD057,364,726.74
POITEM03911,PO01177,PROD255,106,68.92
POITEM03912,PO01177,PROD218,384,669.74
POITEM03913,PO01177,PROD064,135,757.03
POITEM03914,PO01177,PROD010,201,95.43
POITEM03915,PO01177,PROD006,436,708.02
POITEM03916,PO01178,PROD188,216,345.38
POITEM03917,PO01178,PROD301,318,125.66
POITEM03918,PO01178,PROD363,76,398.27
POITEM03919,PO01178,PROD399,191,148.15
POITEM03920,PO01179,PROD134,307,169.2
POITEM03921,PO01179,PROD451,197,590.08
POITEM03922,PO01179,PROD100,494,479.23
POITEM03923,PO01180,PROD291,375,188.82
POITEM03924,PO01180,PROD444,389,399.53
POITEM03925,PO01180,PROD263,157,750.8
POITEM03926,PO01181,PROD255,342,68.92
POITEM03927,PO01181,PROD446,421,112.46
POITEM03928,PO01181,PROD002,359,804.13
POITEM03929,PO01181,PROD058,372,725.52
POITEM03930,PO01181,PROD288,457,740.09
POITEM03931,PO01181,PROD265,380,751.2
POITEM03932,PO01181,PROD046,368,444.13
POITEM03933,PO01182,PROD408,262,677.22
POITEM03934,PO01183,PROD107,105,604.75
POITEM03935,PO01183,PROD104,161,322.97
POITEM03936,PO01183,PROD049,61,665.03
POITEM03937,PO01183,PROD137,342,614.65
POITEM03938,PO01183,PROD121,483,517.69
POITEM03939,PO01184,PROD075,415,492.03
POITEM03940,PO01184,PROD251,328,788.6
POITEM03941,PO01184,PROD258,233,268.33
POITEM03942,PO01184,PROD249,142,494.03
POITEM03943,PO01185,PROD372,55,340.73
POITEM03944,PO01186,PROD481,470,490.69
POITEM03945,PO01186,PROD073,47,483.95
POITEM03946,PO01186,PROD093,176,388.15
POITEM03947,PO01187,PROD310,468,658.21
POITEM03948,PO01187,PROD252,418,755.34
POITEM03949,PO01187,PROD264,307,329.51
POITEM03950,PO01187,PROD398,70,652.23
POITEM03951,PO01188,PROD411,465,722.17
POITEM03952,PO01188,PROD149,194,129.76
POITEM03953,PO01188,PROD498,338,707.28
POITEM03954,PO01188,PROD073,322,483.95
POITEM03955,PO01188,PROD343,28,279.4
POITEM03956,PO01189,PROD069,275,722.01
POITEM03957,PO01189,PROD141,42,718.98
POITEM03958,PO01189,PROD392,381,844.63
POITEM03959,PO01189,PROD050,83,794.2
POITEM03960,PO01190,PROD123,127,256.49
POITEM03961,PO01190,PROD254,151,529.14
POITEM03962,PO01190,PROD253,37,512.2
POITEM03963,PO01190,PROD347,134,47.53
POITEM03964,PO01190,PROD142,475,808.34
POITEM03965,PO01191,PROD363,347,398.27
POITEM03966,PO01191,PROD414,66,649.94
POITEM03967,PO01192,PROD267,78,508.59
POITEM03968,PO01193,PROD025,191,270.8
POITEM03969,PO01193,PROD042,458,146.76
POITEM03970,PO01193,PROD322,99,562.63
POITEM03971,PO01193,PROD450,333,446.47
POITEM03972,PO01194,PROD090,344,448.29
POITEM03973,PO01194,PROD042,47,146.76
POITEM03974,PO01194,PROD048,233,69.08
POITEM03975,PO01194,PROD198,104,145.64
POITEM03976,PO01194,PROD488,42,538.7
POITEM03977,PO01194,PROD232,283,113.62
POITEM03978,PO01194,PROD005,90,497.89
POITEM03979,PO01195,PROD222,345,237.21
POITEM03980,PO01195,PROD146,345,411.83
POITEM03981,PO01195,PROD369,192,496.21
POITEM03982,PO01196,PROD060,407,493.98
POITEM03983,PO01197,PROD054,330,723.26
POITEM03984,PO01197,PROD123,213,256.49
POITEM03985,PO01197,PROD139,297,185.81
POITEM03986,PO01197,PROD132,490,576.63
POITEM03987,PO01197,PROD474,372,486.88
POITEM03988,PO01198,PROD420,442,649.28
POITEM03989,PO01198,PROD289,289,433.32
POITEM03990,PO01198,PROD043,166,432.93
POITEM03991,PO01198,PROD432,280,384.23
POITEM03992,PO01199,PROD143,244,189.93
POITEM03993,PO01199,PROD377,92,593.84
POITEM03994,PO01199,PROD305,200,213.13
POITEM03995,PO01200,PROD403,84,460.82
POITEM03996,PO01200,PROD428,367,556.07
POITEM03997,PO01200,PROD157,75,65.99
POITEM03998,PO01201,PROD001,436,776.99
POITEM03999,PO01201,PROD482,216,195.08
POITEM04000,PO01201,PROD135,186,585.93
POITEM04001,PO01202,PROD249,428,494.03
POITEM04002,PO01202,PROD159,169,783.19
POITEM04003,PO01202,PROD265,398,751.2
POITEM04004,PO01202,PROD035,182,513.23
POITEM04005,PO01203,PROD274,214,184.54
POITEM04006,PO01203,PROD342,182,372.68
POITEM04007,PO01203,PROD409,462,295.02
POITEM04008,PO01203,PROD202,28,554.67
POITEM04009,PO01203,PROD153,473,609.33
POITEM04010,PO01204,PROD244,99,89.5
POITEM04011,PO01204,PROD476,59,797.37
POITEM04012,PO01204,PROD286,141,584.6
POITEM04013,PO01204,PROD151,500,106.92
POITEM04014,PO01205,PROD317,289,616.34
POITEM04015,PO01205,PROD486,132,40.88
POITEM04016,PO01205,PROD256,335,419.41
POITEM04017,PO01205,PROD175,129,214.47
POITEM04018,PO01205,PROD134,269,169.2
POITEM04019,PO01206,PROD129,103,474.72
POITEM04020,PO01206,PROD428,151,556.07
POITEM04021,PO01206,PROD078,79,794.47
POITEM04022,PO01207,PROD437,407,656.13
POITEM04023,PO01207,PROD270,70,123.23
POITEM04024,PO01207,PROD347,115,47.53
POITEM04025,PO01207,PROD108,167,22.43
POITEM04026,PO01207,PROD141,263,718.98
POITEM04027,PO01208,PROD023,326,144.33
POITEM04028,PO01208,PROD228,267,683.56
POITEM04029,PO01208,PROD153,196,609.33
POITEM04030,PO01208,PROD468,130,340.28
POITEM04031,PO01208,PROD036,441,500.54
POITEM04032,PO01209,PROD439,489,348.87
POITEM04033,PO01209,PROD220,493,441.05
POITEM04034,PO01209,PROD121,329,517.69
POITEM04035,PO01209,PROD083,305,427.38
POITEM04036,PO01209,PROD306,359,255.04
POITEM04037,PO01210,PROD082,194,553.44
POITEM04038,PO01210,PROD050,489,794.2
POITEM04039,PO01210,PROD001,291,776.99
POITEM04040,PO01210,PROD272,116,456.22
POITEM04041,PO01211,PROD457,232,725.46
POITEM04042,PO01211,PROD403,135,460.82
POITEM04043,PO01211,PROD092,101,301.04
POITEM04044,PO01212,PROD286,279,584.6
POITEM04045,PO01212,PROD268,308,615.12
POITEM04046,PO01212,PROD178,381,136.21
POITEM04047,PO01212,PROD392,372,844.63
POITEM04048,PO01213,PROD410,337,65.45
POITEM04049,PO01213,PROD489,158,628.21
POITEM04050,PO01213,PROD309,112,467.42
POITEM04051,PO01214,PROD147,21,333.32
POITEM04052,PO01214,PROD070,230,254.2
POITEM04053,PO01214,PROD400,150,523.63
POITEM04054,PO01214,PROD329,117,267.76
POITEM04055,PO01215,PROD174,435,34.33
POITEM04056,PO01215,PROD097,178,779.98
POITEM04057,PO01216,PROD365,70,519.76
POITEM04058,PO01217,PROD139,493,185.81
POITEM04059,PO01217,PROD026,466,429.06
POITEM04060,PO01217,PROD425,309,128.6
POITEM04061,PO01218,PROD397,448,41.01
POITEM04062,PO01218,PROD101,454,328.38
POITEM04063,PO01218,PROD424,36,212.71
POITEM04064,PO01218,PROD321,463,627.48
POITEM04065,PO01218,PROD498,32,707.28
POITEM04066,PO01218,PROD396,333,471.13
POITEM04067,PO01219,PROD114,170,206.92
POITEM04068,PO01219,PROD069,351,722.01
POITEM04069,PO01220,PROD408,107,677.22
POITEM04070,PO01220,PROD341,176,825.32
POITEM04071,PO01220,PROD255,150,68.92
POITEM04072,PO01220,PROD392,265,844.63
POITEM04073,PO01221,PROD473,478,234.57
POITEM04074,PO01221,PROD249,89,494.03
POITEM04075,PO01221,PROD061,62,433.65
POITEM04076,PO01222,PROD483,498,367.42
POITEM04077,PO01222,PROD302,327,202.72
POITEM04078,PO01222,PROD222,59,237.21
POITEM04079,PO01223,PROD258,111,268.33
POITEM04080,PO01223,PROD429,261,65.57
POITEM04081,PO01223,PROD418,411,502.51
POITEM04082,PO01223,PROD338,103,512.58
POITEM04083,PO01224,PROD091,39,484.78
POITEM04084,PO01225,PROD418,93,502.51
POITEM04085,PO01225,PROD040,437,459.73
POITEM04086,PO01225,PROD183,483,750.98
POITEM04087,PO01226,PROD238,279,59.91
POITEM04088,PO01226,PROD253,315,512.2
POITEM04089,PO01227,PROD438,496,485.88
POITEM04090,PO01227,PROD469,74,690.5
POITEM04091,PO01227,PROD029,470,272.35
POITEM04092,PO01228,PROD152,258,584.46
POITEM04093,PO01228,PROD499,244,136.97
POITEM04094,PO01228,PROD011,219,767.67
POITEM04095,PO01228,PROD385,50,368.25
POITEM04096,PO01228,PROD074,79,668.18
POITEM04097,PO01229,PROD174,208,34.33
POITEM04098,PO01229,PROD432,67,384.23
POITEM04099,PO01229,PROD242,32,478.65
POITEM04100,PO01230,PROD385,460,368.25
POITEM04101,PO01230,PROD276,179,128.13
POITEM04102,PO01230,PROD179,142,282.68
POITEM04103,PO01230,PROD242,319,478.65
POITEM04104,PO01231,PROD139,347,185.81
POITEM04105,PO01231,PROD440,438,463.42
POITEM04106,PO01231,PROD409,426,295.02
POITEM04107,PO01231,PROD231,66,543.19
POITEM04108,PO01231,PROD498,401,707.28
POITEM04109,PO01232,PROD039,494,328.0
POITEM04110,PO01232,PROD444,110,399.53
POITEM04111,PO01232,PROD199,74,60.76
POITEM04112,PO01232,PROD117,109,169.44
POITEM04113,PO01232,PROD441,323,314.89
POITEM04114,PO01232,PROD025,432,270.8
POITEM04115,PO01233,PROD498,88,707.28
POITEM04116,PO01234,PROD479,400,554.3
POITEM04117,PO01234,PROD017,465,435.9
POITEM04118,PO01235,PROD079,214,812.58
POITEM04119,PO01236,PROD019,420,121.47
POITEM04120,PO01236,PROD197,252,622.87
POITEM04121,PO01237,PROD295,164,114.04
POITEM04122,PO01237,PROD082,454,553.44
POITEM04123,PO01237,PROD167,475,587.07
POITEM04124,PO01238,PROD254,59,529.14
POITEM04125,PO01238,PROD193,241,285.63
POITEM04126,PO01238,PROD114,328,206.92
POITEM04127,PO01238,PROD416,67,632.6
POITEM04128,PO01239,PROD106,217,129.72
POITEM04129,PO01240,PROD427,245,318.68
POITEM04130,PO01240,PROD477,101,637.64
POITEM04131,PO01240,PROD105,150,288.76
POITEM04132,PO01241,PROD086,229,796.25
POITEM04133,PO01242,PROD330,321,374.25
POITEM04134,PO01242,PROD226,26,302.07
POITEM04135,PO01243,PROD371,374,273.28
POITEM04136,PO01243,PROD388,42,392.75
POITEM04137,PO01243,PROD088,204,814.29
POITEM04138,PO01244,PROD231,137,543.19
POITEM04139,PO01244,PROD273,266,82.7
POITEM04140,PO01244,PROD027,62,397.54
POITEM04141,PO01244,PROD193,336,285.63
POITEM04142,PO01244,PROD140,451,695.21
POITEM04143,PO01245,PROD149,268,129.76
POITEM04144,PO01245,PROD436,487,483.58
POITEM04145,PO01245,PROD385,133,368.25
POITEM04146,PO01245,PROD412,55,688.71
POITEM04147,PO01245,PROD262,75,46.35
POITEM04148,PO01245,PROD319,239,39.15
POITEM04149,PO01246,PROD121,328,517.69
POITEM04150,PO01246,PROD455,209,767.23
POITEM04151,PO01246,PROD453,114,117.48
POITEM04152,PO01246,PROD290,494,96.88
POITEM04153,PO01247,PROD144,150,669.01
POITEM04154,PO01247,PROD416,22,632.6
POITEM04155,PO01247,PROD094,67,119.15
POITEM04156,PO01248,PROD431,258,243.6
POITEM04157,PO01248,PROD328,332,665.85
POITEM04158,PO01249,PROD124,209,413.86
POITEM04159,PO01249,PROD174,476,34.33
POITEM04160,PO01249,PROD270,200,123.23
POITEM04161,PO01249,PROD368,277,619.33
POITEM04162,PO01249,PROD384,350,687.48
POITEM04163,PO01250,PROD325,249,844.48
POITEM04164,PO01250,PROD288,211,740.09
POITEM04165,PO01251,PROD134,198,169.2
POITEM04166,PO01251,PROD069,395,722.01
POITEM04167,PO01252,PROD375,454,655.65
POITEM04168,PO01252,PROD394,175,789.05
POITEM04169,PO01253,PROD168,226,579.64
POITEM04170,PO01254,PROD168,491,579.64
POITEM04171,PO01254,PROD032,251,272.47
POITEM04172,PO01254,PROD414,287,649.94
POITEM04173,PO01254,PROD355,461,245.42
POITEM04174,PO01254,PROD456,348,490.07
POITEM04175,PO01255,PROD030,22,98.6
POITEM04176,PO01255,PROD389,298,539.54
POITEM04177,PO01255,PROD262,459,46.35
POITEM04178,PO01255,PROD055,226,324.06
POITEM04179,PO01255,PROD171,244,619.21
POITEM04180,PO01255,PROD272,287,456.22
POITEM04181,PO01256,PROD434,133,825.48
POITEM04182,PO01256,PROD489,367,628.21
POITEM04183,PO01256,PROD459,483,425.98
POITEM04184,PO01256,PROD309,458,467.42
POITEM04185,PO01256,PROD463,101,440.81
POITEM04186,PO01257,PROD366,348,707.17
POITEM04187,PO01258,PROD225,74,739.73
POITEM04188,PO01258,PROD461,30,132.57
POITEM04189,PO01259,PROD098,57,478.75
POITEM04190,PO01259,PROD163,430,835.86
POITEM04191,PO01260,PROD418,41,502.51
POITEM04192,PO01260,PROD093,308,388.15
POITEM04193,PO01261,PROD011,179,767.67
POITEM04194,PO01261,PROD034,433,553.63
POITEM04195,PO01261,PROD148,228,19.6
POITEM04196,PO01262,PROD364,356,28.18
POITEM04197,PO01262,PROD289,167,433.32
POITEM04198,PO01262,PROD426,56,369.19
POITEM04199,PO01262,PROD497,356,607.34
POITEM04200,PO01263,PROD272,27,456.22
POITEM04201,PO01263,PROD488,218,538.7
POITEM04202,PO01264,PROD457,322,725.46
POITEM04203,PO01265,PROD040,446,459.73
POITEM04204,PO01266,PROD052,155,368.02
POITEM04205,PO01266,PROD271,230,642.62
POITEM04206,PO01267,PROD244,346,89.5
POITEM04207,PO01267,PROD111,74,720.46
POITEM04208,PO01267,PROD498,233,707.28
POITEM04209,PO01268,PROD159,494,783.19
POITEM04210,PO01268,PROD212,44,333.53
POITEM04211,PO01269,PROD312,246,216.09
POITEM04212,PO01269,PROD467,260,338.35
POITEM04213,PO01269,PROD334,169,631.9
POITEM04214,PO01269,PROD418,46,502.51
POITEM04215,PO01270,PROD068,209,804.13
POITEM04216,PO01271,PROD005,68,497.89
POITEM04217,PO01271,PROD194,21,504.89
POITEM04218,PO01272,PROD032,71,272.47
POITEM04219,PO01272,PROD425,23,128.6
POITEM04220,PO01272,PROD011,490,767.67
POITEM04221,PO01273,PROD287,334,101.85
POITEM04222,PO01273,PROD425,41,128.6
POITEM04223,PO01273,PROD112,183,787.68
POITEM04224,PO01273,PROD448,69,776.39
POITEM04225,PO01274,PROD466,395,726.78
POITEM04226,PO01274,PROD035,213,513.23
POITEM04227,PO01275,PROD058,215,725.52
POITEM04228,PO01275,PROD003,488,313.13
POITEM04229,PO01275,PROD401,257,73.57
POITEM04230,PO01276,PROD145,61,314.36
POITEM04231,PO01276,PROD315,425,259.32
POITEM04232,PO01276,PROD157,431,65.99
POITEM04233,PO01276,PROD041,417,696.65
POITEM04234,PO01277,PROD077,97,418.0
POITEM04235,PO01277,PROD381,205,119.33
POITEM04236,PO01278,PROD480,241,732.4
POITEM04237,PO01278,PROD169,248,677.32
POITEM04238,PO01278,PROD260,94,341.22
POITEM04239,PO01278,PROD324,75,214.11
POITEM04240,PO01278,PROD198,52,145.64
POITEM04241,PO01278,PROD063,479,535.5
POITEM04242,PO01279,PROD130,219,372.25
POITEM04243,PO01279,PROD438,181,485.88
POITEM04244,PO01279,PROD155,187,109.64
POITEM04245,PO01279,PROD403,38,460.82
POITEM04246,PO01279,PROD418,100,502.51
POITEM04247,PO01279,PROD305,381,213.13
POITEM04248,PO01280,PROD469,154,690.5
POITEM04249,PO01280,PROD167,345,587.07
POITEM04250,PO01280,PROD427,288,318.68
POITEM04251,PO01280,PROD410,45,65.45
POITEM04252,PO01281,PROD002,148,804.13
POITEM04253,PO01281,PROD451,353,590.08
POITEM04254,PO01281,PROD088,412,814.29
POITEM04255,PO01281,PROD151,90,106.92
POITEM04256,PO01281,PROD073,234,483.95
POITEM04257,PO01282,PROD117,257,169.44
POITEM04258,PO01282,PROD060,342,493.98
POITEM04259,PO01282,PROD338,184,512.58
POITEM04260,PO01283,PROD079,99,812.58
POITEM04261,PO01283,PROD002,28,804.13
POITEM04262,PO01284,PROD411,27,722.17
POITEM04263,PO01284,PROD327,140,77.16
POITEM04264,PO01284,PROD067,74,768.19
POITEM04265,PO01285,PROD144,472,669.01
POITEM04266,PO01285,PROD158,105,660.16
POITEM04267,PO01285,PROD266,111,691.86
POITEM04268,PO01286,PROD315,42,259.32
POITEM04269,PO01286,PROD032,491,272.47
POITEM04270,PO01287,PROD214,463,448.24
POITEM04271,PO01287,PROD201,249,148.93
POITEM04272,PO01288,PROD324,425,214.11
POITEM04273,PO01288,PROD081,383,408.14
POITEM04274,PO01289,PROD036,425,500.54
POITEM04275,PO01289,PROD465,385,567.0
POITEM04276,PO01289,PROD327,272,77.16
POITEM04277,PO01289,PROD022,82,164.43
POITEM04278,PO01289,PROD132,232,576.63
POITEM04279,PO01290,PROD327,395,77.16
POITEM04280,PO01290,PROD258,175,268.33
POITEM04281,PO01290,PROD435,485,605.54
POITEM04282,PO01290,PROD136,228,254.26
POITEM04283,PO01291,PROD057,150,726.74
POITEM04284,PO01291,PROD177,105,207.32
POITEM04285,PO01291,PROD102,258,814.0
POITEM04286,PO01292,PROD466,414,726.78
POITEM04287,PO01292,PROD435,130,605.54
POITEM04288,PO01292,PROD238,94,59.91
POITEM04289,PO01293,PROD388,168,392.75
POITEM04290,PO01293,PROD376,85,507.07
POITEM04291,PO01293,PROD274,275,184.54
POITEM04292,PO01293,PROD324,460,214.11
POITEM04293,PO01294,PROD322,35,562.63
POITEM04294,PO01294,PROD141,388,718.98
POITEM04295,PO01294,PROD332,34,72.5
POITEM04296,PO01294,PROD031,99,825.69
POITEM04297,PO01294,PROD097,349,779.98
POITEM04298,PO01294,PROD457,71,725.46
POITEM04299,PO01294,PROD374,455,166.06
POITEM04300,PO01295,PROD388,308,392.75
POITEM04301,PO01295,PROD436,170,483.58
POITEM04302,PO01295,PROD457,203,725.46
POITEM04303,PO01296,PROD070,190,254.2
POITEM04304,PO01296,PROD128,390,304.2
POITEM04305,PO01296,PROD157,145,65.99
POITEM04306,PO01296,PROD405,131,42.4
POITEM04307,PO01296,PROD490,198,806.54
POITEM04308,PO01297,PROD397,326,41.01
POITEM04309,PO01297,PROD390,395,668.9
POITEM04310,PO01297,PROD269,411,500.47
POITEM04311,PO01298,PROD341,133,825.32
POITEM04312,PO01298,PROD003,450,313.13
POITEM04313,PO01298,PROD499,378,136.97
POITEM04314,PO01298,PROD404,334,182.61
POITEM04315,PO01299,PROD415,57,160.17
POITEM04316,PO01299,PROD326,425,44.1
POITEM04317,PO01299,PROD239,333,391.55
POITEM04318,PO01299,PROD328,59,665.85
POITEM04319,PO01299,PROD204,480,103.04
POITEM04320,PO01300,PROD449,493,743.17
POITEM04321,PO01300,PROD046,60,444.13
POITEM04322,PO01300,PROD059,202,476.49
POITEM04323,PO01301,PROD109,159,173.24
POITEM04324,PO01301,PROD036,102,500.54
POITEM04325,PO01301,PROD182,300,188.11
POITEM04326,PO01301,PROD125,57,569.18
POITEM04327,PO01301,PROD313,77,530.62
POITEM04328,PO01302,PROD193,479,285.63
POITEM04329,PO01302,PROD104,327,322.97
POITEM04330,PO01303,PROD420,405,649.28
POITEM04331,PO01303,PROD381,422,119.33
POITEM04332,PO01303,PROD311,408,547.26
POITEM04333,PO01304,PROD020,500,496.51
POITEM04334,PO01304,PROD336,329,771.31
POITEM04335,PO01305,PROD151,91,106.92
POITEM04336,PO01305,PROD114,255,206.92
POITEM04337,PO01305,PROD008,269,531.37
POITEM04338,PO01305,PROD019,135,121.47
POITEM04339,PO01306,PROD149,231,129.76
POITEM04340,PO01306,PROD075,341,492.03
POITEM04341,PO01306,PROD229,116,704.2
POITEM04342,PO01306,PROD330,303,374.25
POITEM04343,PO01307,PROD479,221,554.3
POITEM04344,PO01307,PROD085,434,577.31
POITEM04345,PO01307,PROD447,247,494.28
POITEM04346,PO01308,PROD041,402,696.65
POITEM04347,PO01309,PROD041,389,696.65
POITEM04348,PO01309,PROD142,478,808.34
POITEM04349,PO01309,PROD056,169,446.11
POITEM04350,PO01309,PROD137,88,614.65
POITEM04351,PO01309,PROD436,323,483.58
POITEM04352,PO01309,PROD494,133,405.19
POITEM04353,PO01309,PROD096,35,575.32
POITEM04354,PO01309,PROD222,426,237.21
POITEM04355,PO01310,PROD482,395,195.08
POITEM04356,PO01310,PROD102,123,814.0
POITEM04357,PO01310,PROD260,446,341.22
POITEM04358,PO01311,PROD354,446,728.91
POITEM04359,PO01311,PROD277,180,596.29
POITEM04360,PO01311,PROD372,485,340.73
POITEM04361,PO01311,PROD305,179,213.13
POITEM04362,PO01312,PROD133,169,337.84
POITEM04363,PO01312,PROD127,270,100.06
POITEM04364,PO01312,PROD286,469,584.6
POITEM04365,PO01312,PROD405,192,42.4
POITEM04366,PO01312,PROD299,88,408.79
POITEM04367,PO01313,PROD419,487,312.82
POITEM04368,PO01313,PROD311,308,547.26
POITEM04369,PO01313,PROD235,304,819.51
POITEM04370,PO01314,PROD014,97,234.75
POITEM04371,PO01314,PROD373,82,693.26
POITEM04372,PO01314,PROD334,30,631.9
POITEM04373,PO01314,PROD481,24,490.69
POITEM04374,PO01314,PROD144,77,669.01
POITEM04375,PO01315,PROD229,429,704.2
POITEM04376,PO01315,PROD270,163,123.23
POITEM04377,PO01315,PROD165,210,341.6
POITEM04378,PO01316,PROD361,497,549.02
POITEM04379,PO01316,PROD318,85,549.26
POITEM04380,PO01316,PROD280,400,561.08
POITEM04381,PO01316,PROD195,240,419.18
POITEM04382,PO01316,PROD197,324,622.87
POITEM04383,PO01317,PROD475,447,349.43
POITEM04384,PO01317,PROD476,24,797.37
POITEM04385,PO01317,PROD375,36,655.65
POITEM04386,PO01318,PROD444,209,399.53
POITEM04387,PO01318,PROD328,224,665.85
POITEM04388,PO01319,PROD081,179,408.14
POITEM04389,PO01320,PROD378,79,94.29
POITEM04390,PO01320,PROD417,52,638.19
POITEM04391,PO01321,PROD342,305,372.68
POITEM04392,PO01321,PROD106,120,129.72
POITEM04393,PO01321,PROD187,230,702.51
POITEM04394,PO01322,PROD045,316,105.62
POITEM04395,PO01322,PROD174,178,34.33
POITEM04396,PO01322,PROD220,179,441.05
POITEM04397,PO01323,PROD119,370,65.49
POITEM04398,PO01323,PROD166,472,389.01
POITEM04399,PO01323,PROD487,331,307.18
POITEM04400,PO01324,PROD349,487,753.18
POITEM04401,PO01324,PROD300,48,537.18
POITEM04402,PO01324,PROD043,487,432.93
POITEM04403,PO01325,PROD170,389,847.62
POITEM04404,PO01325,PROD222,485,237.21
POITEM04405,PO01325,PROD082,267,553.44
POITEM04406,PO01326,PROD439,240,348.87
POITEM04407,PO01326,PROD064,62,757.03
POITEM04408,PO01327,PROD073,358,483.95
POITEM04409,PO01327,PROD478,389,587.74
POITEM04410,PO01327,PROD282,380,159.09
POITEM04411,PO01327,PROD216,263,103.05
POITEM04412,PO01327,PROD339,305,635.93
POITEM04413,PO01327,PROD274,170,184.54
POITEM04414,PO01328,PROD114,245,206.92
POITEM04415,PO01328,PROD204,424,103.04
POITEM04416,PO01328,PROD337,90,726.12
POITEM04417,PO01329,PROD193,370,285.63
POITEM04418,PO01329,PROD316,497,388.86
POITEM04419,PO01329,PROD304,348,170.43
POITEM04420,PO01329,PROD054,85,723.26
POITEM04421,PO01330,PROD169,169,677.32
POITEM04422,PO01330,PROD290,60,96.88
POITEM04423,PO01330,PROD441,235,314.89
POITEM04424,PO01330,PROD141,166,718.98
POITEM04425,PO01331,PROD045,215,105.62
POITEM04426,PO01331,PROD164,407,83.61
POITEM04427,PO01332,PROD199,403,60.76
POITEM04428,PO01333,PROD367,421,416.73
POITEM04429,PO01333,PROD355,25,245.42
POITEM04430,PO01333,PROD337,386,726.12
POITEM04431,PO01334,PROD190,186,716.67
POITEM04432,PO01334,PROD379,463,768.98
POITEM04433,PO01334,PROD063,107,535.5
POITEM04434,PO01334,PROD282,94,159.09
POITEM04435,PO01335,PROD356,448,53.56
POITEM04436,PO01335,PROD459,245,425.98
POITEM04437,PO01335,PROD032,396,272.47
POITEM04438,PO01336,PROD149,158,129.76
POITEM04439,PO01336,PROD262,177,46.35
POITEM04440,PO01336,PROD349,492,753.18
POITEM04441,PO01336,PROD165,465,341.6
POITEM04442,PO01337,PROD150,365,800.82
POITEM04443,PO01337,PROD401,410,73.57
POITEM04444,PO01337,PROD173,479,28.86
POITEM04445,PO01337,PROD418,250,502.51
POITEM04446,PO01338,PROD461,235,132.57
POITEM04447,PO01339,PROD103,459,281.85
POITEM04448,PO01339,PROD388,422,392.75
POITEM04449,PO01339,PROD090,475,448.29
POITEM04450,PO01339,PROD454,144,39.96
POITEM04451,PO01339,PROD188,381,345.38
POITEM04452,PO01339,PROD114,241,206.92
POITEM04453,PO01340,PROD238,214,59.91
POITEM04454,PO01340,PROD353,226,270.5
POITEM04455,PO01340,PROD259,467,724.03
POITEM04456,PO01340,PROD417,48,638.19
POITEM04457,PO01341,PROD012,499,840.64
POITEM04458,PO01341,PROD234,217,497.04
POITEM04459,PO01341,PROD369,314,496.21
POITEM04460,PO01341,PROD196,348,763.76
POITEM04461,PO01341,PROD219,364,428.2
POITEM04462,PO01341,PROD023,202,144.33
POITEM04463,PO01342,PROD216,282,103.05
POITEM04464,PO01343,PROD070,274,254.2
POITEM04465,PO01343,PROD198,158,145.64
POITEM04466,PO01343,PROD391,463,689.07
POITEM04467,PO01343,PROD131,74,395.7
POITEM04468,PO01344,PROD008,153,531.37
POITEM04469,PO01344,PROD346,120,634.23
POITEM04470,PO01344,PROD386,311,321.18
POITEM04471,PO01344,PROD429,243,65.57
POITEM04472,PO01345,PROD299,45,408.79
POITEM04473,PO01345,PROD404,23,182.61
POITEM04474,PO01345,PROD396,22,471.13
POITEM04475,PO01345,PROD199,471,60.76
POITEM04476,PO01346,PROD055,130,324.06
POITEM04477,PO01346,PROD199,291,60.76
POITEM04478,PO01346,PROD324,474,214.11
POITEM04479,PO01347,PROD324,61,214.11
POITEM04480,PO01347,PROD329,309,267.76
POITEM04481,PO01347,PROD075,68,492.03
POITEM04482,PO01347,PROD245,279,572.74
POITEM04483,PO01348,PROD489,332,628.21
POITEM04484,PO01349,PROD002,288,804.13
POITEM04485,PO01349,PROD050,57,794.2
POITEM04486,PO01349,PROD435,258,605.54
POITEM04487,PO01350,PROD221,451,255.85
POITEM04488,PO01350,PROD365,183,519.76
POITEM04489,PO01350,PROD226,403,302.07
POITEM04490,PO01350,PROD351,84,221.94
POITEM04491,PO01351,PROD401,85,73.57
POITEM04492,PO01351,PROD045,371,105.62
POITEM04493,PO01351,PROD171,285,619.21
POITEM04494,PO01352,PROD465,466,567.0
POITEM04495,PO01352,PROD408,243,677.22
POITEM04496,PO01352,PROD427,192,318.68
POITEM04497,PO01352,PROD207,426,406.78
POITEM04498,PO01353,PROD434,481,825.48
POITEM04499,PO01353,PROD315,168,259.32
POITEM04500,PO01353,PROD394,311,789.05
POITEM04501,PO01353,PROD412,145,688.71
POITEM04502,PO01353,PROD236,79,535.24
POITEM04503,PO01354,PROD410,196,65.45
POITEM04504,PO01354,PROD094,195,119.15
POITEM04505,PO01354,PROD402,335,288.73
POITEM04506,PO01354,PROD411,146,722.17
POITEM04507,PO01355,PROD048,469,69.08
POITEM04508,PO01355,PROD442,85,622.08
POITEM04509,PO01355,PROD266,184,691.86
POITEM04510,PO01356,PROD197,260,622.87
POITEM04511,PO01356,PROD110,68,706.0
POITEM04512,PO01356,PROD306,412,255.04
POITEM04513,PO01356,PROD057,188,726.74
POITEM04514,PO01356,PROD234,148,497.04
POITEM04515,PO01356,PROD087,293,210.4
POITEM04516,PO01357,PROD445,119,632.13
POITEM04517,PO01357,PROD378,167,94.29
POITEM04518,PO01358,PROD097,165,779.98
POITEM04519,PO01358,PROD104,225,322.97
POITEM04520,PO01359,PROD226,401,302.07
POITEM04521,PO01359,PROD167,171,587.07
POITEM04522,PO01359,PROD229,239,704.2
POITEM04523,PO01359,PROD155,378,109.64
POITEM04524,PO01359,PROD331,181,432.78
POITEM04525,PO01360,PROD112,357,787.68
POITEM04526,PO01360,PROD315,110,259.32
POITEM04527,PO01360,PROD286,74,584.6
POITEM04528,PO01361,PROD491,418,87.09
POITEM04529,PO01361,PROD242,199,478.65
POITEM04530,PO01361,PROD144,49,669.01
POITEM04531,PO01361,PROD421,131,734.59
POITEM04532,PO01361,PROD021,413,371.88
POITEM04533,PO01361,PROD461,53,132.57
POITEM04534,PO01362,PROD192,299,840.18
POITEM04535,PO01362,PROD028,380,806.13
POITEM04536,PO01363,PROD289,401,433.32
POITEM04537,PO01363,PROD471,132,235.79
POITEM04538,PO01363,PROD220,299,441.05
POITEM04539,PO01363,PROD354,271,728.91
POITEM04540,PO01364,PROD117,193,169.44
POITEM04541,PO01364,PROD158,401,660.16
POITEM04542,PO01364,PROD045,142,105.62
POITEM04543,PO01364,PROD085,348,577.31
POITEM04544,PO01365,PROD014,479,234.75
POITEM04545,PO01365,PROD218,89,669.74
POITEM04546,PO01365,PROD189,332,233.01
POITEM04547,PO01365,PROD398,393,652.23
POITEM04548,PO01365,PROD235,391,819.51
POITEM04549,PO01365,PROD424,337,212.71
POITEM04550,PO01366,PROD216,415,103.05
POITEM04551,PO01366,PROD392,41,844.63
POITEM04552,PO01366,PROD081,468,408.14
POITEM04553,PO01366,PROD487,235,307.18
POITEM04554,PO01366,PROD366,438,707.17
POITEM04555,PO01367,PROD226,269,302.07
POITEM04556,PO01367,PROD438,252,485.88
POITEM04557,PO01367,PROD349,151,753.18
POITEM04558,PO01368,PROD241,77,619.62
POITEM04559,PO01368,PROD462,286,207.53
POITEM04560,PO01368,PROD063,115,535.5
POITEM04561,PO01368,PROD384,380,687.48
POITEM04562,PO01368,PROD396,48,471.13
POITEM04563,PO01368,PROD391,481,689.07
POITEM04564,PO01369,PROD319,145,39.15
POITEM04565,PO01369,PROD377,191,593.84
POITEM04566,PO01370,PROD471,371,235.79
POITEM04567,PO01370,PROD452,393,316.15
POITEM04568,PO01370,PROD249,491,494.03
POITEM04569,PO01370,PROD102,89,814.0
POITEM04570,PO01371,PROD224,481,36.63
POITEM04571,PO01371,PROD204,243,103.04
POITEM04572,PO01371,PROD203,379,195.25
POITEM04573,PO01371,PROD145,204,314.36
POITEM04574,PO01372,PROD256,483,419.41
POITEM04575,PO01372,PROD367,348,416.73
POITEM04576,PO01373,PROD438,340,485.88
POITEM04577,PO01373,PROD257,380,218.67
POITEM04578,PO01374,PROD044,254,408.18
POITEM04579,PO01374,PROD051,489,320.72
POITEM04580,PO01374,PROD150,328,800.82
POITEM04581,PO01374,PROD448,451,776.39
POITEM04582,PO01374,PROD307,170,168.22
POITEM04583,PO01374,PROD045,233,105.62
POITEM04584,PO01375,PROD363,387,398.27
POITEM04585,PO01375,PROD465,312,567.0
POITEM04586,PO01375,PROD482,431,195.08
POITEM04587,PO01375,PROD091,201,484.78
POITEM04588,PO01375,PROD410,69,65.45
POITEM04589,PO01375,PROD116,30,608.53
POITEM04590,PO01375,PROD327,295,77.16
POITEM04591,PO01376,PROD267,358,508.59
POITEM04592,PO01376,PROD439,330,348.87
POITEM04593,PO01376,PROD218,312,669.74
POITEM04594,PO01376,PROD278,288,232.84
POITEM04595,PO01377,PROD096,500,575.32
POITEM04596,PO01377,PROD483,434,367.42
POITEM04597,PO01377,PROD198,189,145.64
POITEM04598,PO01378,PROD049,69,665.03
POITEM04599,PO01379,PROD433,68,509.44
POITEM04600,PO01380,PROD145,243,314.36
POITEM04601,PO01380,PROD308,47,364.45
POITEM04602,PO01380,PROD192,147,840.18
POITEM04603,PO01380,PROD244,384,89.5
POITEM04604,PO01381,PROD277,422,596.29
POITEM04605,PO01381,PROD139,343,185.81
POITEM04606,PO01382,PROD028,125,806.13
POITEM04607,PO01382,PROD155,287,109.64
POITEM04608,PO01382,PROD396,237,471.13
POITEM04609,PO01382,PROD163,297,835.86
POITEM04610,PO01383,PROD230,271,393.11
POITEM04611,PO01383,PROD211,212,660.34
POITEM04612,PO01384,PROD172,226,259.65
POITEM04613,PO01384,PROD154,404,783.77
POITEM04614,PO01384,PROD324,54,214.11
POITEM04615,PO01384,PROD165,163,341.6
POITEM04616,PO01385,PROD380,498,583.27
POITEM04617,PO01385,PROD102,360,814.0
POITEM04618,PO01386,PROD445,385,632.13
POITEM04619,PO01386,PROD301,463,125.66
POITEM04620,PO01387,PROD446,45,112.46
POITEM04621,PO01387,PROD468,36,340.28
POITEM04622,PO01388,PROD445,366,632.13
POITEM04623,PO01388,PROD090,250,448.29
POITEM04624,PO01388,PROD144,36,669.01
POITEM04625,PO01388,PROD054,130,723.26
POITEM04626,PO01389,PROD112,438,787.68
POITEM04627,PO01389,PROD040,344,459.73
POITEM04628,PO01389,PROD105,96,288.76
POITEM04629,PO01389,PROD154,179,783.77
POITEM04630,PO01390,PROD064,313,757.03
POITEM04631,PO01390,PROD411,480,722.17
POITEM04632,PO01390,PROD263,266,750.8
POITEM04633,PO01391,PROD402,457,288.73
POITEM04634,PO01391,PROD452,494,316.15
POITEM04635,PO01391,PROD241,357,619.62
POITEM04636,PO01391,PROD311,437,547.26
POITEM04637,PO01392,PROD418,273,502.51
POITEM04638,PO01392,PROD054,476,723.26
POITEM04639,PO01392,PROD254,156,529.14
POITEM04640,PO01392,PROD070,297,254.2
POITEM04641,PO01393,PROD463,271,440.81
POITEM04642,PO01393,PROD246,370,775.74
POITEM04643,PO01393,PROD393,310,401.11
POITEM04644,PO01393,PROD173,235,28.86
POITEM04645,PO01393,PROD011,140,767.67
POITEM04646,PO01393,PROD375,61,655.65
POITEM04647,PO01393,PROD478,135,587.74
POITEM04648,PO01394,PROD301,61,125.66
POITEM04649,PO01394,PROD200,338,324.44
POITEM04650,PO01394,PROD419,480,312.82
POITEM04651,PO01395,PROD201,107,148.93
POITEM04652,PO01396,PROD027,237,397.54
POITEM04653,PO01397,PROD084,453,725.26
POITEM04654,PO01397,PROD428,129,556.07
POITEM04655,PO01397,PROD395,246,236.19
POITEM04656,PO01397,PROD473,281,234.57
POITEM04657,PO01398,PROD063,53,535.5
POITEM04658,PO01398,PROD092,314,301.04
POITEM04659,PO01399,PROD253,389,512.2
POITEM04660,PO01399,PROD195,400,419.18
POITEM04661,PO01400,PROD006,244,708.02
POITEM04662,PO01400,PROD001,315,776.99
POITEM04663,PO01400,PROD066,461,101.43
POITEM04664,PO01400,PROD088,237,814.29
POITEM04665,PO01400,PROD332,416,72.5
POITEM04666,PO01401,PROD435,120,605.54
POITEM04667,PO01401,PROD149,20,129.76
POITEM04668,PO01402,PROD257,420,218.67
POITEM04669,PO01402,PROD327,166,77.16
POITEM04670,PO01402,PROD387,236,540.68
POITEM04671,PO01402,PROD021,479,371.88
POITEM04672,PO01402,PROD216,194,103.05
POITEM04673,PO01403,PROD338,457,512.58
POITEM04674,PO01403,PROD391,296,689.07
POITEM04675,PO01404,PROD357,119,656.13
POITEM04676,PO01404,PROD140,377,695.21
POITEM04677,PO01404,PROD309,111,467.42
POITEM04678,PO01404,PROD364,23,28.18
POITEM04679,PO01405,PROD257,33,218.67
POITEM04680,PO01405,PROD242,351,478.65
POITEM04681,PO01406,PROD168,479,579.64
POITEM04682,PO01406,PROD248,217,696.53
POITEM04683,PO01406,PROD362,474,488.97
POITEM04684,PO01406,PROD356,186,53.56
POITEM04685,PO01407,PROD383,234,361.93
POITEM04686,PO01407,PROD489,167,628.21
POITEM04687,PO01408,PROD114,197,206.92
POITEM04688,PO01408,PROD067,255,768.19
POITEM04689,PO01408,PROD077,209,418.0
POITEM04690,PO01408,PROD089,29,454.84
POITEM04691,PO01409,PROD202,211,554.67
POITEM04692,PO01409,PROD157,394,65.99
POITEM04693,PO01409,PROD386,409,321.18
POITEM04694,PO01409,PROD123,21,256.49
POITEM04695,PO01409,PROD355,312,245.42
POITEM04696,PO01409,PROD409,163,295.02
POITEM04697,PO01410,PROD228,357,683.56
POITEM04698,PO01410,PROD119,237,65.49
POITEM04699,PO01410,PROD051,236,320.72
POITEM04700,PO01410,PROD147,110,333.32
POITEM04701,PO01410,PROD395,94,236.19
POITEM04702,PO01410,PROD292,433,238.58
POITEM04703,PO01410,PROD078,356,794.47
POITEM04704,PO01411,PROD078,266,794.47
POITEM04705,PO01411,PROD413,55,431.16
POITEM04706,PO01411,PROD349,51,753.18
POITEM04707,PO01411,PROD495,45,56.14
POITEM04708,PO01411,PROD258,93,268.33
POITEM04709,PO01411,PROD031,150,825.69
POITEM04710,PO01412,PROD336,142,771.31
POITEM04711,PO01412,PROD301,326,125.66
POITEM04712,PO01413,PROD387,145,540.68
POITEM04713,PO01413,PROD408,278,677.22
POITEM04714,PO01413,PROD314,120,834.65
POITEM04715,PO01413,PROD393,390,401.11
POITEM04716,PO01413,PROD104,120,322.97
POITEM04717,PO01414,PROD263,302,750.8
POITEM04718,PO01414,PROD108,388,22.43
POITEM04719,PO01415,PROD492,388,804.82
POITEM04720,PO01415,PROD230,242,393.11
POITEM04721,PO01415,PROD108,295,22.43
POITEM04722,PO01415,PROD286,72,584.6
POITEM04723,PO01415,PROD446,486,112.46
POITEM04724,PO01416,PROD171,271,619.21
POITEM04725,PO01416,PROD020,433,496.51
POITEM04726,PO01417,PROD500,395,482.22
POITEM04727,PO01417,PROD252,343,755.34
POITEM04728,PO01417,PROD120,204,125.97
POITEM04729,PO01418,PROD013,284,731.42
POITEM04730,PO01418,PROD193,150,285.63
POITEM04731,PO01418,PROD483,492,367.42
POITEM04732,PO01419,PROD476,110,797.37
POITEM04733,PO01419,PROD107,324,604.75
POITEM04734,PO01419,PROD149,485,129.76
POITEM04735,PO01420,PROD369,359,496.21
POITEM04736,PO01420,PROD079,343,812.58
POITEM04737,PO01420,PROD210,242,734.75
POITEM04738,PO01421,PROD380,416,583.27
POITEM04739,PO01421,PROD228,295,683.56
POITEM04740,PO01421,PROD413,456,431.16
POITEM04741,PO01422,PROD360,266,13.82
POITEM04742,PO01422,PROD309,58,467.42
POITEM04743,PO01423,PROD184,155,29.32
POITEM04744,PO01423,PROD334,484,631.9
POITEM04745,PO01423,PROD296,240,629.34
POITEM04746,PO01423,PROD225,276,739.73
POITEM04747,PO01424,PROD355,362,245.42
POITEM04748,PO01424,PROD249,237,494.03
POITEM04749,PO01424,PROD144,100,669.01
POITEM04750,PO01424,PROD022,151,164.43
POITEM04751,PO01425,PROD124,304,413.86
POITEM04752,PO01425,PROD078,374,794.47
POITEM04753,PO01425,PROD144,261,669.01
POITEM04754,PO01426,PROD271,419,642.62
POITEM04755,PO01426,PROD275,330,345.37
POITEM04756,PO01426,PROD141,76,718.98
POITEM04757,PO01427,PROD298,141,152.63
POITEM04758,PO01427,PROD155,206,109.64
POITEM04759,PO01427,PROD011,261,767.67
POITEM04760,PO01427,PROD205,113,280.15
POITEM04761,PO01428,PROD392,358,844.63
POITEM04762,PO01428,PROD076,378,128.14
POITEM04763,PO01428,PROD414,287,649.94
POITEM04764,PO01428,PROD204,185,103.04
POITEM04765,PO01429,PROD476,451,797.37
POITEM04766,PO01429,PROD347,136,47.53
POITEM04767,PO01429,PROD362,280,488.97
POITEM04768,PO01429,PROD154,351,783.77
POITEM04769,PO01430,PROD468,371,340.28
POITEM04770,PO01430,PROD262,497,46.35
POITEM04771,PO01430,PROD220,378,441.05
POITEM04772,PO01430,PROD223,311,123.48
POITEM04773,PO01430,PROD461,102,132.57
POITEM04774,PO01431,PROD447,335,494.28
POITEM04775,PO01431,PROD137,34,614.65
POITEM04776,PO01432,PROD250,211,549.69
POITEM04777,PO01433,PROD121,450,517.69
POITEM04778,PO01433,PROD196,170,763.76
POITEM04779,PO01434,PROD310,253,658.21
POITEM04780,PO01434,PROD326,92,44.1
POITEM04781,PO01434,PROD228,96,683.56
POITEM04782,PO01435,PROD446,365,112.46
POITEM04783,PO01435,PROD465,63,567.0
POITEM04784,PO01435,PROD194,407,504.89
POITEM04785,PO01435,PROD374,185,166.06
POITEM04786,PO01436,PROD076,255,128.14
POITEM04787,PO01436,PROD255,416,68.92
POITEM04788,PO01436,PROD006,206,708.02
POITEM04789,PO01436,PROD070,399,254.2
POITEM04790,PO01437,PROD241,144,619.62
POITEM04791,PO01437,PROD392,458,844.63
POITEM04792,PO01437,PROD458,295,353.85
POITEM04793,PO01437,PROD355,374,245.42
POITEM04794,PO01437,PROD224,39,36.63
POITEM04795,PO01437,PROD356,479,53.56
POITEM04796,PO01437,PROD289,183,433.32
POITEM04797,PO01438,PROD194,324,504.89
POITEM04798,PO01438,PROD333,366,267.79
POITEM04799,PO01439,PROD457,409,725.46
POITEM04800,PO01439,PROD447,473,494.28
POITEM04801,PO01439,PROD037,39,675.52
POITEM04802,PO01439,PROD080,274,528.13
POITEM04803,PO01440,PROD351,198,221.94
POITEM04804,PO01440,PROD042,207,146.76
POITEM04805,PO01441,PROD458,100,353.85
POITEM04806,PO01441,PROD339,462,635.93
POITEM04807,PO01442,PROD174,175,34.33
POITEM04808,PO01442,PROD094,400,119.15
POITEM04809,PO01442,PROD109,294,173.24
POITEM04810,PO01442,PROD093,334,388.15
POITEM04811,PO01442,PROD066,178,101.43
POITEM04812,PO01442,PROD050,163,794.2
POITEM04813,PO01443,PROD192,248,840.18
POITEM04814,PO01443,PROD336,225,771.31
POITEM04815,PO01443,PROD044,308,408.18
POITEM04816,PO01443,PROD466,327,726.78
POITEM04817,PO01444,PROD283,242,484.15
POITEM04818,PO01444,PROD041,318,696.65
POITEM04819,PO01444,PROD163,187,835.86
POITEM04820,PO01445,PROD307,382,168.22
POITEM04821,PO01445,PROD190,53,716.67
POITEM04822,PO01446,PROD414,268,649.94
POITEM04823,PO01446,PROD072,169,760.5
POITEM04824,PO01446,PROD266,41,691.86
POITEM04825,PO01446,PROD437,380,656.13
POITEM04826,PO01447,PROD352,426,807.92
POITEM04827,PO01447,PROD193,327,285.63
POITEM04828,PO01447,PROD296,137,629.34
POITEM04829,PO01448,PROD068,245,804.13
POITEM04830,PO01448,PROD280,475,561.08
POITEM04831,PO01449,PROD296,23,629.34
POITEM04832,PO01449,PROD493,419,163.56
POITEM04833,PO01449,PROD481,348,490.69
POITEM04834,PO01449,PROD121,115,517.69
POITEM04835,PO01450,PROD039,44,328.0
POITEM04836,PO01450,PROD258,184,268.33
POITEM04837,PO01450,PROD184,216,29.32
POITEM04838,PO01451,PROD335,47,290.45
POITEM04839,PO01451,PROD210,154,734.75
POITEM04840,PO01452,PROD216,333,103.05
POITEM04841,PO01452,PROD167,499,587.07
POITEM04842,PO01452,PROD135,302,585.93
POITEM04843,PO01453,PROD448,298,776.39
POITEM04844,PO01453,PROD124,444,413.86
POITEM04845,PO01454,PROD036,115,500.54
POITEM04846,PO01454,PROD319,483,39.15
POITEM04847,PO01454,PROD395,275,236.19
POITEM04848,PO01455,PROD272,135,456.22
POITEM04849,PO01455,PROD242,34,478.65
POITEM04850,PO01455,PROD019,459,121.47
POITEM04851,PO01455,PROD173,422,28.86
POITEM04852,PO01455,PROD205,494,280.15
POITEM04853,PO01455,PROD195,392,419.18
POITEM04854,PO01455,PROD079,44,812.58
POITEM04855,PO01456,PROD333,340,267.79
POITEM04856,PO01456,PROD159,220,783.19
POITEM04857,PO01456,PROD140,466,695.21
POITEM04858,PO01457,PROD431,364,243.6
POITEM04859,PO01457,PROD456,418,490.07
POITEM04860,PO01457,PROD465,391,567.0
POITEM04861,PO01457,PROD400,133,523.63
POITEM04862,PO01458,PROD192,448,840.18
POITEM04863,PO01458,PROD441,48,314.89
POITEM04864,PO01458,PROD193,453,285.63
POITEM04865,PO01458,PROD222,444,237.21
POITEM04866,PO01459,PROD011,210,767.67
POITEM04867,PO01459,PROD428,376,556.07
POITEM04868,PO01459,PROD262,254,46.35
POITEM04869,PO01459,PROD437,239,656.13
POITEM04870,PO01459,PROD185,188,38.46
POITEM04871,PO01459,PROD330,268,374.25
POITEM04872,PO01460,PROD299,269,408.79
POITEM04873,PO01460,PROD050,156,794.2
POITEM04874,PO01460,PROD475,135,349.43
POITEM04875,PO01460,PROD309,256,467.42
POITEM04876,PO01460,PROD158,97,660.16
POITEM04877,PO01461,PROD043,310,432.93
POITEM04878,PO01461,PROD356,394,53.56
POITEM04879,PO01461,PROD405,495,42.4
POITEM04880,PO01461,PROD393,497,401.11
POITEM04881,PO01461,PROD398,218,652.23
POITEM04882,PO01462,PROD255,465,68.92
POITEM04883,PO01462,PROD037,177,675.52
POITEM04884,PO01462,PROD466,115,726.78
POITEM04885,PO01462,PROD392,148,844.63
POITEM04886,PO01462,PROD394,365,789.05
POITEM04887,PO01463,PROD417,243,638.19
POITEM04888,PO01463,PROD324,351,214.11
POITEM04889,PO01463,PROD298,233,152.63
POITEM04890,PO01463,PROD026,410,429.06
POITEM04891,PO01463,PROD067,364,768.19
POITEM04892,PO01464,PROD324,302,214.11
POITEM04893,PO01464,PROD478,75,587.74
POITEM04894,PO01465,PROD125,209,569.18
POITEM04895,PO01465,PROD051,103,320.72
POITEM04896,PO01465,PROD135,147,585.93
POITEM04897,PO01466,PROD410,397,65.45
POITEM04898,PO01466,PROD101,471,328.38
POITEM04899,PO01467,PROD214,183,448.24
POITEM04900,PO01468,PROD212,292,333.53
POITEM04901,PO01468,PROD390,37,668.9
POITEM04902,PO01469,PROD465,314,567.0
POITEM04903,PO01469,PROD285,356,346.6
POITEM04904,PO01470,PROD427,462,318.68
POITEM04905,PO01470,PROD191,476,491.12
POITEM04906,PO01471,PROD353,432,270.5
POITEM04907,PO01471,PROD383,190,361.93
POITEM04908,PO01472,PROD233,486,563.96
POITEM04909,PO01472,PROD318,384,549.26
POITEM04910,PO01472,PROD495,429,56.14
POITEM04911,PO01473,PROD447,407,494.28
POITEM04912,PO01473,PROD414,451,649.94
POITEM04913,PO01473,PROD059,344,476.49
POITEM04914,PO01473,PROD178,422,136.21
POITEM04915,PO01473,PROD343,450,279.4
POITEM04916,PO01474,PROD209,474,431.65
POITEM04917,PO01474,PROD048,325,69.08
POITEM04918,PO01475,PROD048,21,69.08
POITEM04919,PO01475,PROD019,464,121.47
POITEM04920,PO01476,PROD220,361,441.05
POITEM04921,PO01476,PROD275,190,345.37
POITEM04922,PO01476,PROD284,140,543.19
POITEM04923,PO01476,PROD186,417,248.28
POITEM04924,PO01476,PROD149,467,129.76
POITEM04925,PO01476,PROD439,344,348.87
POITEM04926,PO01476,PROD402,370,288.73
POITEM04927,PO01476,PROD161,224,19.17
POITEM04928,PO01477,PROD318,475,549.26
POITEM04929,PO01478,PROD145,492,314.36
POITEM04930,PO01479,PROD428,114,556.07
POITEM04931,PO01479,PROD220,215,441.05
POITEM04932,PO01479,PROD093,239,388.15
POITEM04933,PO01480,PROD332,473,72.5
POITEM04934,PO01480,PROD201,102,148.93
POITEM04935,PO01480,PROD050,300,794.2
POITEM04936,PO01480,PROD160,284,576.41
POITEM04937,PO01480,PROD198,139,145.64
POITEM04938,PO01481,PROD482,357,195.08
POITEM04939,PO01481,PROD031,211,825.69
POITEM04940,PO01482,PROD043,59,432.93
POITEM04941,PO01482,PROD323,366,348.8
POITEM04942,PO01482,PROD103,120,281.85
POITEM04943,PO01483,PROD460,168,70.8
POITEM04944,PO01483,PROD003,263,313.13
POITEM04945,PO01483,PROD084,116,725.26
POITEM04946,PO01483,PROD249,172,494.03
POITEM04947,PO01483,PROD260,177,341.22
POITEM04948,PO01484,PROD229,109,704.2
POITEM04949,PO01484,PROD088,136,814.29
POITEM04950,PO01484,PROD384,414,687.48
POITEM04951,PO01485,PROD313,228,530.62
POITEM04952,PO01485,PROD358,305,453.91
POITEM04953,PO01485,PROD498,102,707.28
POITEM04954,PO01485,PROD445,471,632.13
POITEM04955,PO01486,PROD342,287,372.68
POITEM04956,PO01487,PROD357,290,656.13
POITEM04957,PO01487,PROD349,249,753.18
POITEM04958,PO01487,PROD254,177,529.14
POITEM04959,PO01487,PROD156,248,450.52
POITEM04960,PO01487,PROD008,160,531.37
POITEM04961,PO01488,PROD322,73,562.63
POITEM04962,PO01488,PROD215,401,621.5
POITEM04963,PO01489,PROD249,434,494.03
POITEM04964,PO01489,PROD302,454,202.72
POITEM04965,PO01489,PROD293,48,540.67
POITEM04966,PO01490,PROD135,279,585.93
POITEM04967,PO01490,PROD077,39,418.0
POITEM04968,PO01490,PROD169,325,677.32
POITEM04969,PO01490,PROD064,181,757.03
POITEM04970,PO01490,PROD045,153,105.62
POITEM04971,PO01491,PROD149,86,129.76
POITEM04972,PO01491,PROD054,283,723.26
POITEM04973,PO01491,PROD189,241,233.01
POITEM04974,PO01491,PROD473,141,234.57
POITEM04975,PO01492,PROD344,44,838.24
POITEM04976,PO01492,PROD232,476,113.62
POITEM04977,PO01493,PROD157,128,65.99
POITEM04978,PO01493,PROD167,145,587.07
POITEM04979,PO01494,PROD196,364,763.76
POITEM04980,PO01494,PROD314,75,834.65
POITEM04981,PO01494,PROD049,214,665.03
POITEM04982,PO01494,PROD142,370,808.34
POITEM04983,PO01494,PROD223,172,123.48
POITEM04984,PO01494,PROD482,59,195.08
POITEM04985,PO01495,PROD139,123,185.81
POITEM04986,PO01495,PROD004,156,681.55
POITEM04987,PO01495,PROD371,56,273.28
POITEM04988,PO01495,PROD317,342,616.34
POITEM04989,PO01495,PROD046,271,444.13
POITEM04990,PO01496,PROD250,313,549.69
POITEM04991,PO01496,PROD057,211,726.74
POITEM04992,PO01497,PROD160,203,576.41
POITEM04993,PO01497,PROD299,70,408.79
POITEM04994,PO01498,PROD278,128,232.84
POITEM04995,PO01498,PROD250,216,549.69
POITEM04996,PO01498,PROD440,301,463.42
POITEM04997,PO01499,PROD305,238,213.13
POITEM04998,PO01499,PROD202,391,554.67
POITEM04999,PO01500,PROD459,285,425.98
POITEM05000,PO01500,PROD267,473,508.59
