sales_order_id,customer_id,status,order_date,required_delivery,total_amount
SO00001,CUST00953,Shipped,2025-12-17,2025-12-31,167145.87
SO00002,CUST00687,Shipped,2025-09-12,2025-09-26,1550.28
SO00003,CUST00015,Delivered,2026-05-06,2026-05-19,167996.44
SO00004,CUST00632,Shipped,2025-11-20,2025-12-04,115817.63
SO00005,CUST00621,Delivered,2026-05-30,2026-06-14,115942.71
SO00006,CUST00938,Delivered,2026-02-05,2026-02-09,279340.65
SO00007,CUST00551,Delivered,2026-02-19,2026-03-06,232710.74
SO00008,CUST00969,Processing,2025-12-24,2025-12-30,207817.95
SO00009,CUST00812,Shipped,2025-10-03,2025-10-06,322916.37
SO00010,CUST00681,Shipped,2026-06-02,2026-06-10,99609.95
SO00011,CUST00295,Delivered,2026-03-23,2026-04-06,131792.95
SO00012,CUST00845,Delivered,2026-01-07,2026-01-17,155366.71
SO00013,CUST00969,Delivered,2026-06-08,2026-06-12,52730.4
SO00014,CUST00813,Shipped,2025-12-25,2026-01-02,209497.99
SO00015,CUST00155,Processing,2026-07-09,2026-07-20,127783.67
SO00016,CUST00093,Shipped,2025-10-16,2025-10-31,130391.25
SO00017,CUST00295,Delivered,2026-07-12,2026-07-15,14859.87
SO00018,CUST00648,Packed,2026-01-21,2026-01-29,67680.1
SO00019,CUST00296,Delivered,2025-12-02,2025-12-08,347689.13
SO00020,CUST00982,Cancelled,2026-01-29,2026-02-03,53328.45
SO00021,CUST00879,Shipped,2026-04-26,2026-04-30,13494.0
SO00022,CUST00064,Shipped,2026-01-30,2026-02-09,150188.13
SO00023,CUST00491,Shipped,2026-02-22,2026-03-05,128344.66
SO00024,CUST00683,Delivered,2026-03-04,2026-03-08,328634.5
SO00025,CUST00251,Processing,2026-04-01,2026-04-13,266681.04
SO00026,CUST00565,Delivered,2025-12-09,2025-12-22,270171.38
SO00027,CUST00316,Packed,2026-06-16,2026-06-26,23990.4
SO00028,CUST00515,Delivered,2026-01-18,2026-01-23,22918.17
SO00029,CUST00756,Shipped,2026-07-17,2026-07-26,101326.63
SO00030,CUST00809,Delivered,2025-11-23,2025-12-04,186061.06
SO00031,CUST00443,Delivered,2026-03-25,2026-04-01,200697.08
SO00032,CUST00531,Cancelled,2026-06-30,2026-07-14,187101.12
SO00033,CUST00194,Shipped,2025-12-28,2025-12-31,274553.65
SO00034,CUST00117,Delivered,2026-06-18,2026-06-29,74651.56
SO00035,CUST00747,Pending,2025-11-24,2025-11-27,48189.89
SO00036,CUST00643,Delivered,2026-04-18,2026-04-23,144603.1
SO00037,CUST00559,Delivered,2025-10-06,2025-10-18,60571.35
SO00038,CUST00966,Delivered,2026-04-09,2026-04-22,293259.41
SO00039,CUST00801,Cancelled,2025-10-09,2025-10-20,102776.48
SO00040,CUST00660,Shipped,2026-05-08,2026-05-14,258099.21
SO00041,CUST00602,Shipped,2026-01-29,2026-02-02,233408.22
SO00042,CUST00878,Delivered,2025-12-24,2025-12-30,126414.24
SO00043,CUST00344,Processing,2025-10-18,2025-10-28,35070.89
SO00044,CUST00121,Delivered,2025-11-29,2025-12-10,71336.7
SO00045,CUST00465,Processing,2025-09-10,2025-09-18,38388.57
SO00046,CUST00272,Shipped,2026-07-18,2026-07-30,173220.5
SO00047,CUST00250,Cancelled,2025-12-21,2025-12-24,571117.51
SO00048,CUST00345,Delivered,2025-12-11,2025-12-18,100812.66
SO00049,CUST00333,Delivered,2026-07-10,2026-07-18,130945.31
SO00050,CUST00213,Packed,2025-09-06,2025-09-09,32710.5
SO00051,CUST00468,Processing,2026-03-27,2026-04-11,157785.69
SO00052,CUST00668,Processing,2026-01-05,2026-01-19,152456.47
SO00053,CUST00013,Delivered,2025-10-26,2025-10-30,58703.4
SO00054,CUST00680,Delivered,2025-10-23,2025-11-03,191168.74
SO00055,CUST00396,Shipped,2026-04-02,2026-04-15,174686.37
SO00056,CUST00786,Delivered,2026-05-02,2026-05-08,194672.06
SO00057,CUST00721,Shipped,2026-01-09,2026-01-15,348639.5
SO00058,CUST00759,Processing,2025-11-18,2025-12-01,59314.01
SO00059,CUST00782,Delivered,2026-03-18,2026-03-21,143953.0
SO00060,CUST00802,Delivered,2026-06-23,2026-06-26,30158.0
SO00061,CUST00390,Processing,2025-12-25,2026-01-02,219755.56
SO00062,CUST00060,Shipped,2026-05-19,2026-05-31,219696.5
SO00063,CUST00257,Shipped,2026-03-08,2026-03-15,110066.12
SO00064,CUST00612,Delivered,2026-03-13,2026-03-27,280459.32
SO00065,CUST00378,Shipped,2025-10-05,2025-10-10,19674.57
SO00066,CUST00084,Delivered,2026-02-15,2026-02-20,116661.67
SO00067,CUST00027,Shipped,2025-11-24,2025-12-06,58931.22
SO00068,CUST00152,Delivered,2026-04-24,2026-04-29,139873.38
SO00069,CUST00192,Pending,2025-11-10,2025-11-17,83734.45
SO00070,CUST00670,Shipped,2026-04-22,2026-05-06,66912.83
SO00071,CUST00114,Delivered,2026-01-01,2026-01-11,50033.12
SO00072,CUST00041,Delivered,2026-04-22,2026-04-28,106744.48
SO00073,CUST00514,Shipped,2026-01-09,2026-01-21,158173.98
SO00074,CUST00930,Delivered,2026-02-12,2026-02-23,103573.66
SO00075,CUST00123,Shipped,2025-10-24,2025-10-31,285631.61
SO00076,CUST00241,Pending,2026-06-04,2026-06-15,341442.61
SO00077,CUST00372,Delivered,2025-09-26,2025-10-08,75425.04
SO00078,CUST00255,Delivered,2026-02-17,2026-03-03,12123.21
SO00079,CUST00104,Shipped,2026-03-02,2026-03-05,259693.08
SO00080,CUST00534,Packed,2026-01-18,2026-01-26,234233.59
SO00081,CUST00495,Pending,2026-01-09,2026-01-19,315911.37
SO00082,CUST00932,Shipped,2026-03-01,2026-03-05,344238.3
SO00083,CUST00372,Shipped,2026-05-10,2026-05-23,222570.22
SO00084,CUST00022,Packed,2025-12-13,2025-12-22,115840.29
SO00085,CUST00037,Processing,2025-10-23,2025-10-27,113250.66
SO00086,CUST00771,Delivered,2025-09-22,2025-10-05,182779.78
SO00087,CUST00369,Processing,2026-02-04,2026-02-17,286993.33
SO00088,CUST00426,Shipped,2025-09-28,2025-10-06,402419.75
SO00089,CUST00191,Delivered,2025-12-08,2025-12-12,69515.66
SO00090,CUST00715,Processing,2025-10-09,2025-10-23,346561.75
SO00091,CUST00483,Processing,2026-06-08,2026-06-11,217104.58
SO00092,CUST00802,Cancelled,2026-07-05,2026-07-20,144313.06
SO00093,CUST00097,Delivered,2026-03-26,2026-04-06,62742.33
SO00094,CUST00965,Shipped,2026-05-18,2026-05-25,78001.31
SO00095,CUST00444,Shipped,2026-07-03,2026-07-14,108293.53
SO00096,CUST00808,Packed,2025-09-23,2025-09-27,277286.28
SO00097,CUST00287,Shipped,2026-07-16,2026-07-27,242113.91
SO00098,CUST00607,Shipped,2025-12-19,2025-12-29,65402.06
SO00099,CUST00839,Delivered,2025-12-28,2026-01-10,135376.18
SO00100,CUST00210,Processing,2025-12-25,2025-12-28,8365.7
SO00101,CUST00115,Delivered,2026-07-09,2026-07-14,121802.88
SO00102,CUST00503,Packed,2026-03-01,2026-03-09,147627.29
SO00103,CUST00641,Delivered,2026-04-27,2026-05-10,83666.38
SO00104,CUST00959,Delivered,2026-02-02,2026-02-07,115534.17
SO00105,CUST00233,Shipped,2026-05-03,2026-05-18,128139.91
SO00106,CUST00017,Delivered,2025-09-28,2025-10-11,203822.95
SO00107,CUST00950,Shipped,2026-06-29,2026-07-09,272449.67
SO00108,CUST00273,Processing,2025-11-16,2025-11-26,277912.78
SO00109,CUST00367,Shipped,2026-03-17,2026-03-23,95130.0
SO00110,CUST00869,Shipped,2026-06-11,2026-06-23,39086.9
SO00111,CUST00779,Delivered,2025-09-16,2025-09-19,52321.12
SO00112,CUST00461,Shipped,2025-09-15,2025-09-24,25709.18
SO00113,CUST00686,Delivered,2026-04-30,2026-05-11,682065.31
SO00114,CUST00997,Delivered,2026-05-07,2026-05-14,55355.19
SO00115,CUST00080,Cancelled,2026-07-16,2026-07-23,248496.51
SO00116,CUST00742,Delivered,2025-10-15,2025-10-21,216630.1
SO00117,CUST00538,Cancelled,2026-06-29,2026-07-12,399413.84
SO00118,CUST00707,Delivered,2025-11-04,2025-11-14,111806.06
SO00119,CUST00314,Shipped,2026-02-24,2026-02-27,261951.58
SO00120,CUST00489,Pending,2026-05-22,2026-05-27,453442.68
SO00121,CUST00061,Packed,2026-04-17,2026-04-30,106870.4
SO00122,CUST00285,Shipped,2026-02-04,2026-02-13,251068.17
SO00123,CUST00264,Delivered,2026-02-21,2026-03-05,105537.2
SO00124,CUST00858,Processing,2025-10-08,2025-10-21,71519.83
SO00125,CUST00961,Delivered,2025-10-07,2025-10-12,241495.99
SO00126,CUST00422,Shipped,2026-05-19,2026-06-01,138160.53
SO00127,CUST00253,Delivered,2026-02-16,2026-03-02,40004.58
SO00128,CUST00331,Delivered,2026-06-22,2026-07-05,159615.45
SO00129,CUST00082,Shipped,2026-06-07,2026-06-20,11901.22
SO00130,CUST00839,Delivered,2025-10-15,2025-10-30,163574.83
SO00131,CUST00056,Delivered,2025-12-06,2025-12-09,103078.66
SO00132,CUST00972,Packed,2026-03-03,2026-03-13,221510.98
SO00133,CUST00885,Delivered,2026-04-15,2026-04-30,78512.0
SO00134,CUST00776,Delivered,2025-09-03,2025-09-07,69850.76
SO00135,CUST00467,Shipped,2026-04-18,2026-04-29,245045.58
SO00136,CUST00955,Cancelled,2026-02-28,2026-03-08,93488.1
SO00137,CUST00149,Delivered,2026-03-18,2026-03-25,261589.21
SO00138,CUST00961,Shipped,2025-11-21,2025-11-26,224747.42
SO00139,CUST00578,Shipped,2026-02-10,2026-02-14,165377.06
SO00140,CUST00678,Pending,2026-02-18,2026-02-25,150660.07
SO00141,CUST00333,Delivered,2026-05-24,2026-06-07,8884.72
SO00142,CUST00681,Delivered,2026-01-18,2026-02-02,155597.96
SO00143,CUST00710,Processing,2026-07-12,2026-07-24,223094.99
SO00144,CUST00104,Processing,2026-05-14,2026-05-17,468787.71
SO00145,CUST00342,Shipped,2026-01-12,2026-01-26,25599.7
SO00146,CUST00433,Delivered,2025-10-05,2025-10-14,154265.0
SO00147,CUST00051,Delivered,2026-05-28,2026-06-06,328158.26
SO00148,CUST00750,Shipped,2025-12-01,2025-12-04,87395.85
SO00149,CUST00150,Delivered,2026-03-07,2026-03-17,66260.0
SO00150,CUST00891,Delivered,2026-01-26,2026-02-09,68949.27
SO00151,CUST00409,Delivered,2026-06-27,2026-07-08,164231.28
SO00152,CUST00083,Shipped,2026-05-09,2026-05-20,148582.63
SO00153,CUST00057,Delivered,2026-02-12,2026-02-16,258993.48
SO00154,CUST00470,Delivered,2026-03-14,2026-03-26,92338.79
SO00155,CUST00801,Cancelled,2026-01-26,2026-01-31,130804.85
SO00156,CUST00574,Processing,2026-03-15,2026-03-27,148056.66
SO00157,CUST00476,Pending,2025-10-25,2025-11-03,179089.39
SO00158,CUST00227,Delivered,2026-04-16,2026-05-01,72266.83
SO00159,CUST00551,Processing,2026-01-30,2026-02-13,187272.17
SO00160,CUST00148,Delivered,2025-11-22,2025-11-27,201121.72
SO00161,CUST00173,Processing,2025-09-03,2025-09-17,392968.92
SO00162,CUST00994,Packed,2026-06-25,2026-07-08,217740.32
SO00163,CUST00987,Pending,2026-04-22,2026-04-30,141384.5
SO00164,CUST00787,Delivered,2025-12-14,2025-12-17,294865.11
SO00165,CUST00529,Processing,2026-04-15,2026-04-18,118198.74
SO00166,CUST00153,Delivered,2025-11-09,2025-11-19,219199.26
SO00167,CUST00930,Delivered,2025-12-18,2025-12-28,180356.25
SO00168,CUST00150,Pending,2026-05-30,2026-06-10,56779.2
SO00169,CUST00219,Delivered,2026-06-16,2026-07-01,424673.11
SO00170,CUST00040,Delivered,2026-02-09,2026-02-22,30976.83
SO00171,CUST00703,Processing,2026-01-15,2026-01-22,12329.77
SO00172,CUST00636,Delivered,2025-11-13,2025-11-17,167729.07
SO00173,CUST00484,Delivered,2026-01-14,2026-01-17,42329.38
SO00174,CUST00509,Pending,2026-06-29,2026-07-10,292044.0
SO00175,CUST00243,Delivered,2025-12-06,2025-12-09,145910.27
SO00176,CUST00108,Shipped,2026-06-05,2026-06-20,16039.2
SO00177,CUST00903,Pending,2026-02-17,2026-03-03,289252.93
SO00178,CUST00378,Cancelled,2025-10-20,2025-11-01,533422.63
SO00179,CUST00902,Processing,2025-12-07,2025-12-12,50238.88
SO00180,CUST00009,Shipped,2026-01-21,2026-01-31,120332.35
SO00181,CUST00397,Shipped,2026-06-06,2026-06-17,276318.44
SO00182,CUST00813,Processing,2025-11-16,2025-11-23,14752.52
SO00183,CUST00444,Delivered,2025-10-22,2025-10-27,27982.04
SO00184,CUST00104,Delivered,2025-09-28,2025-10-08,171522.73
SO00185,CUST00752,Processing,2026-03-12,2026-03-23,172961.49
SO00186,CUST00200,Pending,2026-02-07,2026-02-11,84749.12
SO00187,CUST00264,Packed,2026-06-27,2026-07-05,43833.96
SO00188,CUST00005,Delivered,2026-04-12,2026-04-23,1826.24
SO00189,CUST00293,Processing,2026-06-21,2026-07-06,462480.42
SO00190,CUST00883,Delivered,2026-05-10,2026-05-13,168086.29
SO00191,CUST00216,Shipped,2026-01-26,2026-02-09,264234.51
SO00192,CUST00289,Delivered,2026-07-18,2026-07-22,43560.66
SO00193,CUST00286,Pending,2026-06-13,2026-06-28,131354.88
SO00194,CUST00059,Processing,2025-12-23,2026-01-04,215631.42
SO00195,CUST00502,Pending,2026-01-31,2026-02-13,35435.18
SO00196,CUST00851,Processing,2026-04-16,2026-05-01,240945.26
SO00197,CUST00813,Pending,2026-05-15,2026-05-29,261088.49
SO00198,CUST00653,Packed,2026-03-06,2026-03-15,144644.09
SO00199,CUST00939,Shipped,2026-07-07,2026-07-17,143368.2
SO00200,CUST00247,Shipped,2026-05-11,2026-05-19,8694.42
SO00201,CUST00635,Packed,2026-04-28,2026-05-06,72554.4
SO00202,CUST00472,Shipped,2026-01-22,2026-01-31,76734.91
SO00203,CUST00508,Shipped,2026-04-14,2026-04-29,84107.84
SO00204,CUST00720,Delivered,2026-03-21,2026-04-02,163098.96
SO00205,CUST00171,Shipped,2025-11-12,2025-11-17,130436.81
SO00206,CUST00719,Processing,2026-01-24,2026-02-07,295377.43
SO00207,CUST00014,Pending,2026-06-20,2026-07-01,232215.51
SO00208,CUST00103,Delivered,2026-06-15,2026-06-21,108723.99
SO00209,CUST00331,Delivered,2025-10-14,2025-10-25,151372.24
SO00210,CUST00362,Packed,2026-04-23,2026-05-05,212728.72
SO00211,CUST00094,Pending,2025-09-26,2025-10-06,7001.84
SO00212,CUST00674,Delivered,2025-12-18,2025-12-26,94914.0
SO00213,CUST00115,Packed,2026-04-09,2026-04-16,26285.54
SO00214,CUST00743,Delivered,2026-01-31,2026-02-05,298625.76
SO00215,CUST00600,Shipped,2025-12-07,2025-12-22,304154.76
SO00216,CUST00935,Packed,2026-07-09,2026-07-23,237202.1
SO00217,CUST00112,Delivered,2025-09-01,2025-09-07,83891.6
SO00218,CUST00155,Delivered,2025-12-12,2025-12-23,20145.41
SO00219,CUST00274,Cancelled,2026-07-16,2026-07-20,128169.24
SO00220,CUST00076,Shipped,2026-06-07,2026-06-11,278787.08
SO00221,CUST00511,Cancelled,2026-03-14,2026-03-18,167047.82
SO00222,CUST00015,Processing,2026-03-11,2026-03-17,159008.04
SO00223,CUST00886,Packed,2026-02-14,2026-02-27,122884.32
SO00224,CUST00121,Packed,2025-10-09,2025-10-23,192975.75
SO00225,CUST00714,Shipped,2026-07-07,2026-07-11,256118.79
SO00226,CUST00607,Packed,2026-01-11,2026-01-14,31445.16
SO00227,CUST00860,Delivered,2026-04-03,2026-04-17,546509.4
SO00228,CUST00957,Shipped,2025-12-22,2026-01-03,21848.96
SO00229,CUST00492,Packed,2025-10-26,2025-11-01,73176.77
SO00230,CUST00242,Packed,2026-01-04,2026-01-13,291535.28
SO00231,CUST00031,Delivered,2026-04-18,2026-05-01,177557.72
SO00232,CUST00982,Shipped,2026-05-20,2026-06-03,156238.49
SO00233,CUST00914,Cancelled,2026-02-22,2026-03-09,307623.79
SO00234,CUST00720,Delivered,2025-10-02,2025-10-12,113336.19
SO00235,CUST00979,Delivered,2026-05-29,2026-06-06,130347.24
SO00236,CUST00437,Shipped,2025-12-09,2025-12-13,206545.5
SO00237,CUST00407,Packed,2026-06-06,2026-06-18,195148.56
SO00238,CUST00024,Processing,2025-10-11,2025-10-16,216560.61
SO00239,CUST00175,Delivered,2025-11-16,2025-12-01,116328.15
SO00240,CUST00377,Delivered,2026-03-15,2026-03-18,253845.24
SO00241,CUST00476,Delivered,2026-03-16,2026-03-23,109561.56
SO00242,CUST00346,Shipped,2025-11-21,2025-12-03,88790.39
SO00243,CUST00886,Delivered,2025-11-06,2025-11-12,144743.0
SO00244,CUST00530,Shipped,2026-07-01,2026-07-07,256572.59
SO00245,CUST00894,Shipped,2026-06-05,2026-06-19,22264.68
SO00246,CUST00600,Packed,2026-05-16,2026-05-29,189438.21
SO00247,CUST00881,Processing,2025-11-02,2025-11-15,126402.98
SO00248,CUST00517,Delivered,2026-03-17,2026-03-25,87577.98
SO00249,CUST00949,Delivered,2025-11-30,2025-12-12,173870.57
SO00250,CUST00508,Processing,2026-02-25,2026-03-09,67448.16
SO00251,CUST00114,Delivered,2025-12-26,2026-01-04,97353.48
SO00252,CUST00696,Shipped,2025-11-22,2025-12-04,155398.91
SO00253,CUST00817,Packed,2025-09-01,2025-09-12,67132.3
SO00254,CUST00701,Delivered,2026-03-13,2026-03-17,79857.68
SO00255,CUST00525,Delivered,2025-11-08,2025-11-21,159474.85
SO00256,CUST00265,Delivered,2025-11-27,2025-12-07,220426.44
SO00257,CUST00334,Delivered,2025-10-17,2025-10-22,89004.63
SO00258,CUST00888,Delivered,2026-06-17,2026-06-25,132500.89
SO00259,CUST00925,Shipped,2026-02-05,2026-02-20,248432.48
SO00260,CUST00769,Delivered,2025-12-27,2026-01-05,255300.53
SO00261,CUST00025,Shipped,2025-09-22,2025-10-06,228185.25
SO00262,CUST00805,Delivered,2025-10-27,2025-11-10,65640.8
SO00263,CUST00008,Delivered,2025-12-22,2025-12-30,146432.52
SO00264,CUST00085,Delivered,2026-04-10,2026-04-23,151649.86
SO00265,CUST00371,Delivered,2026-04-27,2026-05-02,278794.41
SO00266,CUST00683,Delivered,2026-05-23,2026-05-31,112750.08
SO00267,CUST00161,Delivered,2026-07-05,2026-07-10,221463.73
SO00268,CUST00187,Shipped,2026-06-27,2026-07-12,161713.61
SO00269,CUST00162,Delivered,2026-02-12,2026-02-19,84298.0
SO00270,CUST00191,Delivered,2026-06-16,2026-06-25,146221.07
SO00271,CUST00030,Delivered,2026-04-08,2026-04-22,90188.25
SO00272,CUST00004,Delivered,2026-04-14,2026-04-18,250333.08
SO00273,CUST00610,Delivered,2025-11-01,2025-11-10,130021.72
SO00274,CUST00651,Delivered,2026-05-01,2026-05-08,361213.06
SO00275,CUST00290,Delivered,2025-09-27,2025-10-03,194320.06
SO00276,CUST00684,Delivered,2025-11-05,2025-11-14,216523.98
SO00277,CUST00265,Delivered,2025-09-11,2025-09-19,134344.05
SO00278,CUST00642,Delivered,2026-02-17,2026-02-28,317784.35
SO00279,CUST00474,Packed,2026-04-02,2026-04-05,127445.21
SO00280,CUST00965,Delivered,2025-11-28,2025-12-13,78390.96
SO00281,CUST00382,Processing,2025-10-15,2025-10-27,263073.19
SO00282,CUST00347,Pending,2025-09-11,2025-09-23,156966.93
SO00283,CUST00972,Delivered,2026-01-11,2026-01-14,146062.26
SO00284,CUST00820,Packed,2026-04-03,2026-04-07,222478.53
SO00285,CUST00187,Delivered,2026-01-12,2026-01-25,295390.05
SO00286,CUST00118,Packed,2025-09-16,2025-09-27,12472.11
SO00287,CUST00609,Shipped,2025-10-27,2025-10-31,131485.2
SO00288,CUST00824,Processing,2025-12-15,2025-12-22,129248.05
SO00289,CUST00433,Pending,2026-05-04,2026-05-19,274518.84
SO00290,CUST00828,Shipped,2026-06-15,2026-06-18,226022.38
SO00291,CUST00297,Pending,2025-10-19,2025-10-23,171978.38
SO00292,CUST00743,Packed,2026-04-21,2026-05-03,207331.78
SO00293,CUST00579,Delivered,2025-12-08,2025-12-16,484441.16
SO00294,CUST00069,Packed,2026-01-12,2026-01-16,372447.25
SO00295,CUST00580,Processing,2026-03-16,2026-03-24,391835.25
SO00296,CUST00807,Delivered,2026-02-13,2026-02-22,140470.57
SO00297,CUST00774,Shipped,2026-01-19,2026-01-29,31394.4
SO00298,CUST00900,Processing,2026-03-11,2026-03-21,228400.18
SO00299,CUST00107,Processing,2026-01-03,2026-01-15,203810.42
SO00300,CUST00668,Delivered,2026-02-06,2026-02-14,246747.19
SO00301,CUST00611,Delivered,2025-10-02,2025-10-16,64048.25
SO00302,CUST00492,Delivered,2026-05-01,2026-05-05,58770.6
SO00303,CUST00672,Shipped,2026-02-16,2026-03-01,110510.33
SO00304,CUST00433,Pending,2025-10-09,2025-10-13,46584.76
SO00305,CUST00456,Shipped,2026-07-13,2026-07-17,180751.22
SO00306,CUST00485,Delivered,2025-10-28,2025-11-01,16835.28
SO00307,CUST00471,Pending,2026-01-16,2026-01-23,75119.99
SO00308,CUST00324,Delivered,2025-12-27,2026-01-11,295338.74
SO00309,CUST00138,Processing,2025-10-03,2025-10-15,151020.63
SO00310,CUST00982,Delivered,2025-09-04,2025-09-16,134488.68
SO00311,CUST00920,Delivered,2025-11-07,2025-11-11,437583.05
SO00312,CUST00767,Delivered,2026-04-30,2026-05-13,131661.83
SO00313,CUST00469,Delivered,2025-11-24,2025-11-29,132967.15
SO00314,CUST00081,Delivered,2026-01-21,2026-02-02,57400.42
SO00315,CUST00572,Pending,2025-09-23,2025-10-07,103708.27
SO00316,CUST00475,Shipped,2025-10-07,2025-10-19,85328.33
SO00317,CUST00981,Shipped,2026-01-05,2026-01-09,144529.96
SO00318,CUST00707,Delivered,2026-04-21,2026-05-04,6789.91
SO00319,CUST00214,Shipped,2026-06-06,2026-06-14,42153.81
SO00320,CUST00041,Delivered,2026-05-12,2026-05-19,158085.53
SO00321,CUST00138,Packed,2026-04-23,2026-05-08,206331.46
SO00322,CUST00107,Delivered,2026-05-17,2026-05-22,201737.0
SO00323,CUST00876,Delivered,2025-09-17,2025-09-25,310240.7
SO00324,CUST00675,Delivered,2026-04-26,2026-05-11,325322.25
SO00325,CUST00608,Delivered,2026-03-28,2026-04-07,287409.14
SO00326,CUST00031,Delivered,2026-05-07,2026-05-22,279053.65
SO00327,CUST00220,Cancelled,2026-05-12,2026-05-17,47982.07
SO00328,CUST01000,Processing,2026-03-26,2026-04-09,222120.11
SO00329,CUST00689,Delivered,2026-05-26,2026-06-08,285019.18
SO00330,CUST00578,Delivered,2026-01-14,2026-01-19,615038.0
SO00331,CUST00995,Delivered,2026-01-01,2026-01-06,265401.32
SO00332,CUST00305,Processing,2026-05-03,2026-05-15,355349.4
SO00333,CUST00891,Shipped,2025-09-08,2025-09-15,270451.78
SO00334,CUST00094,Shipped,2026-03-17,2026-04-01,107210.8
SO00335,CUST00227,Packed,2026-06-28,2026-07-01,212589.5
SO00336,CUST00136,Delivered,2025-09-21,2025-09-30,463492.41
SO00337,CUST00429,Delivered,2025-09-04,2025-09-19,115343.72
SO00338,CUST00513,Delivered,2026-05-16,2026-05-19,301487.34
SO00339,CUST00964,Delivered,2026-04-25,2026-04-30,373861.77
SO00340,CUST00232,Packed,2026-02-09,2026-02-20,173312.41
SO00341,CUST00755,Shipped,2025-09-19,2025-09-22,85418.0
SO00342,CUST00808,Delivered,2026-01-17,2026-01-29,338557.68
SO00343,CUST00919,Shipped,2026-06-27,2026-07-02,246801.73
SO00344,CUST00095,Shipped,2026-05-21,2026-05-30,471194.28
SO00345,CUST00144,Delivered,2025-10-05,2025-10-20,59139.25
SO00346,CUST00964,Packed,2025-10-11,2025-10-17,189391.48
SO00347,CUST00094,Delivered,2026-03-28,2026-04-03,84763.42
SO00348,CUST00019,Delivered,2026-02-03,2026-02-16,212610.14
SO00349,CUST00900,Processing,2026-03-10,2026-03-23,76795.11
SO00350,CUST00976,Delivered,2026-07-06,2026-07-19,335882.18
SO00351,CUST00004,Packed,2026-04-08,2026-04-17,1206.12
SO00352,CUST00860,Pending,2026-04-11,2026-04-24,105849.86
SO00353,CUST00878,Pending,2026-03-12,2026-03-16,47834.08
SO00354,CUST00733,Processing,2026-06-05,2026-06-14,148809.96
SO00355,CUST00687,Pending,2025-10-07,2025-10-18,184945.84
SO00356,CUST00771,Delivered,2026-03-17,2026-03-30,76785.52
SO00357,CUST00777,Delivered,2026-03-18,2026-03-22,162654.64
SO00358,CUST00320,Pending,2025-11-21,2025-11-25,225815.78
SO00359,CUST00466,Packed,2025-09-24,2025-10-07,511086.8
SO00360,CUST00761,Cancelled,2026-03-08,2026-03-17,72552.75
SO00361,CUST00564,Delivered,2026-02-05,2026-02-13,142271.88
SO00362,CUST00992,Delivered,2026-07-09,2026-07-16,208233.04
SO00363,CUST00599,Packed,2025-10-11,2025-10-17,307039.58
SO00364,CUST00370,Processing,2025-11-09,2025-11-17,47810.86
SO00365,CUST00174,Delivered,2025-10-07,2025-10-14,78120.25
SO00366,CUST00755,Packed,2026-02-27,2026-03-07,97551.59
SO00367,CUST00950,Delivered,2025-09-06,2025-09-14,18325.2
SO00368,CUST00827,Delivered,2025-12-26,2025-12-30,216557.38
SO00369,CUST00144,Delivered,2026-04-04,2026-04-14,86599.17
SO00370,CUST00185,Delivered,2025-11-03,2025-11-09,138982.02
SO00371,CUST00079,Processing,2026-06-27,2026-06-30,312027.33
SO00372,CUST00219,Delivered,2025-12-15,2025-12-18,274290.35
SO00373,CUST00965,Cancelled,2026-04-05,2026-04-08,7870.23
SO00374,CUST00880,Delivered,2026-05-20,2026-05-25,312902.08
SO00375,CUST00123,Packed,2025-12-14,2025-12-29,184004.7
SO00376,CUST00432,Processing,2026-06-05,2026-06-11,15825.15
SO00377,CUST00518,Delivered,2025-09-05,2025-09-13,50657.16
SO00378,CUST00793,Shipped,2026-07-01,2026-07-10,280267.02
SO00379,CUST00583,Pending,2026-01-22,2026-01-29,325326.95
SO00380,CUST00279,Delivered,2025-09-15,2025-09-29,32760.0
SO00381,CUST00703,Delivered,2025-09-15,2025-09-20,227088.53
SO00382,CUST00262,Cancelled,2025-11-18,2025-12-01,153086.14
SO00383,CUST00093,Shipped,2026-03-18,2026-03-29,164079.74
SO00384,CUST00663,Delivered,2025-10-26,2025-11-03,339627.68
SO00385,CUST00280,Pending,2026-01-05,2026-01-12,110866.19
SO00386,CUST00248,Shipped,2026-06-18,2026-06-24,153979.37
SO00387,CUST00195,Packed,2026-02-24,2026-03-09,21181.39
SO00388,CUST00519,Delivered,2025-10-07,2025-10-17,97301.22
SO00389,CUST00314,Delivered,2026-03-19,2026-03-27,224078.82
SO00390,CUST00482,Processing,2026-05-06,2026-05-09,149316.6
SO00391,CUST00171,Delivered,2026-02-21,2026-03-05,301005.72
SO00392,CUST00875,Shipped,2025-12-01,2025-12-16,131189.88
SO00393,CUST00296,Packed,2025-09-10,2025-09-25,330332.23
SO00394,CUST00112,Shipped,2026-02-13,2026-02-23,83327.78
SO00395,CUST00443,Delivered,2026-04-11,2026-04-23,6158.48
SO00396,CUST00651,Pending,2026-05-18,2026-05-30,45648.38
SO00397,CUST00227,Shipped,2026-07-13,2026-07-27,286931.0
SO00398,CUST00829,Cancelled,2025-12-20,2025-12-26,298680.1
SO00399,CUST00329,Shipped,2025-09-16,2025-09-20,58360.01
SO00400,CUST00836,Cancelled,2026-01-27,2026-02-02,423059.14
SO00401,CUST00519,Shipped,2026-01-10,2026-01-13,139196.16
SO00402,CUST00847,Delivered,2025-11-02,2025-11-10,67631.26
SO00403,CUST00391,Packed,2025-11-26,2025-12-02,11289.72
SO00404,CUST00048,Shipped,2026-05-25,2026-06-08,88805.99
SO00405,CUST00481,Shipped,2026-06-08,2026-06-15,34693.79
SO00406,CUST00990,Pending,2026-01-27,2026-02-01,4292.46
SO00407,CUST00093,Delivered,2026-03-20,2026-03-31,348796.69
SO00408,CUST00449,Delivered,2026-04-14,2026-04-28,235894.7
SO00409,CUST00082,Delivered,2025-10-23,2025-11-07,55806.14
SO00410,CUST00539,Processing,2026-06-03,2026-06-14,339220.28
SO00411,CUST00443,Packed,2026-04-17,2026-05-01,282623.99
SO00412,CUST00778,Processing,2026-01-22,2026-02-01,31591.08
SO00413,CUST00472,Processing,2026-04-17,2026-04-22,48856.32
SO00414,CUST00963,Delivered,2026-04-22,2026-05-04,86670.69
SO00415,CUST00027,Shipped,2025-11-05,2025-11-11,296003.85
SO00416,CUST00960,Delivered,2025-11-21,2025-11-27,198127.5
SO00417,CUST00278,Delivered,2026-01-07,2026-01-21,220362.84
SO00418,CUST00405,Packed,2025-11-17,2025-11-23,78456.43
SO00419,CUST00249,Processing,2026-05-17,2026-05-27,173404.61
SO00420,CUST00293,Pending,2025-09-08,2025-09-15,520094.94
SO00421,CUST00471,Shipped,2025-09-03,2025-09-07,304908.4
SO00422,CUST00587,Packed,2026-06-25,2026-07-07,283175.63
SO00423,CUST00889,Delivered,2026-05-11,2026-05-23,87856.35
SO00424,CUST00499,Delivered,2026-06-01,2026-06-13,217676.97
SO00425,CUST00533,Pending,2025-09-07,2025-09-11,63869.24
SO00426,CUST00414,Delivered,2026-01-22,2026-01-25,69322.78
SO00427,CUST00733,Cancelled,2026-03-13,2026-03-20,7722.1
SO00428,CUST00494,Packed,2026-01-08,2026-01-16,124433.52
SO00429,CUST00149,Delivered,2026-02-16,2026-02-19,240944.58
SO00430,CUST00513,Delivered,2025-09-06,2025-09-21,340864.67
SO00431,CUST00186,Pending,2025-11-05,2025-11-16,220051.15
SO00432,CUST00992,Packed,2025-11-29,2025-12-13,201381.25
SO00433,CUST00887,Delivered,2026-01-18,2026-01-30,165690.23
SO00434,CUST00622,Delivered,2026-02-10,2026-02-20,329968.12
SO00435,CUST00323,Delivered,2025-10-26,2025-10-31,203080.86
SO00436,CUST00141,Processing,2026-02-10,2026-02-25,187885.55
SO00437,CUST00937,Processing,2026-01-16,2026-01-26,55182.84
SO00438,CUST00801,Delivered,2025-12-07,2025-12-17,3211.47
SO00439,CUST00061,Shipped,2026-02-06,2026-02-09,82504.28
SO00440,CUST00285,Cancelled,2025-11-15,2025-11-27,166188.06
SO00441,CUST00335,Shipped,2026-04-13,2026-04-26,105199.7
SO00442,CUST00137,Delivered,2026-02-01,2026-02-08,125794.52
SO00443,CUST00644,Shipped,2025-10-22,2025-10-25,95433.03
SO00444,CUST00326,Delivered,2026-05-07,2026-05-10,175886.79
SO00445,CUST00261,Pending,2026-03-15,2026-03-22,308111.19
SO00446,CUST00295,Processing,2025-11-24,2025-12-08,99293.65
SO00447,CUST00184,Processing,2025-11-20,2025-12-04,277245.45
SO00448,CUST00592,Delivered,2025-11-09,2025-11-23,252942.25
SO00449,CUST00507,Packed,2025-09-19,2025-09-24,133993.37
SO00450,CUST00707,Delivered,2026-07-05,2026-07-17,38728.34
SO00451,CUST00001,Shipped,2026-05-04,2026-05-15,182936.21
SO00452,CUST00091,Delivered,2026-01-05,2026-01-18,20653.5
SO00453,CUST00729,Delivered,2026-02-03,2026-02-17,309548.71
SO00454,CUST00498,Shipped,2025-09-12,2025-09-25,268715.74
SO00455,CUST00834,Shipped,2026-04-17,2026-04-20,450103.08
SO00456,CUST00417,Packed,2026-02-26,2026-03-07,19792.47
SO00457,CUST00631,Delivered,2025-11-30,2025-12-14,178185.4
SO00458,CUST00997,Packed,2026-04-22,2026-04-27,82905.23
SO00459,CUST00360,Shipped,2026-04-26,2026-05-08,235915.08
SO00460,CUST00915,Cancelled,2026-04-26,2026-05-11,143263.71
SO00461,CUST00023,Shipped,2026-06-23,2026-07-03,244021.84
SO00462,CUST00826,Pending,2025-12-11,2025-12-14,43248.87
SO00463,CUST00436,Delivered,2026-05-19,2026-05-29,147808.46
SO00464,CUST00965,Delivered,2025-10-02,2025-10-16,30523.74
SO00465,CUST00839,Delivered,2026-06-06,2026-06-20,261014.61
SO00466,CUST00805,Cancelled,2026-01-09,2026-01-17,183019.19
SO00467,CUST00170,Shipped,2026-06-04,2026-06-11,156045.49
SO00468,CUST00341,Delivered,2026-07-10,2026-07-21,263677.68
SO00469,CUST00350,Delivered,2026-04-11,2026-04-18,542113.37
SO00470,CUST00526,Processing,2026-01-03,2026-01-09,137897.4
SO00471,CUST00428,Delivered,2026-05-17,2026-05-28,50623.1
SO00472,CUST00215,Processing,2025-11-30,2025-12-15,11432.5
SO00473,CUST00516,Shipped,2025-11-18,2025-11-21,149585.77
SO00474,CUST00265,Packed,2026-02-22,2026-03-05,112523.82
SO00475,CUST00598,Delivered,2026-01-10,2026-01-24,167697.07
SO00476,CUST00771,Delivered,2026-02-02,2026-02-16,159757.14
SO00477,CUST00287,Shipped,2026-01-17,2026-01-29,62982.1
SO00478,CUST00911,Delivered,2026-01-24,2026-02-05,36286.44
SO00479,CUST00189,Delivered,2025-12-31,2026-01-05,302572.89
SO00480,CUST00974,Cancelled,2026-07-05,2026-07-14,240717.31
SO00481,CUST00024,Delivered,2026-02-03,2026-02-13,14833.86
SO00482,CUST00728,Packed,2026-04-11,2026-04-17,208493.88
SO00483,CUST00687,Delivered,2025-09-07,2025-09-21,108181.86
SO00484,CUST00108,Processing,2026-05-17,2026-05-29,108456.04
SO00485,CUST00391,Processing,2025-10-24,2025-10-28,133395.49
SO00486,CUST00229,Delivered,2026-04-07,2026-04-13,18117.92
SO00487,CUST00958,Delivered,2025-12-08,2025-12-14,135992.4
SO00488,CUST00406,Delivered,2025-09-07,2025-09-17,73872.4
SO00489,CUST00858,Cancelled,2026-02-16,2026-03-02,114699.0
SO00490,CUST00293,Delivered,2026-01-14,2026-01-23,283693.4
SO00491,CUST00634,Cancelled,2025-11-14,2025-11-28,191581.44
SO00492,CUST00773,Shipped,2026-04-23,2026-04-30,120990.18
SO00493,CUST00827,Delivered,2026-04-05,2026-04-13,325316.32
SO00494,CUST00318,Pending,2025-12-18,2025-12-24,284637.06
SO00495,CUST00471,Delivered,2026-07-04,2026-07-10,121302.93
SO00496,CUST00319,Packed,2026-04-05,2026-04-17,275270.56
SO00497,CUST00191,Delivered,2025-12-15,2025-12-25,17317.3
SO00498,CUST00455,Shipped,2026-01-27,2026-01-31,47999.3
SO00499,CUST00717,Packed,2025-09-29,2025-10-03,398391.09
SO00500,CUST00966,Shipped,2026-03-16,2026-03-31,98270.07
SO00501,CUST00290,Delivered,2026-02-19,2026-02-22,231516.64
SO00502,CUST00689,Delivered,2026-03-05,2026-03-12,160683.91
SO00503,CUST00643,Delivered,2025-10-26,2025-11-06,221537.14
SO00504,CUST00568,Delivered,2026-05-11,2026-05-20,177444.96
SO00505,CUST00877,Shipped,2026-03-20,2026-03-27,14580.12
SO00506,CUST00873,Shipped,2025-12-13,2025-12-26,52807.61
SO00507,CUST00551,Delivered,2026-03-27,2026-04-01,147482.67
SO00508,CUST00230,Shipped,2026-02-20,2026-03-01,86464.14
SO00509,CUST00387,Delivered,2025-09-23,2025-10-03,27280.35
SO00510,CUST00510,Delivered,2025-11-23,2025-12-08,200202.64
SO00511,CUST00077,Delivered,2026-04-24,2026-05-08,48875.2
SO00512,CUST00362,Delivered,2026-04-29,2026-05-12,70773.78
SO00513,CUST00405,Processing,2025-11-05,2025-11-11,80223.01
SO00514,CUST00745,Shipped,2026-01-15,2026-01-29,254636.28
SO00515,CUST00309,Delivered,2025-10-08,2025-10-11,255410.7
SO00516,CUST00987,Delivered,2025-12-14,2025-12-25,248682.01
SO00517,CUST00783,Shipped,2026-05-06,2026-05-09,181940.94
SO00518,CUST00614,Delivered,2026-06-06,2026-06-19,45085.42
SO00519,CUST00413,Delivered,2026-02-05,2026-02-17,146584.53
SO00520,CUST00760,Delivered,2025-10-03,2025-10-06,411377.0
SO00521,CUST00710,Delivered,2025-09-15,2025-09-22,33522.4
SO00522,CUST00789,Packed,2026-03-19,2026-03-23,31774.68
SO00523,CUST00652,Delivered,2025-10-21,2025-10-27,104380.18
SO00524,CUST00336,Packed,2026-02-26,2026-03-04,75703.81
SO00525,CUST00645,Delivered,2025-09-07,2025-09-14,225707.78
SO00526,CUST00940,Pending,2026-05-03,2026-05-10,23055.66
SO00527,CUST00727,Delivered,2026-03-04,2026-03-15,36635.88
SO00528,CUST00308,Delivered,2026-01-03,2026-01-14,402996.03
SO00529,CUST00705,Packed,2026-01-23,2026-02-07,57444.49
SO00530,CUST00345,Delivered,2026-06-05,2026-06-19,181844.87
SO00531,CUST00985,Processing,2026-07-05,2026-07-13,182965.09
SO00532,CUST00656,Delivered,2026-01-30,2026-02-07,288508.68
SO00533,CUST00368,Processing,2026-05-23,2026-05-27,201622.4
SO00534,CUST00235,Delivered,2026-04-24,2026-04-30,31863.7
SO00535,CUST00894,Delivered,2026-02-28,2026-03-09,203716.54
SO00536,CUST00338,Delivered,2026-01-03,2026-01-10,128962.94
SO00537,CUST00206,Delivered,2026-03-27,2026-04-01,338442.05
SO00538,CUST00911,Cancelled,2026-05-08,2026-05-15,297391.6
SO00539,CUST00544,Delivered,2025-11-08,2025-11-23,108440.39
SO00540,CUST00259,Shipped,2026-02-06,2026-02-21,62230.19
SO00541,CUST00692,Delivered,2026-04-29,2026-05-08,224044.5
SO00542,CUST00042,Delivered,2026-04-12,2026-04-22,50044.44
SO00543,CUST00829,Delivered,2025-12-25,2026-01-01,325461.68
SO00544,CUST00718,Delivered,2026-03-05,2026-03-18,192683.93
SO00545,CUST00696,Cancelled,2025-09-09,2025-09-24,182387.28
SO00546,CUST00072,Processing,2025-09-12,2025-09-18,263537.95
SO00547,CUST00235,Cancelled,2025-09-21,2025-10-02,132322.43
SO00548,CUST00742,Delivered,2025-11-05,2025-11-08,222685.8
SO00549,CUST00140,Packed,2026-06-11,2026-06-19,43303.38
SO00550,CUST00676,Shipped,2026-06-13,2026-06-27,75088.66
SO00551,CUST00833,Pending,2026-02-07,2026-02-22,182871.51
SO00552,CUST00564,Shipped,2026-04-20,2026-04-26,196599.09
SO00553,CUST00960,Delivered,2026-05-06,2026-05-15,207386.28
SO00554,CUST00132,Delivered,2025-09-28,2025-10-01,201870.91
SO00555,CUST00015,Packed,2026-05-17,2026-05-27,145294.72
SO00556,CUST00298,Delivered,2026-01-16,2026-01-22,316496.44
SO00557,CUST00689,Shipped,2026-01-23,2026-01-30,19188.26
SO00558,CUST00800,Shipped,2025-11-23,2025-12-04,105687.27
SO00559,CUST00974,Shipped,2026-01-09,2026-01-14,166213.39
SO00560,CUST00046,Shipped,2026-01-23,2026-02-05,370075.8
SO00561,CUST00007,Delivered,2026-05-25,2026-06-09,318134.87
SO00562,CUST00810,Delivered,2025-12-22,2026-01-03,226958.71
SO00563,CUST00463,Delivered,2026-04-05,2026-04-20,11187.6
SO00564,CUST00883,Delivered,2026-01-08,2026-01-13,409189.16
SO00565,CUST00648,Processing,2025-12-20,2026-01-04,218804.96
SO00566,CUST00661,Cancelled,2026-03-07,2026-03-13,222731.87
SO00567,CUST00810,Delivered,2025-10-11,2025-10-25,284783.89
SO00568,CUST00257,Shipped,2025-11-07,2025-11-19,188982.2
SO00569,CUST00294,Delivered,2026-06-13,2026-06-23,53814.1
SO00570,CUST00667,Delivered,2025-12-13,2025-12-17,69213.39
SO00571,CUST00534,Delivered,2026-03-19,2026-04-03,237985.46
SO00572,CUST00866,Processing,2026-02-13,2026-02-27,175517.46
SO00573,CUST00692,Shipped,2026-02-07,2026-02-22,52058.3
SO00574,CUST00031,Shipped,2026-03-30,2026-04-05,302446.19
SO00575,CUST00224,Delivered,2025-09-17,2025-09-22,75624.92
SO00576,CUST00930,Delivered,2026-05-11,2026-05-22,327530.48
SO00577,CUST00393,Shipped,2026-04-24,2026-04-30,7330.08
SO00578,CUST00225,Delivered,2025-10-20,2025-10-24,280944.37
SO00579,CUST00085,Shipped,2026-01-19,2026-01-29,365558.35
SO00580,CUST00706,Delivered,2026-06-06,2026-06-19,174103.16
SO00581,CUST00708,Processing,2026-04-03,2026-04-08,207629.71
SO00582,CUST00029,Shipped,2026-04-03,2026-04-06,241535.85
SO00583,CUST00726,Cancelled,2025-11-17,2025-11-27,164454.61
SO00584,CUST00716,Delivered,2026-05-09,2026-05-17,101492.0
SO00585,CUST00138,Shipped,2026-03-19,2026-04-02,137562.39
SO00586,CUST00378,Pending,2026-01-16,2026-01-29,208102.17
SO00587,CUST00705,Shipped,2025-12-11,2025-12-22,309167.47
SO00588,CUST00531,Delivered,2025-10-04,2025-10-16,198142.56
SO00589,CUST00445,Delivered,2025-09-24,2025-10-07,648095.3
SO00590,CUST00384,Delivered,2025-10-02,2025-10-17,331785.08
SO00591,CUST00868,Pending,2026-07-10,2026-07-25,279708.09
SO00592,CUST00949,Shipped,2026-02-21,2026-03-02,18068.55
SO00593,CUST00420,Shipped,2026-05-23,2026-05-27,109199.4
SO00594,CUST00883,Cancelled,2025-12-12,2025-12-26,169829.15
SO00595,CUST00193,Delivered,2026-03-22,2026-04-04,161830.38
SO00596,CUST00099,Delivered,2026-02-01,2026-02-08,117847.54
SO00597,CUST00304,Processing,2026-04-28,2026-05-04,77288.83
SO00598,CUST00096,Shipped,2026-05-18,2026-05-27,79072.55
SO00599,CUST00729,Delivered,2025-11-23,2025-12-05,184730.31
SO00600,CUST00152,Delivered,2026-05-20,2026-05-30,38351.75
SO00601,CUST00293,Shipped,2026-03-10,2026-03-15,390626.01
SO00602,CUST00259,Packed,2026-04-25,2026-05-04,19254.54
SO00603,CUST00435,Shipped,2026-02-27,2026-03-06,241053.66
SO00604,CUST00451,Cancelled,2026-04-14,2026-04-17,325393.19
SO00605,CUST00496,Delivered,2026-02-28,2026-03-06,191494.46
SO00606,CUST00351,Delivered,2026-04-20,2026-05-01,326915.46
SO00607,CUST00736,Delivered,2026-06-07,2026-06-11,46547.48
SO00608,CUST00500,Delivered,2026-05-17,2026-06-01,62710.5
SO00609,CUST00564,Delivered,2025-11-01,2025-11-12,312520.47
SO00610,CUST00516,Delivered,2025-10-05,2025-10-17,158927.8
SO00611,CUST00081,Shipped,2026-03-25,2026-03-30,31341.76
SO00612,CUST00010,Cancelled,2025-09-10,2025-09-17,159613.79
SO00613,CUST00672,Shipped,2026-04-10,2026-04-21,348107.67
SO00614,CUST00604,Processing,2025-11-12,2025-11-27,252327.49
SO00615,CUST00199,Shipped,2026-04-05,2026-04-10,223691.14
SO00616,CUST00404,Delivered,2026-03-09,2026-03-18,224611.57
SO00617,CUST00398,Processing,2025-10-19,2025-10-25,7206.98
SO00618,CUST00890,Processing,2026-05-19,2026-05-29,120178.42
SO00619,CUST00113,Processing,2025-09-10,2025-09-16,139411.8
SO00620,CUST00374,Delivered,2025-12-08,2025-12-22,368330.18
SO00621,CUST00458,Delivered,2026-05-26,2026-06-09,111966.68
SO00622,CUST00623,Delivered,2026-06-01,2026-06-05,248686.25
SO00623,CUST00153,Processing,2025-11-06,2025-11-17,205543.51
SO00624,CUST00328,Shipped,2025-12-14,2025-12-25,124754.54
SO00625,CUST00293,Delivered,2025-09-14,2025-09-29,227093.85
SO00626,CUST00188,Packed,2025-10-28,2025-11-03,135570.49
SO00627,CUST00036,Delivered,2025-11-20,2025-12-04,135831.25
SO00628,CUST00691,Processing,2026-04-29,2026-05-03,151533.86
SO00629,CUST00527,Delivered,2026-05-12,2026-05-27,171462.84
SO00630,CUST00351,Shipped,2026-01-23,2026-01-28,72884.97
SO00631,CUST00478,Packed,2025-12-16,2025-12-21,63905.23
SO00632,CUST00462,Processing,2026-02-07,2026-02-14,42797.64
SO00633,CUST00387,Delivered,2026-02-09,2026-02-13,125254.37
SO00634,CUST00062,Delivered,2025-11-13,2025-11-21,195233.99
SO00635,CUST00616,Shipped,2025-09-09,2025-09-20,163033.95
SO00636,CUST00079,Packed,2026-05-11,2026-05-18,149407.26
SO00637,CUST00571,Delivered,2026-04-08,2026-04-14,245592.54
SO00638,CUST00007,Shipped,2026-06-20,2026-07-03,46830.99
SO00639,CUST00115,Delivered,2025-09-12,2025-09-19,222657.8
SO00640,CUST00027,Shipped,2026-02-15,2026-03-02,196062.08
SO00641,CUST00957,Shipped,2025-11-22,2025-12-02,197964.56
SO00642,CUST00997,Delivered,2026-03-06,2026-03-12,210993.11
SO00643,CUST00007,Delivered,2026-06-13,2026-06-24,201527.22
SO00644,CUST00673,Packed,2025-10-31,2025-11-08,77792.83
SO00645,CUST00968,Cancelled,2025-10-03,2025-10-12,96099.2
SO00646,CUST00764,Packed,2026-06-29,2026-07-10,351901.94
SO00647,CUST00871,Delivered,2026-06-08,2026-06-17,280954.45
SO00648,CUST00502,Delivered,2026-06-28,2026-07-11,105127.48
SO00649,CUST00650,Delivered,2025-12-09,2025-12-12,490410.2
SO00650,CUST00881,Delivered,2025-10-22,2025-11-05,68179.4
SO00651,CUST00955,Processing,2025-09-12,2025-09-21,62146.6
SO00652,CUST00431,Delivered,2026-05-08,2026-05-13,100670.36
SO00653,CUST00247,Shipped,2025-10-14,2025-10-26,81201.79
SO00654,CUST00878,Delivered,2025-11-30,2025-12-12,108592.1
SO00655,CUST00854,Delivered,2026-06-14,2026-06-17,36423.3
SO00656,CUST00762,Shipped,2026-05-28,2026-06-01,390003.01
SO00657,CUST00435,Packed,2026-04-01,2026-04-12,114115.17
SO00658,CUST00142,Shipped,2025-09-21,2025-09-25,30477.78
SO00659,CUST00910,Processing,2026-01-04,2026-01-07,272698.6
SO00660,CUST00957,Delivered,2025-11-12,2025-11-17,144445.29
SO00661,CUST00973,Delivered,2025-10-01,2025-10-05,234610.52
SO00662,CUST00069,Delivered,2026-04-25,2026-04-29,232270.21
SO00663,CUST00086,Cancelled,2025-10-03,2025-10-11,253123.67
SO00664,CUST00062,Delivered,2025-10-29,2025-11-03,186865.04
SO00665,CUST00062,Cancelled,2025-12-03,2025-12-12,25381.95
SO00666,CUST00200,Delivered,2026-06-29,2026-07-09,139522.45
SO00667,CUST00632,Delivered,2026-01-24,2026-02-05,174040.04
SO00668,CUST00114,Shipped,2026-01-09,2026-01-18,142999.64
SO00669,CUST00807,Shipped,2026-03-29,2026-04-02,33608.44
SO00670,CUST00358,Delivered,2026-01-30,2026-02-10,36224.76
SO00671,CUST00348,Delivered,2025-10-04,2025-10-09,363266.67
SO00672,CUST00629,Cancelled,2025-09-29,2025-10-07,102506.22
SO00673,CUST00964,Delivered,2026-02-05,2026-02-15,151465.08
SO00674,CUST00365,Delivered,2025-12-08,2025-12-21,86542.4
SO00675,CUST00646,Delivered,2026-03-08,2026-03-19,232930.96
SO00676,CUST00359,Shipped,2025-10-14,2025-10-24,374719.0
SO00677,CUST00437,Cancelled,2026-04-10,2026-04-15,34291.94
SO00678,CUST00872,Delivered,2026-03-19,2026-03-23,386429.7
SO00679,CUST00400,Delivered,2026-05-15,2026-05-19,96210.18
SO00680,CUST00739,Shipped,2026-06-15,2026-06-24,86576.08
SO00681,CUST00842,Delivered,2026-01-04,2026-01-11,132167.88
SO00682,CUST00336,Shipped,2026-04-13,2026-04-20,172861.98
SO00683,CUST00288,Shipped,2026-07-06,2026-07-11,105788.55
SO00684,CUST00600,Cancelled,2026-05-26,2026-05-30,216298.99
SO00685,CUST00327,Delivered,2025-12-02,2025-12-14,466930.42
SO00686,CUST00195,Shipped,2026-07-14,2026-07-26,118897.15
SO00687,CUST00024,Pending,2025-12-14,2025-12-18,317411.29
SO00688,CUST00070,Delivered,2026-06-04,2026-06-14,340666.03
SO00689,CUST00975,Shipped,2026-02-11,2026-02-22,95496.87
SO00690,CUST00967,Processing,2026-02-17,2026-02-20,88456.81
SO00691,CUST00722,Shipped,2026-03-22,2026-03-25,310868.18
SO00692,CUST00835,Shipped,2026-03-09,2026-03-23,499247.76
SO00693,CUST00027,Shipped,2025-09-06,2025-09-13,38264.82
SO00694,CUST00275,Delivered,2026-03-30,2026-04-12,215037.53
SO00695,CUST00196,Delivered,2026-06-19,2026-07-02,47460.08
SO00696,CUST00582,Delivered,2026-02-16,2026-02-22,24266.26
SO00697,CUST00119,Delivered,2025-11-22,2025-11-30,355283.67
SO00698,CUST00265,Delivered,2026-02-10,2026-02-13,65953.82
SO00699,CUST00799,Shipped,2026-01-29,2026-02-12,232431.98
SO00700,CUST00367,Pending,2026-05-01,2026-05-05,7883.4
SO00701,CUST00496,Packed,2026-05-22,2026-05-28,61781.69
SO00702,CUST00551,Processing,2025-09-29,2025-10-03,73806.37
SO00703,CUST00933,Shipped,2025-11-13,2025-11-22,47419.75
SO00704,CUST00050,Shipped,2026-04-06,2026-04-19,121805.07
SO00705,CUST00321,Delivered,2025-10-24,2025-11-07,245199.59
SO00706,CUST00145,Shipped,2025-09-14,2025-09-23,191562.57
SO00707,CUST00961,Delivered,2026-04-18,2026-05-03,102290.03
SO00708,CUST00873,Delivered,2025-12-17,2025-12-21,20053.13
SO00709,CUST00009,Delivered,2026-06-13,2026-06-17,332459.87
SO00710,CUST00436,Delivered,2026-05-06,2026-05-15,28381.74
SO00711,CUST00539,Delivered,2026-01-01,2026-01-16,70143.49
SO00712,CUST00023,Shipped,2026-04-19,2026-04-23,128310.8
SO00713,CUST00350,Delivered,2026-04-19,2026-04-27,188239.28
SO00714,CUST00857,Delivered,2026-04-03,2026-04-10,86431.05
SO00715,CUST00277,Delivered,2026-01-18,2026-01-25,322508.64
SO00716,CUST00608,Delivered,2025-10-14,2025-10-17,304999.05
SO00717,CUST00502,Delivered,2025-12-09,2025-12-23,167052.9
SO00718,CUST00010,Shipped,2025-12-14,2025-12-25,238689.62
SO00719,CUST00126,Processing,2026-03-21,2026-04-05,161787.56
SO00720,CUST00586,Delivered,2026-03-28,2026-04-01,354189.22
SO00721,CUST00486,Delivered,2026-03-15,2026-03-18,123168.84
SO00722,CUST00135,Packed,2025-12-11,2025-12-15,283353.7
SO00723,CUST00344,Processing,2026-04-22,2026-04-26,177816.28
SO00724,CUST00267,Shipped,2026-04-12,2026-04-20,167846.16
SO00725,CUST00291,Processing,2026-06-24,2026-06-28,584322.56
SO00726,CUST00508,Cancelled,2025-11-21,2025-11-25,293937.69
SO00727,CUST00656,Delivered,2025-10-09,2025-10-17,111170.33
SO00728,CUST00713,Cancelled,2025-10-13,2025-10-19,58698.36
SO00729,CUST00807,Delivered,2025-11-21,2025-12-03,51154.57
SO00730,CUST00183,Delivered,2026-05-12,2026-05-27,100968.9
SO00731,CUST00029,Delivered,2025-12-26,2026-01-01,150879.03
SO00732,CUST00839,Delivered,2026-07-07,2026-07-12,189926.4
SO00733,CUST00503,Processing,2026-01-27,2026-02-04,133026.37
SO00734,CUST00580,Delivered,2026-04-11,2026-04-22,36575.1
SO00735,CUST00704,Shipped,2026-01-12,2026-01-16,187801.26
SO00736,CUST00095,Shipped,2025-10-27,2025-11-06,160164.72
SO00737,CUST00193,Delivered,2025-12-19,2025-12-24,20355.87
SO00738,CUST00318,Processing,2026-03-10,2026-03-18,19355.44
SO00739,CUST00481,Delivered,2025-11-24,2025-11-27,18489.51
SO00740,CUST00238,Cancelled,2025-10-16,2025-10-25,203252.99
SO00741,CUST00634,Delivered,2026-05-01,2026-05-14,479129.81
SO00742,CUST00550,Packed,2025-10-22,2025-11-02,322029.1
SO00743,CUST00526,Processing,2026-04-02,2026-04-09,57254.36
SO00744,CUST00535,Pending,2025-12-28,2026-01-11,39279.87
SO00745,CUST00110,Delivered,2026-07-06,2026-07-12,79459.2
SO00746,CUST00503,Packed,2025-10-08,2025-10-11,189147.09
SO00747,CUST00073,Delivered,2025-09-19,2025-09-30,170459.61
SO00748,CUST00352,Packed,2026-01-25,2026-02-06,120827.69
SO00749,CUST00356,Cancelled,2026-02-06,2026-02-09,130513.93
SO00750,CUST00375,Shipped,2026-01-28,2026-02-09,279300.8
SO00751,CUST00562,Processing,2025-10-18,2025-10-23,40860.43
SO00752,CUST00860,Delivered,2026-03-04,2026-03-10,294889.96
SO00753,CUST00612,Delivered,2026-06-03,2026-06-09,30846.0
SO00754,CUST00931,Processing,2026-01-02,2026-01-13,28175.76
SO00755,CUST00752,Delivered,2026-06-11,2026-06-21,98778.33
SO00756,CUST00259,Packed,2025-11-13,2025-11-22,101045.58
SO00757,CUST00983,Packed,2026-05-08,2026-05-17,167273.16
SO00758,CUST00486,Cancelled,2026-07-01,2026-07-08,287562.89
SO00759,CUST00879,Processing,2026-04-05,2026-04-12,237992.81
SO00760,CUST00765,Packed,2026-03-13,2026-03-16,87497.58
SO00761,CUST00154,Delivered,2026-02-17,2026-02-26,200588.93
SO00762,CUST00313,Delivered,2025-10-07,2025-10-17,280618.84
SO00763,CUST00296,Delivered,2025-11-12,2025-11-19,453723.09
SO00764,CUST00380,Processing,2026-05-21,2026-06-04,76806.0
SO00765,CUST00780,Delivered,2026-06-29,2026-07-09,140619.05
SO00766,CUST00418,Shipped,2026-06-01,2026-06-09,300631.01
SO00767,CUST00804,Cancelled,2026-04-26,2026-05-02,231254.66
SO00768,CUST00812,Packed,2026-01-08,2026-01-19,169231.77
SO00769,CUST00381,Cancelled,2026-04-18,2026-05-01,396865.73
SO00770,CUST00095,Packed,2026-07-02,2026-07-08,83039.92
SO00771,CUST00338,Packed,2025-11-14,2025-11-23,269153.09
SO00772,CUST00036,Shipped,2025-10-25,2025-11-04,9749.47
SO00773,CUST00638,Delivered,2026-06-04,2026-06-10,104532.88
SO00774,CUST00405,Processing,2026-03-10,2026-03-18,170019.9
SO00775,CUST00724,Delivered,2026-01-12,2026-01-16,123988.83
SO00776,CUST00025,Delivered,2025-11-05,2025-11-10,270755.96
SO00777,CUST00871,Processing,2026-04-09,2026-04-24,242652.61
SO00778,CUST00713,Delivered,2026-03-31,2026-04-09,467319.94
SO00779,CUST00822,Packed,2026-07-02,2026-07-16,387177.06
SO00780,CUST00575,Delivered,2026-06-22,2026-06-27,91266.2
SO00781,CUST00634,Delivered,2026-02-04,2026-02-16,118091.37
SO00782,CUST00328,Pending,2026-06-19,2026-06-25,163695.82
SO00783,CUST00633,Delivered,2026-07-08,2026-07-15,92138.37
SO00784,CUST00865,Packed,2025-09-07,2025-09-16,73841.68
SO00785,CUST00243,Delivered,2026-03-20,2026-04-01,454494.63
SO00786,CUST00906,Delivered,2025-10-27,2025-10-31,14255.82
SO00787,CUST00849,Delivered,2026-01-08,2026-01-17,324421.57
SO00788,CUST00950,Delivered,2026-04-30,2026-05-11,21769.74
SO00789,CUST00540,Pending,2026-01-23,2026-02-02,134665.02
SO00790,CUST00427,Pending,2025-09-07,2025-09-18,276622.51
SO00791,CUST00935,Delivered,2025-12-13,2025-12-27,144852.19
SO00792,CUST00576,Delivered,2026-07-05,2026-07-11,27357.58
SO00793,CUST00639,Delivered,2026-02-07,2026-02-21,162963.36
SO00794,CUST00244,Delivered,2025-11-03,2025-11-12,249407.26
SO00795,CUST00765,Cancelled,2026-06-14,2026-06-26,87631.4
SO00796,CUST00867,Delivered,2025-10-19,2025-10-22,439701.68
SO00797,CUST00494,Delivered,2026-01-23,2026-02-05,125664.11
SO00798,CUST00690,Delivered,2026-04-23,2026-05-06,117426.84
SO00799,CUST00687,Delivered,2025-10-23,2025-10-26,117323.46
SO00800,CUST00206,Pending,2026-01-21,2026-01-26,68851.82
SO00801,CUST00393,Shipped,2026-01-01,2026-01-06,270660.57
SO00802,CUST00014,Shipped,2026-03-13,2026-03-28,88865.11
SO00803,CUST01000,Delivered,2026-03-10,2026-03-13,294712.66
SO00804,CUST00086,Shipped,2026-01-25,2026-02-08,99787.25
SO00805,CUST00818,Cancelled,2026-03-23,2026-03-27,302613.21
SO00806,CUST00477,Processing,2026-02-09,2026-02-19,236045.65
SO00807,CUST00247,Shipped,2026-07-05,2026-07-09,205403.76
SO00808,CUST00630,Delivered,2025-10-23,2025-10-26,151849.07
SO00809,CUST00569,Delivered,2025-11-28,2025-12-11,126271.2
SO00810,CUST00543,Shipped,2025-12-19,2025-12-26,175472.14
SO00811,CUST00931,Delivered,2025-11-13,2025-11-22,4658.64
SO00812,CUST00018,Processing,2026-01-19,2026-02-03,43215.66
SO00813,CUST00916,Pending,2026-03-15,2026-03-24,203274.84
SO00814,CUST00111,Delivered,2025-11-17,2025-11-25,138465.3
SO00815,CUST00310,Processing,2025-09-15,2025-09-26,348376.04
SO00816,CUST00905,Processing,2026-06-18,2026-06-21,12164.7
SO00817,CUST00446,Delivered,2026-01-12,2026-01-21,510672.33
SO00818,CUST00761,Delivered,2025-10-27,2025-11-09,256373.11
SO00819,CUST00151,Packed,2026-03-12,2026-03-25,438642.01
SO00820,CUST00804,Shipped,2025-11-20,2025-11-29,98959.1
SO00821,CUST00862,Delivered,2026-01-31,2026-02-09,178684.03
SO00822,CUST00341,Delivered,2026-02-08,2026-02-18,122632.0
SO00823,CUST00831,Shipped,2026-06-13,2026-06-18,41569.48
SO00824,CUST00503,Delivered,2026-05-20,2026-05-26,192752.91
SO00825,CUST00692,Packed,2025-09-24,2025-10-01,145148.81
SO00826,CUST00652,Pending,2026-02-20,2026-03-07,193039.98
SO00827,CUST00466,Delivered,2025-12-08,2025-12-11,124025.82
SO00828,CUST00196,Packed,2026-05-07,2026-05-17,20419.32
SO00829,CUST00934,Processing,2026-03-04,2026-03-10,136141.48
SO00830,CUST00877,Delivered,2026-02-21,2026-03-01,54703.58
SO00831,CUST00498,Processing,2025-11-03,2025-11-06,331353.12
SO00832,CUST00764,Delivered,2026-04-10,2026-04-19,234456.09
SO00833,CUST00144,Delivered,2025-09-17,2025-09-30,89006.49
SO00834,CUST00409,Shipped,2025-11-07,2025-11-16,78825.21
SO00835,CUST00495,Pending,2025-11-24,2025-12-09,11750.55
SO00836,CUST00805,Shipped,2026-03-06,2026-03-11,190868.85
SO00837,CUST00965,Delivered,2026-05-29,2026-06-08,313818.4
SO00838,CUST00278,Delivered,2025-09-29,2025-10-08,92196.49
SO00839,CUST00246,Delivered,2026-05-22,2026-06-04,288299.46
SO00840,CUST00987,Shipped,2025-09-03,2025-09-09,32857.27
SO00841,CUST00654,Delivered,2026-05-14,2026-05-17,303616.22
SO00842,CUST00248,Processing,2026-07-09,2026-07-22,113355.2
SO00843,CUST00017,Shipped,2026-07-08,2026-07-11,118485.74
SO00844,CUST00023,Pending,2026-02-19,2026-03-03,61072.05
SO00845,CUST00758,Pending,2026-06-24,2026-07-01,306173.52
SO00846,CUST00810,Delivered,2026-07-10,2026-07-24,228291.12
SO00847,CUST00968,Shipped,2026-02-18,2026-02-28,95817.57
SO00848,CUST00737,Shipped,2025-09-23,2025-10-04,112587.12
SO00849,CUST00394,Pending,2026-04-01,2026-04-07,8430.08
SO00850,CUST00597,Delivered,2026-03-14,2026-03-18,71336.37
SO00851,CUST00580,Packed,2026-01-04,2026-01-10,135842.54
SO00852,CUST00547,Pending,2025-12-22,2025-12-28,185468.81
SO00853,CUST00803,Delivered,2026-03-27,2026-04-03,171402.21
SO00854,CUST00897,Processing,2026-05-17,2026-05-26,104981.36
SO00855,CUST00371,Shipped,2026-02-02,2026-02-15,251975.57
SO00856,CUST00017,Delivered,2026-06-05,2026-06-09,127748.86
SO00857,CUST00403,Pending,2026-07-13,2026-07-24,207696.69
SO00858,CUST00320,Shipped,2026-03-29,2026-04-08,60469.05
SO00859,CUST00794,Delivered,2025-09-10,2025-09-15,358992.84
SO00860,CUST00941,Delivered,2026-04-04,2026-04-11,350492.89
SO00861,CUST00085,Shipped,2026-03-23,2026-03-27,136897.58
SO00862,CUST00423,Cancelled,2026-02-25,2026-03-01,235178.58
SO00863,CUST00514,Delivered,2025-09-16,2025-09-21,292769.42
SO00864,CUST00944,Cancelled,2026-01-28,2026-02-07,290319.39
SO00865,CUST00922,Delivered,2025-09-12,2025-09-25,249488.33
SO00866,CUST00703,Delivered,2025-09-20,2025-09-23,31267.38
SO00867,CUST00978,Delivered,2026-07-10,2026-07-14,121405.55
SO00868,CUST00109,Processing,2025-12-02,2025-12-14,227238.71
SO00869,CUST00299,Pending,2025-12-10,2025-12-19,133259.66
SO00870,CUST00793,Packed,2026-02-02,2026-02-14,182573.88
SO00871,CUST00639,Shipped,2025-11-05,2025-11-09,154650.62
SO00872,CUST00168,Processing,2026-07-13,2026-07-19,22678.74
SO00873,CUST00319,Delivered,2025-12-25,2025-12-29,274506.7
SO00874,CUST00893,Delivered,2026-07-18,2026-07-31,127064.43
SO00875,CUST00677,Pending,2025-12-27,2026-01-08,5599.44
SO00876,CUST00251,Delivered,2025-11-25,2025-12-06,147736.92
SO00877,CUST00549,Shipped,2026-05-26,2026-06-06,116689.76
SO00878,CUST00586,Delivered,2026-01-13,2026-01-24,125438.82
SO00879,CUST00453,Packed,2025-09-04,2025-09-16,187551.92
SO00880,CUST00899,Shipped,2026-04-03,2026-04-16,137053.52
SO00881,CUST00387,Processing,2026-05-20,2026-05-23,150432.1
SO00882,CUST00248,Cancelled,2026-05-24,2026-05-28,102325.79
SO00883,CUST00641,Delivered,2025-09-17,2025-09-27,346885.79
SO00884,CUST00442,Shipped,2026-02-27,2026-03-12,201396.75
SO00885,CUST00239,Packed,2025-09-12,2025-09-15,123562.63
SO00886,CUST00071,Shipped,2026-04-23,2026-05-03,308314.86
SO00887,CUST00899,Packed,2025-10-18,2025-11-01,147967.15
SO00888,CUST00553,Shipped,2026-05-23,2026-05-27,174759.15
SO00889,CUST00379,Delivered,2026-06-18,2026-06-24,137310.11
SO00890,CUST00161,Delivered,2026-01-15,2026-01-24,322604.84
SO00891,CUST00842,Shipped,2025-11-03,2025-11-07,74793.83
SO00892,CUST00764,Pending,2025-09-11,2025-09-23,317324.38
SO00893,CUST00565,Delivered,2026-04-12,2026-04-21,157278.58
SO00894,CUST00495,Processing,2025-09-22,2025-09-28,202603.76
SO00895,CUST00476,Shipped,2026-05-13,2026-05-26,390494.8
SO00896,CUST00175,Shipped,2026-06-29,2026-07-14,120879.63
SO00897,CUST00161,Delivered,2026-03-04,2026-03-08,89228.04
SO00898,CUST00640,Delivered,2026-05-28,2026-06-02,284854.38
SO00899,CUST00001,Processing,2026-02-15,2026-02-26,49835.78
SO00900,CUST00171,Pending,2026-01-08,2026-01-22,83612.34
SO00901,CUST00488,Delivered,2026-07-09,2026-07-18,300800.78
SO00902,CUST00883,Shipped,2025-10-29,2025-11-10,96579.57
SO00903,CUST00913,Delivered,2025-09-25,2025-09-28,302832.25
SO00904,CUST00712,Delivered,2025-09-07,2025-09-21,174155.79
SO00905,CUST00232,Packed,2026-04-07,2026-04-18,94978.95
SO00906,CUST00710,Delivered,2026-02-03,2026-02-12,171880.61
SO00907,CUST00912,Pending,2025-11-09,2025-11-18,199520.7
SO00908,CUST00318,Delivered,2025-12-03,2025-12-13,183078.85
SO00909,CUST00610,Cancelled,2025-11-30,2025-12-08,35759.52
SO00910,CUST00635,Processing,2026-03-27,2026-04-04,86926.35
SO00911,CUST00257,Packed,2026-01-07,2026-01-10,486688.13
SO00912,CUST00456,Delivered,2026-03-04,2026-03-11,282813.04
SO00913,CUST00034,Cancelled,2026-06-26,2026-07-10,52296.27
SO00914,CUST00166,Delivered,2026-06-25,2026-07-02,92318.88
SO00915,CUST00110,Pending,2026-01-05,2026-01-17,253342.66
SO00916,CUST00310,Pending,2026-04-15,2026-04-25,131178.25
SO00917,CUST00581,Processing,2026-05-19,2026-05-25,226666.19
SO00918,CUST00908,Delivered,2026-04-20,2026-04-23,95267.84
SO00919,CUST00771,Shipped,2026-07-09,2026-07-15,618068.24
SO00920,CUST00452,Delivered,2025-09-02,2025-09-16,201133.44
SO00921,CUST00180,Pending,2026-06-27,2026-07-11,189792.42
SO00922,CUST00667,Packed,2026-03-21,2026-03-28,120271.6
SO00923,CUST00309,Shipped,2026-04-15,2026-04-24,82242.58
SO00924,CUST00526,Delivered,2026-04-24,2026-04-30,166723.23
SO00925,CUST00322,Delivered,2026-04-29,2026-05-06,229849.33
SO00926,CUST00168,Delivered,2025-10-27,2025-11-10,237227.13
SO00927,CUST00225,Delivered,2025-11-14,2025-11-26,318004.99
SO00928,CUST00999,Packed,2026-04-29,2026-05-04,63090.68
SO00929,CUST00527,Shipped,2026-07-16,2026-07-28,202031.71
SO00930,CUST00571,Processing,2025-11-21,2025-12-01,264806.16
SO00931,CUST00720,Pending,2025-12-14,2025-12-29,115269.56
SO00932,CUST00312,Pending,2026-03-23,2026-03-29,178284.68
SO00933,CUST00177,Delivered,2025-10-19,2025-11-01,192731.16
SO00934,CUST00638,Delivered,2025-10-11,2025-10-26,279670.65
SO00935,CUST00818,Delivered,2026-07-04,2026-07-18,125667.32
SO00936,CUST00920,Processing,2026-04-14,2026-04-26,415594.73
SO00937,CUST00411,Shipped,2025-10-19,2025-11-03,122975.84
SO00938,CUST00680,Delivered,2026-06-25,2026-07-05,111177.11
SO00939,CUST00830,Processing,2025-10-08,2025-10-21,341672.98
SO00940,CUST00773,Processing,2025-12-22,2025-12-26,126439.68
SO00941,CUST00487,Packed,2026-01-08,2026-01-20,218649.19
SO00942,CUST00500,Delivered,2025-10-18,2025-10-28,386765.9
SO00943,CUST00109,Processing,2026-03-13,2026-03-24,59163.9
SO00944,CUST00109,Packed,2026-07-14,2026-07-27,119199.06
SO00945,CUST00104,Delivered,2026-03-07,2026-03-18,367623.25
SO00946,CUST00221,Delivered,2026-06-16,2026-06-29,484790.83
SO00947,CUST00163,Processing,2025-10-05,2025-10-09,81483.18
SO00948,CUST00069,Cancelled,2026-06-28,2026-07-12,224618.97
SO00949,CUST00387,Delivered,2026-02-27,2026-03-05,210676.57
SO00950,CUST00439,Delivered,2026-04-28,2026-05-04,232532.44
SO00951,CUST00447,Delivered,2026-04-19,2026-04-29,33219.81
SO00952,CUST00947,Processing,2025-12-13,2025-12-21,241725.82
SO00953,CUST00075,Delivered,2026-03-27,2026-04-01,369563.2
SO00954,CUST00731,Delivered,2026-02-05,2026-02-16,55764.48
SO00955,CUST00257,Cancelled,2025-10-31,2025-11-06,397932.79
SO00956,CUST00934,Delivered,2025-11-18,2025-11-30,2300.36
SO00957,CUST00147,Delivered,2026-02-18,2026-02-22,49148.25
SO00958,CUST00892,Shipped,2026-07-05,2026-07-17,99971.78
SO00959,CUST00015,Shipped,2025-10-07,2025-10-10,137847.7
SO00960,CUST00699,Delivered,2026-04-09,2026-04-14,185961.84
SO00961,CUST00011,Cancelled,2026-05-05,2026-05-16,125521.49
SO00962,CUST00291,Delivered,2026-03-12,2026-03-26,69533.16
SO00963,CUST00975,Shipped,2026-02-19,2026-03-03,213257.27
SO00964,CUST00495,Delivered,2025-09-28,2025-10-13,200606.19
SO00965,CUST00386,Shipped,2025-09-12,2025-09-21,87010.56
SO00966,CUST00109,Shipped,2026-03-17,2026-03-27,422737.82
SO00967,CUST00324,Delivered,2026-03-09,2026-03-12,489845.09
SO00968,CUST00642,Packed,2026-06-21,2026-06-26,245026.2
SO00969,CUST00319,Processing,2026-01-20,2026-02-03,197611.28
SO00970,CUST00375,Packed,2026-02-13,2026-02-17,104081.45
SO00971,CUST00052,Delivered,2025-11-10,2025-11-15,216722.03
SO00972,CUST00505,Delivered,2026-07-14,2026-07-19,20407.05
SO00973,CUST00138,Shipped,2026-01-21,2026-02-04,9774.45
SO00974,CUST00912,Shipped,2026-06-06,2026-06-19,325697.09
SO00975,CUST00392,Processing,2026-03-28,2026-04-09,83589.16
SO00976,CUST00869,Delivered,2026-03-15,2026-03-26,56028.4
SO00977,CUST00175,Delivered,2026-05-19,2026-05-29,55786.53
SO00978,CUST00274,Shipped,2026-05-01,2026-05-16,71047.18
SO00979,CUST00553,Pending,2026-03-28,2026-04-02,228738.04
SO00980,CUST00650,Shipped,2026-01-23,2026-01-28,126556.7
SO00981,CUST00745,Processing,2025-10-03,2025-10-08,98153.19
SO00982,CUST00973,Shipped,2025-11-08,2025-11-22,132672.88
SO00983,CUST00714,Processing,2025-09-24,2025-10-03,161850.27
SO00984,CUST00528,Delivered,2026-02-03,2026-02-07,73407.23
SO00985,CUST00368,Pending,2026-03-12,2026-03-16,212515.08
SO00986,CUST00475,Cancelled,2026-04-17,2026-04-30,30227.12
SO00987,CUST00662,Packed,2025-09-27,2025-10-04,43932.33
SO00988,CUST00549,Shipped,2026-01-27,2026-02-10,66833.9
SO00989,CUST00826,Delivered,2026-07-14,2026-07-17,262428.48
SO00990,CUST00721,Delivered,2026-05-15,2026-05-23,69682.2
SO00991,CUST00097,Delivered,2026-05-07,2026-05-12,96399.8
SO00992,CUST00110,Processing,2025-11-25,2025-12-01,325389.6
SO00993,CUST00969,Packed,2026-04-05,2026-04-16,34509.23
SO00994,CUST00623,Shipped,2026-01-16,2026-01-27,126658.25
SO00995,CUST00338,Delivered,2025-12-04,2025-12-13,32740.5
SO00996,CUST00039,Delivered,2026-02-25,2026-03-06,155547.58
SO00997,CUST00883,Cancelled,2025-11-14,2025-11-26,69590.98
SO00998,CUST00437,Pending,2026-07-02,2026-07-11,26698.16
SO00999,CUST00579,Delivered,2026-04-11,2026-04-15,103472.4
SO01000,CUST00812,Processing,2025-09-04,2025-09-10,95885.99
SO01001,CUST00010,Delivered,2026-07-12,2026-07-23,20034.53
SO01002,CUST00038,Pending,2026-05-13,2026-05-23,82593.28
SO01003,CUST00458,Delivered,2026-03-05,2026-03-13,195826.4
SO01004,CUST00427,Shipped,2026-03-29,2026-04-12,15895.32
SO01005,CUST00755,Packed,2026-02-20,2026-03-02,8794.0
SO01006,CUST00635,Delivered,2025-09-04,2025-09-16,79367.41
SO01007,CUST00367,Shipped,2025-12-20,2025-12-25,102836.64
SO01008,CUST00746,Delivered,2025-10-20,2025-10-23,4587.51
SO01009,CUST00373,Delivered,2025-09-13,2025-09-24,196185.91
SO01010,CUST00869,Delivered,2026-01-20,2026-01-29,415791.84
SO01011,CUST00669,Delivered,2026-04-17,2026-05-01,148178.64
SO01012,CUST00638,Delivered,2025-10-04,2025-10-07,403484.32
SO01013,CUST00176,Processing,2026-05-28,2026-06-05,229012.84
SO01014,CUST00290,Delivered,2025-10-18,2025-10-28,26654.16
SO01015,CUST00680,Pending,2025-12-29,2026-01-11,175169.96
SO01016,CUST00904,Delivered,2025-12-22,2026-01-04,212501.5
SO01017,CUST00503,Shipped,2026-04-08,2026-04-14,297320.84
SO01018,CUST00520,Shipped,2025-12-14,2025-12-23,105018.95
SO01019,CUST00995,Pending,2026-03-06,2026-03-11,219958.08
SO01020,CUST00961,Pending,2026-01-30,2026-02-05,80513.78
SO01021,CUST00063,Delivered,2026-03-26,2026-04-07,296664.98
SO01022,CUST00395,Delivered,2026-06-13,2026-06-18,171854.33
SO01023,CUST00781,Cancelled,2026-01-05,2026-01-17,47531.22
SO01024,CUST00883,Delivered,2025-10-17,2025-10-27,196517.78
SO01025,CUST00721,Processing,2026-05-10,2026-05-16,193535.91
SO01026,CUST00351,Processing,2026-06-25,2026-07-08,179883.88
SO01027,CUST00592,Delivered,2025-09-21,2025-10-01,83081.79
SO01028,CUST00373,Processing,2025-10-18,2025-10-21,241351.92
SO01029,CUST00789,Delivered,2026-04-08,2026-04-14,343622.74
SO01030,CUST00777,Shipped,2026-02-08,2026-02-14,156551.43
SO01031,CUST00424,Packed,2026-03-06,2026-03-10,64945.32
SO01032,CUST00066,Delivered,2025-10-12,2025-10-19,219415.76
SO01033,CUST00946,Pending,2026-02-17,2026-02-24,53287.27
SO01034,CUST00732,Packed,2026-02-23,2026-03-02,115350.1
SO01035,CUST00582,Processing,2025-11-09,2025-11-19,70727.74
SO01036,CUST00482,Shipped,2025-10-11,2025-10-24,163709.44
SO01037,CUST00623,Delivered,2026-05-08,2026-05-19,243265.52
SO01038,CUST00534,Processing,2025-11-24,2025-12-09,291247.81
SO01039,CUST00879,Packed,2025-09-07,2025-09-21,163509.96
SO01040,CUST00753,Shipped,2026-04-18,2026-04-21,50873.88
SO01041,CUST00974,Shipped,2025-10-15,2025-10-26,163013.88
SO01042,CUST00266,Delivered,2025-10-02,2025-10-05,216453.32
SO01043,CUST00227,Processing,2025-11-24,2025-12-01,139388.09
SO01044,CUST00901,Cancelled,2026-05-16,2026-05-28,252466.02
SO01045,CUST00869,Shipped,2026-05-01,2026-05-11,221227.49
SO01046,CUST00777,Shipped,2026-03-14,2026-03-21,154430.82
SO01047,CUST00368,Delivered,2026-03-27,2026-04-01,171322.05
SO01048,CUST00973,Shipped,2026-03-01,2026-03-09,42599.34
SO01049,CUST00752,Delivered,2026-05-30,2026-06-11,53465.63
SO01050,CUST00954,Packed,2026-04-24,2026-05-07,277166.58
SO01051,CUST00722,Delivered,2025-10-24,2025-10-28,66811.4
SO01052,CUST00825,Delivered,2025-12-16,2025-12-21,67807.88
SO01053,CUST00915,Delivered,2026-04-20,2026-04-29,169861.97
SO01054,CUST00212,Delivered,2025-10-22,2025-11-04,235066.04
SO01055,CUST00097,Processing,2026-02-14,2026-03-01,31912.9
SO01056,CUST00925,Shipped,2026-07-10,2026-07-21,125354.76
SO01057,CUST00491,Pending,2025-09-05,2025-09-13,271091.58
SO01058,CUST00059,Delivered,2026-03-14,2026-03-23,399593.53
SO01059,CUST00160,Processing,2026-01-02,2026-01-17,38182.56
SO01060,CUST00395,Packed,2026-04-08,2026-04-20,176690.34
SO01061,CUST00442,Delivered,2026-06-16,2026-06-21,138053.25
SO01062,CUST00571,Delivered,2025-09-27,2025-10-07,104547.29
SO01063,CUST00922,Shipped,2026-04-01,2026-04-13,14467.74
SO01064,CUST00191,Packed,2025-11-06,2025-11-09,360443.03
SO01065,CUST00499,Pending,2025-11-09,2025-11-24,253077.72
SO01066,CUST00960,Delivered,2026-05-21,2026-05-26,406007.94
SO01067,CUST00507,Delivered,2026-02-19,2026-03-02,277830.54
SO01068,CUST00055,Cancelled,2025-12-29,2026-01-09,290577.47
SO01069,CUST00693,Processing,2026-05-05,2026-05-18,401792.56
SO01070,CUST00454,Delivered,2026-06-22,2026-07-04,233067.77
SO01071,CUST00345,Shipped,2025-11-14,2025-11-19,42871.16
SO01072,CUST00998,Delivered,2026-04-25,2026-04-28,100012.82
SO01073,CUST00156,Shipped,2026-07-17,2026-07-25,23161.95
SO01074,CUST00278,Delivered,2026-05-01,2026-05-16,149475.53
SO01075,CUST00584,Delivered,2026-01-20,2026-01-24,100584.02
SO01076,CUST00555,Delivered,2026-05-28,2026-06-08,78564.52
SO01077,CUST00171,Pending,2026-07-04,2026-07-13,442706.26
SO01078,CUST00642,Processing,2026-02-27,2026-03-07,94081.53
SO01079,CUST00923,Pending,2025-12-08,2025-12-11,117131.7
SO01080,CUST00890,Shipped,2025-11-29,2025-12-09,164915.59
SO01081,CUST00137,Delivered,2025-10-29,2025-11-11,77939.0
SO01082,CUST00645,Shipped,2025-09-21,2025-09-27,401049.52
SO01083,CUST00230,Cancelled,2026-03-16,2026-03-19,206350.32
SO01084,CUST00241,Packed,2025-11-10,2025-11-24,178598.67
SO01085,CUST00750,Delivered,2025-09-04,2025-09-13,93067.45
SO01086,CUST00732,Cancelled,2025-10-04,2025-10-15,133099.8
SO01087,CUST00074,Delivered,2025-12-29,2026-01-02,623101.97
SO01088,CUST00758,Packed,2026-03-13,2026-03-20,13664.88
SO01089,CUST00063,Delivered,2026-04-22,2026-05-03,75520.08
SO01090,CUST00463,Shipped,2026-07-05,2026-07-12,214301.97
SO01091,CUST00334,Delivered,2026-02-11,2026-02-22,459101.47
SO01092,CUST00036,Packed,2025-10-22,2025-10-29,588887.7
SO01093,CUST00862,Delivered,2025-12-31,2026-01-04,66815.44
SO01094,CUST00036,Packed,2025-11-11,2025-11-24,179392.7
SO01095,CUST00757,Delivered,2026-01-09,2026-01-13,103754.52
SO01096,CUST00201,Pending,2026-01-31,2026-02-08,53968.9
SO01097,CUST00360,Delivered,2025-11-26,2025-12-09,135274.3
SO01098,CUST00931,Shipped,2025-09-18,2025-09-29,102521.79
SO01099,CUST00248,Delivered,2025-09-02,2025-09-08,238432.43
SO01100,CUST00152,Delivered,2026-01-20,2026-02-04,164113.7
SO01101,CUST00625,Delivered,2025-11-02,2025-11-16,43270.26
SO01102,CUST00195,Delivered,2025-10-31,2025-11-13,17432.73
SO01103,CUST00553,Delivered,2026-07-05,2026-07-10,184812.12
SO01104,CUST00247,Delivered,2025-10-11,2025-10-15,235506.98
SO01105,CUST00215,Cancelled,2026-05-19,2026-06-03,105047.38
SO01106,CUST00165,Shipped,2026-03-31,2026-04-04,263018.9
SO01107,CUST00966,Processing,2026-05-21,2026-06-02,187849.64
SO01108,CUST00263,Processing,2025-11-14,2025-11-29,217031.68
SO01109,CUST00113,Delivered,2025-11-30,2025-12-15,229430.37
SO01110,CUST00372,Delivered,2026-02-21,2026-03-03,151603.12
SO01111,CUST00706,Packed,2025-11-01,2025-11-10,119557.96
SO01112,CUST00929,Pending,2025-11-01,2025-11-05,195634.1
SO01113,CUST00982,Packed,2026-02-20,2026-03-03,142630.13
SO01114,CUST00806,Packed,2026-03-03,2026-03-07,222451.63
SO01115,CUST00254,Delivered,2025-09-02,2025-09-14,404918.45
SO01116,CUST00623,Delivered,2025-12-30,2026-01-14,99312.37
SO01117,CUST00729,Shipped,2026-04-14,2026-04-24,305412.02
SO01118,CUST00840,Shipped,2026-01-31,2026-02-05,65069.49
SO01119,CUST00062,Processing,2026-02-10,2026-02-21,54176.29
SO01120,CUST00124,Shipped,2026-02-27,2026-03-04,34120.98
SO01121,CUST00897,Delivered,2026-04-30,2026-05-04,55477.3
SO01122,CUST00896,Delivered,2025-09-14,2025-09-21,77802.23
SO01123,CUST00909,Delivered,2025-11-06,2025-11-15,84832.71
SO01124,CUST00707,Processing,2025-11-10,2025-11-24,272504.52
SO01125,CUST00450,Delivered,2025-12-09,2025-12-16,262572.68
SO01126,CUST00557,Packed,2026-03-05,2026-03-15,8955.84
SO01127,CUST00555,Shipped,2026-02-01,2026-02-11,124143.1
SO01128,CUST00328,Shipped,2026-01-28,2026-02-08,115410.07
SO01129,CUST00155,Delivered,2026-03-20,2026-04-01,14116.48
SO01130,CUST00110,Delivered,2025-10-22,2025-10-30,122388.79
SO01131,CUST00721,Cancelled,2025-11-21,2025-11-30,153943.21
SO01132,CUST00525,Processing,2025-09-11,2025-09-15,109503.6
SO01133,CUST00072,Shipped,2025-12-16,2025-12-27,310781.88
SO01134,CUST00760,Packed,2026-07-18,2026-07-23,64709.86
SO01135,CUST00350,Delivered,2026-06-27,2026-07-09,262729.09
SO01136,CUST00630,Pending,2025-10-23,2025-11-07,11649.0
SO01137,CUST00457,Delivered,2026-05-25,2026-05-29,392517.12
SO01138,CUST00039,Shipped,2026-01-27,2026-02-02,6279.3
SO01139,CUST00933,Delivered,2026-06-09,2026-06-17,116130.91
SO01140,CUST00718,Packed,2026-03-21,2026-04-02,339452.58
SO01141,CUST00348,Delivered,2026-07-02,2026-07-12,74797.66
SO01142,CUST00969,Delivered,2026-05-11,2026-05-14,229324.85
SO01143,CUST00488,Shipped,2025-11-20,2025-11-23,1230.12
SO01144,CUST00738,Shipped,2025-12-29,2026-01-07,28203.95
SO01145,CUST00830,Delivered,2026-07-03,2026-07-06,303203.68
SO01146,CUST00481,Shipped,2026-04-20,2026-05-04,310852.84
SO01147,CUST00227,Delivered,2026-07-13,2026-07-17,400941.41
SO01148,CUST00265,Cancelled,2026-01-21,2026-01-31,394384.17
SO01149,CUST00067,Shipped,2025-12-29,2026-01-10,88665.6
SO01150,CUST00137,Shipped,2026-02-25,2026-03-10,247618.3
SO01151,CUST00969,Shipped,2026-04-16,2026-04-25,149040.92
SO01152,CUST00114,Processing,2025-09-04,2025-09-07,22466.76
SO01153,CUST00703,Shipped,2026-01-03,2026-01-06,262831.42
SO01154,CUST00204,Delivered,2026-07-02,2026-07-08,185073.08
SO01155,CUST00670,Delivered,2026-07-08,2026-07-22,102255.6
SO01156,CUST00293,Processing,2026-06-13,2026-06-20,106136.16
SO01157,CUST00924,Cancelled,2026-01-05,2026-01-19,55360.12
SO01158,CUST00065,Pending,2025-12-13,2025-12-23,194120.35
SO01159,CUST00830,Delivered,2026-01-03,2026-01-14,100605.02
SO01160,CUST00284,Delivered,2026-05-14,2026-05-28,260419.29
SO01161,CUST00829,Packed,2026-05-18,2026-05-25,162114.61
SO01162,CUST00899,Delivered,2025-09-04,2025-09-11,142802.75
SO01163,CUST00831,Processing,2026-04-25,2026-05-01,293844.06
SO01164,CUST00988,Processing,2026-01-05,2026-01-12,229637.07
SO01165,CUST00967,Delivered,2026-07-13,2026-07-24,191523.0
SO01166,CUST00696,Delivered,2025-12-14,2025-12-27,42781.41
SO01167,CUST00335,Delivered,2025-10-01,2025-10-09,290817.84
SO01168,CUST00070,Packed,2026-05-23,2026-06-03,159210.9
SO01169,CUST00351,Shipped,2026-01-19,2026-01-28,217652.65
SO01170,CUST00039,Shipped,2026-03-20,2026-03-27,179115.06
SO01171,CUST00855,Processing,2026-07-18,2026-07-21,191056.84
SO01172,CUST00926,Delivered,2026-04-15,2026-04-24,51198.4
SO01173,CUST00651,Delivered,2026-05-09,2026-05-24,124062.1
SO01174,CUST00204,Cancelled,2026-04-09,2026-04-12,83057.93
SO01175,CUST00610,Delivered,2025-09-11,2025-09-26,205252.0
SO01176,CUST00021,Delivered,2025-11-28,2025-12-08,3938.0
SO01177,CUST00234,Cancelled,2025-11-25,2025-11-30,266817.87
SO01178,CUST00533,Packed,2026-06-16,2026-06-19,17436.07
SO01179,CUST00132,Processing,2025-10-30,2025-11-05,274408.53
SO01180,CUST00437,Delivered,2025-10-05,2025-10-16,72356.16
SO01181,CUST00631,Delivered,2025-10-11,2025-10-25,88221.34
SO01182,CUST00164,Delivered,2025-10-16,2025-10-25,239786.9
SO01183,CUST00581,Cancelled,2025-10-08,2025-10-21,209355.4
SO01184,CUST00862,Packed,2025-12-03,2025-12-16,75063.93
SO01185,CUST00043,Delivered,2025-10-04,2025-10-19,86673.75
SO01186,CUST00743,Delivered,2025-12-28,2026-01-04,72295.79
SO01187,CUST00859,Shipped,2025-11-26,2025-12-05,94228.92
SO01188,CUST00874,Delivered,2026-02-13,2026-02-19,581912.6
SO01189,CUST00101,Shipped,2025-11-11,2025-11-21,214885.12
SO01190,CUST00205,Delivered,2026-05-29,2026-06-07,190328.11
SO01191,CUST00390,Delivered,2025-12-08,2025-12-23,251411.67
SO01192,CUST00806,Shipped,2025-10-19,2025-10-22,12054.4
SO01193,CUST00660,Cancelled,2025-09-07,2025-09-13,163157.99
SO01194,CUST00902,Cancelled,2026-02-21,2026-03-03,118221.8
SO01195,CUST00094,Shipped,2026-01-13,2026-01-20,676071.3
SO01196,CUST00226,Processing,2026-02-22,2026-02-27,154167.9
SO01197,CUST00728,Cancelled,2025-10-14,2025-10-18,156080.64
SO01198,CUST00416,Shipped,2025-12-31,2026-01-03,245285.59
SO01199,CUST00767,Shipped,2026-02-25,2026-03-10,212467.79
SO01200,CUST00164,Processing,2026-01-21,2026-01-31,2340.31
SO01201,CUST00268,Processing,2026-01-30,2026-02-10,484.84
SO01202,CUST00078,Packed,2026-05-06,2026-05-11,217134.51
SO01203,CUST00325,Delivered,2026-06-09,2026-06-22,207799.77
SO01204,CUST00902,Delivered,2025-11-21,2025-11-30,175294.97
SO01205,CUST00314,Packed,2025-09-11,2025-09-16,223031.45
SO01206,CUST00502,Shipped,2026-02-22,2026-03-05,203389.18
SO01207,CUST00140,Pending,2026-07-02,2026-07-07,375003.69
SO01208,CUST00584,Packed,2025-09-09,2025-09-19,19948.96
SO01209,CUST00412,Delivered,2025-09-05,2025-09-09,335466.87
SO01210,CUST00463,Delivered,2025-09-17,2025-09-23,229411.26
SO01211,CUST00196,Shipped,2026-02-07,2026-02-21,214806.77
SO01212,CUST00180,Pending,2025-12-17,2025-12-29,204575.32
SO01213,CUST00719,Delivered,2025-09-30,2025-10-13,278796.34
SO01214,CUST00573,Delivered,2026-05-15,2026-05-23,143948.85
SO01215,CUST00167,Pending,2026-06-21,2026-06-27,203994.91
SO01216,CUST00807,Pending,2026-01-31,2026-02-11,173797.87
SO01217,CUST00430,Processing,2026-06-09,2026-06-19,374794.22
SO01218,CUST00431,Delivered,2025-11-13,2025-11-26,130144.73
SO01219,CUST00352,Delivered,2026-05-01,2026-05-08,150270.88
SO01220,CUST00827,Shipped,2026-02-08,2026-02-14,44006.2
SO01221,CUST00235,Shipped,2026-04-12,2026-04-20,33804.25
SO01222,CUST00194,Delivered,2025-09-16,2025-09-26,108538.05
SO01223,CUST00255,Processing,2026-05-07,2026-05-19,293174.23
SO01224,CUST00695,Delivered,2025-09-05,2025-09-18,405664.93
SO01225,CUST00623,Delivered,2025-10-01,2025-10-14,58449.54
SO01226,CUST00063,Shipped,2025-10-29,2025-11-01,135194.15
SO01227,CUST00486,Delivered,2026-04-25,2026-05-03,426205.36
SO01228,CUST00947,Shipped,2026-01-30,2026-02-04,241219.54
SO01229,CUST00737,Delivered,2025-09-10,2025-09-24,359529.52
SO01230,CUST00979,Delivered,2025-12-18,2025-12-29,367896.59
SO01231,CUST00536,Pending,2026-06-03,2026-06-07,148915.62
SO01232,CUST00307,Shipped,2025-11-07,2025-11-21,170879.31
SO01233,CUST00911,Pending,2025-10-27,2025-10-30,316914.8
SO01234,CUST00961,Pending,2026-03-20,2026-04-01,374049.33
SO01235,CUST00974,Delivered,2026-04-07,2026-04-20,302391.54
SO01236,CUST00078,Shipped,2026-05-24,2026-06-05,112161.5
SO01237,CUST00040,Delivered,2026-06-05,2026-06-13,433053.95
SO01238,CUST00529,Shipped,2025-09-12,2025-09-18,103775.0
SO01239,CUST00100,Shipped,2026-01-16,2026-01-26,121180.27
SO01240,CUST00250,Processing,2026-03-09,2026-03-15,183183.15
SO01241,CUST00710,Shipped,2026-04-16,2026-04-25,102570.17
SO01242,CUST00171,Shipped,2026-03-28,2026-04-09,369444.83
SO01243,CUST00963,Delivered,2025-11-12,2025-11-20,265440.17
SO01244,CUST00504,Packed,2025-11-08,2025-11-15,172665.82
SO01245,CUST00420,Packed,2026-02-05,2026-02-12,96168.12
SO01246,CUST00929,Pending,2026-03-09,2026-03-16,183501.84
SO01247,CUST00610,Packed,2026-04-21,2026-05-01,268126.5
SO01248,CUST00325,Delivered,2026-04-11,2026-04-20,277096.88
SO01249,CUST00347,Delivered,2026-04-24,2026-04-28,222044.54
SO01250,CUST00419,Cancelled,2026-02-13,2026-02-16,102867.38
SO01251,CUST00268,Delivered,2026-01-29,2026-02-13,51216.93
SO01252,CUST00938,Shipped,2026-03-03,2026-03-13,171368.81
SO01253,CUST00307,Packed,2026-01-30,2026-02-13,76994.96
SO01254,CUST00238,Shipped,2026-06-19,2026-06-28,151470.34
SO01255,CUST00563,Delivered,2026-04-07,2026-04-11,58758.38
SO01256,CUST00982,Shipped,2026-07-16,2026-07-26,10017.1
SO01257,CUST00494,Delivered,2026-01-08,2026-01-11,43871.68
SO01258,CUST00937,Delivered,2026-03-22,2026-04-06,209666.52
SO01259,CUST00677,Shipped,2026-02-23,2026-03-10,76832.42
SO01260,CUST00467,Delivered,2025-11-03,2025-11-16,474217.19
SO01261,CUST00481,Delivered,2025-12-22,2025-12-28,79353.45
SO01262,CUST00155,Delivered,2026-04-26,2026-05-07,42331.51
SO01263,CUST00207,Delivered,2025-10-26,2025-11-02,91410.09
SO01264,CUST00762,Cancelled,2025-12-08,2025-12-22,239568.88
SO01265,CUST00307,Delivered,2025-11-30,2025-12-03,22888.07
SO01266,CUST00785,Delivered,2026-03-17,2026-03-27,243529.96
SO01267,CUST00693,Packed,2026-02-06,2026-02-16,32951.88
SO01268,CUST00119,Shipped,2026-05-31,2026-06-14,52701.19
SO01269,CUST00787,Processing,2026-02-03,2026-02-06,86368.95
SO01270,CUST00849,Pending,2025-11-12,2025-11-16,333812.16
SO01271,CUST00494,Delivered,2025-10-22,2025-11-03,185272.48
SO01272,CUST00530,Processing,2025-12-26,2026-01-01,179587.38
SO01273,CUST00449,Shipped,2025-12-08,2025-12-12,182701.74
SO01274,CUST00196,Delivered,2026-01-05,2026-01-11,148735.21
SO01275,CUST00093,Processing,2026-03-09,2026-03-19,97702.5
SO01276,CUST00549,Delivered,2025-11-29,2025-12-09,187226.17
SO01277,CUST00159,Pending,2026-07-14,2026-07-25,365590.34
SO01278,CUST00363,Delivered,2026-04-24,2026-04-27,394856.28
SO01279,CUST00034,Processing,2025-10-22,2025-10-26,123312.09
SO01280,CUST00381,Processing,2025-11-10,2025-11-25,76970.8
SO01281,CUST00419,Delivered,2026-05-19,2026-05-30,46323.9
SO01282,CUST00806,Delivered,2026-01-26,2026-01-30,139863.96
SO01283,CUST00831,Processing,2026-07-04,2026-07-11,153006.53
SO01284,CUST00508,Delivered,2026-01-06,2026-01-11,189813.11
SO01285,CUST00203,Delivered,2026-05-05,2026-05-14,305603.64
SO01286,CUST00621,Packed,2026-02-15,2026-02-24,74736.65
SO01287,CUST00623,Shipped,2026-04-27,2026-05-12,228298.44
SO01288,CUST00475,Delivered,2026-07-14,2026-07-29,111104.44
SO01289,CUST00525,Shipped,2026-06-19,2026-06-28,8755.56
SO01290,CUST00719,Packed,2026-07-03,2026-07-17,286159.0
SO01291,CUST00828,Pending,2026-05-24,2026-06-01,229932.94
SO01292,CUST00147,Processing,2026-03-15,2026-03-21,400089.08
SO01293,CUST00025,Processing,2026-02-16,2026-02-20,15667.4
SO01294,CUST00518,Packed,2025-11-11,2025-11-24,152059.72
SO01295,CUST00127,Delivered,2025-11-20,2025-11-25,351289.71
SO01296,CUST00713,Delivered,2026-02-25,2026-03-02,20780.9
SO01297,CUST00744,Cancelled,2026-01-04,2026-01-17,171233.54
SO01298,CUST00185,Shipped,2025-09-09,2025-09-18,48852.06
SO01299,CUST00375,Cancelled,2026-07-14,2026-07-18,246602.66
SO01300,CUST00634,Cancelled,2026-06-03,2026-06-17,327011.57
SO01301,CUST00251,Processing,2025-12-09,2025-12-18,150079.05
SO01302,CUST00713,Shipped,2026-01-09,2026-01-23,190048.15
SO01303,CUST00220,Processing,2025-10-16,2025-10-31,356588.9
SO01304,CUST00117,Shipped,2025-10-05,2025-10-15,68153.81
SO01305,CUST00561,Delivered,2026-04-19,2026-04-25,36922.5
SO01306,CUST00552,Shipped,2026-02-11,2026-02-18,3489.2
SO01307,CUST00256,Delivered,2026-03-16,2026-03-31,114152.86
SO01308,CUST00264,Processing,2026-07-01,2026-07-15,113173.53
SO01309,CUST00840,Packed,2025-09-09,2025-09-19,321632.53
SO01310,CUST00190,Delivered,2026-04-30,2026-05-03,40724.96
SO01311,CUST00640,Delivered,2025-12-10,2025-12-14,222462.76
SO01312,CUST00603,Packed,2026-06-08,2026-06-12,273121.56
SO01313,CUST00705,Delivered,2026-02-20,2026-02-25,264734.35
SO01314,CUST00155,Shipped,2026-03-15,2026-03-25,114187.2
SO01315,CUST00462,Delivered,2025-09-09,2025-09-21,33960.95
SO01316,CUST00246,Shipped,2026-03-20,2026-03-27,133293.53
SO01317,CUST00227,Delivered,2026-02-19,2026-03-02,68624.4
SO01318,CUST00709,Processing,2026-04-05,2026-04-13,361137.25
SO01319,CUST00668,Delivered,2026-07-11,2026-07-17,241268.22
SO01320,CUST00952,Delivered,2026-06-22,2026-07-04,386703.3
SO01321,CUST00356,Shipped,2025-11-14,2025-11-18,102528.46
SO01322,CUST00862,Shipped,2025-11-11,2025-11-20,36369.63
SO01323,CUST00217,Shipped,2025-09-20,2025-09-29,301790.46
SO01324,CUST00493,Delivered,2026-02-21,2026-03-06,205929.33
SO01325,CUST00563,Delivered,2026-05-07,2026-05-21,114603.35
SO01326,CUST00663,Cancelled,2025-10-23,2025-11-03,292386.21
SO01327,CUST00906,Delivered,2025-12-12,2025-12-26,64132.0
SO01328,CUST00251,Cancelled,2026-02-02,2026-02-07,17241.48
SO01329,CUST00338,Shipped,2026-05-16,2026-05-19,38069.02
SO01330,CUST00230,Delivered,2025-11-27,2025-12-06,329387.77
SO01331,CUST00819,Processing,2025-10-31,2025-11-03,145573.95
SO01332,CUST00962,Delivered,2025-09-11,2025-09-25,14216.2
SO01333,CUST00100,Delivered,2026-07-16,2026-07-24,383121.57
SO01334,CUST00405,Packed,2026-04-03,2026-04-08,192155.5
SO01335,CUST00360,Delivered,2025-09-05,2025-09-13,328646.75
SO01336,CUST00749,Processing,2026-06-24,2026-07-04,47650.8
SO01337,CUST00290,Processing,2026-02-14,2026-02-25,293348.73
SO01338,CUST00439,Cancelled,2025-10-16,2025-10-28,202781.01
SO01339,CUST00806,Shipped,2025-12-14,2025-12-19,271396.07
SO01340,CUST00604,Delivered,2026-06-01,2026-06-13,111565.42
SO01341,CUST00711,Delivered,2026-05-11,2026-05-16,323249.19
SO01342,CUST00141,Delivered,2026-05-16,2026-05-19,129190.72
SO01343,CUST00882,Packed,2026-02-07,2026-02-13,182988.49
SO01344,CUST00669,Processing,2026-06-22,2026-07-07,185630.64
SO01345,CUST00297,Processing,2026-04-01,2026-04-13,127612.42
SO01346,CUST00490,Delivered,2026-02-09,2026-02-15,33591.59
SO01347,CUST00508,Delivered,2026-06-28,2026-07-10,223095.73
SO01348,CUST00666,Pending,2026-04-11,2026-04-15,252904.53
SO01349,CUST00547,Delivered,2026-06-01,2026-06-15,162357.5
SO01350,CUST00402,Shipped,2026-03-26,2026-04-07,129907.92
SO01351,CUST00165,Delivered,2025-12-26,2026-01-06,105142.02
SO01352,CUST00410,Pending,2026-04-24,2026-05-06,106031.04
SO01353,CUST00609,Delivered,2026-04-23,2026-04-27,85587.37
SO01354,CUST00302,Delivered,2026-01-10,2026-01-23,79663.92
SO01355,CUST00666,Delivered,2026-03-06,2026-03-12,203877.52
SO01356,CUST00903,Delivered,2025-10-08,2025-10-14,248800.27
SO01357,CUST00717,Shipped,2026-05-01,2026-05-16,172324.29
SO01358,CUST00856,Processing,2025-09-30,2025-10-10,124180.76
SO01359,CUST00699,Delivered,2025-10-07,2025-10-16,171116.69
SO01360,CUST00900,Pending,2026-06-10,2026-06-25,83538.76
SO01361,CUST00356,Processing,2025-11-08,2025-11-19,239714.48
SO01362,CUST00637,Packed,2025-11-21,2025-12-02,113784.57
SO01363,CUST00827,Delivered,2026-07-03,2026-07-13,88437.4
SO01364,CUST00538,Delivered,2025-11-19,2025-11-27,391946.88
SO01365,CUST00938,Shipped,2026-06-25,2026-07-07,349879.38
SO01366,CUST00192,Delivered,2025-12-16,2025-12-27,89131.84
SO01367,CUST00606,Packed,2026-04-13,2026-04-28,137916.09
SO01368,CUST00663,Delivered,2026-03-28,2026-04-08,191428.92
SO01369,CUST00366,Delivered,2025-10-08,2025-10-14,198124.95
SO01370,CUST00107,Packed,2026-04-11,2026-04-14,103174.8
SO01371,CUST00477,Delivered,2025-12-03,2025-12-18,91987.73
SO01372,CUST00331,Delivered,2026-03-19,2026-03-31,130735.66
SO01373,CUST00640,Packed,2026-07-01,2026-07-07,277026.72
SO01374,CUST00320,Delivered,2026-05-11,2026-05-15,273775.06
SO01375,CUST00675,Delivered,2026-06-22,2026-06-29,207589.05
SO01376,CUST00081,Packed,2026-07-12,2026-07-22,303753.12
SO01377,CUST00259,Delivered,2026-02-14,2026-02-20,110178.01
SO01378,CUST00416,Delivered,2026-05-07,2026-05-13,577299.25
SO01379,CUST00835,Cancelled,2025-12-23,2025-12-28,158709.89
SO01380,CUST00831,Packed,2026-06-17,2026-06-23,246620.35
SO01381,CUST00727,Cancelled,2025-10-22,2025-11-02,209844.65
SO01382,CUST00805,Packed,2026-05-10,2026-05-13,224191.25
SO01383,CUST00497,Cancelled,2025-09-03,2025-09-16,237535.87
SO01384,CUST00239,Delivered,2026-01-11,2026-01-14,126322.44
SO01385,CUST00151,Delivered,2025-11-22,2025-12-02,127430.37
SO01386,CUST00563,Processing,2026-03-30,2026-04-05,10799.4
SO01387,CUST00750,Delivered,2026-06-07,2026-06-17,151885.02
SO01388,CUST00048,Shipped,2026-01-08,2026-01-19,243660.39
SO01389,CUST00156,Delivered,2026-01-21,2026-01-27,233279.45
SO01390,CUST00497,Packed,2026-04-22,2026-05-07,362756.4
SO01391,CUST00194,Shipped,2026-06-13,2026-06-23,282045.63
SO01392,CUST00801,Processing,2025-09-13,2025-09-27,175794.57
SO01393,CUST00009,Delivered,2026-06-20,2026-07-03,82268.42
SO01394,CUST00111,Shipped,2026-01-31,2026-02-10,384612.09
SO01395,CUST00883,Delivered,2026-02-21,2026-02-27,1299.44
SO01396,CUST00037,Shipped,2026-07-18,2026-07-24,111863.34
SO01397,CUST00651,Packed,2026-03-12,2026-03-23,77768.85
SO01398,CUST00863,Cancelled,2025-10-04,2025-10-17,243961.66
SO01399,CUST00147,Delivered,2026-06-07,2026-06-11,11014.24
SO01400,CUST00058,Packed,2026-01-10,2026-01-22,321777.06
SO01401,CUST00798,Delivered,2026-03-02,2026-03-13,136627.96
SO01402,CUST00689,Delivered,2026-05-08,2026-05-21,71371.61
SO01403,CUST00516,Delivered,2025-11-12,2025-11-27,313564.8
SO01404,CUST00796,Delivered,2026-01-22,2026-02-01,3935.76
SO01405,CUST00759,Delivered,2026-01-06,2026-01-12,388661.18
SO01406,CUST00409,Delivered,2026-06-25,2026-07-05,309404.17
SO01407,CUST00851,Shipped,2025-11-11,2025-11-17,31861.44
SO01408,CUST00738,Delivered,2026-04-05,2026-04-20,17074.28
SO01409,CUST00090,Delivered,2026-02-24,2026-03-03,143306.18
SO01410,CUST00752,Processing,2025-12-03,2025-12-14,103276.57
SO01411,CUST00748,Processing,2026-06-23,2026-06-30,88844.58
SO01412,CUST00696,Processing,2026-05-31,2026-06-08,132052.56
SO01413,CUST00861,Processing,2025-12-02,2025-12-15,30308.06
SO01414,CUST00104,Delivered,2026-06-07,2026-06-10,38064.4
SO01415,CUST00072,Processing,2026-07-11,2026-07-16,240474.05
SO01416,CUST00803,Packed,2026-07-15,2026-07-26,278562.28
SO01417,CUST00427,Delivered,2026-06-10,2026-06-17,110183.01
SO01418,CUST00854,Shipped,2025-09-04,2025-09-18,14513.95
SO01419,CUST00410,Shipped,2026-05-18,2026-05-22,128772.95
SO01420,CUST00701,Processing,2026-04-19,2026-05-03,125808.23
SO01421,CUST00134,Delivered,2026-06-24,2026-06-29,54860.08
SO01422,CUST00493,Processing,2026-02-02,2026-02-09,393603.77
SO01423,CUST00869,Delivered,2025-09-03,2025-09-06,432925.98
SO01424,CUST00600,Delivered,2026-03-07,2026-03-13,40202.35
SO01425,CUST00455,Cancelled,2025-11-14,2025-11-21,10912.14
SO01426,CUST00564,Cancelled,2026-05-02,2026-05-11,182924.46
SO01427,CUST00179,Processing,2026-01-31,2026-02-15,189975.12
SO01428,CUST00193,Cancelled,2026-05-23,2026-06-03,333639.46
SO01429,CUST00925,Packed,2026-02-10,2026-02-23,155258.86
SO01430,CUST00897,Delivered,2026-04-21,2026-04-29,123616.38
SO01431,CUST00797,Delivered,2025-11-14,2025-11-19,29556.61
SO01432,CUST00467,Delivered,2026-03-31,2026-04-09,103144.98
SO01433,CUST00848,Shipped,2026-05-15,2026-05-19,167917.73
SO01434,CUST00515,Cancelled,2026-01-18,2026-01-23,144784.43
SO01435,CUST00561,Delivered,2025-10-19,2025-10-25,354035.34
SO01436,CUST00564,Shipped,2026-06-10,2026-06-14,219563.22
SO01437,CUST00876,Shipped,2025-12-04,2025-12-19,241637.2
SO01438,CUST00038,Processing,2026-05-09,2026-05-12,112448.86
SO01439,CUST00571,Shipped,2026-05-06,2026-05-10,312784.77
SO01440,CUST00942,Shipped,2026-01-09,2026-01-22,30876.91
SO01441,CUST00601,Delivered,2025-12-23,2026-01-01,45861.06
SO01442,CUST00532,Pending,2025-11-25,2025-12-07,91605.6
SO01443,CUST00005,Delivered,2025-10-08,2025-10-14,82163.16
SO01444,CUST00498,Processing,2025-09-22,2025-10-04,325282.48
SO01445,CUST00397,Shipped,2025-10-05,2025-10-17,189277.0
SO01446,CUST00837,Shipped,2026-04-23,2026-04-26,163346.99
SO01447,CUST00309,Delivered,2026-07-02,2026-07-06,160181.44
SO01448,CUST00352,Delivered,2025-09-08,2025-09-19,135897.9
SO01449,CUST00440,Cancelled,2026-05-09,2026-05-13,287969.17
SO01450,CUST00570,Delivered,2025-12-04,2025-12-14,55145.16
SO01451,CUST00304,Delivered,2026-07-11,2026-07-15,50641.6
SO01452,CUST00909,Processing,2026-01-16,2026-01-24,282660.76
SO01453,CUST00584,Delivered,2025-09-10,2025-09-21,223738.9
SO01454,CUST00520,Delivered,2026-01-19,2026-02-02,410759.37
SO01455,CUST00619,Processing,2025-11-27,2025-12-07,30928.94
SO01456,CUST00988,Delivered,2026-01-09,2026-01-22,83008.85
SO01457,CUST00211,Packed,2025-11-01,2025-11-15,73433.92
SO01458,CUST00327,Processing,2026-04-26,2026-04-29,368936.81
SO01459,CUST00826,Cancelled,2026-04-28,2026-05-01,272890.2
SO01460,CUST00167,Packed,2026-06-10,2026-06-14,99086.14
SO01461,CUST00823,Delivered,2026-06-06,2026-06-13,54710.93
SO01462,CUST00286,Packed,2026-04-13,2026-04-21,198741.87
SO01463,CUST00646,Delivered,2025-11-08,2025-11-21,140276.77
SO01464,CUST00152,Cancelled,2026-07-11,2026-07-16,137442.68
SO01465,CUST00376,Delivered,2026-07-05,2026-07-14,269763.63
SO01466,CUST00027,Processing,2025-10-14,2025-10-23,58448.75
SO01467,CUST00355,Cancelled,2025-09-15,2025-09-21,325738.72
SO01468,CUST00694,Pending,2025-09-27,2025-10-06,4602.12
SO01469,CUST00365,Shipped,2026-05-06,2026-05-16,53241.73
SO01470,CUST00193,Cancelled,2025-09-10,2025-09-13,80570.24
SO01471,CUST00553,Pending,2025-09-13,2025-09-27,287714.54
SO01472,CUST00433,Delivered,2025-10-29,2025-11-01,86648.76
SO01473,CUST00679,Delivered,2025-11-26,2025-11-30,303522.15
SO01474,CUST00430,Delivered,2025-09-16,2025-09-23,115010.94
SO01475,CUST00335,Processing,2026-04-30,2026-05-13,380071.41
SO01476,CUST00461,Delivered,2026-05-07,2026-05-10,202980.36
SO01477,CUST00964,Delivered,2025-09-08,2025-09-21,2315.52
SO01478,CUST00768,Delivered,2026-05-29,2026-06-10,94231.48
SO01479,CUST00231,Processing,2026-02-25,2026-03-10,94091.06
SO01480,CUST00264,Delivered,2025-12-17,2025-12-22,27723.45
SO01481,CUST00694,Shipped,2025-09-04,2025-09-09,106513.32
SO01482,CUST00709,Pending,2026-03-24,2026-04-06,303696.92
SO01483,CUST00842,Delivered,2026-05-06,2026-05-19,197017.23
SO01484,CUST00013,Delivered,2026-05-21,2026-05-25,129473.32
SO01485,CUST00932,Delivered,2026-06-12,2026-06-15,163256.73
SO01486,CUST00500,Shipped,2026-03-14,2026-03-24,70896.94
SO01487,CUST00348,Packed,2025-12-11,2025-12-18,6240.75
SO01488,CUST00747,Packed,2026-04-24,2026-05-05,70697.17
SO01489,CUST00467,Pending,2025-10-06,2025-10-19,121691.85
SO01490,CUST00889,Processing,2026-03-20,2026-03-26,139011.32
SO01491,CUST00321,Pending,2026-01-03,2026-01-17,467982.93
SO01492,CUST00889,Shipped,2026-04-19,2026-05-02,147437.96
SO01493,CUST00360,Delivered,2026-01-02,2026-01-05,140841.02
SO01494,CUST00173,Shipped,2025-12-30,2026-01-04,182386.37
SO01495,CUST00476,Pending,2025-12-04,2025-12-16,139005.19
SO01496,CUST00583,Packed,2026-01-14,2026-01-17,43407.75
SO01497,CUST00429,Shipped,2026-06-13,2026-06-25,189342.76
SO01498,CUST00228,Processing,2026-07-01,2026-07-06,181378.63
SO01499,CUST00558,Packed,2025-12-14,2025-12-20,30470.38
SO01500,CUST00297,Delivered,2025-11-24,2025-12-06,28487.3
SO01501,CUST00030,Delivered,2026-07-03,2026-07-09,235156.74
SO01502,CUST00174,Pending,2026-04-20,2026-04-28,44679.21
SO01503,CUST00334,Shipped,2026-07-02,2026-07-08,34407.34
SO01504,CUST00229,Delivered,2025-10-30,2025-11-06,95600.93
SO01505,CUST00309,Packed,2026-01-04,2026-01-07,59285.52
SO01506,CUST00999,Shipped,2026-04-03,2026-04-08,219845.45
SO01507,CUST00015,Pending,2026-06-28,2026-07-08,144634.64
SO01508,CUST00334,Processing,2026-01-04,2026-01-16,134980.36
SO01509,CUST00999,Delivered,2026-06-09,2026-06-20,26703.0
SO01510,CUST00150,Delivered,2025-12-28,2026-01-07,136506.72
SO01511,CUST00065,Delivered,2026-01-06,2026-01-10,37142.47
SO01512,CUST00241,Delivered,2026-06-15,2026-06-25,121422.06
SO01513,CUST00991,Delivered,2026-01-02,2026-01-16,337708.14
SO01514,CUST00908,Packed,2026-06-02,2026-06-16,145021.4
SO01515,CUST00422,Delivered,2026-05-15,2026-05-18,96836.94
SO01516,CUST00153,Pending,2025-09-27,2025-09-30,128099.19
SO01517,CUST00956,Delivered,2026-03-04,2026-03-18,9950.49
SO01518,CUST00361,Delivered,2026-03-27,2026-04-03,145802.06
SO01519,CUST00193,Delivered,2025-11-09,2025-11-13,16146.8
SO01520,CUST00629,Shipped,2025-09-21,2025-10-05,237304.1
SO01521,CUST00530,Packed,2025-12-28,2026-01-10,101558.17
SO01522,CUST00590,Delivered,2025-09-24,2025-10-03,121187.35
SO01523,CUST00643,Shipped,2026-03-16,2026-03-21,127320.5
SO01524,CUST00790,Processing,2026-04-08,2026-04-16,401584.4
SO01525,CUST00132,Delivered,2025-12-27,2026-01-04,78976.73
SO01526,CUST00473,Packed,2026-06-09,2026-06-16,216719.32
SO01527,CUST00044,Delivered,2026-06-24,2026-07-06,36978.56
SO01528,CUST00387,Processing,2025-12-24,2026-01-01,376801.88
SO01529,CUST00752,Delivered,2026-04-05,2026-04-19,219192.05
SO01530,CUST00158,Delivered,2026-04-22,2026-05-05,220158.8
SO01531,CUST00440,Delivered,2026-05-19,2026-05-22,823043.63
SO01532,CUST00549,Delivered,2025-10-21,2025-10-28,272966.64
SO01533,CUST00397,Delivered,2026-02-16,2026-02-23,274114.1
SO01534,CUST00977,Pending,2026-07-15,2026-07-19,136820.14
SO01535,CUST00729,Processing,2026-07-17,2026-07-25,282395.73
SO01536,CUST00441,Shipped,2025-11-13,2025-11-19,63044.51
SO01537,CUST00495,Shipped,2026-04-21,2026-04-30,472182.69
SO01538,CUST00844,Delivered,2026-05-30,2026-06-07,270348.72
SO01539,CUST00290,Delivered,2025-10-29,2025-11-09,138610.93
SO01540,CUST00204,Packed,2026-06-03,2026-06-13,216523.68
SO01541,CUST00855,Shipped,2026-05-24,2026-05-28,72481.08
SO01542,CUST00979,Delivered,2026-07-13,2026-07-19,176376.95
SO01543,CUST00709,Shipped,2025-09-24,2025-10-08,171621.82
SO01544,CUST00973,Delivered,2025-09-15,2025-09-25,115449.87
SO01545,CUST00728,Delivered,2025-12-02,2025-12-16,71330.56
SO01546,CUST00092,Delivered,2025-11-13,2025-11-20,28693.98
SO01547,CUST00246,Delivered,2025-10-08,2025-10-15,104331.45
SO01548,CUST00832,Shipped,2025-11-15,2025-11-23,131507.34
SO01549,CUST00225,Shipped,2026-06-05,2026-06-10,67546.24
SO01550,CUST00948,Delivered,2026-07-07,2026-07-22,9946.71
SO01551,CUST00037,Shipped,2025-10-01,2025-10-07,276453.19
SO01552,CUST00594,Packed,2026-05-23,2026-05-29,103240.95
SO01553,CUST00063,Shipped,2026-04-17,2026-04-27,108962.76
SO01554,CUST00615,Delivered,2026-03-22,2026-03-29,138655.22
SO01555,CUST00505,Delivered,2025-09-24,2025-09-30,138721.71
SO01556,CUST00233,Packed,2026-04-24,2026-05-07,240190.02
SO01557,CUST00167,Packed,2026-07-16,2026-07-25,3575.33
SO01558,CUST00164,Delivered,2025-11-01,2025-11-11,85760.78
SO01559,CUST00689,Delivered,2025-09-09,2025-09-14,105304.97
SO01560,CUST00360,Processing,2025-10-18,2025-11-02,233622.51
SO01561,CUST00536,Delivered,2025-12-03,2025-12-11,313436.52
SO01562,CUST00569,Delivered,2026-03-24,2026-03-31,60063.85
SO01563,CUST00778,Shipped,2026-06-22,2026-07-01,82056.96
SO01564,CUST00531,Shipped,2026-03-17,2026-04-01,104377.14
SO01565,CUST00620,Processing,2025-10-05,2025-10-16,70899.3
SO01566,CUST00938,Delivered,2025-12-29,2026-01-06,24567.66
SO01567,CUST00196,Cancelled,2025-12-29,2026-01-04,146037.55
SO01568,CUST00739,Delivered,2026-02-11,2026-02-18,403058.85
SO01569,CUST00859,Pending,2026-06-24,2026-07-04,149619.18
SO01570,CUST00415,Pending,2026-05-21,2026-05-29,373294.44
SO01571,CUST00290,Delivered,2026-07-03,2026-07-09,232192.58
SO01572,CUST00436,Delivered,2025-10-15,2025-10-22,133608.15
SO01573,CUST00292,Processing,2026-04-01,2026-04-07,331996.77
SO01574,CUST00882,Delivered,2025-10-25,2025-11-04,145926.05
SO01575,CUST00985,Pending,2026-05-28,2026-06-08,229569.91
SO01576,CUST00795,Delivered,2026-02-23,2026-02-28,147039.18
SO01577,CUST00785,Pending,2026-03-16,2026-03-31,306439.44
SO01578,CUST00872,Delivered,2026-06-01,2026-06-15,2842.02
SO01579,CUST00011,Shipped,2025-10-26,2025-10-29,66974.41
SO01580,CUST00801,Shipped,2026-01-09,2026-01-12,366927.02
SO01581,CUST00116,Delivered,2026-04-11,2026-04-23,160510.72
SO01582,CUST00963,Delivered,2025-12-25,2026-01-05,30900.27
SO01583,CUST00615,Processing,2025-09-24,2025-10-06,162013.13
SO01584,CUST00703,Shipped,2026-02-26,2026-03-01,210815.02
SO01585,CUST00629,Delivered,2025-12-22,2026-01-04,127772.26
SO01586,CUST00644,Cancelled,2025-10-28,2025-10-31,244215.12
SO01587,CUST00566,Delivered,2025-11-24,2025-11-29,462303.41
SO01588,CUST00342,Delivered,2026-02-10,2026-02-13,390068.28
SO01589,CUST00632,Shipped,2026-04-14,2026-04-24,358390.76
SO01590,CUST00483,Processing,2025-09-06,2025-09-17,289446.81
SO01591,CUST00002,Delivered,2026-03-20,2026-04-03,335712.03
SO01592,CUST00577,Delivered,2026-03-12,2026-03-20,240442.49
SO01593,CUST00411,Shipped,2025-09-10,2025-09-19,249064.28
SO01594,CUST00003,Packed,2025-10-10,2025-10-25,72585.77
SO01595,CUST00264,Packed,2026-06-13,2026-06-24,196472.35
SO01596,CUST00072,Shipped,2025-09-04,2025-09-07,178238.24
SO01597,CUST00805,Processing,2026-02-16,2026-02-25,406425.81
SO01598,CUST00224,Delivered,2026-04-20,2026-04-29,87627.28
SO01599,CUST00798,Shipped,2026-06-20,2026-07-01,283389.2
SO01600,CUST00154,Packed,2026-03-28,2026-04-12,116619.85
SO01601,CUST00779,Delivered,2026-02-15,2026-02-27,492982.06
SO01602,CUST00724,Delivered,2026-01-27,2026-02-02,148142.48
SO01603,CUST00912,Delivered,2026-05-13,2026-05-27,98908.53
SO01604,CUST00606,Shipped,2025-10-09,2025-10-14,235264.68
SO01605,CUST00165,Processing,2025-09-26,2025-10-05,152320.14
SO01606,CUST00041,Delivered,2025-12-24,2026-01-01,250763.1
SO01607,CUST00522,Processing,2026-01-21,2026-02-05,56908.29
SO01608,CUST00902,Shipped,2026-02-14,2026-02-25,213354.42
SO01609,CUST00923,Shipped,2026-07-02,2026-07-08,116274.12
SO01610,CUST00656,Cancelled,2025-09-04,2025-09-15,47848.89
SO01611,CUST00780,Delivered,2026-06-28,2026-07-10,232840.1
SO01612,CUST00970,Delivered,2026-02-11,2026-02-20,231619.08
SO01613,CUST00720,Shipped,2026-06-13,2026-06-28,136845.36
SO01614,CUST00921,Delivered,2025-10-20,2025-10-28,357622.88
SO01615,CUST00812,Delivered,2025-11-02,2025-11-13,182945.69
SO01616,CUST00589,Processing,2026-01-24,2026-01-31,178539.64
SO01617,CUST00825,Shipped,2026-05-23,2026-06-02,89156.97
SO01618,CUST00217,Pending,2025-11-20,2025-12-05,74667.52
SO01619,CUST00464,Delivered,2026-01-04,2026-01-17,97669.51
SO01620,CUST00822,Cancelled,2026-04-02,2026-04-09,345359.74
SO01621,CUST00681,Pending,2026-04-02,2026-04-05,225781.11
SO01622,CUST00390,Shipped,2026-02-11,2026-02-15,151947.1
SO01623,CUST00331,Packed,2025-10-24,2025-11-05,116506.68
SO01624,CUST00957,Cancelled,2026-02-28,2026-03-05,38472.54
SO01625,CUST00615,Delivered,2026-04-13,2026-04-23,186366.89
SO01626,CUST00578,Shipped,2026-02-01,2026-02-11,311874.96
SO01627,CUST00834,Delivered,2025-09-23,2025-09-27,319136.57
SO01628,CUST00823,Delivered,2026-07-01,2026-07-04,264700.9
SO01629,CUST00419,Delivered,2026-02-05,2026-02-18,97593.48
SO01630,CUST00996,Delivered,2025-09-10,2025-09-19,111199.16
SO01631,CUST00632,Shipped,2026-02-12,2026-02-17,185480.35
SO01632,CUST00164,Delivered,2026-02-14,2026-02-26,196947.46
SO01633,CUST00724,Delivered,2026-04-18,2026-05-03,225591.93
SO01634,CUST00353,Pending,2026-07-09,2026-07-18,179963.43
SO01635,CUST00031,Delivered,2026-01-23,2026-02-04,83711.28
SO01636,CUST00731,Pending,2025-11-11,2025-11-24,139867.02
SO01637,CUST00961,Delivered,2025-10-30,2025-11-11,60662.46
SO01638,CUST00361,Packed,2026-06-30,2026-07-07,132107.25
SO01639,CUST00138,Pending,2026-02-09,2026-02-24,439288.52
SO01640,CUST00808,Delivered,2025-11-15,2025-11-18,177460.33
SO01641,CUST00220,Delivered,2026-05-20,2026-05-27,10015.93
SO01642,CUST00115,Packed,2026-06-21,2026-07-01,312103.78
SO01643,CUST00149,Shipped,2025-10-14,2025-10-17,206035.66
SO01644,CUST00008,Delivered,2025-09-23,2025-10-06,14763.0
SO01645,CUST00813,Delivered,2025-10-04,2025-10-10,206068.81
SO01646,CUST00802,Delivered,2026-03-28,2026-04-04,198710.86
SO01647,CUST00224,Packed,2026-03-13,2026-03-18,167629.39
SO01648,CUST00919,Packed,2025-10-27,2025-11-05,10727.24
SO01649,CUST00599,Delivered,2026-05-07,2026-05-15,49793.34
SO01650,CUST00679,Delivered,2025-09-08,2025-09-15,148127.38
SO01651,CUST00309,Delivered,2026-05-13,2026-05-24,333541.27
SO01652,CUST00413,Pending,2025-10-26,2025-11-06,158527.97
SO01653,CUST00276,Delivered,2026-06-11,2026-06-23,17840.52
SO01654,CUST00094,Delivered,2025-11-18,2025-11-21,225603.24
SO01655,CUST00922,Shipped,2026-02-10,2026-02-15,212994.91
SO01656,CUST00641,Packed,2026-01-22,2026-01-29,139999.76
SO01657,CUST00331,Shipped,2026-05-29,2026-06-09,242648.02
SO01658,CUST00639,Packed,2026-06-02,2026-06-14,240118.38
SO01659,CUST00137,Shipped,2026-05-15,2026-05-18,14870.0
SO01660,CUST00163,Processing,2025-09-01,2025-09-16,89651.14
SO01661,CUST00818,Shipped,2025-09-06,2025-09-10,122999.32
SO01662,CUST00135,Delivered,2025-10-26,2025-11-10,84481.85
SO01663,CUST00771,Processing,2026-06-29,2026-07-05,189096.11
SO01664,CUST00197,Pending,2026-05-06,2026-05-10,153420.83
SO01665,CUST00622,Pending,2026-02-17,2026-02-21,136569.34
SO01666,CUST00254,Delivered,2026-03-15,2026-03-29,134244.66
SO01667,CUST00152,Delivered,2025-09-27,2025-10-10,40203.69
SO01668,CUST00370,Delivered,2026-03-31,2026-04-10,203878.77
SO01669,CUST00368,Delivered,2026-03-27,2026-04-02,198829.89
SO01670,CUST00194,Pending,2025-12-20,2025-12-31,241818.48
SO01671,CUST00691,Delivered,2025-09-04,2025-09-18,62510.87
SO01672,CUST00382,Pending,2026-03-25,2026-04-06,87833.7
SO01673,CUST00624,Delivered,2025-10-07,2025-10-21,237081.29
SO01674,CUST00480,Shipped,2025-09-15,2025-09-19,132700.54
SO01675,CUST00475,Delivered,2025-10-30,2025-11-09,97272.6
SO01676,CUST00532,Shipped,2026-06-15,2026-06-25,185149.28
SO01677,CUST00319,Processing,2026-03-13,2026-03-21,324863.18
SO01678,CUST00301,Delivered,2025-10-09,2025-10-15,143909.18
SO01679,CUST00803,Processing,2025-12-02,2025-12-14,277560.61
SO01680,CUST00951,Processing,2025-11-25,2025-12-04,12212.33
SO01681,CUST00822,Shipped,2026-02-03,2026-02-16,113575.98
SO01682,CUST00272,Shipped,2026-03-10,2026-03-15,53870.88
SO01683,CUST00057,Cancelled,2026-01-13,2026-01-21,93904.8
SO01684,CUST00814,Packed,2025-12-01,2025-12-13,219044.33
SO01685,CUST00102,Processing,2026-06-28,2026-07-05,61525.8
SO01686,CUST00790,Packed,2026-04-19,2026-04-22,197299.04
SO01687,CUST00696,Delivered,2025-11-14,2025-11-19,197333.52
SO01688,CUST00798,Processing,2025-10-14,2025-10-18,276440.05
SO01689,CUST00710,Packed,2025-12-02,2025-12-07,102284.45
SO01690,CUST00520,Packed,2025-10-15,2025-10-29,426055.12
SO01691,CUST00027,Processing,2025-09-15,2025-09-27,34202.0
SO01692,CUST00747,Cancelled,2026-06-02,2026-06-06,158047.76
SO01693,CUST00972,Shipped,2026-04-14,2026-04-27,338846.3
SO01694,CUST00119,Shipped,2026-06-11,2026-06-26,49599.66
SO01695,CUST00298,Processing,2026-05-19,2026-05-26,318660.41
SO01696,CUST00413,Pending,2026-02-28,2026-03-13,317269.45
SO01697,CUST00674,Delivered,2025-09-28,2025-10-04,172396.61
SO01698,CUST00502,Pending,2025-09-11,2025-09-18,193426.56
SO01699,CUST00672,Delivered,2026-04-29,2026-05-05,168497.56
SO01700,CUST00121,Delivered,2026-04-26,2026-05-10,46370.84
SO01701,CUST00939,Packed,2026-05-06,2026-05-21,48542.58
SO01702,CUST00696,Packed,2025-11-03,2025-11-12,158728.57
SO01703,CUST00596,Shipped,2026-05-12,2026-05-21,164471.48
SO01704,CUST00394,Cancelled,2025-09-27,2025-10-06,284130.24
SO01705,CUST00669,Packed,2026-02-07,2026-02-14,167161.46
SO01706,CUST00060,Delivered,2026-07-13,2026-07-27,109119.09
SO01707,CUST00515,Shipped,2026-01-28,2026-02-05,131344.35
SO01708,CUST00906,Processing,2026-04-01,2026-04-10,62013.08
SO01709,CUST00972,Processing,2026-03-08,2026-03-13,31793.84
SO01710,CUST00712,Shipped,2026-06-04,2026-06-10,38111.99
SO01711,CUST00155,Shipped,2026-06-03,2026-06-07,198242.13
SO01712,CUST00025,Delivered,2026-03-20,2026-03-26,543546.24
SO01713,CUST00002,Packed,2026-03-12,2026-03-23,84236.69
SO01714,CUST00445,Delivered,2025-12-30,2026-01-06,68570.86
SO01715,CUST00188,Packed,2026-07-13,2026-07-18,97751.71
SO01716,CUST00340,Processing,2025-10-13,2025-10-28,167797.14
SO01717,CUST00519,Processing,2025-10-04,2025-10-17,238349.58
SO01718,CUST00989,Delivered,2026-05-15,2026-05-25,257288.1
SO01719,CUST00962,Processing,2026-03-11,2026-03-21,54661.18
SO01720,CUST00034,Pending,2025-10-19,2025-10-23,300763.8
SO01721,CUST00957,Processing,2026-04-29,2026-05-14,80257.32
SO01722,CUST00011,Processing,2025-12-09,2025-12-15,26769.96
SO01723,CUST00246,Shipped,2026-05-23,2026-06-05,347154.67
SO01724,CUST00220,Cancelled,2026-05-23,2026-05-30,65761.5
SO01725,CUST00598,Cancelled,2026-03-21,2026-04-04,174600.42
SO01726,CUST00325,Shipped,2026-04-12,2026-04-16,120361.74
SO01727,CUST00484,Delivered,2025-10-30,2025-11-12,95085.98
SO01728,CUST00190,Packed,2025-11-10,2025-11-18,195028.23
SO01729,CUST00251,Delivered,2026-02-21,2026-03-03,357959.17
SO01730,CUST00753,Delivered,2026-04-20,2026-04-30,202084.95
SO01731,CUST00158,Delivered,2026-07-15,2026-07-20,139758.97
SO01732,CUST00814,Shipped,2026-01-10,2026-01-13,124904.74
SO01733,CUST00978,Shipped,2026-04-10,2026-04-14,237556.56
SO01734,CUST00346,Shipped,2026-02-23,2026-02-28,23680.72
SO01735,CUST00166,Delivered,2026-03-19,2026-03-26,25600.94
SO01736,CUST00114,Delivered,2025-09-26,2025-10-07,226633.09
SO01737,CUST00963,Delivered,2025-11-08,2025-11-12,206742.56
SO01738,CUST00806,Shipped,2025-12-06,2025-12-12,247758.12
SO01739,CUST00687,Delivered,2025-11-15,2025-11-25,73846.62
SO01740,CUST00479,Pending,2026-03-12,2026-03-24,96863.45
SO01741,CUST00930,Processing,2025-10-02,2025-10-15,187419.93
SO01742,CUST00618,Delivered,2026-07-10,2026-07-21,125311.01
SO01743,CUST00942,Pending,2026-01-11,2026-01-24,86138.87
SO01744,CUST00257,Shipped,2026-06-19,2026-06-28,91843.86
SO01745,CUST00320,Delivered,2025-12-02,2025-12-06,96793.97
SO01746,CUST00128,Processing,2026-02-11,2026-02-22,34979.65
SO01747,CUST00303,Delivered,2026-04-01,2026-04-16,17375.37
SO01748,CUST00449,Packed,2026-01-21,2026-01-30,249388.17
SO01749,CUST00808,Delivered,2026-05-23,2026-05-31,128865.99
SO01750,CUST00814,Shipped,2026-06-23,2026-06-29,84697.21
SO01751,CUST00391,Delivered,2026-02-05,2026-02-14,53397.53
SO01752,CUST00182,Cancelled,2026-07-11,2026-07-21,123586.81
SO01753,CUST00726,Delivered,2026-03-11,2026-03-25,121219.52
SO01754,CUST00131,Delivered,2025-12-28,2026-01-04,24210.0
SO01755,CUST00916,Delivered,2026-06-07,2026-06-21,51348.96
SO01756,CUST00842,Delivered,2026-04-29,2026-05-02,113962.68
SO01757,CUST00402,Delivered,2026-04-02,2026-04-13,223962.63
SO01758,CUST00659,Delivered,2025-12-06,2025-12-18,142399.84
SO01759,CUST00496,Shipped,2025-10-16,2025-10-25,352488.01
SO01760,CUST00470,Processing,2025-11-16,2025-11-24,213947.5
SO01761,CUST00882,Shipped,2025-12-16,2025-12-21,68762.5
SO01762,CUST00877,Packed,2026-05-22,2026-05-26,139715.58
SO01763,CUST00339,Shipped,2025-11-28,2025-12-01,62609.54
SO01764,CUST00057,Delivered,2026-06-08,2026-06-20,158538.39
SO01765,CUST00101,Delivered,2026-04-21,2026-04-26,53023.62
SO01766,CUST00033,Shipped,2025-10-08,2025-10-12,288574.39
SO01767,CUST00013,Packed,2025-10-02,2025-10-07,23782.6
SO01768,CUST00499,Packed,2025-11-22,2025-12-03,156828.72
SO01769,CUST00962,Pending,2026-01-12,2026-01-25,70156.35
SO01770,CUST00007,Cancelled,2026-01-03,2026-01-13,112025.32
SO01771,CUST00598,Shipped,2026-04-28,2026-05-12,88859.5
SO01772,CUST00917,Pending,2026-03-31,2026-04-14,74490.18
SO01773,CUST00381,Cancelled,2025-10-11,2025-10-17,90817.21
SO01774,CUST00579,Shipped,2025-12-05,2025-12-15,47091.52
SO01775,CUST00175,Packed,2025-11-03,2025-11-12,355640.15
SO01776,CUST00316,Delivered,2025-10-18,2025-10-25,38270.22
SO01777,CUST00225,Shipped,2025-11-19,2025-12-02,281694.84
SO01778,CUST00942,Shipped,2026-05-28,2026-06-07,147400.5
SO01779,CUST00136,Cancelled,2025-10-14,2025-10-25,62480.23
SO01780,CUST00056,Packed,2026-02-27,2026-03-13,193364.96
SO01781,CUST00507,Delivered,2026-01-27,2026-01-31,534416.74
SO01782,CUST00031,Processing,2025-12-15,2025-12-23,112457.08
SO01783,CUST00554,Cancelled,2025-10-20,2025-10-24,142331.88
SO01784,CUST00542,Delivered,2026-01-03,2026-01-14,77023.17
SO01785,CUST00250,Pending,2026-05-27,2026-06-05,80192.58
SO01786,CUST00589,Processing,2026-02-13,2026-02-27,63804.9
SO01787,CUST00622,Processing,2025-10-28,2025-10-31,89822.12
SO01788,CUST00102,Shipped,2025-12-05,2025-12-20,63830.34
SO01789,CUST00941,Shipped,2025-10-24,2025-10-27,161148.27
SO01790,CUST00860,Pending,2026-01-15,2026-01-18,129748.93
SO01791,CUST00541,Delivered,2025-09-11,2025-09-20,22438.64
SO01792,CUST00284,Packed,2026-05-16,2026-05-28,233263.76
SO01793,CUST00151,Pending,2026-06-23,2026-07-08,174949.59
SO01794,CUST00541,Shipped,2025-09-11,2025-09-15,468540.72
SO01795,CUST00540,Delivered,2025-10-08,2025-10-21,28002.96
SO01796,CUST00228,Pending,2025-12-24,2025-12-29,83797.31
SO01797,CUST00620,Processing,2026-05-23,2026-06-05,291484.97
SO01798,CUST00792,Delivered,2025-11-25,2025-12-09,31650.72
SO01799,CUST00918,Delivered,2025-12-29,2026-01-10,299717.66
SO01800,CUST00006,Delivered,2025-11-09,2025-11-22,48044.64
SO01801,CUST00406,Packed,2025-09-21,2025-09-24,52057.92
SO01802,CUST00442,Delivered,2026-03-15,2026-03-28,168992.46
SO01803,CUST00150,Shipped,2026-05-14,2026-05-28,41804.62
SO01804,CUST00209,Delivered,2026-02-14,2026-02-28,109118.19
SO01805,CUST00032,Pending,2026-03-08,2026-03-20,238654.69
SO01806,CUST00261,Delivered,2025-12-31,2026-01-03,138657.08
SO01807,CUST00230,Delivered,2025-12-13,2025-12-22,361101.12
SO01808,CUST00206,Pending,2025-09-23,2025-10-02,288330.32
SO01809,CUST00859,Delivered,2026-02-07,2026-02-16,47731.99
SO01810,CUST00475,Processing,2026-06-23,2026-06-28,101311.05
SO01811,CUST00516,Packed,2026-01-21,2026-02-02,48657.59
SO01812,CUST00934,Delivered,2026-01-30,2026-02-07,258288.93
SO01813,CUST00862,Delivered,2025-11-27,2025-12-09,163362.29
SO01814,CUST00729,Shipped,2026-06-25,2026-07-08,31575.18
SO01815,CUST00011,Pending,2026-02-16,2026-02-25,84386.56
SO01816,CUST00486,Delivered,2025-12-24,2026-01-07,180943.02
SO01817,CUST00138,Cancelled,2025-11-18,2025-11-22,283353.31
SO01818,CUST00622,Delivered,2026-05-15,2026-05-24,226689.83
SO01819,CUST00891,Delivered,2026-07-15,2026-07-24,266381.97
SO01820,CUST00324,Processing,2026-03-26,2026-03-29,49092.14
SO01821,CUST00561,Pending,2026-04-23,2026-05-01,117406.87
SO01822,CUST00315,Shipped,2026-03-04,2026-03-08,489039.68
SO01823,CUST00840,Pending,2025-09-30,2025-10-05,253995.43
SO01824,CUST00507,Delivered,2025-09-27,2025-10-07,32892.21
SO01825,CUST00491,Delivered,2025-12-30,2026-01-14,150047.96
SO01826,CUST00682,Pending,2025-10-24,2025-11-08,37186.89
SO01827,CUST00464,Packed,2025-12-01,2025-12-06,92816.86
SO01828,CUST00093,Shipped,2026-03-03,2026-03-10,378725.97
SO01829,CUST00172,Pending,2026-07-12,2026-07-24,31806.75
SO01830,CUST00140,Packed,2025-12-16,2025-12-23,279655.41
SO01831,CUST00278,Delivered,2026-03-27,2026-04-10,361221.06
SO01832,CUST00492,Processing,2025-11-08,2025-11-22,56129.5
SO01833,CUST00678,Delivered,2026-01-27,2026-02-07,468590.25
SO01834,CUST00661,Delivered,2025-09-25,2025-10-07,199143.69
SO01835,CUST00041,Processing,2025-12-18,2025-12-23,583684.23
SO01836,CUST00088,Delivered,2025-10-27,2025-11-11,75619.23
SO01837,CUST00853,Delivered,2026-03-10,2026-03-14,225777.03
SO01838,CUST00947,Shipped,2026-06-14,2026-06-19,20652.4
SO01839,CUST00374,Processing,2026-03-29,2026-04-13,217351.42
SO01840,CUST00908,Pending,2025-11-13,2025-11-21,26929.98
SO01841,CUST00331,Shipped,2026-07-07,2026-07-21,122924.42
SO01842,CUST00017,Pending,2026-04-02,2026-04-16,107290.4
SO01843,CUST00003,Delivered,2025-11-12,2025-11-20,255100.13
SO01844,CUST00823,Delivered,2025-10-15,2025-10-18,59069.22
SO01845,CUST00721,Packed,2025-09-03,2025-09-09,127258.8
SO01846,CUST00727,Shipped,2025-12-11,2025-12-25,121279.67
SO01847,CUST00839,Shipped,2026-02-19,2026-02-28,157542.22
SO01848,CUST00904,Processing,2025-11-28,2025-12-02,114296.34
SO01849,CUST00170,Packed,2026-06-26,2026-07-05,22579.44
SO01850,CUST00172,Cancelled,2025-12-26,2026-01-07,76985.14
SO01851,CUST00707,Delivered,2026-01-13,2026-01-19,106579.34
SO01852,CUST00597,Processing,2025-10-11,2025-10-14,154931.6
SO01853,CUST00960,Cancelled,2025-10-10,2025-10-19,78547.59
SO01854,CUST00205,Delivered,2026-02-22,2026-03-06,337029.15
SO01855,CUST00670,Shipped,2026-01-18,2026-01-23,374330.8
SO01856,CUST00985,Pending,2026-04-02,2026-04-09,247247.31
SO01857,CUST00814,Delivered,2025-12-18,2025-12-31,128157.85
SO01858,CUST00705,Packed,2025-11-27,2025-12-08,64989.78
SO01859,CUST00787,Delivered,2026-06-16,2026-06-28,61022.4
SO01860,CUST00190,Delivered,2026-03-13,2026-03-25,104093.52
SO01861,CUST00457,Shipped,2025-11-26,2025-12-10,2614.42
SO01862,CUST00315,Processing,2026-06-15,2026-06-20,166081.34
SO01863,CUST00385,Shipped,2026-07-02,2026-07-06,84902.64
SO01864,CUST00621,Shipped,2025-12-04,2025-12-08,118089.93
SO01865,CUST00439,Pending,2025-11-06,2025-11-18,70362.38
SO01866,CUST00365,Delivered,2025-10-30,2025-11-13,106853.0
SO01867,CUST00681,Pending,2025-12-16,2025-12-23,222109.98
SO01868,CUST00206,Delivered,2026-05-03,2026-05-13,199511.46
SO01869,CUST00388,Packed,2026-01-13,2026-01-23,474459.53
SO01870,CUST00739,Packed,2026-05-30,2026-06-08,314801.82
SO01871,CUST00333,Packed,2026-02-13,2026-02-20,184029.26
SO01872,CUST00483,Delivered,2025-09-07,2025-09-20,14734.65
SO01873,CUST00636,Delivered,2025-11-23,2025-11-28,178836.25
SO01874,CUST00178,Delivered,2026-01-19,2026-01-22,198783.92
SO01875,CUST00911,Delivered,2026-01-29,2026-02-10,176828.22
SO01876,CUST00144,Delivered,2025-11-14,2025-11-22,137821.26
SO01877,CUST00512,Packed,2025-09-14,2025-09-19,149627.46
SO01878,CUST00434,Delivered,2025-12-15,2025-12-27,6941.1
SO01879,CUST00815,Processing,2025-10-23,2025-11-01,112372.83
SO01880,CUST00962,Packed,2026-07-18,2026-07-29,91149.35
SO01881,CUST00759,Pending,2026-07-12,2026-07-24,146822.01
SO01882,CUST00876,Processing,2025-09-16,2025-09-24,205774.86
SO01883,CUST00805,Delivered,2026-03-12,2026-03-18,79522.14
SO01884,CUST00843,Delivered,2026-07-16,2026-07-22,53718.04
SO01885,CUST00471,Shipped,2025-12-21,2025-12-29,243042.9
SO01886,CUST00403,Delivered,2026-05-28,2026-06-12,14413.96
SO01887,CUST00250,Packed,2026-05-23,2026-06-04,183926.76
SO01888,CUST00511,Delivered,2025-11-30,2025-12-10,113817.6
SO01889,CUST00005,Delivered,2026-03-21,2026-03-30,142808.58
SO01890,CUST00374,Cancelled,2026-03-28,2026-04-12,196634.72
SO01891,CUST00408,Delivered,2026-05-15,2026-05-23,54317.6
SO01892,CUST00758,Processing,2026-05-29,2026-06-12,30046.72
SO01893,CUST00974,Cancelled,2026-05-13,2026-05-16,495700.61
SO01894,CUST00728,Shipped,2026-02-19,2026-02-26,146723.64
SO01895,CUST00078,Cancelled,2026-02-09,2026-02-12,232237.59
SO01896,CUST00791,Delivered,2026-01-15,2026-01-29,30255.13
SO01897,CUST00688,Processing,2025-09-13,2025-09-21,151679.97
SO01898,CUST00751,Processing,2026-06-05,2026-06-09,101197.28
SO01899,CUST00665,Delivered,2025-10-26,2025-10-29,134859.56
SO01900,CUST00718,Packed,2026-02-17,2026-02-25,130168.59
SO01901,CUST00299,Delivered,2026-03-02,2026-03-10,157045.29
SO01902,CUST00298,Shipped,2026-06-13,2026-06-18,259758.48
SO01903,CUST00366,Delivered,2025-11-08,2025-11-13,159577.6
SO01904,CUST00144,Shipped,2026-02-02,2026-02-15,112823.84
SO01905,CUST00759,Processing,2025-11-30,2025-12-03,221839.4
SO01906,CUST00451,Shipped,2026-02-25,2026-03-05,137029.89
SO01907,CUST00697,Delivered,2025-12-06,2025-12-15,114205.12
SO01908,CUST00901,Processing,2026-03-24,2026-03-29,110341.31
SO01909,CUST00408,Processing,2026-06-22,2026-07-05,34009.0
SO01910,CUST00488,Delivered,2025-12-12,2025-12-25,169263.2
SO01911,CUST00641,Shipped,2025-11-07,2025-11-17,171956.73
SO01912,CUST00484,Pending,2025-12-15,2025-12-26,135187.74
SO01913,CUST00683,Shipped,2026-06-11,2026-06-19,350959.56
SO01914,CUST00630,Packed,2025-10-14,2025-10-18,238678.25
SO01915,CUST00710,Processing,2026-06-06,2026-06-14,144984.55
SO01916,CUST00738,Delivered,2026-03-23,2026-04-07,157938.04
SO01917,CUST00380,Delivered,2025-12-24,2026-01-03,116676.73
SO01918,CUST00374,Shipped,2025-09-23,2025-09-30,170319.35
SO01919,CUST00238,Shipped,2025-11-30,2025-12-11,435467.32
SO01920,CUST00156,Delivered,2026-02-25,2026-03-03,311808.1
SO01921,CUST00509,Delivered,2026-01-08,2026-01-22,241446.28
SO01922,CUST00500,Packed,2026-01-21,2026-02-01,102732.01
SO01923,CUST00674,Delivered,2025-09-08,2025-09-11,169087.67
SO01924,CUST00884,Shipped,2025-10-25,2025-10-28,58537.37
SO01925,CUST00810,Delivered,2026-04-17,2026-04-30,102518.32
SO01926,CUST00777,Cancelled,2025-12-23,2025-12-26,155324.97
SO01927,CUST00288,Processing,2025-11-19,2025-11-29,74981.86
SO01928,CUST00145,Delivered,2026-01-04,2026-01-10,32820.4
SO01929,CUST00624,Cancelled,2026-01-02,2026-01-17,21070.14
SO01930,CUST00773,Delivered,2025-09-29,2025-10-10,357842.14
SO01931,CUST00743,Shipped,2025-09-13,2025-09-18,152283.04
SO01932,CUST00273,Shipped,2026-05-21,2026-05-30,429768.84
SO01933,CUST00651,Delivered,2026-01-10,2026-01-15,131888.47
SO01934,CUST00885,Delivered,2026-06-02,2026-06-13,297365.9
SO01935,CUST00358,Cancelled,2026-04-08,2026-04-16,479175.2
SO01936,CUST00009,Processing,2026-02-28,2026-03-04,269173.48
SO01937,CUST00156,Processing,2025-09-08,2025-09-23,237806.8
SO01938,CUST00072,Delivered,2025-10-10,2025-10-16,104431.61
SO01939,CUST00447,Packed,2026-01-27,2026-02-06,83211.17
SO01940,CUST00550,Delivered,2026-06-11,2026-06-26,97504.77
SO01941,CUST00419,Processing,2026-04-06,2026-04-18,287572.92
SO01942,CUST00467,Pending,2025-12-04,2025-12-08,176274.37
SO01943,CUST00815,Processing,2026-01-11,2026-01-17,112753.36
SO01944,CUST00164,Delivered,2025-12-04,2025-12-12,224767.7
SO01945,CUST00337,Pending,2026-06-05,2026-06-10,123991.2
SO01946,CUST00252,Delivered,2026-06-26,2026-07-09,247056.47
SO01947,CUST00973,Packed,2026-06-13,2026-06-19,162495.89
SO01948,CUST00673,Shipped,2025-10-04,2025-10-15,355987.87
SO01949,CUST00057,Delivered,2026-06-07,2026-06-22,71297.31
SO01950,CUST00756,Processing,2025-09-23,2025-09-28,168533.9
SO01951,CUST00629,Delivered,2026-04-30,2026-05-07,33874.11
SO01952,CUST00333,Shipped,2026-07-01,2026-07-15,46625.02
SO01953,CUST00282,Shipped,2026-05-19,2026-05-24,168865.54
SO01954,CUST00222,Delivered,2025-09-19,2025-09-23,234160.8
SO01955,CUST00478,Cancelled,2026-01-05,2026-01-13,50631.99
SO01956,CUST00197,Shipped,2026-01-23,2026-02-02,167756.48
SO01957,CUST00601,Shipped,2026-06-06,2026-06-11,44561.43
SO01958,CUST00958,Delivered,2026-01-10,2026-01-17,100049.03
SO01959,CUST00724,Delivered,2026-07-05,2026-07-08,282383.33
SO01960,CUST00834,Delivered,2026-06-11,2026-06-24,23072.14
SO01961,CUST00469,Processing,2026-06-07,2026-06-21,76171.68
SO01962,CUST00406,Shipped,2025-09-14,2025-09-17,200928.87
SO01963,CUST00742,Shipped,2025-10-13,2025-10-20,208047.71
SO01964,CUST00113,Delivered,2025-11-13,2025-11-17,231687.59
SO01965,CUST00762,Delivered,2025-10-14,2025-10-20,193825.73
SO01966,CUST00718,Delivered,2025-11-16,2025-12-01,186769.74
SO01967,CUST00452,Shipped,2026-03-10,2026-03-23,61712.55
SO01968,CUST00695,Delivered,2026-05-22,2026-06-03,288101.24
SO01969,CUST00960,Cancelled,2026-05-31,2026-06-06,226087.71
SO01970,CUST00153,Shipped,2026-04-05,2026-04-20,54437.91
SO01971,CUST00069,Delivered,2025-09-12,2025-09-20,342981.87
SO01972,CUST00975,Delivered,2026-01-09,2026-01-12,50174.16
SO01973,CUST00442,Shipped,2025-12-28,2026-01-04,427835.69
SO01974,CUST00966,Shipped,2026-03-29,2026-04-13,80108.65
SO01975,CUST00658,Shipped,2026-04-23,2026-05-02,198588.1
SO01976,CUST00585,Packed,2025-10-09,2025-10-18,161924.4
SO01977,CUST00605,Delivered,2026-03-05,2026-03-15,156011.6
SO01978,CUST00303,Delivered,2025-09-13,2025-09-19,256689.76
SO01979,CUST00749,Processing,2025-09-25,2025-09-29,234013.82
SO01980,CUST00425,Pending,2026-01-20,2026-01-23,224266.77
SO01981,CUST00006,Packed,2025-12-13,2025-12-20,229702.07
SO01982,CUST00114,Delivered,2026-02-06,2026-02-20,61147.81
SO01983,CUST00096,Shipped,2026-06-26,2026-07-07,231464.65
SO01984,CUST00795,Cancelled,2026-06-17,2026-07-02,6457.55
SO01985,CUST00397,Delivered,2026-04-16,2026-04-29,166219.76
SO01986,CUST00622,Processing,2026-06-04,2026-06-07,318390.28
SO01987,CUST00535,Pending,2025-12-05,2025-12-17,421193.31
SO01988,CUST00552,Packed,2025-12-18,2025-12-25,70396.89
SO01989,CUST00710,Delivered,2025-12-03,2025-12-14,61393.48
SO01990,CUST00266,Shipped,2026-04-28,2026-05-01,124759.38
SO01991,CUST00182,Processing,2026-02-12,2026-02-24,3735.44
SO01992,CUST00145,Delivered,2026-01-20,2026-01-27,131348.13
SO01993,CUST00478,Delivered,2025-10-27,2025-10-30,516336.52
SO01994,CUST00705,Delivered,2026-03-27,2026-04-09,47236.02
SO01995,CUST00250,Delivered,2025-12-19,2025-12-28,200038.23
SO01996,CUST00383,Pending,2025-12-21,2025-12-28,175739.9
SO01997,CUST00074,Shipped,2025-09-04,2025-09-16,313923.33
SO01998,CUST00201,Delivered,2026-06-12,2026-06-27,145113.93
SO01999,CUST00994,Processing,2026-02-14,2026-02-18,221631.71
SO02000,CUST00037,Delivered,2025-10-20,2025-10-25,168171.47
SO02001,CUST00783,Delivered,2025-10-27,2025-11-07,42481.89
SO02002,CUST00375,Shipped,2026-04-27,2026-05-07,66912.3
SO02003,CUST00948,Processing,2026-04-28,2026-05-09,56912.86
SO02004,CUST00724,Pending,2026-02-05,2026-02-15,128993.44
SO02005,CUST00856,Packed,2026-02-08,2026-02-21,209813.23
SO02006,CUST00583,Pending,2025-09-26,2025-10-11,113241.95
SO02007,CUST00287,Processing,2026-03-01,2026-03-14,93442.23
SO02008,CUST00887,Processing,2025-10-13,2025-10-28,303074.79
SO02009,CUST00580,Shipped,2025-09-26,2025-10-05,299653.45
SO02010,CUST00728,Packed,2025-09-30,2025-10-03,481885.65
SO02011,CUST00496,Delivered,2026-01-13,2026-01-23,101044.64
SO02012,CUST00615,Delivered,2026-02-18,2026-02-23,487842.86
SO02013,CUST00583,Processing,2025-09-16,2025-09-19,124732.38
SO02014,CUST00085,Delivered,2026-02-14,2026-02-27,545023.42
SO02015,CUST00455,Delivered,2026-02-18,2026-02-24,23904.75
SO02016,CUST00312,Shipped,2026-04-27,2026-05-12,299275.28
SO02017,CUST00862,Processing,2026-02-01,2026-02-16,111353.72
SO02018,CUST00891,Processing,2026-04-26,2026-05-03,252980.44
SO02019,CUST00764,Delivered,2026-05-30,2026-06-07,59519.75
SO02020,CUST00438,Delivered,2025-09-04,2025-09-12,25041.59
SO02021,CUST00150,Delivered,2025-10-03,2025-10-15,338267.79
SO02022,CUST00212,Cancelled,2026-05-30,2026-06-04,94046.1
SO02023,CUST00455,Delivered,2025-10-17,2025-11-01,194808.55
SO02024,CUST00519,Delivered,2025-10-30,2025-11-02,232923.9
SO02025,CUST00975,Delivered,2026-06-26,2026-07-02,250465.23
SO02026,CUST00925,Delivered,2025-11-21,2025-11-29,51600.56
SO02027,CUST00020,Delivered,2026-03-13,2026-03-21,293627.98
SO02028,CUST00856,Delivered,2026-03-19,2026-03-22,198611.34
SO02029,CUST00852,Delivered,2026-03-18,2026-03-30,154782.81
SO02030,CUST00153,Delivered,2026-01-03,2026-01-08,161092.49
SO02031,CUST00863,Delivered,2026-04-25,2026-05-07,182858.76
SO02032,CUST00274,Delivered,2026-01-09,2026-01-23,173437.79
SO02033,CUST00537,Shipped,2026-07-05,2026-07-16,90849.29
SO02034,CUST00348,Shipped,2026-05-19,2026-05-24,149330.28
SO02035,CUST00482,Processing,2025-12-01,2025-12-08,224020.04
SO02036,CUST00747,Delivered,2026-05-18,2026-05-21,184883.05
SO02037,CUST00502,Delivered,2026-07-03,2026-07-08,298210.05
SO02038,CUST00708,Processing,2026-01-30,2026-02-03,355781.08
SO02039,CUST00414,Delivered,2026-04-25,2026-04-30,179751.11
SO02040,CUST00369,Shipped,2026-02-26,2026-03-06,343294.28
SO02041,CUST00276,Packed,2025-09-30,2025-10-12,102549.3
SO02042,CUST00163,Processing,2026-06-23,2026-06-29,125843.83
SO02043,CUST00048,Shipped,2026-05-20,2026-06-03,311980.29
SO02044,CUST00576,Pending,2026-05-14,2026-05-18,236192.25
SO02045,CUST00968,Processing,2026-04-07,2026-04-19,236263.14
SO02046,CUST00104,Delivered,2026-04-20,2026-05-03,114163.2
SO02047,CUST00629,Shipped,2026-02-27,2026-03-10,411926.88
SO02048,CUST00050,Packed,2025-10-03,2025-10-14,18134.76
SO02049,CUST00757,Delivered,2025-09-19,2025-09-25,323170.87
SO02050,CUST00239,Delivered,2026-05-28,2026-06-06,344129.4
SO02051,CUST00617,Cancelled,2025-12-08,2025-12-15,244071.88
SO02052,CUST00403,Delivered,2026-01-06,2026-01-17,75855.8
SO02053,CUST00454,Delivered,2025-09-15,2025-09-21,114260.57
SO02054,CUST00115,Delivered,2026-03-18,2026-03-31,119402.44
SO02055,CUST00172,Delivered,2025-10-12,2025-10-22,356271.47
SO02056,CUST00817,Packed,2025-11-26,2025-11-29,3870.23
SO02057,CUST00663,Pending,2025-09-20,2025-09-23,24982.3
SO02058,CUST00670,Processing,2025-09-03,2025-09-17,23769.48
SO02059,CUST00811,Shipped,2026-06-02,2026-06-13,11468.31
SO02060,CUST00597,Pending,2026-02-05,2026-02-10,186313.35
SO02061,CUST00721,Packed,2026-03-25,2026-04-01,220006.89
SO02062,CUST00868,Delivered,2025-11-04,2025-11-07,134381.82
SO02063,CUST00803,Processing,2026-04-30,2026-05-09,231714.66
SO02064,CUST00222,Processing,2026-04-04,2026-04-08,209154.21
SO02065,CUST00465,Delivered,2026-05-04,2026-05-11,232052.39
SO02066,CUST00120,Packed,2026-02-14,2026-02-28,434136.23
SO02067,CUST00987,Delivered,2026-05-11,2026-05-24,117965.1
SO02068,CUST00689,Delivered,2026-03-24,2026-04-04,80137.91
SO02069,CUST00686,Processing,2026-03-07,2026-03-15,213130.54
SO02070,CUST00013,Packed,2025-09-09,2025-09-13,37795.89
SO02071,CUST00657,Packed,2026-02-19,2026-03-03,34349.0
SO02072,CUST00106,Delivered,2026-05-28,2026-06-10,64597.14
SO02073,CUST00123,Delivered,2026-05-26,2026-06-06,124046.37
SO02074,CUST00030,Processing,2025-10-15,2025-10-28,107227.89
SO02075,CUST00843,Delivered,2025-11-26,2025-12-04,54755.68
SO02076,CUST00893,Shipped,2026-04-19,2026-04-22,129823.56
SO02077,CUST00160,Pending,2026-03-18,2026-03-26,222331.8
SO02078,CUST00013,Delivered,2026-06-25,2026-07-03,9107.12
SO02079,CUST00671,Delivered,2025-11-11,2025-11-15,371909.76
SO02080,CUST00141,Delivered,2026-02-21,2026-02-25,181985.39
SO02081,CUST00821,Shipped,2026-07-03,2026-07-14,17044.05
SO02082,CUST00295,Delivered,2026-03-08,2026-03-15,215047.04
SO02083,CUST00371,Processing,2026-06-07,2026-06-12,76246.24
SO02084,CUST00579,Processing,2025-09-18,2025-10-03,168462.52
SO02085,CUST00148,Shipped,2026-05-29,2026-06-03,361396.9
SO02086,CUST00477,Delivered,2025-10-06,2025-10-09,251210.24
SO02087,CUST00209,Cancelled,2026-05-15,2026-05-24,106179.6
SO02088,CUST00367,Delivered,2025-11-26,2025-12-02,208821.49
SO02089,CUST00340,Delivered,2026-05-16,2026-05-23,115659.8
SO02090,CUST00109,Delivered,2026-01-11,2026-01-19,244405.6
SO02091,CUST00906,Shipped,2026-06-07,2026-06-18,90021.38
SO02092,CUST00309,Shipped,2025-11-03,2025-11-11,114457.02
SO02093,CUST00025,Delivered,2025-09-01,2025-09-04,34408.92
SO02094,CUST00676,Processing,2026-05-02,2026-05-10,169983.87
SO02095,CUST00228,Processing,2026-07-17,2026-07-24,160067.15
SO02096,CUST00918,Processing,2026-05-17,2026-05-24,276259.34
SO02097,CUST00073,Packed,2026-03-26,2026-04-08,114763.56
SO02098,CUST00032,Processing,2026-06-19,2026-06-23,66543.76
SO02099,CUST00497,Delivered,2026-06-05,2026-06-11,3823.3
SO02100,CUST00445,Delivered,2026-04-05,2026-04-16,223241.84
SO02101,CUST00505,Delivered,2026-07-10,2026-07-16,20864.21
SO02102,CUST00952,Processing,2025-09-15,2025-09-24,132125.21
SO02103,CUST00165,Delivered,2026-01-24,2026-01-30,66008.75
SO02104,CUST00394,Delivered,2025-11-05,2025-11-16,196202.0
SO02105,CUST00989,Delivered,2025-09-09,2025-09-14,53320.24
SO02106,CUST00573,Delivered,2026-01-24,2026-02-01,54441.76
SO02107,CUST00382,Pending,2025-12-01,2025-12-14,161646.57
SO02108,CUST00070,Shipped,2025-10-13,2025-10-21,113445.99
SO02109,CUST00950,Delivered,2025-11-09,2025-11-23,101903.51
SO02110,CUST00440,Delivered,2025-10-16,2025-10-22,86668.88
SO02111,CUST00601,Delivered,2026-04-16,2026-04-30,182235.7
SO02112,CUST00431,Delivered,2025-09-02,2025-09-12,184606.46
SO02113,CUST00008,Delivered,2026-03-26,2026-04-02,4104.96
SO02114,CUST00935,Shipped,2026-05-11,2026-05-21,66678.26
SO02115,CUST00738,Packed,2026-01-05,2026-01-09,209017.47
SO02116,CUST00753,Delivered,2025-09-02,2025-09-10,48055.73
SO02117,CUST00387,Delivered,2026-02-28,2026-03-15,173083.76
SO02118,CUST00412,Delivered,2026-02-04,2026-02-13,76827.99
SO02119,CUST00372,Shipped,2025-10-03,2025-10-15,92355.83
SO02120,CUST00514,Processing,2026-02-11,2026-02-24,201789.72
SO02121,CUST00813,Delivered,2026-01-14,2026-01-24,136707.05
SO02122,CUST00434,Delivered,2026-03-09,2026-03-15,227161.39
SO02123,CUST00576,Pending,2025-12-26,2026-01-09,295071.59
SO02124,CUST00663,Delivered,2026-01-27,2026-02-11,374071.43
SO02125,CUST00709,Delivered,2026-06-11,2026-06-21,93012.54
SO02126,CUST00777,Shipped,2025-09-19,2025-09-23,130959.18
SO02127,CUST00701,Delivered,2026-04-17,2026-04-26,22097.56
SO02128,CUST00844,Delivered,2026-04-05,2026-04-14,265548.24
SO02129,CUST00720,Delivered,2025-10-10,2025-10-21,221654.88
SO02130,CUST00634,Delivered,2026-04-15,2026-04-20,17244.0
SO02131,CUST00533,Shipped,2026-06-02,2026-06-07,191631.24
SO02132,CUST00105,Pending,2026-06-27,2026-07-03,125241.92
SO02133,CUST00449,Packed,2026-05-18,2026-05-29,197246.24
SO02134,CUST00749,Shipped,2025-11-05,2025-11-15,117269.16
SO02135,CUST00043,Processing,2025-11-02,2025-11-06,116508.18
SO02136,CUST00027,Delivered,2026-05-19,2026-05-26,198904.26
SO02137,CUST00720,Delivered,2025-12-08,2025-12-20,210863.81
SO02138,CUST00104,Delivered,2026-01-07,2026-01-10,355747.23
SO02139,CUST00597,Cancelled,2026-01-20,2026-01-31,60853.11
SO02140,CUST00117,Packed,2025-11-26,2025-12-08,160332.07
SO02141,CUST00680,Packed,2025-09-05,2025-09-12,384292.55
SO02142,CUST00008,Delivered,2025-12-07,2025-12-11,59617.73
SO02143,CUST00494,Packed,2026-02-24,2026-03-09,73895.9
SO02144,CUST00126,Delivered,2026-05-03,2026-05-13,190581.05
SO02145,CUST00827,Shipped,2025-12-01,2025-12-09,63172.72
SO02146,CUST00201,Cancelled,2026-03-04,2026-03-11,443680.32
SO02147,CUST00159,Shipped,2026-02-26,2026-03-07,142118.19
SO02148,CUST00872,Shipped,2026-02-09,2026-02-12,94237.26
SO02149,CUST00772,Delivered,2025-11-26,2025-12-06,182142.2
SO02150,CUST00719,Shipped,2025-10-05,2025-10-19,85966.87
SO02151,CUST00178,Processing,2026-05-14,2026-05-22,426927.03
SO02152,CUST00122,Shipped,2026-04-09,2026-04-22,391098.52
SO02153,CUST00527,Delivered,2025-12-06,2025-12-18,171964.62
SO02154,CUST00964,Delivered,2026-03-26,2026-04-04,124381.88
SO02155,CUST00266,Shipped,2025-12-25,2025-12-30,26677.78
SO02156,CUST00270,Delivered,2026-06-17,2026-06-21,238885.14
SO02157,CUST00132,Delivered,2026-02-16,2026-02-27,130923.66
SO02158,CUST00339,Delivered,2026-06-05,2026-06-10,344985.0
SO02159,CUST00024,Packed,2026-04-12,2026-04-23,49684.32
SO02160,CUST00624,Delivered,2025-11-25,2025-12-02,135180.09
SO02161,CUST00538,Delivered,2025-10-01,2025-10-04,62111.45
SO02162,CUST00725,Shipped,2026-03-24,2026-03-29,312027.15
SO02163,CUST00967,Delivered,2025-09-27,2025-09-30,197736.91
SO02164,CUST00224,Packed,2026-02-12,2026-02-17,257773.77
SO02165,CUST00694,Shipped,2025-10-05,2025-10-16,153866.2
SO02166,CUST00820,Shipped,2026-05-10,2026-05-16,19758.96
SO02167,CUST00977,Shipped,2026-01-02,2026-01-17,249189.71
SO02168,CUST00403,Processing,2026-05-28,2026-06-04,145053.54
SO02169,CUST00164,Delivered,2026-05-22,2026-06-04,236488.39
SO02170,CUST00452,Processing,2026-06-08,2026-06-14,62421.06
SO02171,CUST00645,Shipped,2026-02-06,2026-02-13,269610.33
SO02172,CUST00867,Shipped,2025-11-16,2025-11-29,213216.43
SO02173,CUST00927,Delivered,2025-12-16,2025-12-29,171840.85
SO02174,CUST00929,Delivered,2026-02-15,2026-03-01,259669.45
SO02175,CUST00719,Shipped,2025-10-22,2025-11-05,50462.12
SO02176,CUST00516,Shipped,2026-01-26,2026-02-05,4271.13
SO02177,CUST00996,Pending,2025-09-08,2025-09-20,73314.52
SO02178,CUST00891,Packed,2025-10-28,2025-11-06,22972.53
SO02179,CUST00194,Packed,2025-11-28,2025-12-09,250185.38
SO02180,CUST00557,Delivered,2026-07-07,2026-07-22,125135.7
SO02181,CUST00426,Shipped,2026-04-10,2026-04-23,66692.87
SO02182,CUST00687,Delivered,2026-04-04,2026-04-16,88651.35
SO02183,CUST00738,Delivered,2025-12-17,2025-12-29,217970.17
SO02184,CUST00394,Processing,2025-09-11,2025-09-23,127747.27
SO02185,CUST00559,Delivered,2026-06-28,2026-07-11,398894.56
SO02186,CUST00700,Delivered,2025-11-06,2025-11-20,3898.51
SO02187,CUST00863,Delivered,2026-05-11,2026-05-24,85918.65
SO02188,CUST00098,Delivered,2026-01-13,2026-01-25,517286.61
SO02189,CUST00362,Shipped,2025-11-15,2025-11-18,31412.01
SO02190,CUST00112,Packed,2026-05-06,2026-05-12,226060.45
SO02191,CUST00958,Delivered,2025-09-26,2025-10-07,274107.28
SO02192,CUST00703,Pending,2025-09-14,2025-09-27,126807.04
SO02193,CUST00679,Delivered,2026-07-01,2026-07-12,341062.6
SO02194,CUST00251,Shipped,2026-01-19,2026-01-25,154172.31
SO02195,CUST00367,Delivered,2025-12-03,2025-12-16,72606.43
SO02196,CUST00870,Delivered,2025-09-22,2025-09-26,299697.66
SO02197,CUST00475,Packed,2026-04-14,2026-04-29,456387.58
SO02198,CUST00449,Delivered,2026-01-28,2026-02-10,101299.38
SO02199,CUST00367,Pending,2026-03-16,2026-03-27,3306.67
SO02200,CUST00720,Cancelled,2025-10-23,2025-10-31,282947.84
SO02201,CUST00035,Packed,2026-04-21,2026-04-29,200923.14
SO02202,CUST00419,Delivered,2025-12-13,2025-12-28,128595.42
SO02203,CUST00837,Delivered,2026-06-29,2026-07-11,317916.19
SO02204,CUST00224,Delivered,2026-07-04,2026-07-16,23386.58
SO02205,CUST00251,Shipped,2025-09-20,2025-09-29,299203.96
SO02206,CUST00123,Delivered,2026-05-02,2026-05-13,91655.7
SO02207,CUST00477,Delivered,2025-10-04,2025-10-13,359181.41
SO02208,CUST00057,Shipped,2026-02-22,2026-03-03,273209.55
SO02209,CUST00959,Delivered,2026-04-15,2026-04-30,128153.24
SO02210,CUST00781,Shipped,2025-10-03,2025-10-09,358065.13
SO02211,CUST00845,Shipped,2025-10-28,2025-11-04,155672.19
SO02212,CUST00473,Shipped,2026-07-04,2026-07-07,312274.11
SO02213,CUST00570,Delivered,2026-06-13,2026-06-17,76063.16
SO02214,CUST00172,Delivered,2026-01-06,2026-01-12,107000.13
SO02215,CUST00230,Delivered,2025-10-07,2025-10-16,165472.01
SO02216,CUST00470,Pending,2026-07-03,2026-07-17,271569.96
SO02217,CUST00153,Delivered,2025-12-23,2026-01-05,169746.35
SO02218,CUST00123,Processing,2025-09-05,2025-09-08,312301.44
SO02219,CUST00761,Delivered,2025-09-23,2025-09-26,284422.35
SO02220,CUST00757,Processing,2026-04-21,2026-05-05,63860.07
SO02221,CUST00475,Shipped,2026-07-08,2026-07-20,311420.41
SO02222,CUST00191,Pending,2025-11-26,2025-12-11,92761.3
SO02223,CUST00740,Delivered,2026-07-16,2026-07-21,199786.24
SO02224,CUST00166,Delivered,2026-02-17,2026-02-23,339507.2
SO02225,CUST00455,Packed,2025-10-09,2025-10-23,455325.29
SO02226,CUST00147,Delivered,2026-03-30,2026-04-14,103038.25
SO02227,CUST00150,Cancelled,2026-05-24,2026-05-30,205923.41
SO02228,CUST00400,Delivered,2026-02-09,2026-02-24,43434.23
SO02229,CUST00463,Packed,2026-06-13,2026-06-27,147184.42
SO02230,CUST00447,Shipped,2025-10-07,2025-10-16,24557.94
SO02231,CUST00187,Packed,2026-06-10,2026-06-14,309565.59
SO02232,CUST00791,Pending,2026-03-02,2026-03-17,150604.62
SO02233,CUST00424,Delivered,2025-12-13,2025-12-24,233235.4
SO02234,CUST00124,Delivered,2026-06-08,2026-06-23,96518.37
SO02235,CUST00735,Pending,2025-11-27,2025-12-02,159143.66
SO02236,CUST00789,Shipped,2026-06-13,2026-06-28,184605.59
SO02237,CUST00501,Pending,2025-11-21,2025-12-01,304706.31
SO02238,CUST00056,Pending,2025-09-20,2025-09-26,88739.76
SO02239,CUST00052,Delivered,2025-11-28,2025-12-09,4300.03
SO02240,CUST00203,Delivered,2026-06-06,2026-06-17,212746.5
SO02241,CUST00108,Shipped,2026-01-27,2026-01-31,84066.66
SO02242,CUST00376,Packed,2025-09-29,2025-10-14,323622.03
SO02243,CUST00609,Shipped,2026-03-07,2026-03-15,298999.98
SO02244,CUST00997,Delivered,2025-09-27,2025-10-05,14969.92
SO02245,CUST00969,Processing,2026-05-25,2026-05-31,18405.24
SO02246,CUST00714,Shipped,2026-05-30,2026-06-09,176630.33
SO02247,CUST00865,Processing,2026-01-28,2026-02-06,105191.34
SO02248,CUST00186,Delivered,2026-05-20,2026-05-27,102369.83
SO02249,CUST00801,Cancelled,2025-09-21,2025-09-25,162282.6
SO02250,CUST00665,Pending,2026-01-04,2026-01-07,84931.44
SO02251,CUST00948,Shipped,2026-05-16,2026-05-30,180354.32
SO02252,CUST00226,Delivered,2026-05-14,2026-05-21,131594.28
SO02253,CUST00960,Delivered,2025-11-30,2025-12-13,158360.05
SO02254,CUST00674,Packed,2026-01-02,2026-01-14,5807.69
SO02255,CUST00334,Packed,2026-06-24,2026-07-07,104706.0
SO02256,CUST00109,Delivered,2026-02-19,2026-03-01,307526.92
SO02257,CUST00310,Delivered,2025-10-21,2025-11-01,146786.63
SO02258,CUST00398,Processing,2025-12-11,2025-12-20,77493.17
SO02259,CUST00680,Processing,2025-10-14,2025-10-24,468930.28
SO02260,CUST00899,Shipped,2025-09-15,2025-09-23,197365.68
SO02261,CUST00568,Processing,2025-09-11,2025-09-14,340104.06
SO02262,CUST00860,Pending,2026-02-01,2026-02-08,205202.71
SO02263,CUST00616,Delivered,2026-06-26,2026-07-07,256233.58
SO02264,CUST00848,Delivered,2026-06-10,2026-06-24,153777.54
SO02265,CUST00822,Shipped,2025-11-19,2025-11-27,223559.51
SO02266,CUST00365,Processing,2026-02-12,2026-02-23,154363.97
SO02267,CUST00619,Delivered,2025-12-20,2025-12-24,76060.08
SO02268,CUST00076,Packed,2025-11-06,2025-11-10,274204.14
SO02269,CUST00241,Delivered,2025-10-03,2025-10-15,186892.41
SO02270,CUST00081,Delivered,2026-04-18,2026-05-03,128573.96
SO02271,CUST00463,Processing,2026-03-08,2026-03-15,222493.78
SO02272,CUST00756,Shipped,2025-10-31,2025-11-12,129152.83
SO02273,CUST00920,Delivered,2025-11-01,2025-11-10,38524.0
SO02274,CUST00497,Packed,2026-02-20,2026-02-25,28369.54
SO02275,CUST00655,Delivered,2026-03-26,2026-03-30,256388.81
SO02276,CUST00370,Shipped,2025-10-18,2025-10-21,72966.16
SO02277,CUST00884,Delivered,2025-09-08,2025-09-17,193750.5
SO02278,CUST00063,Cancelled,2026-04-26,2026-05-07,35283.96
SO02279,CUST00642,Shipped,2025-12-15,2025-12-30,304030.57
SO02280,CUST00063,Processing,2026-03-17,2026-03-26,225841.38
SO02281,CUST00635,Delivered,2025-10-04,2025-10-19,136196.18
SO02282,CUST00439,Cancelled,2025-10-02,2025-10-11,89788.86
SO02283,CUST00666,Cancelled,2026-07-01,2026-07-13,41217.92
SO02284,CUST00339,Processing,2026-01-15,2026-01-20,29254.45
SO02285,CUST00386,Delivered,2025-10-24,2025-11-01,238234.36
SO02286,CUST00793,Packed,2025-10-04,2025-10-13,34019.24
SO02287,CUST00031,Shipped,2026-02-27,2026-03-14,238679.09
SO02288,CUST00321,Pending,2026-07-14,2026-07-23,241081.25
SO02289,CUST00069,Processing,2026-07-01,2026-07-10,138794.85
SO02290,CUST00422,Shipped,2026-06-05,2026-06-12,73803.89
SO02291,CUST00495,Delivered,2026-03-15,2026-03-20,173951.91
SO02292,CUST00556,Cancelled,2026-02-05,2026-02-10,140603.1
SO02293,CUST00202,Processing,2025-09-04,2025-09-19,253645.99
SO02294,CUST00140,Shipped,2026-02-07,2026-02-21,143421.54
SO02295,CUST00254,Delivered,2026-06-13,2026-06-17,50784.21
SO02296,CUST00344,Delivered,2025-09-07,2025-09-11,159909.69
SO02297,CUST00327,Shipped,2025-12-30,2026-01-04,199141.34
SO02298,CUST00747,Processing,2026-07-04,2026-07-18,258169.89
SO02299,CUST00922,Shipped,2026-05-20,2026-06-02,196403.35
SO02300,CUST00057,Packed,2026-03-20,2026-04-04,165622.73
SO02301,CUST00021,Delivered,2026-07-09,2026-07-12,502147.31
SO02302,CUST00394,Delivered,2025-12-29,2026-01-05,163039.49
SO02303,CUST00866,Cancelled,2025-12-30,2026-01-02,69050.02
SO02304,CUST00497,Processing,2025-09-06,2025-09-14,144156.11
SO02305,CUST00583,Delivered,2026-04-06,2026-04-10,48295.69
SO02306,CUST00154,Delivered,2025-11-15,2025-11-23,123895.88
SO02307,CUST00987,Delivered,2025-11-28,2025-12-04,243897.78
SO02308,CUST00146,Shipped,2025-12-08,2025-12-18,252805.44
SO02309,CUST00685,Delivered,2026-03-01,2026-03-09,254040.84
SO02310,CUST00111,Pending,2026-01-15,2026-01-22,196009.48
SO02311,CUST00289,Delivered,2026-05-16,2026-05-29,84789.33
SO02312,CUST00793,Cancelled,2026-03-27,2026-04-07,179937.88
SO02313,CUST00514,Delivered,2026-07-14,2026-07-17,268336.62
SO02314,CUST00968,Delivered,2025-09-27,2025-10-06,127563.71
SO02315,CUST00027,Shipped,2025-09-12,2025-09-18,153261.94
SO02316,CUST00811,Processing,2026-05-14,2026-05-22,120289.32
SO02317,CUST00519,Pending,2026-06-14,2026-06-29,164291.78
SO02318,CUST00820,Pending,2026-02-05,2026-02-17,154934.6
SO02319,CUST00269,Delivered,2026-06-02,2026-06-07,195287.0
SO02320,CUST00328,Shipped,2026-03-21,2026-04-02,102097.4
SO02321,CUST00161,Shipped,2026-06-15,2026-06-29,250558.57
SO02322,CUST00702,Processing,2026-04-29,2026-05-08,201109.79
SO02323,CUST00232,Pending,2026-01-16,2026-01-31,77744.3
SO02324,CUST00254,Delivered,2026-07-15,2026-07-23,97212.0
SO02325,CUST00900,Pending,2026-04-16,2026-04-23,462425.46
SO02326,CUST00335,Cancelled,2025-09-13,2025-09-28,81791.72
SO02327,CUST00092,Delivered,2026-05-21,2026-05-27,150861.23
SO02328,CUST00590,Pending,2026-01-09,2026-01-23,73625.63
SO02329,CUST00886,Shipped,2026-03-19,2026-03-25,144321.12
SO02330,CUST00717,Pending,2026-05-03,2026-05-09,409916.12
SO02331,CUST00709,Packed,2026-05-28,2026-06-06,124298.39
SO02332,CUST00321,Packed,2025-09-10,2025-09-20,141620.28
SO02333,CUST00674,Shipped,2025-09-14,2025-09-21,271764.24
SO02334,CUST00372,Delivered,2026-06-04,2026-06-14,19610.72
SO02335,CUST00593,Delivered,2025-10-17,2025-10-23,165665.67
SO02336,CUST00760,Shipped,2026-01-29,2026-02-07,52708.96
SO02337,CUST00998,Delivered,2026-05-01,2026-05-13,127458.98
SO02338,CUST00686,Delivered,2026-05-20,2026-06-01,234417.15
SO02339,CUST00750,Shipped,2025-11-05,2025-11-17,65704.83
SO02340,CUST00358,Delivered,2026-02-17,2026-02-23,297597.43
SO02341,CUST00358,Processing,2026-07-01,2026-07-13,84247.17
SO02342,CUST00408,Delivered,2026-01-12,2026-01-15,148860.14
SO02343,CUST00848,Processing,2026-05-18,2026-05-28,206503.89
SO02344,CUST00218,Processing,2025-11-20,2025-11-24,1589.8
SO02345,CUST00231,Delivered,2026-06-04,2026-06-12,184470.13
SO02346,CUST00380,Processing,2025-11-28,2025-12-02,37636.2
SO02347,CUST00778,Processing,2025-11-12,2025-11-18,6821.16
SO02348,CUST00549,Processing,2026-04-25,2026-04-30,17643.46
SO02349,CUST00441,Processing,2026-01-20,2026-01-25,391483.44
SO02350,CUST00159,Shipped,2026-07-02,2026-07-14,170415.15
SO02351,CUST00592,Delivered,2026-03-17,2026-03-26,451671.96
SO02352,CUST00671,Shipped,2026-03-29,2026-04-12,8525.04
SO02353,CUST00814,Processing,2025-12-01,2025-12-13,177700.42
SO02354,CUST00605,Delivered,2025-12-08,2025-12-16,132654.28
SO02355,CUST00121,Shipped,2025-10-01,2025-10-11,171376.4
SO02356,CUST00403,Shipped,2026-07-09,2026-07-15,188075.68
SO02357,CUST00949,Delivered,2025-12-05,2025-12-08,224383.58
SO02358,CUST00959,Packed,2026-04-16,2026-04-26,335533.11
SO02359,CUST00310,Delivered,2025-11-02,2025-11-14,30953.44
SO02360,CUST00029,Cancelled,2026-06-24,2026-06-28,83194.73
SO02361,CUST00918,Shipped,2026-05-15,2026-05-18,88724.7
SO02362,CUST00369,Delivered,2025-11-24,2025-11-27,23704.34
SO02363,CUST00903,Pending,2025-11-10,2025-11-24,127522.18
SO02364,CUST00476,Shipped,2025-09-19,2025-10-02,177486.66
SO02365,CUST00242,Delivered,2026-05-25,2026-06-05,195767.35
SO02366,CUST00577,Delivered,2025-12-30,2026-01-14,243097.52
SO02367,CUST00521,Delivered,2026-07-15,2026-07-28,511981.21
SO02368,CUST00109,Shipped,2025-10-20,2025-10-26,330959.79
SO02369,CUST00855,Pending,2025-12-23,2025-12-27,170664.12
SO02370,CUST00526,Cancelled,2026-05-17,2026-06-01,233433.47
SO02371,CUST00475,Shipped,2026-07-12,2026-07-23,268195.16
SO02372,CUST00742,Delivered,2026-06-19,2026-06-30,6335.04
SO02373,CUST00733,Processing,2026-05-19,2026-05-23,167115.66
SO02374,CUST00566,Delivered,2025-09-17,2025-09-21,39973.11
SO02375,CUST00202,Delivered,2026-07-11,2026-07-20,92110.03
SO02376,CUST00337,Shipped,2025-09-09,2025-09-21,359184.82
SO02377,CUST00430,Delivered,2026-03-30,2026-04-10,47920.63
SO02378,CUST00456,Shipped,2025-11-30,2025-12-09,370279.64
SO02379,CUST00252,Shipped,2026-03-10,2026-03-25,253793.74
SO02380,CUST00170,Shipped,2025-09-30,2025-10-14,397435.48
SO02381,CUST00570,Delivered,2025-12-21,2025-12-24,186829.01
SO02382,CUST00403,Pending,2025-12-02,2025-12-13,276018.03
SO02383,CUST00666,Delivered,2026-07-15,2026-07-25,146631.97
SO02384,CUST00459,Delivered,2025-11-16,2025-11-22,273985.04
SO02385,CUST00364,Delivered,2026-01-06,2026-01-09,114095.79
SO02386,CUST00229,Pending,2026-06-06,2026-06-10,115577.39
SO02387,CUST00085,Pending,2026-02-21,2026-02-24,183880.52
SO02388,CUST00974,Delivered,2026-02-17,2026-03-02,398716.69
SO02389,CUST00729,Shipped,2026-01-03,2026-01-12,357219.18
SO02390,CUST00367,Delivered,2025-11-15,2025-11-22,97930.84
SO02391,CUST00942,Delivered,2026-05-19,2026-05-27,171506.31
SO02392,CUST00175,Packed,2025-10-13,2025-10-22,168310.71
SO02393,CUST00147,Shipped,2026-02-23,2026-03-03,78584.81
SO02394,CUST00401,Delivered,2026-04-17,2026-05-01,1746.9
SO02395,CUST00538,Delivered,2026-03-20,2026-04-03,50581.41
SO02396,CUST00804,Processing,2026-06-24,2026-07-05,102959.46
SO02397,CUST00096,Packed,2025-11-28,2025-12-09,35275.48
SO02398,CUST00450,Processing,2026-01-24,2026-01-30,285521.65
SO02399,CUST00803,Shipped,2026-01-14,2026-01-18,70009.2
SO02400,CUST00035,Delivered,2025-09-28,2025-10-12,82153.1
SO02401,CUST00364,Delivered,2026-02-05,2026-02-20,75190.7
SO02402,CUST00786,Processing,2026-05-27,2026-06-06,233389.12
SO02403,CUST00519,Delivered,2025-12-26,2026-01-10,26806.3
SO02404,CUST00720,Processing,2026-02-20,2026-02-23,507347.44
SO02405,CUST00714,Packed,2025-10-25,2025-11-01,254209.05
SO02406,CUST00619,Shipped,2025-11-02,2025-11-05,296468.21
SO02407,CUST00168,Shipped,2025-10-27,2025-10-30,249764.2
SO02408,CUST00587,Delivered,2025-12-12,2025-12-19,9090.65
SO02409,CUST00237,Delivered,2026-04-01,2026-04-12,189329.77
SO02410,CUST00720,Delivered,2025-11-26,2025-12-02,176781.84
SO02411,CUST00129,Delivered,2026-02-09,2026-02-17,275088.9
SO02412,CUST00071,Processing,2026-05-24,2026-06-03,121745.83
SO02413,CUST00807,Delivered,2026-06-16,2026-06-21,38254.68
SO02414,CUST00297,Shipped,2025-11-25,2025-12-07,47174.4
SO02415,CUST00376,Delivered,2026-01-29,2026-02-09,405948.26
SO02416,CUST00442,Packed,2026-05-24,2026-06-07,218791.86
SO02417,CUST00965,Processing,2026-03-13,2026-03-26,132048.64
SO02418,CUST00898,Processing,2026-03-23,2026-04-01,197972.72
SO02419,CUST00902,Delivered,2026-07-17,2026-07-20,130983.74
SO02420,CUST00818,Packed,2025-09-06,2025-09-11,9080.58
SO02421,CUST00803,Delivered,2025-09-27,2025-10-11,100439.56
SO02422,CUST00143,Shipped,2026-01-02,2026-01-08,60547.56
SO02423,CUST00528,Packed,2026-03-28,2026-04-06,211452.34
SO02424,CUST00753,Delivered,2026-03-02,2026-03-15,29785.65
SO02425,CUST00173,Delivered,2025-10-12,2025-10-24,76314.7
SO02426,CUST00198,Delivered,2026-03-25,2026-03-28,266595.78
SO02427,CUST00808,Delivered,2026-02-03,2026-02-17,229760.91
SO02428,CUST00664,Pending,2025-10-09,2025-10-12,176402.66
SO02429,CUST00649,Delivered,2025-12-27,2026-01-01,34468.51
SO02430,CUST00097,Delivered,2026-06-12,2026-06-22,8142.94
SO02431,CUST00264,Pending,2026-02-04,2026-02-11,228396.82
SO02432,CUST00591,Delivered,2025-11-17,2025-11-22,102469.92
SO02433,CUST00040,Cancelled,2026-02-05,2026-02-19,146059.6
SO02434,CUST00714,Delivered,2026-02-21,2026-03-06,392806.41
SO02435,CUST00617,Delivered,2026-04-16,2026-04-24,180526.7
SO02436,CUST00675,Delivered,2025-11-21,2025-11-25,22020.97
SO02437,CUST00626,Delivered,2025-09-08,2025-09-16,238417.58
SO02438,CUST00786,Delivered,2025-11-03,2025-11-18,419444.85
SO02439,CUST00693,Delivered,2025-09-17,2025-09-23,83584.99
SO02440,CUST00367,Delivered,2026-05-20,2026-05-24,216256.13
SO02441,CUST00024,Delivered,2026-01-24,2026-01-31,23388.21
SO02442,CUST00899,Shipped,2026-06-03,2026-06-07,19219.34
SO02443,CUST00189,Delivered,2025-09-14,2025-09-23,121286.36
SO02444,CUST00101,Delivered,2026-06-06,2026-06-21,130888.86
SO02445,CUST00425,Shipped,2026-04-28,2026-05-07,175896.58
SO02446,CUST00333,Delivered,2026-07-16,2026-07-20,575961.67
SO02447,CUST00552,Delivered,2026-05-12,2026-05-23,165400.44
SO02448,CUST00515,Delivered,2025-10-03,2025-10-12,95097.1
SO02449,CUST00822,Shipped,2025-12-29,2026-01-02,186440.96
SO02450,CUST00130,Delivered,2026-04-01,2026-04-11,267582.86
SO02451,CUST00450,Delivered,2025-09-02,2025-09-10,48977.46
SO02452,CUST00933,Processing,2026-03-14,2026-03-26,82637.8
SO02453,CUST00022,Cancelled,2026-02-10,2026-02-15,461747.52
SO02454,CUST00422,Delivered,2026-07-13,2026-07-28,6448.68
SO02455,CUST00053,Cancelled,2026-06-13,2026-06-18,111075.94
SO02456,CUST00842,Cancelled,2026-01-12,2026-01-16,354766.89
SO02457,CUST00988,Delivered,2026-05-05,2026-05-08,34669.59
SO02458,CUST00245,Pending,2025-10-22,2025-10-26,328730.06
SO02459,CUST00056,Pending,2025-12-23,2025-12-26,361864.01
SO02460,CUST00186,Delivered,2026-02-25,2026-03-06,168931.49
SO02461,CUST00123,Delivered,2025-09-23,2025-09-28,332592.1
SO02462,CUST00278,Pending,2026-03-11,2026-03-21,36584.62
SO02463,CUST00267,Cancelled,2026-01-07,2026-01-17,287928.14
SO02464,CUST00076,Processing,2025-10-27,2025-11-08,198493.94
SO02465,CUST00238,Delivered,2025-10-14,2025-10-22,281706.13
SO02466,CUST00689,Shipped,2025-10-02,2025-10-12,132220.79
SO02467,CUST00151,Packed,2026-01-27,2026-02-10,280730.49
SO02468,CUST00304,Delivered,2026-02-22,2026-02-26,295635.55
SO02469,CUST00863,Delivered,2025-11-15,2025-11-24,90551.05
SO02470,CUST00415,Pending,2025-12-28,2026-01-11,156849.81
SO02471,CUST00630,Shipped,2025-11-30,2025-12-10,480680.03
SO02472,CUST00236,Delivered,2026-02-10,2026-02-14,22531.48
SO02473,CUST00846,Shipped,2025-10-17,2025-10-25,15827.04
SO02474,CUST00222,Delivered,2025-11-27,2025-12-02,202993.66
SO02475,CUST00524,Delivered,2026-01-19,2026-02-02,236073.24
SO02476,CUST00154,Cancelled,2026-02-02,2026-02-13,171941.0
SO02477,CUST00839,Delivered,2026-07-05,2026-07-09,69889.44
SO02478,CUST00384,Processing,2026-05-16,2026-05-25,63136.42
SO02479,CUST00854,Delivered,2026-04-27,2026-05-01,50648.95
SO02480,CUST00651,Shipped,2025-09-04,2025-09-19,82882.94
SO02481,CUST00102,Delivered,2026-01-09,2026-01-17,308824.27
SO02482,CUST00028,Cancelled,2025-12-20,2025-12-29,46309.06
SO02483,CUST00370,Shipped,2026-07-06,2026-07-10,492346.22
SO02484,CUST00557,Packed,2025-10-22,2025-11-05,392238.28
SO02485,CUST00325,Packed,2026-02-12,2026-02-19,14344.94
SO02486,CUST00268,Packed,2025-10-19,2025-11-01,117916.96
SO02487,CUST00905,Delivered,2025-12-29,2026-01-07,15943.54
SO02488,CUST00334,Delivered,2025-10-25,2025-11-02,26100.72
SO02489,CUST00663,Packed,2026-06-05,2026-06-08,80226.93
SO02490,CUST00035,Delivered,2025-11-27,2025-12-05,282569.29
SO02491,CUST00718,Delivered,2026-04-12,2026-04-24,19578.36
SO02492,CUST00112,Cancelled,2026-02-24,2026-03-08,202356.48
SO02493,CUST00845,Delivered,2025-10-23,2025-11-02,116456.4
SO02494,CUST00309,Shipped,2025-10-14,2025-10-19,265931.99
SO02495,CUST00620,Delivered,2026-05-08,2026-05-19,148302.89
SO02496,CUST00057,Shipped,2026-02-24,2026-03-09,336606.32
SO02497,CUST00724,Processing,2025-11-18,2025-11-23,326148.33
SO02498,CUST00047,Delivered,2026-02-23,2026-03-09,66877.75
SO02499,CUST00560,Delivered,2026-07-03,2026-07-14,163305.58
SO02500,CUST00523,Delivered,2026-06-09,2026-06-15,23903.13
SO02501,CUST00142,Delivered,2026-03-23,2026-04-07,221899.56
SO02502,CUST00315,Delivered,2025-11-10,2025-11-22,240897.0
SO02503,CUST00626,Shipped,2025-09-06,2025-09-21,110928.9
SO02504,CUST00701,Processing,2026-02-14,2026-02-17,185018.9
SO02505,CUST00720,Packed,2026-03-31,2026-04-05,184805.52
SO02506,CUST00887,Delivered,2026-02-16,2026-02-19,19946.57
SO02507,CUST00522,Shipped,2025-12-07,2025-12-11,266927.74
SO02508,CUST00709,Packed,2025-10-02,2025-10-14,115452.24
SO02509,CUST00442,Delivered,2025-11-20,2025-12-05,156331.81
SO02510,CUST00752,Shipped,2026-06-27,2026-07-07,136335.92
SO02511,CUST00197,Delivered,2026-01-03,2026-01-16,62042.5
SO02512,CUST00846,Delivered,2025-10-26,2025-11-08,266209.95
SO02513,CUST00220,Delivered,2026-02-23,2026-03-10,232684.12
SO02514,CUST00343,Delivered,2025-11-02,2025-11-10,216825.81
SO02515,CUST00450,Shipped,2025-09-25,2025-10-05,107063.19
SO02516,CUST00480,Delivered,2026-06-13,2026-06-27,248525.33
SO02517,CUST00241,Processing,2026-04-03,2026-04-06,115946.18
SO02518,CUST00908,Processing,2025-10-17,2025-10-21,254436.23
SO02519,CUST00848,Delivered,2025-12-21,2025-12-30,170723.77
SO02520,CUST00654,Processing,2026-02-28,2026-03-13,310018.55
SO02521,CUST00446,Delivered,2025-12-30,2026-01-06,75039.48
SO02522,CUST00166,Delivered,2026-04-17,2026-04-22,238267.05
SO02523,CUST00191,Processing,2025-09-16,2025-09-23,73492.68
SO02524,CUST00658,Pending,2026-01-18,2026-01-26,104936.31
SO02525,CUST00296,Packed,2025-12-04,2025-12-09,81345.94
SO02526,CUST00506,Processing,2025-11-30,2025-12-07,282347.37
SO02527,CUST00172,Delivered,2026-01-14,2026-01-25,111475.68
SO02528,CUST00246,Cancelled,2026-05-09,2026-05-18,366765.02
SO02529,CUST00296,Delivered,2026-05-13,2026-05-21,366123.61
SO02530,CUST00978,Processing,2025-12-31,2026-01-03,523512.05
SO02531,CUST00344,Delivered,2025-10-27,2025-11-05,230371.76
SO02532,CUST00688,Delivered,2026-01-20,2026-02-04,216132.49
SO02533,CUST00904,Delivered,2026-02-18,2026-02-27,52985.83
SO02534,CUST00681,Pending,2026-04-07,2026-04-20,95464.9
SO02535,CUST00925,Packed,2025-10-01,2025-10-13,327221.8
SO02536,CUST00724,Delivered,2026-02-18,2026-02-28,316954.59
SO02537,CUST00296,Delivered,2025-11-24,2025-12-03,50141.25
SO02538,CUST00596,Delivered,2025-12-24,2026-01-03,161891.3
SO02539,CUST00339,Delivered,2026-02-05,2026-02-12,50671.56
SO02540,CUST00178,Processing,2026-07-03,2026-07-11,407183.95
SO02541,CUST00528,Processing,2026-03-14,2026-03-28,76255.95
SO02542,CUST00610,Pending,2026-05-27,2026-06-06,364983.22
SO02543,CUST00774,Delivered,2025-10-01,2025-10-08,59123.86
SO02544,CUST00538,Delivered,2025-11-19,2025-11-28,195438.3
SO02545,CUST00262,Delivered,2026-07-06,2026-07-21,92647.8
SO02546,CUST00135,Delivered,2026-05-14,2026-05-21,498526.4
SO02547,CUST00346,Pending,2026-03-27,2026-04-01,92069.22
SO02548,CUST00758,Shipped,2026-07-01,2026-07-13,141551.61
SO02549,CUST00035,Processing,2025-09-30,2025-10-07,151210.56
SO02550,CUST00767,Delivered,2026-03-09,2026-03-21,88769.19
SO02551,CUST00708,Delivered,2026-06-20,2026-07-01,203748.32
SO02552,CUST00828,Delivered,2026-04-23,2026-05-02,365636.18
SO02553,CUST00370,Delivered,2026-07-15,2026-07-20,60822.88
SO02554,CUST00542,Delivered,2025-10-25,2025-11-06,264368.97
SO02555,CUST00600,Cancelled,2026-03-04,2026-03-15,176223.17
SO02556,CUST00395,Delivered,2025-11-10,2025-11-23,193888.57
SO02557,CUST00145,Delivered,2026-01-20,2026-01-25,165671.7
SO02558,CUST00289,Delivered,2025-11-18,2025-12-02,440422.96
SO02559,CUST00373,Pending,2025-09-12,2025-09-16,95550.12
SO02560,CUST00818,Processing,2026-02-14,2026-02-28,349266.28
SO02561,CUST00133,Pending,2025-09-17,2025-09-22,65497.67
SO02562,CUST00263,Processing,2026-03-05,2026-03-16,239469.7
SO02563,CUST00705,Pending,2026-07-03,2026-07-16,175684.83
SO02564,CUST00973,Delivered,2025-11-03,2025-11-07,132741.08
SO02565,CUST00345,Processing,2025-10-14,2025-10-24,216799.82
SO02566,CUST00131,Delivered,2025-11-01,2025-11-06,202812.84
SO02567,CUST00131,Delivered,2026-06-25,2026-07-05,350754.74
SO02568,CUST00887,Delivered,2025-12-18,2026-01-02,106516.56
SO02569,CUST00686,Cancelled,2026-06-26,2026-07-04,13909.2
SO02570,CUST00884,Pending,2025-12-18,2025-12-26,194284.2
SO02571,CUST00522,Delivered,2026-07-13,2026-07-19,105000.5
SO02572,CUST00505,Shipped,2026-01-24,2026-02-05,336500.4
SO02573,CUST00636,Processing,2026-06-24,2026-07-07,157320.81
SO02574,CUST00421,Delivered,2026-01-11,2026-01-20,546119.7
SO02575,CUST00139,Delivered,2026-04-14,2026-04-25,163607.5
SO02576,CUST00557,Delivered,2025-11-16,2025-11-23,192424.44
SO02577,CUST00654,Shipped,2026-02-11,2026-02-15,173078.2
SO02578,CUST00352,Shipped,2026-02-13,2026-02-20,59117.85
SO02579,CUST00777,Packed,2025-11-28,2025-12-05,181334.94
SO02580,CUST00792,Processing,2026-01-14,2026-01-19,184594.19
SO02581,CUST00672,Packed,2026-05-24,2026-05-27,131857.8
SO02582,CUST00051,Delivered,2026-02-18,2026-02-25,116511.04
SO02583,CUST00230,Processing,2025-09-04,2025-09-18,168280.0
SO02584,CUST00607,Delivered,2025-09-16,2025-09-30,106271.23
SO02585,CUST00956,Delivered,2026-04-12,2026-04-16,52846.92
SO02586,CUST00389,Delivered,2026-04-01,2026-04-07,302380.15
SO02587,CUST00136,Delivered,2026-02-14,2026-02-27,265664.42
SO02588,CUST00213,Delivered,2025-10-19,2025-10-24,317124.96
SO02589,CUST00347,Shipped,2026-06-19,2026-07-04,72305.28
SO02590,CUST00488,Delivered,2026-06-10,2026-06-13,232016.89
SO02591,CUST00620,Pending,2026-01-04,2026-01-07,278598.32
SO02592,CUST00683,Delivered,2025-11-24,2025-12-08,103655.29
SO02593,CUST00824,Delivered,2026-07-15,2026-07-18,190512.96
SO02594,CUST00103,Pending,2026-04-24,2026-05-07,45095.36
SO02595,CUST00125,Delivered,2026-06-27,2026-07-08,52304.86
SO02596,CUST00649,Shipped,2025-09-01,2025-09-12,170591.08
SO02597,CUST00383,Delivered,2026-06-30,2026-07-15,171488.1
SO02598,CUST00857,Delivered,2026-05-06,2026-05-11,234948.7
SO02599,CUST00353,Shipped,2025-10-06,2025-10-12,145305.95
SO02600,CUST00607,Delivered,2026-07-09,2026-07-24,81246.78
SO02601,CUST00564,Pending,2026-06-07,2026-06-18,111708.77
SO02602,CUST00127,Delivered,2026-04-10,2026-04-15,263944.56
SO02603,CUST00664,Processing,2025-12-17,2025-12-27,191305.36
SO02604,CUST00731,Delivered,2026-04-25,2026-05-02,324742.15
SO02605,CUST00487,Shipped,2026-06-17,2026-07-02,103864.11
SO02606,CUST00802,Packed,2025-10-13,2025-10-23,753.06
SO02607,CUST00977,Processing,2026-04-26,2026-05-06,21252.6
SO02608,CUST00961,Delivered,2026-04-23,2026-05-06,356947.84
SO02609,CUST00521,Cancelled,2026-03-18,2026-03-26,62872.6
SO02610,CUST00761,Processing,2025-12-16,2025-12-24,58640.88
SO02611,CUST00446,Shipped,2026-02-11,2026-02-17,332755.66
SO02612,CUST00603,Shipped,2025-09-03,2025-09-08,174137.12
SO02613,CUST00357,Processing,2025-12-19,2026-01-03,132772.07
SO02614,CUST00612,Delivered,2025-10-11,2025-10-14,258987.57
SO02615,CUST00671,Shipped,2026-06-18,2026-06-28,271127.11
SO02616,CUST00572,Delivered,2026-04-16,2026-04-19,206078.25
SO02617,CUST00561,Delivered,2026-07-11,2026-07-15,45126.75
SO02618,CUST00409,Pending,2026-03-22,2026-03-25,234020.3
SO02619,CUST00412,Delivered,2025-09-01,2025-09-11,512035.16
SO02620,CUST00622,Pending,2026-06-24,2026-06-28,42017.85
SO02621,CUST00592,Delivered,2026-04-15,2026-04-27,274022.05
SO02622,CUST00878,Shipped,2025-09-03,2025-09-13,245895.98
SO02623,CUST00062,Processing,2025-12-17,2025-12-30,243749.28
SO02624,CUST00543,Delivered,2026-02-16,2026-02-24,199547.98
SO02625,CUST00642,Delivered,2026-05-08,2026-05-11,206616.77
SO02626,CUST00968,Shipped,2026-03-01,2026-03-16,136537.36
SO02627,CUST00763,Packed,2026-03-09,2026-03-22,308640.04
SO02628,CUST00651,Delivered,2026-03-16,2026-03-31,276517.91
SO02629,CUST00276,Delivered,2026-02-19,2026-03-03,170745.13
SO02630,CUST00671,Delivered,2026-02-21,2026-02-28,126153.12
SO02631,CUST00960,Delivered,2025-09-08,2025-09-12,234170.32
SO02632,CUST00185,Shipped,2026-05-22,2026-05-26,181903.98
SO02633,CUST00431,Delivered,2025-11-04,2025-11-10,365985.21
SO02634,CUST00094,Delivered,2026-05-08,2026-05-11,116846.03
SO02635,CUST00785,Shipped,2026-03-20,2026-03-30,371223.18
SO02636,CUST00989,Delivered,2026-05-31,2026-06-06,42661.0
SO02637,CUST00273,Processing,2026-05-19,2026-06-03,211678.99
SO02638,CUST00402,Packed,2026-03-30,2026-04-05,32313.0
SO02639,CUST00208,Processing,2026-04-01,2026-04-06,208593.34
SO02640,CUST00916,Delivered,2026-02-07,2026-02-10,35911.14
SO02641,CUST00445,Delivered,2025-11-05,2025-11-19,146533.49
SO02642,CUST00127,Delivered,2026-04-04,2026-04-16,178284.59
SO02643,CUST00472,Delivered,2026-03-22,2026-03-29,325614.2
SO02644,CUST00746,Delivered,2025-11-16,2025-11-19,80708.06
SO02645,CUST00273,Delivered,2026-03-16,2026-03-23,73879.29
SO02646,CUST00777,Pending,2026-05-08,2026-05-17,129443.97
SO02647,CUST00997,Cancelled,2026-05-17,2026-05-21,209586.52
SO02648,CUST00106,Delivered,2025-11-14,2025-11-18,118642.81
SO02649,CUST00185,Shipped,2026-02-26,2026-03-10,329865.4
SO02650,CUST00661,Processing,2026-06-15,2026-06-22,202635.35
SO02651,CUST00669,Cancelled,2026-04-25,2026-05-09,7629.84
SO02652,CUST00859,Cancelled,2025-10-26,2025-11-03,234347.07
SO02653,CUST00630,Shipped,2026-01-12,2026-01-27,226472.56
SO02654,CUST00959,Processing,2026-01-19,2026-01-24,453542.49
SO02655,CUST00158,Packed,2026-02-14,2026-02-20,293005.57
SO02656,CUST00945,Delivered,2026-06-27,2026-07-10,261807.21
SO02657,CUST00942,Delivered,2026-06-29,2026-07-08,283853.22
SO02658,CUST00366,Delivered,2026-07-15,2026-07-26,105616.42
SO02659,CUST00156,Delivered,2025-09-23,2025-10-08,57627.3
SO02660,CUST00691,Pending,2026-01-23,2026-01-31,204789.7
SO02661,CUST00077,Shipped,2026-01-23,2026-02-03,94899.5
SO02662,CUST00256,Delivered,2026-03-17,2026-03-22,360380.29
SO02663,CUST00234,Shipped,2025-09-10,2025-09-19,386704.73
SO02664,CUST00819,Processing,2025-10-05,2025-10-13,100317.84
SO02665,CUST00551,Delivered,2026-03-15,2026-03-29,324066.45
SO02666,CUST00220,Delivered,2026-05-20,2026-06-01,197727.99
SO02667,CUST00948,Pending,2025-09-01,2025-09-08,228044.02
SO02668,CUST00753,Processing,2025-11-09,2025-11-24,216497.73
SO02669,CUST00165,Pending,2026-01-16,2026-01-30,66904.43
SO02670,CUST00635,Delivered,2026-04-19,2026-05-03,8636.32
SO02671,CUST00408,Shipped,2025-12-27,2026-01-04,56993.84
SO02672,CUST00806,Delivered,2025-11-02,2025-11-09,147109.72
SO02673,CUST00106,Shipped,2025-12-09,2025-12-20,157287.01
SO02674,CUST00860,Cancelled,2026-07-12,2026-07-23,56214.76
SO02675,CUST00418,Delivered,2025-12-31,2026-01-05,335798.38
SO02676,CUST00826,Delivered,2026-05-11,2026-05-19,166337.18
SO02677,CUST00438,Delivered,2026-06-06,2026-06-16,160871.01
SO02678,CUST00273,Packed,2026-07-03,2026-07-16,92702.22
SO02679,CUST00141,Shipped,2025-11-06,2025-11-10,246243.02
SO02680,CUST00729,Delivered,2026-02-18,2026-03-02,253924.02
SO02681,CUST00710,Delivered,2026-02-08,2026-02-20,8117.85
SO02682,CUST00334,Delivered,2026-04-26,2026-05-04,200061.05
SO02683,CUST00722,Processing,2025-10-04,2025-10-18,19234.71
SO02684,CUST00917,Pending,2025-09-04,2025-09-15,106725.72
SO02685,CUST00948,Shipped,2025-11-25,2025-12-04,8291.16
SO02686,CUST00360,Delivered,2026-02-05,2026-02-15,198314.79
SO02687,CUST00607,Processing,2026-03-12,2026-03-26,248055.55
SO02688,CUST00073,Delivered,2025-12-12,2025-12-27,3907.38
SO02689,CUST00196,Delivered,2026-05-12,2026-05-26,8704.64
SO02690,CUST00794,Cancelled,2026-07-18,2026-07-26,180016.07
SO02691,CUST00302,Delivered,2026-05-12,2026-05-21,36366.28
SO02692,CUST00972,Processing,2026-03-27,2026-04-06,226935.13
SO02693,CUST00245,Delivered,2026-06-26,2026-07-07,87636.32
SO02694,CUST00545,Delivered,2026-02-21,2026-03-01,157765.73
SO02695,CUST00153,Delivered,2026-04-20,2026-05-04,162361.52
SO02696,CUST00654,Delivered,2025-09-20,2025-09-29,102367.24
SO02697,CUST00539,Shipped,2026-01-09,2026-01-16,50641.67
SO02698,CUST00494,Delivered,2025-09-09,2025-09-24,578026.8
SO02699,CUST00911,Processing,2025-11-13,2025-11-27,177992.78
SO02700,CUST00345,Delivered,2025-09-01,2025-09-11,48204.62
SO02701,CUST00178,Packed,2026-04-12,2026-04-15,165101.13
SO02702,CUST00455,Processing,2026-04-07,2026-04-19,67084.41
SO02703,CUST00953,Processing,2026-02-16,2026-02-21,96691.75
SO02704,CUST00537,Shipped,2026-01-16,2026-01-27,27379.11
SO02705,CUST00574,Delivered,2026-04-10,2026-04-17,8914.64
SO02706,CUST00946,Delivered,2026-01-07,2026-01-11,895.56
SO02707,CUST00380,Delivered,2026-05-06,2026-05-11,132172.56
SO02708,CUST00035,Delivered,2026-02-02,2026-02-10,47736.93
SO02709,CUST00197,Pending,2026-06-20,2026-06-27,18612.2
SO02710,CUST00885,Shipped,2026-01-30,2026-02-09,76504.34
SO02711,CUST00318,Delivered,2025-10-20,2025-11-04,101088.57
SO02712,CUST00611,Shipped,2025-09-27,2025-10-07,214381.64
SO02713,CUST00328,Processing,2025-11-08,2025-11-22,88515.84
SO02714,CUST00982,Pending,2026-04-02,2026-04-14,13028.48
SO02715,CUST00511,Processing,2025-11-03,2025-11-07,299268.15
SO02716,CUST00149,Packed,2025-10-06,2025-10-12,85690.08
SO02717,CUST00853,Pending,2025-09-24,2025-10-09,224983.14
SO02718,CUST00259,Delivered,2025-09-16,2025-09-22,102921.07
SO02719,CUST00470,Delivered,2025-12-13,2025-12-22,201551.09
SO02720,CUST00188,Shipped,2026-02-26,2026-03-07,43473.78
SO02721,CUST00763,Pending,2026-01-18,2026-01-29,172874.16
SO02722,CUST00058,Processing,2026-05-20,2026-05-25,260015.4
SO02723,CUST00984,Processing,2026-05-20,2026-05-26,8072.68
SO02724,CUST00569,Cancelled,2026-02-23,2026-02-27,2247.68
SO02725,CUST00321,Delivered,2025-09-18,2025-09-30,29777.13
SO02726,CUST00265,Delivered,2026-03-27,2026-04-11,229071.07
SO02727,CUST00055,Delivered,2025-10-07,2025-10-12,31318.0
SO02728,CUST00339,Pending,2026-04-01,2026-04-13,83782.25
SO02729,CUST00066,Delivered,2026-01-09,2026-01-23,374524.22
SO02730,CUST00657,Delivered,2025-12-20,2025-12-24,243410.63
SO02731,CUST00373,Processing,2026-04-03,2026-04-15,149052.86
SO02732,CUST00102,Delivered,2025-10-26,2025-11-08,380282.79
SO02733,CUST00615,Delivered,2026-05-14,2026-05-17,198289.88
SO02734,CUST00959,Packed,2025-11-25,2025-11-30,38538.29
SO02735,CUST00651,Cancelled,2025-09-04,2025-09-09,395881.23
SO02736,CUST00469,Delivered,2025-10-26,2025-11-07,198307.42
SO02737,CUST00450,Shipped,2025-10-18,2025-10-29,55740.27
SO02738,CUST00112,Delivered,2026-04-21,2026-05-05,5697.8
SO02739,CUST00134,Pending,2026-03-22,2026-03-25,124863.94
SO02740,CUST00593,Delivered,2026-05-26,2026-06-05,197199.76
SO02741,CUST00796,Packed,2026-05-01,2026-05-14,135802.56
SO02742,CUST00981,Cancelled,2025-12-19,2025-12-23,121304.29
SO02743,CUST00749,Packed,2026-02-01,2026-02-15,151020.4
SO02744,CUST00051,Shipped,2026-04-08,2026-04-18,83767.07
SO02745,CUST00216,Shipped,2026-02-15,2026-02-24,51046.67
SO02746,CUST00593,Delivered,2026-07-08,2026-07-20,355830.86
SO02747,CUST00370,Pending,2026-03-04,2026-03-14,348721.59
SO02748,CUST00768,Delivered,2025-11-15,2025-11-20,313449.36
SO02749,CUST00529,Packed,2026-02-20,2026-03-03,52334.38
SO02750,CUST00008,Packed,2026-03-18,2026-04-02,35831.88
SO02751,CUST00193,Packed,2026-05-12,2026-05-22,199677.55
SO02752,CUST00610,Processing,2026-04-22,2026-04-30,267863.74
SO02753,CUST00846,Delivered,2026-06-05,2026-06-13,151040.24
SO02754,CUST00942,Pending,2026-02-15,2026-02-25,341603.82
SO02755,CUST00618,Cancelled,2025-11-19,2025-11-27,140935.5
SO02756,CUST00613,Shipped,2026-01-31,2026-02-04,68193.47
SO02757,CUST00331,Delivered,2025-10-17,2025-10-28,86266.28
SO02758,CUST00355,Packed,2026-02-25,2026-03-02,207822.28
SO02759,CUST00113,Packed,2025-11-03,2025-11-07,249133.42
SO02760,CUST00610,Delivered,2026-06-19,2026-07-03,140861.49
SO02761,CUST00107,Packed,2026-02-04,2026-02-09,387115.06
SO02762,CUST00326,Processing,2026-02-26,2026-03-07,140147.76
SO02763,CUST00232,Shipped,2026-03-15,2026-03-19,105729.49
SO02764,CUST00960,Delivered,2026-03-22,2026-04-04,203223.39
SO02765,CUST00993,Pending,2026-04-18,2026-04-30,48140.88
SO02766,CUST00195,Processing,2026-05-21,2026-06-03,132613.8
SO02767,CUST00082,Shipped,2026-06-17,2026-07-01,149538.31
SO02768,CUST00717,Shipped,2026-05-01,2026-05-07,283437.19
SO02769,CUST00099,Packed,2025-09-13,2025-09-28,233190.13
SO02770,CUST00091,Packed,2025-12-21,2025-12-26,27144.56
SO02771,CUST00557,Shipped,2025-12-07,2025-12-22,88967.65
SO02772,CUST00553,Delivered,2025-09-25,2025-09-28,272552.43
SO02773,CUST00278,Cancelled,2026-04-22,2026-05-04,182508.64
SO02774,CUST00161,Packed,2026-07-05,2026-07-11,74285.2
SO02775,CUST00649,Processing,2026-01-12,2026-01-23,217475.79
SO02776,CUST00099,Cancelled,2026-04-26,2026-05-04,178662.45
SO02777,CUST00026,Delivered,2025-10-14,2025-10-24,350488.16
SO02778,CUST00527,Delivered,2026-01-24,2026-01-31,105968.8
SO02779,CUST00362,Shipped,2026-01-29,2026-02-08,114038.76
SO02780,CUST00837,Delivered,2026-02-09,2026-02-22,293895.98
SO02781,CUST00870,Shipped,2026-06-28,2026-07-13,277334.1
SO02782,CUST00888,Packed,2025-09-13,2025-09-22,61780.74
SO02783,CUST00933,Delivered,2025-09-18,2025-09-24,50327.52
SO02784,CUST00917,Shipped,2025-09-19,2025-09-29,120586.84
SO02785,CUST00327,Processing,2026-03-06,2026-03-21,281976.38
SO02786,CUST00889,Shipped,2025-09-20,2025-09-23,237378.04
SO02787,CUST00756,Processing,2026-06-27,2026-07-01,58897.41
SO02788,CUST00797,Delivered,2025-12-01,2025-12-14,73465.54
SO02789,CUST00063,Shipped,2026-05-15,2026-05-20,100094.72
SO02790,CUST00287,Delivered,2026-07-06,2026-07-18,462707.64
SO02791,CUST00689,Pending,2026-03-02,2026-03-13,144158.78
SO02792,CUST00817,Shipped,2025-09-08,2025-09-14,35652.89
SO02793,CUST00442,Delivered,2025-09-23,2025-10-03,251541.97
SO02794,CUST00466,Delivered,2026-02-25,2026-03-01,143690.82
SO02795,CUST00507,Shipped,2026-06-28,2026-07-09,330239.73
SO02796,CUST00861,Pending,2026-01-18,2026-01-23,59243.9
SO02797,CUST00766,Delivered,2026-04-03,2026-04-09,49782.78
SO02798,CUST00759,Pending,2026-05-01,2026-05-09,268763.17
SO02799,CUST00193,Pending,2026-05-14,2026-05-21,281551.12
SO02800,CUST00092,Delivered,2025-09-21,2025-09-28,341226.78
SO02801,CUST00038,Shipped,2025-12-13,2025-12-23,133981.98
SO02802,CUST00441,Delivered,2025-10-31,2025-11-14,50183.35
SO02803,CUST00753,Delivered,2025-12-02,2025-12-09,224126.68
SO02804,CUST00098,Shipped,2026-07-08,2026-07-12,100045.52
SO02805,CUST00377,Delivered,2025-10-16,2025-10-22,213387.36
SO02806,CUST00032,Pending,2025-09-21,2025-10-05,100654.05
SO02807,CUST00825,Packed,2025-12-22,2025-12-29,170114.35
SO02808,CUST00962,Shipped,2026-03-18,2026-03-22,35965.66
SO02809,CUST00884,Shipped,2026-03-16,2026-03-25,322095.04
SO02810,CUST00693,Shipped,2026-06-16,2026-06-20,57351.76
SO02811,CUST00074,Processing,2025-11-10,2025-11-17,254215.29
SO02812,CUST00522,Delivered,2026-04-23,2026-04-29,150917.31
SO02813,CUST00269,Shipped,2026-07-13,2026-07-24,121966.27
SO02814,CUST00978,Shipped,2026-04-14,2026-04-24,330326.01
SO02815,CUST00779,Cancelled,2025-11-26,2025-11-30,193605.14
SO02816,CUST00152,Shipped,2026-04-10,2026-04-23,38858.64
SO02817,CUST00884,Pending,2026-01-26,2026-02-03,204600.15
SO02818,CUST00366,Delivered,2026-07-11,2026-07-15,331801.57
SO02819,CUST00225,Delivered,2026-02-21,2026-02-24,167522.13
SO02820,CUST00632,Delivered,2026-07-04,2026-07-15,274728.15
SO02821,CUST00146,Processing,2026-01-29,2026-02-05,161422.48
SO02822,CUST00149,Cancelled,2026-01-01,2026-01-04,50216.29
SO02823,CUST00821,Cancelled,2025-11-18,2025-11-24,94633.38
SO02824,CUST00656,Cancelled,2026-01-16,2026-01-23,5615.4
SO02825,CUST00932,Shipped,2025-12-11,2025-12-24,237993.12
SO02826,CUST00346,Packed,2026-05-29,2026-06-01,172541.61
SO02827,CUST00314,Delivered,2025-09-27,2025-10-09,90701.41
SO02828,CUST00856,Cancelled,2025-11-11,2025-11-15,206485.71
SO02829,CUST00250,Processing,2025-09-25,2025-09-29,438078.88
SO02830,CUST00396,Pending,2026-05-22,2026-05-25,234657.96
SO02831,CUST00452,Processing,2025-10-16,2025-10-20,431447.5
SO02832,CUST00650,Delivered,2026-02-05,2026-02-08,189188.92
SO02833,CUST00912,Delivered,2025-09-05,2025-09-18,22006.62
SO02834,CUST00856,Delivered,2025-12-27,2026-01-07,425510.17
SO02835,CUST00667,Packed,2026-02-25,2026-03-11,133829.92
SO02836,CUST00467,Delivered,2025-12-23,2026-01-03,155897.87
SO02837,CUST00788,Packed,2025-12-06,2025-12-15,180068.32
SO02838,CUST00226,Delivered,2026-04-23,2026-05-08,197492.06
SO02839,CUST00329,Packed,2025-11-09,2025-11-13,158397.53
SO02840,CUST00366,Processing,2025-11-20,2025-11-24,348189.24
SO02841,CUST00753,Packed,2025-10-13,2025-10-19,382492.6
SO02842,CUST00916,Pending,2026-03-13,2026-03-18,208409.04
SO02843,CUST00680,Delivered,2026-05-24,2026-05-31,179026.76
SO02844,CUST00076,Pending,2026-06-25,2026-06-28,118212.42
SO02845,CUST00970,Delivered,2026-03-23,2026-03-28,707951.13
SO02846,CUST00808,Pending,2025-10-18,2025-10-21,419375.03
SO02847,CUST00972,Delivered,2026-06-05,2026-06-10,284738.54
SO02848,CUST00073,Delivered,2026-05-25,2026-06-06,211075.23
SO02849,CUST00658,Delivered,2026-05-21,2026-05-30,63152.18
SO02850,CUST00554,Delivered,2025-12-26,2026-01-08,72500.54
SO02851,CUST00228,Delivered,2026-04-28,2026-05-12,160437.68
SO02852,CUST00777,Packed,2026-07-01,2026-07-07,200121.12
SO02853,CUST00991,Delivered,2025-12-05,2025-12-09,427548.49
SO02854,CUST00513,Delivered,2025-11-29,2025-12-02,249461.23
SO02855,CUST00525,Delivered,2026-05-21,2026-05-26,23786.02
SO02856,CUST00595,Cancelled,2025-10-02,2025-10-06,109647.77
SO02857,CUST00184,Processing,2026-06-16,2026-06-21,173297.8
SO02858,CUST00767,Packed,2025-10-01,2025-10-06,182623.6
SO02859,CUST00601,Delivered,2025-11-18,2025-12-03,103847.88
SO02860,CUST00819,Delivered,2025-10-08,2025-10-14,221435.26
SO02861,CUST00836,Pending,2025-09-30,2025-10-15,21888.51
SO02862,CUST00210,Delivered,2026-03-07,2026-03-11,248853.17
SO02863,CUST00718,Cancelled,2025-12-07,2025-12-22,54176.13
SO02864,CUST00816,Delivered,2025-11-16,2025-11-21,32799.6
SO02865,CUST00719,Delivered,2026-06-11,2026-06-24,116847.84
SO02866,CUST00129,Shipped,2026-03-16,2026-03-24,92150.08
SO02867,CUST00302,Shipped,2026-01-29,2026-02-13,284321.01
SO02868,CUST00608,Delivered,2025-09-04,2025-09-10,97217.35
SO02869,CUST00287,Shipped,2025-11-03,2025-11-16,467351.26
SO02870,CUST00652,Packed,2026-05-02,2026-05-08,212053.43
SO02871,CUST00177,Pending,2026-04-05,2026-04-09,58333.98
SO02872,CUST00278,Delivered,2026-05-01,2026-05-13,177398.0
SO02873,CUST00791,Shipped,2025-11-07,2025-11-14,73832.4
SO02874,CUST00315,Delivered,2026-07-12,2026-07-22,228900.4
SO02875,CUST00957,Shipped,2025-10-28,2025-11-10,331936.22
SO02876,CUST00324,Delivered,2026-04-24,2026-05-09,324886.02
SO02877,CUST00046,Delivered,2025-10-16,2025-10-25,226371.6
SO02878,CUST00069,Delivered,2026-05-03,2026-05-10,391222.41
SO02879,CUST00905,Pending,2025-11-15,2025-11-28,286719.67
SO02880,CUST00763,Shipped,2026-06-19,2026-07-01,184104.72
SO02881,CUST00804,Packed,2026-01-05,2026-01-20,243917.3
SO02882,CUST00299,Shipped,2026-01-02,2026-01-17,94363.5
SO02883,CUST00821,Shipped,2025-09-05,2025-09-10,98180.7
SO02884,CUST00420,Processing,2026-01-26,2026-02-10,119743.92
SO02885,CUST00827,Delivered,2026-02-23,2026-03-03,113681.0
SO02886,CUST00222,Cancelled,2026-05-29,2026-06-03,124420.33
SO02887,CUST00017,Delivered,2026-03-04,2026-03-17,16770.15
SO02888,CUST00392,Delivered,2026-07-08,2026-07-16,126332.15
SO02889,CUST00519,Shipped,2026-01-20,2026-02-02,89202.39
SO02890,CUST00489,Shipped,2026-05-06,2026-05-18,208749.74
SO02891,CUST00554,Delivered,2025-12-14,2025-12-25,58712.34
SO02892,CUST00861,Delivered,2026-04-08,2026-04-20,348654.88
SO02893,CUST00031,Shipped,2026-01-06,2026-01-20,199051.95
SO02894,CUST00145,Delivered,2026-01-11,2026-01-21,311314.46
SO02895,CUST00055,Delivered,2025-12-15,2025-12-29,147119.28
SO02896,CUST00392,Shipped,2026-04-23,2026-05-03,97881.51
SO02897,CUST00165,Pending,2025-10-17,2025-11-01,145176.13
SO02898,CUST00033,Pending,2026-04-10,2026-04-15,114433.82
SO02899,CUST00001,Cancelled,2025-09-14,2025-09-26,262661.18
SO02900,CUST00310,Processing,2026-02-03,2026-02-09,365278.29
SO02901,CUST00575,Processing,2025-12-13,2025-12-16,37568.77
SO02902,CUST00477,Delivered,2025-11-28,2025-12-11,245284.57
SO02903,CUST00846,Processing,2026-03-20,2026-03-23,233865.11
SO02904,CUST00955,Delivered,2026-03-09,2026-03-21,5731.39
SO02905,CUST00843,Delivered,2025-10-18,2025-10-30,324989.71
SO02906,CUST00090,Cancelled,2026-05-25,2026-06-01,463153.09
SO02907,CUST00335,Delivered,2026-05-18,2026-05-22,16513.31
SO02908,CUST00284,Processing,2026-05-22,2026-06-03,184564.2
SO02909,CUST00195,Delivered,2025-12-27,2026-01-01,23135.84
SO02910,CUST00091,Shipped,2025-11-10,2025-11-22,452344.16
SO02911,CUST00480,Processing,2026-07-06,2026-07-09,38254.68
SO02912,CUST00999,Processing,2026-03-13,2026-03-24,234294.96
SO02913,CUST00561,Delivered,2026-06-18,2026-06-28,132558.36
SO02914,CUST00653,Delivered,2026-05-10,2026-05-15,223353.48
SO02915,CUST00657,Pending,2026-03-17,2026-03-23,327913.4
SO02916,CUST00816,Delivered,2025-11-03,2025-11-07,140412.15
SO02917,CUST00830,Delivered,2025-09-03,2025-09-16,310775.49
SO02918,CUST00020,Packed,2025-10-24,2025-11-04,93946.18
SO02919,CUST00234,Pending,2026-03-21,2026-03-28,146310.22
SO02920,CUST00788,Shipped,2025-10-11,2025-10-26,144856.48
SO02921,CUST00328,Delivered,2026-05-25,2026-06-03,269777.81
SO02922,CUST00826,Processing,2026-01-24,2026-01-27,367294.9
SO02923,CUST00708,Delivered,2026-01-16,2026-01-27,148094.42
SO02924,CUST00724,Pending,2026-07-18,2026-07-25,89035.71
SO02925,CUST00602,Delivered,2026-04-19,2026-04-25,173707.96
SO02926,CUST00422,Delivered,2026-03-06,2026-03-11,127708.75
SO02927,CUST00922,Delivered,2025-10-12,2025-10-19,186682.82
SO02928,CUST00323,Packed,2026-02-01,2026-02-15,181812.24
SO02929,CUST00968,Packed,2025-10-23,2025-10-29,317666.65
SO02930,CUST00431,Delivered,2026-01-25,2026-02-05,66149.3
SO02931,CUST00754,Delivered,2025-11-10,2025-11-15,179343.78
SO02932,CUST00301,Delivered,2025-12-07,2025-12-12,118155.34
SO02933,CUST00660,Processing,2026-07-03,2026-07-15,106978.0
SO02934,CUST00087,Processing,2026-01-20,2026-02-03,114132.78
SO02935,CUST00535,Delivered,2026-01-18,2026-02-02,194462.42
SO02936,CUST00612,Packed,2025-10-19,2025-10-31,89765.85
SO02937,CUST00069,Delivered,2026-04-11,2026-04-24,245735.86
SO02938,CUST00381,Delivered,2026-01-22,2026-01-26,298842.48
SO02939,CUST00763,Delivered,2025-09-20,2025-09-27,186040.55
SO02940,CUST00673,Processing,2026-07-03,2026-07-16,73308.92
SO02941,CUST00938,Processing,2026-01-07,2026-01-17,320729.95
SO02942,CUST00279,Shipped,2026-03-10,2026-03-14,78917.47
SO02943,CUST00564,Cancelled,2026-03-05,2026-03-19,177421.88
SO02944,CUST00107,Delivered,2025-12-18,2025-12-21,134844.89
SO02945,CUST00456,Processing,2025-12-19,2025-12-26,105647.5
SO02946,CUST00740,Cancelled,2025-09-17,2025-09-23,156335.37
SO02947,CUST00186,Shipped,2026-07-04,2026-07-08,225033.46
SO02948,CUST00242,Cancelled,2026-02-13,2026-02-28,70694.75
SO02949,CUST00557,Shipped,2026-03-11,2026-03-19,38202.87
SO02950,CUST00059,Delivered,2025-11-09,2025-11-24,284594.31
SO02951,CUST00199,Processing,2025-12-27,2026-01-07,172727.86
SO02952,CUST00007,Delivered,2026-01-30,2026-02-02,20253.51
SO02953,CUST00318,Shipped,2026-01-25,2026-01-28,32032.28
SO02954,CUST00385,Pending,2025-09-14,2025-09-20,121095.71
SO02955,CUST00200,Packed,2026-04-19,2026-04-26,198186.14
SO02956,CUST00528,Delivered,2026-04-10,2026-04-21,160931.04
SO02957,CUST00495,Pending,2025-11-11,2025-11-18,370100.65
SO02958,CUST00807,Shipped,2025-10-01,2025-10-09,147193.0
SO02959,CUST00144,Delivered,2025-12-28,2026-01-06,188866.73
SO02960,CUST00903,Packed,2025-10-12,2025-10-24,257817.2
SO02961,CUST00142,Delivered,2026-01-09,2026-01-20,63079.17
SO02962,CUST00552,Delivered,2026-01-03,2026-01-18,71357.57
SO02963,CUST00692,Delivered,2026-04-23,2026-05-05,140501.71
SO02964,CUST00064,Shipped,2026-02-27,2026-03-13,121532.48
SO02965,CUST00460,Delivered,2026-02-01,2026-02-13,335710.08
SO02966,CUST00645,Shipped,2025-10-24,2025-11-07,348854.76
SO02967,CUST00173,Packed,2025-09-03,2025-09-11,179840.23
SO02968,CUST00462,Processing,2025-12-09,2025-12-13,88879.24
SO02969,CUST00102,Packed,2025-12-20,2025-12-27,61745.42
SO02970,CUST00440,Delivered,2026-05-31,2026-06-14,97338.09
SO02971,CUST00507,Pending,2025-10-18,2025-10-26,243021.97
SO02972,CUST00980,Packed,2025-09-08,2025-09-14,53244.8
SO02973,CUST00918,Cancelled,2026-03-14,2026-03-17,126458.14
SO02974,CUST00646,Shipped,2026-07-07,2026-07-15,163780.21
SO02975,CUST00324,Shipped,2025-11-27,2025-12-06,291101.12
SO02976,CUST00255,Processing,2026-01-11,2026-01-23,273493.13
SO02977,CUST00089,Shipped,2026-04-06,2026-04-21,177835.57
SO02978,CUST00136,Shipped,2026-01-12,2026-01-21,234605.0
SO02979,CUST00188,Shipped,2025-10-28,2025-11-04,171878.8
SO02980,CUST00558,Shipped,2026-01-02,2026-01-16,192532.3
SO02981,CUST00200,Processing,2025-10-29,2025-11-13,181860.82
SO02982,CUST00653,Shipped,2026-05-24,2026-05-30,75849.7
SO02983,CUST00137,Delivered,2025-12-07,2025-12-14,187282.68
SO02984,CUST00080,Delivered,2026-03-21,2026-03-27,30833.0
SO02985,CUST00444,Delivered,2026-02-25,2026-03-08,80096.11
SO02986,CUST00007,Delivered,2026-01-16,2026-01-25,161526.21
SO02987,CUST00326,Delivered,2026-04-05,2026-04-09,396391.65
SO02988,CUST00613,Delivered,2025-11-04,2025-11-08,201127.75
SO02989,CUST00746,Cancelled,2025-12-12,2025-12-25,114004.9
SO02990,CUST00652,Shipped,2026-06-28,2026-07-07,285654.75
SO02991,CUST00167,Shipped,2026-02-10,2026-02-13,202263.5
SO02992,CUST00715,Shipped,2025-11-13,2025-11-26,468297.78
SO02993,CUST00312,Delivered,2025-10-07,2025-10-16,175476.72
SO02994,CUST00298,Processing,2026-05-28,2026-06-06,144595.79
SO02995,CUST00756,Delivered,2026-02-21,2026-02-24,212718.84
SO02996,CUST00267,Packed,2026-06-25,2026-07-09,212466.57
SO02997,CUST00168,Processing,2026-06-14,2026-06-29,201445.29
SO02998,CUST00282,Delivered,2026-05-15,2026-05-25,141867.27
SO02999,CUST00812,Delivered,2025-09-04,2025-09-08,216981.81
SO03000,CUST00928,Shipped,2026-03-11,2026-03-23,360676.06
