so_item_id,sales_order_id,product_id,quantity,selling_price
SOITEM00001,SO00001,PROD021,64,642.17
SOITEM00002,SO00001,PROD155,134,194.11
SOITEM00003,SO00001,PROD073,125,800.29
SOITEM00004,SO00002,PROD301,6,258.38
SOITEM00005,SO00003,PROD379,122,1377.02
SOITEM00006,SO00004,PROD236,121,801.25
SOITEM00007,SO00004,PROD449,13,1451.26
SOITEM00008,SO00005,PROD189,67,383.37
SOITEM00009,SO00005,PROD077,21,862.64
SOITEM00010,SO00005,PROD192,53,1361.16
SOITEM00011,SO00006,PROD116,122,1088.55
SOITEM00012,SO00006,PROD063,71,1079.94
SOITEM00013,SO00006,PROD442,69,1012.49
SOITEM00014,SO00007,PROD358,96,769.81
SOITEM00015,SO00007,PROD063,69,1079.94
SOITEM00016,SO00007,PROD408,76,1109.12
SOITEM00017,SO00008,PROD134,100,332.59
SOITEM00018,SO00008,PROD131,147,582.87
SOITEM00019,SO00008,PROD022,134,225.56
SOITEM00020,SO00008,PROD090,97,604.66
SOITEM00021,SO00009,PROD270,31,155.77
SOITEM00022,SO00009,PROD269,118,952.08
SOITEM00023,SO00009,PROD311,29,776.52
SOITEM00024,SO00009,PROD078,5,1530.22
SOITEM00025,SO00009,PROD325,138,1272.26
SOITEM00026,SO00010,PROD125,91,791.95
SOITEM00027,SO00010,PROD042,115,239.5
SOITEM00028,SO00011,PROD006,119,1039.67
SOITEM00029,SO00011,PROD287,39,206.98
SOITEM00030,SO00012,PROD443,132,556.93
SOITEM00031,SO00012,PROD254,89,775.1
SOITEM00032,SO00012,PROD499,65,197.97
SOITEM00033,SO00013,PROD382,120,439.42
SOITEM00034,SO00014,PROD098,25,839.21
SOITEM00035,SO00014,PROD067,33,1491.41
SOITEM00036,SO00014,PROD141,7,1138.72
SOITEM00037,SO00014,PROD242,35,651.23
SOITEM00038,SO00014,PROD269,114,952.08
SOITEM00039,SO00015,PROD292,70,346.04
SOITEM00040,SO00015,PROD446,77,167.07
SOITEM00041,SO00015,PROD405,112,53.91
SOITEM00042,SO00015,PROD246,56,1511.76
SOITEM00043,SO00016,PROD497,93,982.67
SOITEM00044,SO00016,PROD447,23,972.98
SOITEM00045,SO00016,PROD453,104,159.85
SOITEM00046,SO00017,PROD253,17,874.11
SOITEM00047,SO00018,PROD060,101,670.1
SOITEM00048,SO00019,PROD384,21,1361.99
SOITEM00049,SO00019,PROD013,8,1004.23
SOITEM00050,SO00019,PROD195,34,740.95
SOITEM00051,SO00019,PROD356,127,85.93
SOITEM00052,SO00019,PROD490,74,1641.02
SOITEM00053,SO00019,PROD218,137,1120.53
SOITEM00054,SO00020,PROD497,46,982.67
SOITEM00055,SO00020,PROD164,73,111.31
SOITEM00056,SO00021,PROD307,60,224.9
SOITEM00057,SO00022,PROD468,11,568.43
SOITEM00058,SO00022,PROD102,140,1028.11
SOITEM00059,SO00023,PROD335,46,545.76
SOITEM00060,SO00023,PROD289,74,686.66
SOITEM00061,SO00023,PROD287,58,206.98
SOITEM00062,SO00023,PROD105,89,454.18
SOITEM00063,SO00024,PROD121,109,953.07
SOITEM00064,SO00024,PROD098,100,839.21
SOITEM00065,SO00024,PROD116,73,1088.55
SOITEM00066,SO00024,PROD036,55,685.85
SOITEM00067,SO00024,PROD463,39,606.23
SOITEM00068,SO00025,PROD113,36,216.05
SOITEM00069,SO00025,PROD180,112,941.04
SOITEM00070,SO00025,PROD183,132,1162.93
SOITEM00071,SO00026,PROD476,126,1357.77
SOITEM00072,SO00026,PROD255,128,91.9
SOITEM00073,SO00026,PROD416,45,1288.06
SOITEM00074,SO00026,PROD422,18,1631.47
SOITEM00075,SO00027,PROD439,35,685.44
SOITEM00076,SO00028,PROD239,33,694.49
SOITEM00077,SO00029,PROD162,95,28.52
SOITEM00078,SO00029,PROD214,97,759.99
SOITEM00079,SO00029,PROD145,60,414.97
SOITEM00080,SO00030,PROD134,57,332.59
SOITEM00081,SO00030,PROD010,73,158.98
SOITEM00082,SO00030,PROD448,129,1205.41
SOITEM00083,SO00031,PROD380,83,886.05
SOITEM00084,SO00031,PROD190,5,1394.38
SOITEM00085,SO00031,PROD356,111,85.93
SOITEM00086,SO00031,PROD137,105,1053.76
SOITEM00087,SO00032,PROD154,60,1628.8
SOITEM00088,SO00032,PROD077,46,862.64
SOITEM00089,SO00032,PROD175,136,365.38
SOITEM00090,SO00033,PROD445,23,910.8
SOITEM00091,SO00033,PROD321,30,1229.41
SOITEM00092,SO00033,PROD486,143,81.21
SOITEM00093,SO00033,PROD284,130,1138.02
SOITEM00094,SO00033,PROD016,49,1166.68
SOITEM00095,SO00034,PROD373,53,1408.52
SOITEM00096,SO00035,PROD356,95,85.93
SOITEM00097,SO00035,PROD015,114,351.11
SOITEM00098,SO00036,PROD341,36,1669.85
SOITEM00099,SO00036,PROD104,109,517.35
SOITEM00100,SO00036,PROD275,17,491.51
SOITEM00101,SO00036,PROD220,24,822.57
SOITEM00102,SO00037,PROD056,67,904.05
SOITEM00103,SO00038,PROD139,110,241.64
SOITEM00104,SO00038,PROD500,90,790.4
SOITEM00105,SO00038,PROD031,143,1253.99
SOITEM00106,SO00038,PROD354,13,1247.88
SOITEM00107,SO00039,PROD420,16,932.93
SOITEM00108,SO00039,PROD159,80,1098.12
SOITEM00109,SO00040,PROD182,35,345.97
SOITEM00110,SO00040,PROD019,136,158.03
SOITEM00111,SO00040,PROD121,140,953.07
SOITEM00112,SO00040,PROD414,82,1110.59
SOITEM00113,SO00041,PROD199,139,77.66
SOITEM00114,SO00041,PROD115,85,1294.8
SOITEM00115,SO00041,PROD094,95,248.06
SOITEM00116,SO00041,PROD085,109,816.42
SOITEM00117,SO00042,PROD217,6,487.55
SOITEM00118,SO00042,PROD209,52,857.85
SOITEM00119,SO00042,PROD423,62,1272.27
SOITEM00120,SO00043,PROD323,39,536.07
SOITEM00121,SO00043,PROD294,32,442.63
SOITEM00122,SO00044,PROD294,87,442.63
SOITEM00123,SO00044,PROD036,23,685.85
SOITEM00124,SO00044,PROD127,10,160.45
SOITEM00125,SO00044,PROD015,44,351.11
SOITEM00126,SO00045,PROD461,138,210.86
SOITEM00127,SO00045,PROD329,27,344.07
SOITEM00128,SO00046,PROD215,90,846.19
SOITEM00129,SO00046,PROD342,101,753.8
SOITEM00130,SO00046,PROD027,40,523.24
SOITEM00131,SO00047,PROD303,120,845.11
SOITEM00132,SO00047,PROD131,108,582.87
SOITEM00133,SO00047,PROD235,136,1700.42
SOITEM00134,SO00047,PROD296,139,1262.57
SOITEM00135,SO00048,PROD406,103,455.97
SOITEM00136,SO00048,PROD330,75,717.97
SOITEM00137,SO00049,PROD133,57,593.57
SOITEM00138,SO00049,PROD207,127,764.66
SOITEM00139,SO00050,PROD115,6,1294.8
SOITEM00140,SO00050,PROD374,74,337.05
SOITEM00141,SO00051,PROD452,65,614.75
SOITEM00142,SO00051,PROD078,77,1530.22
SOITEM00143,SO00052,PROD331,37,825.64
SOITEM00144,SO00052,PROD426,139,546.15
SOITEM00145,SO00052,PROD024,27,649.2
SOITEM00146,SO00052,PROD062,78,364.93
SOITEM00147,SO00053,PROD070,39,401.23
SOITEM00148,SO00053,PROD301,18,258.38
SOITEM00149,SO00053,PROD177,129,297.71
SOITEM00150,SO00054,PROD254,79,775.1
SOITEM00151,SO00054,PROD376,30,736.67
SOITEM00152,SO00054,PROD337,82,1315.07
SOITEM00153,SO00055,PROD122,131,1102.95
SOITEM00154,SO00055,PROD231,14,1048.32
SOITEM00155,SO00055,PROD023,71,218.64
SOITEM00156,SO00056,PROD392,121,1608.86
SOITEM00157,SO00057,PROD192,87,1361.16
SOITEM00158,SO00057,PROD492,94,1562.48
SOITEM00159,SO00057,PROD123,72,471.66
SOITEM00160,SO00057,PROD441,114,433.21
SOITEM00161,SO00058,PROD275,81,491.51
SOITEM00162,SO00058,PROD453,122,159.85
SOITEM00163,SO00059,PROD029,129,419.03
SOITEM00164,SO00059,PROD313,83,1083.11
SOITEM00165,SO00060,PROD295,28,226.63
SOITEM00166,SO00060,PROD487,44,541.19
SOITEM00167,SO00061,PROD285,29,653.85
SOITEM00168,SO00061,PROD051,144,643.38
SOITEM00169,SO00061,PROD189,99,383.37
SOITEM00170,SO00061,PROD052,81,594.73
SOITEM00171,SO00061,PROD153,19,1158.97
SOITEM00172,SO00062,PROD412,116,1313.15
SOITEM00173,SO00062,PROD206,6,1118.26
SOITEM00174,SO00062,PROD172,146,415.49
SOITEM00175,SO00063,PROD344,74,1487.38
SOITEM00176,SO00064,PROD359,124,948.38
SOITEM00177,SO00064,PROD464,123,1205.08
SOITEM00178,SO00064,PROD290,97,150.88
SOITEM00179,SO00065,PROD126,9,374.01
SOITEM00180,SO00065,PROD150,16,1019.28
SOITEM00181,SO00066,PROD092,80,392.62
SOITEM00182,SO00066,PROD314,11,1602.76
SOITEM00183,SO00066,PROD014,27,318.73
SOITEM00184,SO00066,PROD452,96,614.75
SOITEM00185,SO00067,PROD368,48,1015.99
SOITEM00186,SO00067,PROD415,10,291.45
SOITEM00187,SO00067,PROD139,30,241.64
SOITEM00188,SO00068,PROD398,81,1174.48
SOITEM00189,SO00068,PROD095,61,200.83
SOITEM00190,SO00068,PROD022,70,225.56
SOITEM00191,SO00068,PROD304,49,340.83
SOITEM00192,SO00069,PROD495,26,114.6
SOITEM00193,SO00069,PROD443,145,556.93
SOITEM00194,SO00070,PROD263,59,963.97
SOITEM00195,SO00070,PROD244,78,128.7
SOITEM00196,SO00071,PROD077,58,862.64
SOITEM00197,SO00072,PROD162,59,28.52
SOITEM00198,SO00072,PROD253,104,874.11
SOITEM00199,SO00072,PROD051,22,643.38
SOITEM00200,SO00073,PROD255,97,91.9
SOITEM00201,SO00073,PROD264,58,576.49
SOITEM00202,SO00073,PROD466,98,1181.87
SOITEM00203,SO00074,PROD164,86,111.31
SOITEM00204,SO00074,PROD445,87,910.8
SOITEM00205,SO00074,PROD127,92,160.45
SOITEM00206,SO00075,PROD128,66,405.49
SOITEM00207,SO00075,PROD216,145,202.05
SOITEM00208,SO00075,PROD476,131,1357.77
SOITEM00209,SO00075,PROD028,37,1322.93
SOITEM00210,SO00075,PROD148,78,35.33
SOITEM00211,SO00076,PROD151,114,179.05
SOITEM00212,SO00076,PROD286,72,1182.9
SOITEM00213,SO00076,PROD388,35,793.41
SOITEM00214,SO00076,PROD208,81,1030.06
SOITEM00215,SO00076,PROD375,81,1156.42
SOITEM00216,SO00076,PROD017,44,704.27
SOITEM00217,SO00077,PROD444,102,692.28
SOITEM00218,SO00077,PROD347,54,89.12
SOITEM00219,SO00078,PROD249,17,713.13
SOITEM00220,SO00079,PROD271,114,854.18
SOITEM00221,SO00079,PROD280,56,1166.65
SOITEM00222,SO00079,PROD001,91,1065.76
SOITEM00223,SO00080,PROD004,51,1203.62
SOITEM00224,SO00080,PROD322,104,975.89
SOITEM00225,SO00080,PROD165,93,668.55
SOITEM00226,SO00080,PROD460,66,139.11
SOITEM00227,SO00081,PROD211,146,1148.88
SOITEM00228,SO00081,PROD372,95,630.0
SOITEM00229,SO00081,PROD258,106,461.24
SOITEM00230,SO00081,PROD454,145,72.36
SOITEM00231,SO00081,PROD032,65,445.25
SOITEM00232,SO00082,PROD422,83,1631.47
SOITEM00233,SO00082,PROD270,12,155.77
SOITEM00234,SO00082,PROD122,51,1102.95
SOITEM00235,SO00082,PROD142,122,1235.3
SOITEM00236,SO00083,PROD028,75,1322.93
SOITEM00237,SO00083,PROD064,50,1297.35
SOITEM00238,SO00083,PROD467,91,642.67
SOITEM00239,SO00084,PROD295,144,226.63
SOITEM00240,SO00084,PROD126,62,374.01
SOITEM00241,SO00084,PROD195,81,740.95
SOITEM00242,SO00085,PROD015,93,351.11
SOITEM00243,SO00085,PROD138,81,995.03
SOITEM00244,SO00086,PROD321,78,1229.41
SOITEM00245,SO00086,PROD427,104,566.06
SOITEM00246,SO00086,PROD483,11,672.5
SOITEM00247,SO00086,PROD399,106,194.51
SOITEM00248,SO00087,PROD297,110,213.96
SOITEM00249,SO00087,PROD110,116,930.88
SOITEM00250,SO00087,PROD011,55,1380.35
SOITEM00251,SO00087,PROD318,84,738.15
SOITEM00252,SO00087,PROD217,36,487.55
SOITEM00253,SO00088,PROD381,15,179.0
SOITEM00254,SO00088,PROD166,71,590.1
SOITEM00255,SO00088,PROD253,96,874.11
SOITEM00256,SO00088,PROD231,91,1048.32
SOITEM00257,SO00088,PROD494,80,806.62
SOITEM00258,SO00088,PROD098,54,839.21
SOITEM00259,SO00088,PROD436,111,618.73
SOITEM00260,SO00089,PROD308,59,698.97
SOITEM00261,SO00089,PROD321,23,1229.41
SOITEM00262,SO00090,PROD024,15,649.2
SOITEM00263,SO00090,PROD285,60,653.85
SOITEM00264,SO00090,PROD064,143,1297.35
SOITEM00265,SO00090,PROD061,130,862.09
SOITEM00266,SO00091,PROD455,119,1079.54
SOITEM00267,SO00091,PROD018,132,671.51
SOITEM00268,SO00092,PROD421,137,1053.38
SOITEM00269,SO00093,PROD397,7,72.85
SOITEM00270,SO00093,PROD473,111,352.49
SOITEM00271,SO00093,PROD232,103,224.33
SOITEM00272,SO00094,PROD477,55,1211.96
SOITEM00273,SO00094,PROD103,27,420.13
SOITEM00274,SO00095,PROD110,21,930.88
SOITEM00275,SO00095,PROD116,51,1088.55
SOITEM00276,SO00095,PROD461,130,210.86
SOITEM00277,SO00095,PROD273,40,145.43
SOITEM00278,SO00096,PROD433,97,938.56
SOITEM00279,SO00096,PROD468,83,568.43
SOITEM00280,SO00096,PROD138,56,995.03
SOITEM00281,SO00096,PROD028,63,1322.93
SOITEM00282,SO00097,PROD308,67,698.97
SOITEM00283,SO00097,PROD267,136,693.98
SOITEM00284,SO00097,PROD136,77,486.56
SOITEM00285,SO00097,PROD245,68,932.89
SOITEM00286,SO00098,PROD092,137,392.62
SOITEM00287,SO00098,PROD189,8,383.37
SOITEM00288,SO00098,PROD370,28,305.22
SOITEM00289,SO00099,PROD480,110,967.75
SOITEM00290,SO00099,PROD189,44,383.37
SOITEM00291,SO00099,PROD267,9,693.98
SOITEM00292,SO00099,PROD145,14,414.97
SOITEM00293,SO00100,PROD084,7,1195.1
SOITEM00294,SO00101,PROD195,107,740.95
SOITEM00295,SO00101,PROD337,20,1315.07
SOITEM00296,SO00101,PROD275,33,491.51
SOITEM00297,SO00102,PROD354,17,1247.88
SOITEM00298,SO00102,PROD187,93,1251.4
SOITEM00299,SO00102,PROD182,29,345.97
SOITEM00300,SO00103,PROD474,101,828.38
SOITEM00301,SO00104,PROD198,40,220.57
SOITEM00302,SO00104,PROD406,80,455.97
SOITEM00303,SO00104,PROD215,83,846.19
SOITEM00304,SO00105,PROD362,70,1010.26
SOITEM00305,SO00105,PROD002,27,1680.23
SOITEM00306,SO00105,PROD424,27,446.5
SOITEM00307,SO00106,PROD455,105,1079.54
SOITEM00308,SO00106,PROD092,75,392.62
SOITEM00309,SO00106,PROD330,31,717.97
SOITEM00310,SO00106,PROD444,56,692.28
SOITEM00311,SO00107,PROD133,139,593.57
SOITEM00312,SO00107,PROD433,96,938.56
SOITEM00313,SO00107,PROD489,108,924.46
SOITEM00314,SO00108,PROD174,22,60.34
SOITEM00315,SO00108,PROD382,6,439.42
SOITEM00316,SO00108,PROD110,97,930.88
SOITEM00317,SO00108,PROD047,64,117.41
SOITEM00318,SO00108,PROD227,118,977.2
SOITEM00319,SO00108,PROD251,49,1241.42
SOITEM00320,SO00109,PROD458,55,671.32
SOITEM00321,SO00109,PROD107,70,760.64
SOITEM00322,SO00109,PROD255,54,91.9
SOITEM00323,SO00110,PROD038,20,1340.93
SOITEM00324,SO00110,PROD317,11,1115.3
SOITEM00325,SO00111,PROD087,10,382.43
SOITEM00326,SO00111,PROD129,23,726.96
SOITEM00327,SO00111,PROD091,38,836.23
SOITEM00328,SO00112,PROD493,39,314.62
SOITEM00329,SO00112,PROD204,100,134.39
SOITEM00330,SO00113,PROD242,133,651.23
SOITEM00331,SO00113,PROD152,84,1109.49
SOITEM00332,SO00113,PROD153,133,1158.97
SOITEM00333,SO00113,PROD057,78,1187.66
SOITEM00334,SO00113,PROD050,49,1340.67
SOITEM00335,SO00113,PROD067,28,1491.41
SOITEM00336,SO00113,PROD375,128,1156.42
SOITEM00337,SO00114,PROD394,43,1287.33
SOITEM00338,SO00115,PROD029,78,419.03
SOITEM00339,SO00115,PROD338,126,679.07
SOITEM00340,SO00115,PROD380,147,886.05
SOITEM00341,SO00116,PROD222,116,444.32
SOITEM00342,SO00116,PROD246,22,1511.76
SOITEM00343,SO00116,PROD057,111,1187.66
SOITEM00344,SO00117,PROD435,150,1222.59
SOITEM00345,SO00117,PROD258,24,461.24
SOITEM00346,SO00117,PROD322,44,975.89
SOITEM00347,SO00117,PROD384,103,1361.99
SOITEM00348,SO00117,PROD462,65,334.33
SOITEM00349,SO00118,PROD451,83,1215.34
SOITEM00350,SO00118,PROD305,27,404.92
SOITEM00351,SO00119,PROD303,59,845.11
SOITEM00352,SO00119,PROD239,55,694.49
SOITEM00353,SO00119,PROD123,16,471.66
SOITEM00354,SO00119,PROD448,138,1205.41
SOITEM00355,SO00120,PROD361,144,1008.28
SOITEM00356,SO00120,PROD141,97,1138.72
SOITEM00357,SO00120,PROD431,44,448.84
SOITEM00358,SO00120,PROD088,132,1348.83
SOITEM00359,SO00121,PROD341,64,1669.85
SOITEM00360,SO00122,PROD451,80,1215.34
SOITEM00361,SO00122,PROD108,103,38.13
SOITEM00362,SO00122,PROD413,71,887.22
SOITEM00363,SO00122,PROD338,128,679.07
SOITEM00364,SO00123,PROD063,8,1079.94
SOITEM00365,SO00123,PROD128,23,405.49
SOITEM00366,SO00123,PROD051,100,643.38
SOITEM00367,SO00123,PROD043,37,627.93
SOITEM00368,SO00124,PROD272,94,659.27
SOITEM00369,SO00124,PROD048,95,100.51
SOITEM00370,SO00125,PROD101,148,579.34
SOITEM00371,SO00125,PROD218,139,1120.53
SOITEM00372,SO00126,PROD283,65,922.05
SOITEM00373,SO00126,PROD089,100,708.42
SOITEM00374,SO00126,PROD119,30,106.06
SOITEM00375,SO00126,PROD076,23,182.76
SOITEM00376,SO00127,PROD085,49,816.42
SOITEM00377,SO00128,PROD408,120,1109.12
SOITEM00378,SO00128,PROD147,9,623.69
SOITEM00379,SO00128,PROD186,58,360.48
SOITEM00380,SO00129,PROD053,19,626.38
SOITEM00381,SO00130,PROD335,45,545.76
SOITEM00382,SO00130,PROD110,76,930.88
SOITEM00383,SO00130,PROD426,125,546.15
SOITEM00384,SO00131,PROD262,25,87.94
SOITEM00385,SO00131,PROD051,76,643.38
SOITEM00386,SO00131,PROD150,51,1019.28
SOITEM00387,SO00132,PROD487,92,541.19
SOITEM00388,SO00132,PROD142,75,1235.3
SOITEM00389,SO00132,PROD363,100,790.74
SOITEM00390,SO00133,PROD485,64,1226.75
SOITEM00391,SO00134,PROD209,72,857.85
SOITEM00392,SO00134,PROD174,134,60.34
SOITEM00393,SO00135,PROD047,149,117.41
SOITEM00394,SO00135,PROD491,23,136.1
SOITEM00395,SO00135,PROD428,112,1043.62
SOITEM00396,SO00135,PROD191,105,1024.15
SOITEM00397,SO00136,PROD326,28,68.46
SOITEM00398,SO00136,PROD345,117,782.66
SOITEM00399,SO00137,PROD079,18,1070.31
SOITEM00400,SO00137,PROD040,34,695.59
SOITEM00401,SO00137,PROD394,127,1287.33
SOITEM00402,SO00137,PROD111,28,1295.51
SOITEM00403,SO00137,PROD223,82,230.59
SOITEM00404,SO00138,PROD418,77,651.35
SOITEM00405,SO00138,PROD346,89,1325.55
SOITEM00406,SO00138,PROD065,56,595.07
SOITEM00407,SO00138,PROD311,30,776.52
SOITEM00408,SO00139,PROD197,79,1098.89
SOITEM00409,SO00139,PROD145,30,414.97
SOITEM00410,SO00139,PROD406,145,455.97
SOITEM00411,SO00140,PROD439,12,685.44
SOITEM00412,SO00140,PROD006,137,1039.67
SOITEM00413,SO00141,PROD414,8,1110.59
SOITEM00414,SO00142,PROD082,124,1118.92
SOITEM00415,SO00142,PROD010,106,158.98
SOITEM00416,SO00143,PROD020,143,710.42
SOITEM00417,SO00143,PROD441,114,433.21
SOITEM00418,SO00143,PROD323,89,536.07
SOITEM00419,SO00143,PROD316,25,756.92
SOITEM00420,SO00143,PROD238,62,88.48
SOITEM00421,SO00144,PROD500,138,790.4
SOITEM00422,SO00144,PROD434,122,1571.95
SOITEM00423,SO00144,PROD340,137,1164.05
SOITEM00424,SO00144,PROD473,24,352.49
SOITEM00425,SO00145,PROD300,35,731.42
SOITEM00426,SO00146,PROD452,115,614.75
SOITEM00427,SO00146,PROD165,125,668.55
SOITEM00428,SO00147,PROD221,144,494.14
SOITEM00429,SO00147,PROD253,141,874.11
SOITEM00430,SO00147,PROD416,89,1288.06
SOITEM00431,SO00147,PROD426,35,546.15
SOITEM00432,SO00148,PROD104,147,517.35
SOITEM00433,SO00148,PROD495,99,114.6
SOITEM00434,SO00149,PROD314,20,1602.76
SOITEM00435,SO00149,PROD154,21,1628.8
SOITEM00436,SO00150,PROD043,99,627.93
SOITEM00437,SO00150,PROD342,9,753.8
SOITEM00438,SO00151,PROD175,144,365.38
SOITEM00439,SO00151,PROD046,146,646.5
SOITEM00440,SO00151,PROD055,28,615.27
SOITEM00441,SO00152,PROD251,74,1241.42
SOITEM00442,SO00152,PROD103,135,420.13
SOITEM00443,SO00153,PROD358,108,769.81
SOITEM00444,SO00153,PROD130,110,466.72
SOITEM00445,SO00153,PROD315,120,477.79
SOITEM00446,SO00153,PROD459,100,671.8
SOITEM00447,SO00154,PROD163,40,1343.1
SOITEM00448,SO00154,PROD149,54,175.78
SOITEM00449,SO00154,PROD013,29,1004.23
SOITEM00450,SO00155,PROD352,103,1269.95
SOITEM00451,SO00156,PROD317,29,1115.3
SOITEM00452,SO00156,PROD177,61,297.71
SOITEM00453,SO00156,PROD237,95,1026.87
SOITEM00454,SO00157,PROD281,42,882.78
SOITEM00455,SO00157,PROD150,48,1019.28
SOITEM00456,SO00157,PROD178,74,251.85
SOITEM00457,SO00157,PROD034,20,710.46
SOITEM00458,SO00157,PROD321,49,1229.41
SOITEM00459,SO00158,PROD479,53,710.31
SOITEM00460,SO00158,PROD275,16,491.51
SOITEM00461,SO00158,PROD315,56,477.79
SOITEM00462,SO00159,PROD239,75,694.49
SOITEM00463,SO00159,PROD201,5,258.6
SOITEM00464,SO00159,PROD486,106,81.21
SOITEM00465,SO00159,PROD423,52,1272.27
SOITEM00466,SO00159,PROD027,113,523.24
SOITEM00467,SO00160,PROD179,96,587.83
SOITEM00468,SO00160,PROD400,56,733.96
SOITEM00469,SO00160,PROD487,118,541.19
SOITEM00470,SO00160,PROD291,114,348.49
SOITEM00471,SO00161,PROD290,38,150.88
SOITEM00472,SO00161,PROD282,117,267.32
SOITEM00473,SO00161,PROD439,39,685.44
SOITEM00474,SO00161,PROD185,15,78.88
SOITEM00475,SO00161,PROD103,115,420.13
SOITEM00476,SO00161,PROD093,106,787.77
SOITEM00477,SO00161,PROD367,123,698.04
SOITEM00478,SO00161,PROD228,99,1114.81
SOITEM00479,SO00162,PROD008,132,1090.21
SOITEM00480,SO00162,PROD187,59,1251.4
SOITEM00481,SO00163,PROD342,70,753.8
SOITEM00482,SO00163,PROD124,100,658.32
SOITEM00483,SO00163,PROD242,20,651.23
SOITEM00484,SO00163,PROD397,134,72.85
SOITEM00485,SO00164,PROD368,40,1015.99
SOITEM00486,SO00164,PROD206,149,1118.26
SOITEM00487,SO00164,PROD288,71,1233.87
SOITEM00488,SO00165,PROD143,112,280.77
SOITEM00489,SO00165,PROD483,129,672.5
SOITEM00490,SO00166,PROD369,26,751.92
SOITEM00491,SO00166,PROD318,22,738.15
SOITEM00492,SO00166,PROD392,114,1608.86
SOITEM00493,SO00167,PROD356,12,85.93
SOITEM00494,SO00167,PROD316,14,756.92
SOITEM00495,SO00167,PROD268,73,1114.89
SOITEM00496,SO00167,PROD400,119,733.96
SOITEM00497,SO00168,PROD286,48,1182.9
SOITEM00498,SO00169,PROD250,148,976.03
SOITEM00499,SO00169,PROD002,117,1680.23
SOITEM00500,SO00169,PROD393,126,663.76
SOITEM00501,SO00170,PROD087,81,382.43
SOITEM00502,SO00171,PROD128,16,405.49
SOITEM00503,SO00171,PROD045,37,157.89
SOITEM00504,SO00172,PROD012,59,1613.13
SOITEM00505,SO00172,PROD459,108,671.8
SOITEM00506,SO00173,PROD019,92,158.03
SOITEM00507,SO00173,PROD302,72,268.83
SOITEM00508,SO00173,PROD095,42,200.83
SOITEM00509,SO00174,PROD111,136,1295.51
SOITEM00510,SO00174,PROD056,36,904.05
SOITEM00511,SO00174,PROD355,144,437.91
SOITEM00512,SO00174,PROD442,20,1012.49
SOITEM00513,SO00175,PROD469,121,1205.87
SOITEM00514,SO00176,PROD282,60,267.32
SOITEM00515,SO00177,PROD158,38,1327.01
SOITEM00516,SO00177,PROD177,131,297.71
SOITEM00517,SO00177,PROD013,96,1004.23
SOITEM00518,SO00177,PROD405,144,53.91
SOITEM00519,SO00177,PROD443,106,556.93
SOITEM00520,SO00177,PROD282,137,267.32
SOITEM00521,SO00178,PROD492,81,1562.48
SOITEM00522,SO00178,PROD253,111,874.11
SOITEM00523,SO00178,PROD144,117,1097.61
SOITEM00524,SO00178,PROD260,71,685.07
SOITEM00525,SO00178,PROD283,144,922.05
SOITEM00526,SO00179,PROD405,70,53.91
SOITEM00527,SO00179,PROD276,47,254.24
SOITEM00528,SO00179,PROD205,90,383.51
SOITEM00529,SO00180,PROD048,129,100.51
SOITEM00530,SO00180,PROD478,79,852.64
SOITEM00531,SO00180,PROD357,40,1000.2
SOITEM00532,SO00181,PROD460,18,139.11
SOITEM00533,SO00181,PROD411,109,1278.66
SOITEM00534,SO00181,PROD153,116,1158.97
SOITEM00535,SO00182,PROD177,26,297.71
SOITEM00536,SO00182,PROD014,22,318.73
SOITEM00537,SO00183,PROD410,34,97.05
SOITEM00538,SO00183,PROD327,146,117.75
SOITEM00539,SO00183,PROD139,31,241.64
SOITEM00540,SO00184,PROD204,10,134.39
SOITEM00541,SO00184,PROD092,107,392.62
SOITEM00542,SO00184,PROD379,46,1377.02
SOITEM00543,SO00184,PROD052,109,594.73
SOITEM00544,SO00185,PROD139,9,241.64
SOITEM00545,SO00185,PROD241,45,876.44
SOITEM00546,SO00185,PROD093,17,787.77
SOITEM00547,SO00185,PROD375,102,1156.42
SOITEM00548,SO00186,PROD413,38,887.22
SOITEM00549,SO00186,PROD018,76,671.51
SOITEM00550,SO00187,PROD383,81,541.16
SOITEM00551,SO00188,PROD360,104,17.56
SOITEM00552,SO00189,PROD202,75,976.76
SOITEM00553,SO00189,PROD382,122,439.42
SOITEM00554,SO00189,PROD064,40,1297.35
SOITEM00555,SO00189,PROD363,130,790.74
SOITEM00556,SO00189,PROD474,58,828.38
SOITEM00557,SO00189,PROD252,22,1563.98
SOITEM00558,SO00189,PROD089,139,708.42
SOITEM00559,SO00190,PROD223,73,230.59
SOITEM00560,SO00190,PROD469,104,1205.87
SOITEM00561,SO00190,PROD025,41,389.26
SOITEM00562,SO00190,PROD159,9,1098.12
SOITEM00563,SO00191,PROD182,24,345.97
SOITEM00564,SO00191,PROD244,116,128.7
SOITEM00565,SO00191,PROD038,127,1340.93
SOITEM00566,SO00191,PROD296,56,1262.57
SOITEM00567,SO00192,PROD131,28,582.87
SOITEM00568,SO00192,PROD075,30,908.01
SOITEM00569,SO00193,PROD040,102,695.59
SOITEM00570,SO00193,PROD443,84,556.93
SOITEM00571,SO00193,PROD119,38,106.06
SOITEM00572,SO00193,PROD495,7,114.6
SOITEM00573,SO00193,PROD224,131,67.1
SOITEM00574,SO00194,PROD150,61,1019.28
SOITEM00575,SO00194,PROD089,72,708.42
SOITEM00576,SO00194,PROD237,41,1026.87
SOITEM00577,SO00194,PROD059,81,745.03
SOITEM00578,SO00195,PROD343,39,580.3
SOITEM00579,SO00195,PROD292,37,346.04
SOITEM00580,SO00196,PROD417,112,1285.07
SOITEM00581,SO00196,PROD389,79,939.57
SOITEM00582,SO00196,PROD050,17,1340.67
SOITEM00583,SO00197,PROD293,72,921.24
SOITEM00584,SO00197,PROD185,35,78.88
SOITEM00585,SO00197,PROD422,73,1631.47
SOITEM00586,SO00197,PROD084,61,1195.1
SOITEM00587,SO00198,PROD158,109,1327.01
SOITEM00588,SO00199,PROD041,28,1345.28
SOITEM00589,SO00199,PROD417,40,1285.07
SOITEM00590,SO00199,PROD257,16,314.51
SOITEM00591,SO00199,PROD022,103,225.56
SOITEM00592,SO00199,PROD431,58,448.84
SOITEM00593,SO00200,PROD326,127,68.46
SOITEM00594,SO00201,PROD459,108,671.8
SOITEM00595,SO00202,PROD338,113,679.07
SOITEM00596,SO00203,PROD131,28,582.87
SOITEM00597,SO00203,PROD494,61,806.62
SOITEM00598,SO00203,PROD295,82,226.63
SOITEM00599,SO00204,PROD392,76,1608.86
SOITEM00600,SO00204,PROD402,8,456.95
SOITEM00601,SO00204,PROD372,59,630.0
SOITEM00602,SO00205,PROD057,70,1187.66
SOITEM00603,SO00205,PROD217,95,487.55
SOITEM00604,SO00205,PROD360,56,17.56
SOITEM00605,SO00206,PROD147,35,623.69
SOITEM00606,SO00206,PROD354,83,1247.88
SOITEM00607,SO00206,PROD325,107,1272.26
SOITEM00608,SO00206,PROD069,29,1166.98
SOITEM00609,SO00207,PROD099,15,370.78
SOITEM00610,SO00207,PROD162,18,28.52
SOITEM00611,SO00207,PROD484,90,1421.85
SOITEM00612,SO00207,PROD318,133,738.15
SOITEM00613,SO00208,PROD217,79,487.55
SOITEM00614,SO00208,PROD188,107,575.31
SOITEM00615,SO00208,PROD039,19,455.23
SOITEM00616,SO00209,PROD465,128,945.03
SOITEM00617,SO00209,PROD117,110,276.44
SOITEM00618,SO00210,PROD385,122,462.64
SOITEM00619,SO00210,PROD017,142,704.27
SOITEM00620,SO00210,PROD019,60,158.03
SOITEM00621,SO00210,PROD165,70,668.55
SOITEM00622,SO00211,PROD184,89,43.16
SOITEM00623,SO00211,PROD019,20,158.03
SOITEM00624,SO00212,PROD140,100,949.14
SOITEM00625,SO00213,PROD020,37,710.42
SOITEM00626,SO00214,PROD496,16,782.95
SOITEM00627,SO00214,PROD373,148,1408.52
SOITEM00628,SO00214,PROD077,90,862.64
SOITEM00629,SO00215,PROD052,29,594.73
SOITEM00630,SO00215,PROD075,97,908.01
SOITEM00631,SO00215,PROD406,91,455.97
SOITEM00632,SO00215,PROD388,96,793.41
SOITEM00633,SO00215,PROD358,99,769.81
SOITEM00634,SO00215,PROD429,49,101.2
SOITEM00635,SO00216,PROD225,60,1254.65
SOITEM00636,SO00216,PROD057,102,1187.66
SOITEM00637,SO00216,PROD222,16,444.32
SOITEM00638,SO00216,PROD201,35,258.6
SOITEM00639,SO00216,PROD174,144,60.34
SOITEM00640,SO00216,PROD166,27,590.1
SOITEM00641,SO00217,PROD067,16,1491.41
SOITEM00642,SO00217,PROD281,68,882.78
SOITEM00643,SO00218,PROD103,23,420.13
SOITEM00644,SO00218,PROD204,78,134.39
SOITEM00645,SO00219,PROD241,23,876.44
SOITEM00646,SO00219,PROD297,112,213.96
SOITEM00647,SO00219,PROD080,91,923.6
SOITEM00648,SO00220,PROD448,80,1205.41
SOITEM00649,SO00220,PROD033,109,811.2
SOITEM00650,SO00220,PROD051,146,643.38
SOITEM00651,SO00221,PROD061,65,862.09
SOITEM00652,SO00221,PROD253,127,874.11
SOITEM00653,SO00222,PROD280,70,1166.65
SOITEM00654,SO00222,PROD427,94,566.06
SOITEM00655,SO00222,PROD392,15,1608.86
SOITEM00656,SO00223,PROD300,62,731.42
SOITEM00657,SO00223,PROD307,27,224.9
SOITEM00658,SO00223,PROD204,55,134.39
SOITEM00659,SO00223,PROD475,32,622.41
SOITEM00660,SO00223,PROD237,43,1026.87
SOITEM00661,SO00224,PROD460,55,139.11
SOITEM00662,SO00224,PROD440,70,754.74
SOITEM00663,SO00224,PROD095,102,200.83
SOITEM00664,SO00224,PROD159,102,1098.12
SOITEM00665,SO00225,PROD492,101,1562.48
SOITEM00666,SO00225,PROD104,50,517.35
SOITEM00667,SO00225,PROD473,25,352.49
SOITEM00668,SO00225,PROD356,90,85.93
SOITEM00669,SO00225,PROD413,63,887.22
SOITEM00670,SO00226,PROD391,5,1014.36
SOITEM00671,SO00226,PROD197,24,1098.89
SOITEM00672,SO00227,PROD058,146,1345.87
SOITEM00673,SO00227,PROD357,75,1000.2
SOITEM00674,SO00227,PROD068,147,1350.64
SOITEM00675,SO00227,PROD005,77,932.3
SOITEM00676,SO00227,PROD176,70,66.66
SOITEM00677,SO00228,PROD103,20,420.13
SOITEM00678,SO00228,PROD218,12,1120.53
SOITEM00679,SO00229,PROD436,53,618.73
SOITEM00680,SO00229,PROD351,99,407.92
SOITEM00681,SO00230,PROD466,118,1181.87
SOITEM00682,SO00230,PROD319,94,70.29
SOITEM00683,SO00230,PROD141,33,1138.72
SOITEM00684,SO00230,PROD033,133,811.2
SOITEM00685,SO00231,PROD180,142,941.04
SOITEM00686,SO00231,PROD198,41,220.57
SOITEM00687,SO00231,PROD189,91,383.37
SOITEM00688,SO00232,PROD123,101,471.66
SOITEM00689,SO00232,PROD260,27,685.07
SOITEM00690,SO00232,PROD219,41,610.84
SOITEM00691,SO00232,PROD286,55,1182.9
SOITEM00692,SO00233,PROD267,91,693.98
SOITEM00693,SO00233,PROD250,6,976.03
SOITEM00694,SO00233,PROD313,127,1083.11
SOITEM00695,SO00233,PROD002,57,1680.23
SOITEM00696,SO00233,PROD473,15,352.49
SOITEM00697,SO00234,PROD444,149,692.28
SOITEM00698,SO00234,PROD066,69,147.63
SOITEM00699,SO00235,PROD198,68,220.57
SOITEM00700,SO00235,PROD408,104,1109.12
SOITEM00701,SO00236,PROD468,108,568.43
SOITEM00702,SO00236,PROD473,50,352.49
SOITEM00703,SO00236,PROD110,137,930.88
SOITEM00704,SO00237,PROD235,83,1700.42
SOITEM00705,SO00237,PROD172,130,415.49
SOITEM00706,SO00238,PROD043,53,627.93
SOITEM00707,SO00238,PROD148,63,35.33
SOITEM00708,SO00238,PROD101,150,579.34
SOITEM00709,SO00238,PROD435,71,1222.59
SOITEM00710,SO00238,PROD364,46,49.06
SOITEM00711,SO00238,PROD184,118,43.16
SOITEM00712,SO00239,PROD273,35,145.43
SOITEM00713,SO00239,PROD455,94,1079.54
SOITEM00714,SO00239,PROD262,111,87.94
SOITEM00715,SO00240,PROD151,123,179.05
SOITEM00716,SO00240,PROD028,77,1322.93
SOITEM00717,SO00240,PROD090,83,604.66
SOITEM00718,SO00240,PROD285,122,653.85
SOITEM00719,SO00241,PROD278,57,364.44
SOITEM00720,SO00241,PROD041,66,1345.28
SOITEM00721,SO00242,PROD434,44,1571.95
SOITEM00722,SO00242,PROD302,73,268.83
SOITEM00723,SO00243,PROD456,16,653.87
SOITEM00724,SO00243,PROD167,108,1146.21
SOITEM00725,SO00243,PROD397,144,72.85
SOITEM00726,SO00244,PROD303,104,845.11
SOITEM00727,SO00244,PROD410,11,97.05
SOITEM00728,SO00244,PROD115,105,1294.8
SOITEM00729,SO00244,PROD342,42,753.8
SOITEM00730,SO00245,PROD076,33,182.76
SOITEM00731,SO00245,PROD118,40,405.84
SOITEM00732,SO00246,PROD337,70,1315.07
SOITEM00733,SO00246,PROD242,97,651.23
SOITEM00734,SO00246,PROD143,112,280.77
SOITEM00735,SO00246,PROD182,8,345.97
SOITEM00736,SO00247,PROD326,143,68.46
SOITEM00737,SO00247,PROD430,110,1060.12
SOITEM00738,SO00248,PROD299,126,529.69
SOITEM00739,SO00248,PROD094,84,248.06
SOITEM00740,SO00249,PROD329,77,344.07
SOITEM00741,SO00249,PROD212,138,427.61
SOITEM00742,SO00249,PROD151,38,179.05
SOITEM00743,SO00249,PROD165,122,668.55
SOITEM00744,SO00250,PROD042,36,239.5
SOITEM00745,SO00250,PROD488,72,817.03
SOITEM00746,SO00251,PROD153,84,1158.97
SOITEM00747,SO00252,PROD050,77,1340.67
SOITEM00748,SO00252,PROD062,84,364.93
SOITEM00749,SO00252,PROD278,16,364.44
SOITEM00750,SO00252,PROD258,34,461.24
SOITEM00751,SO00253,PROD091,55,836.23
SOITEM00752,SO00253,PROD496,27,782.95
SOITEM00753,SO00254,PROD242,41,651.23
SOITEM00754,SO00254,PROD333,95,559.55
SOITEM00755,SO00255,PROD340,137,1164.05
SOITEM00756,SO00256,PROD499,134,197.97
SOITEM00757,SO00256,PROD061,12,862.09
SOITEM00758,SO00256,PROD328,72,1354.07
SOITEM00759,SO00256,PROD413,97,887.22
SOITEM00760,SO00257,PROD475,143,622.41
SOITEM00761,SO00258,PROD060,32,670.1
SOITEM00762,SO00258,PROD083,127,874.47
SOITEM00763,SO00259,PROD228,100,1114.81
SOITEM00764,SO00259,PROD477,113,1211.96
SOITEM00765,SO00260,PROD176,133,66.66
SOITEM00766,SO00260,PROD064,60,1297.35
SOITEM00767,SO00260,PROD437,125,1348.75
SOITEM00768,SO00261,PROD084,36,1195.1
SOITEM00769,SO00261,PROD099,46,370.78
SOITEM00770,SO00261,PROD443,97,556.93
SOITEM00771,SO00261,PROD233,10,1163.32
SOITEM00772,SO00261,PROD391,101,1014.36
SOITEM00773,SO00262,PROD490,40,1641.02
SOITEM00774,SO00263,PROD264,66,576.49
SOITEM00775,SO00263,PROD062,118,364.93
SOITEM00776,SO00263,PROD400,89,733.96
SOITEM00777,SO00264,PROD094,43,248.06
SOITEM00778,SO00264,PROD360,72,17.56
SOITEM00779,SO00264,PROD136,13,486.56
SOITEM00780,SO00264,PROD192,98,1361.16
SOITEM00781,SO00265,PROD120,97,158.19
SOITEM00782,SO00265,PROD421,21,1053.38
SOITEM00783,SO00265,PROD392,150,1608.86
SOITEM00784,SO00266,PROD398,96,1174.48
SOITEM00785,SO00267,PROD314,128,1602.76
SOITEM00786,SO00267,PROD225,13,1254.65
SOITEM00787,SO00268,PROD283,86,922.05
SOITEM00788,SO00268,PROD146,85,561.24
SOITEM00789,SO00268,PROD182,77,345.97
SOITEM00790,SO00268,PROD287,39,206.98
SOITEM00791,SO00269,PROD374,120,337.05
SOITEM00792,SO00269,PROD258,50,461.24
SOITEM00793,SO00269,PROD372,33,630.0
SOITEM00794,SO00270,PROD230,98,678.56
SOITEM00795,SO00270,PROD123,65,471.66
SOITEM00796,SO00270,PROD128,121,405.49
SOITEM00797,SO00271,PROD111,57,1295.51
SOITEM00798,SO00271,PROD075,18,908.01
SOITEM00799,SO00272,PROD312,96,448.06
SOITEM00800,SO00272,PROD500,127,790.4
SOITEM00801,SO00272,PROD441,115,433.21
SOITEM00802,SO00272,PROD377,53,829.67
SOITEM00803,SO00272,PROD182,38,345.97
SOITEM00804,SO00273,PROD438,23,981.89
SOITEM00805,SO00273,PROD212,94,427.61
SOITEM00806,SO00273,PROD065,113,595.07
SOITEM00807,SO00274,PROD408,101,1109.12
SOITEM00808,SO00274,PROD286,57,1182.9
SOITEM00809,SO00274,PROD379,132,1377.02
SOITEM00810,SO00275,PROD330,105,717.97
SOITEM00811,SO00275,PROD009,67,446.24
SOITEM00812,SO00275,PROD109,137,294.07
SOITEM00813,SO00275,PROD212,114,427.61
SOITEM00814,SO00276,PROD321,34,1229.41
SOITEM00815,SO00276,PROD262,121,87.94
SOITEM00816,SO00276,PROD233,90,1163.32
SOITEM00817,SO00276,PROD424,133,446.5
SOITEM00818,SO00277,PROD116,22,1088.55
SOITEM00819,SO00277,PROD496,141,782.95
SOITEM00820,SO00278,PROD167,125,1146.21
SOITEM00821,SO00278,PROD094,104,248.06
SOITEM00822,SO00278,PROD096,36,1145.68
SOITEM00823,SO00278,PROD260,119,685.07
SOITEM00824,SO00278,PROD264,45,576.49
SOITEM00825,SO00279,PROD006,28,1039.67
SOITEM00826,SO00279,PROD126,5,374.01
SOITEM00827,SO00279,PROD450,100,699.65
SOITEM00828,SO00279,PROD151,148,179.05
SOITEM00829,SO00280,PROD271,12,854.18
SOITEM00830,SO00280,PROD231,65,1048.32
SOITEM00831,SO00281,PROD302,149,268.83
SOITEM00832,SO00281,PROD138,118,995.03
SOITEM00833,SO00281,PROD344,71,1487.38
SOITEM00834,SO00282,PROD245,114,932.89
SOITEM00835,SO00282,PROD026,73,693.39
SOITEM00836,SO00283,PROD411,23,1278.66
SOITEM00837,SO00283,PROD495,49,114.6
SOITEM00838,SO00283,PROD355,87,437.91
SOITEM00839,SO00283,PROD243,63,1157.77
SOITEM00840,SO00284,PROD050,89,1340.67
SOITEM00841,SO00284,PROD167,90,1146.21
SOITEM00842,SO00285,PROD016,52,1166.68
SOITEM00843,SO00285,PROD406,18,455.97
SOITEM00844,SO00285,PROD071,34,915.07
SOITEM00845,SO00285,PROD486,97,81.21
SOITEM00846,SO00285,PROD225,146,1254.65
SOITEM00847,SO00285,PROD287,21,206.98
SOITEM00848,SO00286,PROD499,63,197.97
SOITEM00849,SO00287,PROD394,87,1287.33
SOITEM00850,SO00287,PROD223,36,230.59
SOITEM00851,SO00287,PROD327,95,117.75
SOITEM00852,SO00288,PROD168,19,852.73
SOITEM00853,SO00288,PROD406,145,455.97
SOITEM00854,SO00288,PROD395,149,314.97
SOITEM00855,SO00289,PROD039,60,455.23
SOITEM00856,SO00289,PROD463,129,606.23
SOITEM00857,SO00289,PROD380,103,886.05
SOITEM00858,SO00289,PROD440,103,754.74
SOITEM00859,SO00290,PROD197,18,1098.89
SOITEM00860,SO00290,PROD391,92,1014.36
SOITEM00861,SO00290,PROD006,20,1039.67
SOITEM00862,SO00290,PROD220,112,822.57
SOITEM00863,SO00291,PROD277,75,1103.6
SOITEM00864,SO00291,PROD118,10,405.84
SOITEM00865,SO00291,PROD092,29,392.62
SOITEM00866,SO00291,PROD283,80,922.05
SOITEM00867,SO00292,PROD011,56,1380.35
SOITEM00868,SO00292,PROD140,137,949.14
SOITEM00869,SO00293,PROD116,115,1088.55
SOITEM00870,SO00293,PROD052,32,594.73
SOITEM00871,SO00293,PROD233,94,1163.32
SOITEM00872,SO00293,PROD098,96,839.21
SOITEM00873,SO00293,PROD379,45,1377.02
SOITEM00874,SO00293,PROD075,44,908.01
SOITEM00875,SO00293,PROD443,79,556.93
SOITEM00876,SO00293,PROD149,25,175.78
SOITEM00877,SO00294,PROD151,31,179.05
SOITEM00878,SO00294,PROD450,40,699.65
SOITEM00879,SO00294,PROD283,111,922.05
SOITEM00880,SO00294,PROD422,145,1631.47
SOITEM00881,SO00295,PROD277,49,1103.6
SOITEM00882,SO00295,PROD357,125,1000.2
SOITEM00883,SO00295,PROD113,66,216.05
SOITEM00884,SO00295,PROD168,142,852.73
SOITEM00885,SO00295,PROD485,57,1226.75
SOITEM00886,SO00295,PROD326,109,68.46
SOITEM00887,SO00296,PROD014,109,318.73
SOITEM00888,SO00296,PROD367,73,698.04
SOITEM00889,SO00296,PROD475,88,622.41
SOITEM00890,SO00297,PROD027,60,523.24
SOITEM00891,SO00298,PROD291,114,348.49
SOITEM00892,SO00298,PROD341,89,1669.85
SOITEM00893,SO00298,PROD302,149,268.83
SOITEM00894,SO00299,PROD383,70,541.16
SOITEM00895,SO00299,PROD130,60,466.72
SOITEM00896,SO00299,PROD446,6,167.07
SOITEM00897,SO00299,PROD132,123,1113.2
SOITEM00898,SO00300,PROD233,133,1163.32
SOITEM00899,SO00300,PROD440,72,754.74
SOITEM00900,SO00300,PROD426,69,546.15
SOITEM00901,SO00301,PROD413,64,887.22
SOITEM00902,SO00301,PROD087,19,382.43
SOITEM00903,SO00302,PROD450,84,699.65
SOITEM00904,SO00303,PROD017,43,704.27
SOITEM00905,SO00303,PROD335,147,545.76
SOITEM00906,SO00304,PROD260,68,685.07
SOITEM00907,SO00305,PROD017,144,704.27
SOITEM00908,SO00305,PROD262,143,87.94
SOITEM00909,SO00305,PROD038,29,1340.93
SOITEM00910,SO00305,PROD402,61,456.95
SOITEM00911,SO00306,PROD023,77,218.64
SOITEM00912,SO00307,PROD358,69,769.81
SOITEM00913,SO00307,PROD404,70,314.33
SOITEM00914,SO00308,PROD432,94,690.84
SOITEM00915,SO00308,PROD345,108,782.66
SOITEM00916,SO00308,PROD069,125,1166.98
SOITEM00917,SO00309,PROD349,89,1436.79
SOITEM00918,SO00309,PROD403,24,964.43
SOITEM00919,SO00310,PROD140,38,949.14
SOITEM00920,SO00310,PROD186,107,360.48
SOITEM00921,SO00310,PROD372,95,630.0
SOITEM00922,SO00311,PROD209,49,857.85
SOITEM00923,SO00311,PROD175,7,365.38
SOITEM00924,SO00311,PROD183,5,1162.93
SOITEM00925,SO00311,PROD046,6,646.5
SOITEM00926,SO00311,PROD154,141,1628.8
SOITEM00927,SO00311,PROD413,136,887.22
SOITEM00928,SO00311,PROD223,143,230.59
SOITEM00929,SO00312,PROD216,32,202.05
SOITEM00930,SO00312,PROD153,83,1158.97
SOITEM00931,SO00312,PROD382,66,439.42
SOITEM00932,SO00313,PROD092,88,392.62
SOITEM00933,SO00313,PROD260,114,685.07
SOITEM00934,SO00313,PROD189,53,383.37
SOITEM00935,SO00314,PROD119,78,106.06
SOITEM00936,SO00314,PROD182,142,345.97
SOITEM00937,SO00315,PROD477,56,1211.96
SOITEM00938,SO00315,PROD253,41,874.11
SOITEM00939,SO00316,PROD346,15,1325.55
SOITEM00940,SO00316,PROD312,65,448.06
SOITEM00941,SO00316,PROD370,119,305.22
SOITEM00942,SO00317,PROD050,48,1340.67
SOITEM00943,SO00317,PROD005,86,932.3
SOITEM00944,SO00318,PROD164,61,111.31
SOITEM00945,SO00319,PROD059,22,745.03
SOITEM00946,SO00319,PROD356,80,85.93
SOITEM00947,SO00319,PROD178,75,251.85
SOITEM00948,SO00320,PROD473,115,352.49
SOITEM00949,SO00320,PROD420,126,932.93
SOITEM00950,SO00321,PROD319,138,70.29
SOITEM00951,SO00321,PROD417,142,1285.07
SOITEM00952,SO00321,PROD427,25,566.06
SOITEM00953,SO00322,PROD050,17,1340.67
SOITEM00954,SO00322,PROD388,117,793.41
SOITEM00955,SO00322,PROD478,101,852.64
SOITEM00956,SO00323,PROD342,98,753.8
SOITEM00957,SO00323,PROD393,86,663.76
SOITEM00958,SO00323,PROD296,142,1262.57
SOITEM00959,SO00324,PROD024,62,649.2
SOITEM00960,SO00324,PROD129,117,726.96
SOITEM00961,SO00324,PROD074,124,1276.05
SOITEM00962,SO00324,PROD189,109,383.37
SOITEM00963,SO00325,PROD367,100,698.04
SOITEM00964,SO00325,PROD128,74,405.49
SOITEM00965,SO00325,PROD068,105,1350.64
SOITEM00966,SO00325,PROD431,102,448.84
SOITEM00967,SO00326,PROD004,145,1203.62
SOITEM00968,SO00326,PROD091,125,836.23
SOITEM00969,SO00327,PROD108,97,38.13
SOITEM00970,SO00327,PROD282,121,267.32
SOITEM00971,SO00327,PROD015,34,351.11
SOITEM00972,SO00328,PROD498,116,1441.23
SOITEM00973,SO00328,PROD418,51,651.35
SOITEM00974,SO00328,PROD461,103,210.86
SOITEM00975,SO00329,PROD394,63,1287.33
SOITEM00976,SO00329,PROD353,72,506.01
SOITEM00977,SO00329,PROD093,48,787.77
SOITEM00978,SO00329,PROD245,139,932.89
SOITEM00979,SO00330,PROD204,105,134.39
SOITEM00980,SO00330,PROD278,5,364.44
SOITEM00981,SO00330,PROD167,108,1146.21
SOITEM00982,SO00330,PROD379,134,1377.02
SOITEM00983,SO00330,PROD352,139,1269.95
SOITEM00984,SO00330,PROD150,89,1019.28
SOITEM00985,SO00330,PROD149,134,175.78
SOITEM00986,SO00331,PROD037,63,1311.32
SOITEM00987,SO00331,PROD320,53,1145.37
SOITEM00988,SO00331,PROD040,13,695.59
SOITEM00989,SO00331,PROD344,76,1487.38
SOITEM00990,SO00332,PROD167,141,1146.21
SOITEM00991,SO00332,PROD108,93,38.13
SOITEM00992,SO00332,PROD154,111,1628.8
SOITEM00993,SO00332,PROD491,69,136.1
SOITEM00994,SO00333,PROD160,84,746.32
SOITEM00995,SO00333,PROD213,79,915.33
SOITEM00996,SO00333,PROD087,29,382.43
SOITEM00997,SO00333,PROD133,108,593.57
SOITEM00998,SO00333,PROD013,60,1004.23
SOITEM00999,SO00334,PROD386,129,559.89
SOITEM01000,SO00334,PROD148,19,35.33
SOITEM01001,SO00334,PROD432,18,690.84
SOITEM01002,SO00334,PROD049,20,1093.93
SOITEM01003,SO00335,PROD132,117,1113.2
SOITEM01004,SO00335,PROD500,73,790.4
SOITEM01005,SO00335,PROD429,37,101.2
SOITEM01006,SO00335,PROD452,34,614.75
SOITEM01007,SO00336,PROD412,100,1313.15
SOITEM01008,SO00336,PROD448,133,1205.41
SOITEM01009,SO00336,PROD345,11,782.66
SOITEM01010,SO00336,PROD203,142,294.21
SOITEM01011,SO00336,PROD011,88,1380.35
SOITEM01012,SO00337,PROD068,29,1350.64
SOITEM01013,SO00337,PROD371,132,548.86
SOITEM01014,SO00337,PROD287,18,206.98
SOITEM01015,SO00338,PROD225,20,1254.65
SOITEM01016,SO00338,PROD415,127,291.45
SOITEM01017,SO00338,PROD073,89,800.29
SOITEM01018,SO00338,PROD142,65,1235.3
SOITEM01019,SO00338,PROD077,9,862.64
SOITEM01020,SO00338,PROD487,148,541.19
SOITEM01021,SO00339,PROD078,113,1530.22
SOITEM01022,SO00339,PROD195,105,740.95
SOITEM01023,SO00339,PROD428,118,1043.62
SOITEM01024,SO00340,PROD357,116,1000.2
SOITEM01025,SO00340,PROD492,20,1562.48
SOITEM01026,SO00340,PROD403,27,964.43
SOITEM01027,SO00341,PROD271,100,854.18
SOITEM01028,SO00342,PROD035,104,985.83
SOITEM01029,SO00342,PROD365,94,732.48
SOITEM01030,SO00342,PROD150,22,1019.28
SOITEM01031,SO00342,PROD354,116,1247.88
SOITEM01032,SO00343,PROD492,21,1562.48
SOITEM01033,SO00343,PROD057,86,1187.66
SOITEM01034,SO00343,PROD074,41,1276.05
SOITEM01035,SO00343,PROD226,108,551.23
SOITEM01036,SO00344,PROD241,115,876.44
SOITEM01037,SO00344,PROD031,134,1253.99
SOITEM01038,SO00344,PROD341,66,1669.85
SOITEM01039,SO00344,PROD300,126,731.42
SOITEM01040,SO00345,PROD224,143,67.1
SOITEM01041,SO00345,PROD131,85,582.87
SOITEM01042,SO00346,PROD113,88,216.05
SOITEM01043,SO00346,PROD069,146,1166.98
SOITEM01044,SO00347,PROD130,28,466.72
SOITEM01045,SO00347,PROD284,63,1138.02
SOITEM01046,SO00348,PROD496,66,782.95
SOITEM01047,SO00348,PROD492,103,1562.48
SOITEM01048,SO00349,PROD472,34,887.42
SOITEM01049,SO00349,PROD201,90,258.6
SOITEM01050,SO00349,PROD291,67,348.49
SOITEM01051,SO00350,PROD123,25,471.66
SOITEM01052,SO00350,PROD004,142,1203.62
SOITEM01053,SO00350,PROD176,132,66.66
SOITEM01054,SO00350,PROD285,102,653.85
SOITEM01055,SO00350,PROD404,47,314.33
SOITEM01056,SO00350,PROD488,77,817.03
SOITEM01057,SO00351,PROD048,12,100.51
SOITEM01058,SO00352,PROD467,21,642.67
SOITEM01059,SO00352,PROD480,93,967.75
SOITEM01060,SO00352,PROD360,134,17.56
SOITEM01061,SO00353,PROD271,56,854.18
SOITEM01062,SO00354,PROD167,33,1146.21
SOITEM01063,SO00354,PROD099,81,370.78
SOITEM01064,SO00354,PROD220,96,822.57
SOITEM01065,SO00354,PROD198,9,220.57
SOITEM01066,SO00355,PROD246,19,1511.76
SOITEM01067,SO00355,PROD287,63,206.98
SOITEM01068,SO00355,PROD186,123,360.48
SOITEM01069,SO00355,PROD448,82,1205.41
SOITEM01070,SO00356,PROD039,21,455.23
SOITEM01071,SO00356,PROD091,77,836.23
SOITEM01072,SO00356,PROD174,47,60.34
SOITEM01073,SO00357,PROD494,139,806.62
SOITEM01074,SO00357,PROD483,25,672.5
SOITEM01075,SO00357,PROD472,38,887.42
SOITEM01076,SO00358,PROD080,66,923.6
SOITEM01077,SO00358,PROD042,59,239.5
SOITEM01078,SO00358,PROD407,144,1046.72
SOITEM01079,SO00359,PROD198,134,220.57
SOITEM01080,SO00359,PROD020,118,710.42
SOITEM01081,SO00359,PROD408,96,1109.12
SOITEM01082,SO00359,PROD121,123,953.07
SOITEM01083,SO00359,PROD333,63,559.55
SOITEM01084,SO00359,PROD082,124,1118.92
SOITEM01085,SO00360,PROD487,80,541.19
SOITEM01086,SO00360,PROD380,31,886.05
SOITEM01087,SO00360,PROD381,10,179.0
SOITEM01088,SO00361,PROD071,127,915.07
SOITEM01089,SO00361,PROD017,37,704.27
SOITEM01090,SO00362,PROD382,131,439.42
SOITEM01091,SO00362,PROD004,103,1203.62
SOITEM01092,SO00362,PROD099,72,370.78
SOITEM01093,SO00363,PROD122,136,1102.95
SOITEM01094,SO00363,PROD482,70,261.56
SOITEM01095,SO00363,PROD012,86,1613.13
SOITEM01096,SO00364,PROD166,70,590.1
SOITEM01097,SO00364,PROD149,37,175.78
SOITEM01098,SO00365,PROD047,65,117.41
SOITEM01099,SO00365,PROD458,105,671.32
SOITEM01100,SO00366,PROD271,32,854.18
SOITEM01101,SO00366,PROD397,65,72.85
SOITEM01102,SO00366,PROD221,59,494.14
SOITEM01103,SO00366,PROD439,53,685.44
SOITEM01104,SO00367,PROD219,30,610.84
SOITEM01105,SO00368,PROD040,67,695.59
SOITEM01106,SO00368,PROD064,131,1297.35
SOITEM01107,SO00369,PROD368,18,1015.99
SOITEM01108,SO00369,PROD353,135,506.01
SOITEM01109,SO00370,PROD380,50,886.05
SOITEM01110,SO00370,PROD445,43,910.8
SOITEM01111,SO00370,PROD190,24,1394.38
SOITEM01112,SO00370,PROD372,35,630.0
SOITEM01113,SO00371,PROD484,17,1421.85
SOITEM01114,SO00371,PROD294,134,442.63
SOITEM01115,SO00371,PROD282,128,267.32
SOITEM01116,SO00371,PROD111,150,1295.51
SOITEM01117,SO00372,PROD308,53,698.97
SOITEM01118,SO00372,PROD335,137,545.76
SOITEM01119,SO00372,PROD422,26,1631.47
SOITEM01120,SO00372,PROD033,148,811.2
SOITEM01121,SO00373,PROD083,9,874.47
SOITEM01122,SO00374,PROD288,134,1233.87
SOITEM01123,SO00374,PROD289,35,686.66
SOITEM01124,SO00374,PROD209,144,857.85
SOITEM01125,SO00375,PROD163,137,1343.1
SOITEM01126,SO00376,PROD453,99,159.85
SOITEM01127,SO00377,PROD278,139,364.44
SOITEM01128,SO00378,PROD257,109,314.51
SOITEM01129,SO00378,PROD019,147,158.03
SOITEM01130,SO00378,PROD235,131,1700.42
SOITEM01131,SO00379,PROD215,56,846.19
SOITEM01132,SO00379,PROD134,93,332.59
SOITEM01133,SO00379,PROD140,140,949.14
SOITEM01134,SO00379,PROD082,102,1118.92
SOITEM01135,SO00380,PROD372,52,630.0
SOITEM01136,SO00381,PROD296,129,1262.57
SOITEM01137,SO00381,PROD021,100,642.17
SOITEM01138,SO00382,PROD135,146,939.41
SOITEM01139,SO00382,PROD284,14,1138.02
SOITEM01140,SO00383,PROD296,58,1262.57
SOITEM01141,SO00383,PROD282,107,267.32
SOITEM01142,SO00383,PROD398,53,1174.48
SOITEM01143,SO00384,PROD459,135,671.8
SOITEM01144,SO00384,PROD319,101,70.29
SOITEM01145,SO00384,PROD201,111,258.6
SOITEM01146,SO00384,PROD183,139,1162.93
SOITEM01147,SO00384,PROD392,32,1608.86
SOITEM01148,SO00385,PROD276,92,254.24
SOITEM01149,SO00385,PROD436,75,618.73
SOITEM01150,SO00385,PROD130,88,466.72
SOITEM01151,SO00386,PROD334,49,920.42
SOITEM01152,SO00386,PROD387,111,980.89
SOITEM01153,SO00387,PROD228,19,1114.81
SOITEM01154,SO00388,PROD184,101,43.16
SOITEM01155,SO00388,PROD427,109,566.06
SOITEM01156,SO00388,PROD453,27,159.85
SOITEM01157,SO00388,PROD304,79,340.83
SOITEM01158,SO00389,PROD266,20,1288.39
SOITEM01159,SO00389,PROD342,139,753.8
SOITEM01160,SO00389,PROD138,94,995.03
SOITEM01161,SO00390,PROD197,70,1098.89
SOITEM01162,SO00390,PROD060,8,670.1
SOITEM01163,SO00390,PROD050,50,1340.67
SOITEM01164,SO00391,PROD214,94,759.99
SOITEM01165,SO00391,PROD006,138,1039.67
SOITEM01166,SO00391,PROD194,90,956.58
SOITEM01167,SO00392,PROD301,97,258.38
SOITEM01168,SO00392,PROD401,10,127.69
SOITEM01169,SO00392,PROD411,82,1278.66
SOITEM01170,SO00393,PROD377,78,829.67
SOITEM01171,SO00393,PROD139,141,241.64
SOITEM01172,SO00393,PROD274,106,356.83
SOITEM01173,SO00393,PROD264,21,576.49
SOITEM01174,SO00393,PROD416,141,1288.06
SOITEM01175,SO00394,PROD383,108,541.16
SOITEM01176,SO00394,PROD162,138,28.52
SOITEM01177,SO00394,PROD226,38,551.23
SOITEM01178,SO00395,PROD358,8,769.81
SOITEM01179,SO00396,PROD338,64,679.07
SOITEM01180,SO00396,PROD244,17,128.7
SOITEM01181,SO00397,PROD441,124,433.21
SOITEM01182,SO00397,PROD391,75,1014.36
SOITEM01183,SO00397,PROD018,113,671.51
SOITEM01184,SO00397,PROD239,117,694.49
SOITEM01185,SO00398,PROD153,150,1158.97
SOITEM01186,SO00398,PROD478,121,852.64
SOITEM01187,SO00398,PROD004,18,1203.62
SOITEM01188,SO00399,PROD356,56,85.93
SOITEM01189,SO00399,PROD499,57,197.97
SOITEM01190,SO00399,PROD345,54,782.66
SOITEM01191,SO00400,PROD383,129,541.16
SOITEM01192,SO00400,PROD046,78,646.5
SOITEM01193,SO00400,PROD393,113,663.76
SOITEM01194,SO00400,PROD241,62,876.44
SOITEM01195,SO00400,PROD372,29,630.0
SOITEM01196,SO00400,PROD069,133,1166.98
SOITEM01197,SO00401,PROD391,105,1014.36
SOITEM01198,SO00401,PROD075,36,908.01
SOITEM01199,SO00402,PROD382,86,439.42
SOITEM01200,SO00402,PROD267,43,693.98
SOITEM01201,SO00403,PROD471,26,434.22
SOITEM01202,SO00404,PROD322,91,975.89
SOITEM01203,SO00405,PROD215,41,846.19
SOITEM01204,SO00406,PROD010,27,158.98
SOITEM01205,SO00407,PROD089,16,708.42
SOITEM01206,SO00407,PROD241,25,876.44
SOITEM01207,SO00407,PROD085,135,816.42
SOITEM01208,SO00407,PROD205,144,383.51
SOITEM01209,SO00407,PROD117,28,276.44
SOITEM01210,SO00407,PROD381,77,179.0
SOITEM01211,SO00407,PROD156,149,862.99
SOITEM01212,SO00408,PROD132,24,1113.2
SOITEM01213,SO00408,PROD056,133,904.05
SOITEM01214,SO00408,PROD282,37,267.32
SOITEM01215,SO00408,PROD467,123,642.67
SOITEM01216,SO00409,PROD100,33,653.66
SOITEM01217,SO00409,PROD385,74,462.64
SOITEM01218,SO00410,PROD392,61,1608.86
SOITEM01219,SO00410,PROD072,74,1040.98
SOITEM01220,SO00410,PROD240,58,1692.13
SOITEM01221,SO00410,PROD213,72,915.33
SOITEM01222,SO00411,PROD054,140,1320.94
SOITEM01223,SO00411,PROD273,107,145.43
SOITEM01224,SO00411,PROD409,142,578.39
SOITEM01225,SO00412,PROD495,124,114.6
SOITEM01226,SO00412,PROD119,78,106.06
SOITEM01227,SO00412,PROD429,90,101.2
SOITEM01228,SO00413,PROD230,72,678.56
SOITEM01229,SO00414,PROD473,36,352.49
SOITEM01230,SO00414,PROD104,143,517.35
SOITEM01231,SO00415,PROD098,42,839.21
SOITEM01232,SO00415,PROD218,32,1120.53
SOITEM01233,SO00415,PROD227,89,977.2
SOITEM01234,SO00415,PROD263,95,963.97
SOITEM01235,SO00415,PROD053,74,626.38
SOITEM01236,SO00416,PROD225,120,1254.65
SOITEM01237,SO00416,PROD126,120,374.01
SOITEM01238,SO00416,PROD302,10,268.83
SOITEM01239,SO00417,PROD173,141,45.46
SOITEM01240,SO00417,PROD470,110,973.75
SOITEM01241,SO00417,PROD492,26,1562.48
SOITEM01242,SO00417,PROD277,60,1103.6
SOITEM01243,SO00418,PROD189,13,383.37
SOITEM01244,SO00418,PROD289,107,686.66
SOITEM01245,SO00419,PROD232,91,224.33
SOITEM01246,SO00419,PROD165,71,668.55
SOITEM01247,SO00419,PROD388,133,793.41
SOITEM01248,SO00420,PROD077,129,862.64
SOITEM01249,SO00420,PROD035,138,985.83
SOITEM01250,SO00420,PROD413,137,887.22
SOITEM01251,SO00420,PROD002,90,1680.23
SOITEM01252,SO00421,PROD348,111,788.76
SOITEM01253,SO00421,PROD293,104,921.24
SOITEM01254,SO00421,PROD208,118,1030.06
SOITEM01255,SO00422,PROD380,142,886.05
SOITEM01256,SO00422,PROD096,54,1145.68
SOITEM01257,SO00422,PROD253,104,874.11
SOITEM01258,SO00422,PROD473,13,352.49
SOITEM01259,SO00423,PROD266,15,1288.39
SOITEM01260,SO00423,PROD306,150,456.87
SOITEM01261,SO00424,PROD323,132,536.07
SOITEM01262,SO00424,PROD094,135,248.06
SOITEM01263,SO00424,PROD417,65,1285.07
SOITEM01264,SO00424,PROD009,67,446.24
SOITEM01265,SO00425,PROD464,53,1205.08
SOITEM01266,SO00426,PROD260,25,685.07
SOITEM01267,SO00426,PROD381,90,179.0
SOITEM01268,SO00426,PROD098,43,839.21
SOITEM01269,SO00427,PROD397,106,72.85
SOITEM01270,SO00428,PROD211,54,1148.88
SOITEM01271,SO00428,PROD354,50,1247.88
SOITEM01272,SO00429,PROD188,124,575.31
SOITEM01273,SO00429,PROD157,138,122.44
SOITEM01274,SO00429,PROD333,138,559.55
SOITEM01275,SO00429,PROD196,78,967.84
SOITEM01276,SO00430,PROD425,89,237.61
SOITEM01277,SO00430,PROD459,72,671.8
SOITEM01278,SO00430,PROD192,127,1361.16
SOITEM01279,SO00430,PROD296,78,1262.57
SOITEM01280,SO00431,PROD292,82,346.04
SOITEM01281,SO00431,PROD377,61,829.67
SOITEM01282,SO00431,PROD077,120,862.64
SOITEM01283,SO00431,PROD115,29,1294.8
SOITEM01284,SO00432,PROD146,136,561.24
SOITEM01285,SO00432,PROD099,20,370.78
SOITEM01286,SO00432,PROD347,36,89.12
SOITEM01287,SO00432,PROD258,67,461.24
SOITEM01288,SO00432,PROD338,123,679.07
SOITEM01289,SO00433,PROD081,80,746.49
SOITEM01290,SO00433,PROD275,13,491.51
SOITEM01291,SO00433,PROD283,108,922.05
SOITEM01292,SO00434,PROD115,91,1294.8
SOITEM01293,SO00434,PROD271,64,854.18
SOITEM01294,SO00434,PROD352,124,1269.95
SOITEM01295,SO00435,PROD479,8,710.31
SOITEM01296,SO00435,PROD078,129,1530.22
SOITEM01297,SO00436,PROD293,17,921.24
SOITEM01298,SO00436,PROD348,89,788.76
SOITEM01299,SO00436,PROD279,103,328.09
SOITEM01300,SO00436,PROD325,6,1272.26
SOITEM01301,SO00436,PROD477,50,1211.96
SOITEM01302,SO00437,PROD334,48,920.42
SOITEM01303,SO00437,PROD019,26,158.03
SOITEM01304,SO00437,PROD119,65,106.06
SOITEM01305,SO00438,PROD274,9,356.83
SOITEM01306,SO00439,PROD316,109,756.92
SOITEM01307,SO00440,PROD421,148,1053.38
SOITEM01308,SO00440,PROD119,97,106.06
SOITEM01309,SO00441,PROD301,6,258.38
SOITEM01310,SO00441,PROD097,14,1356.93
SOITEM01311,SO00441,PROD090,140,604.66
SOITEM01312,SO00442,PROD349,36,1436.79
SOITEM01313,SO00442,PROD403,61,964.43
SOITEM01314,SO00442,PROD368,15,1015.99
SOITEM01315,SO00443,PROD263,99,963.97
SOITEM01316,SO00444,PROD144,53,1097.61
SOITEM01317,SO00444,PROD063,109,1079.94
SOITEM01318,SO00445,PROD051,36,643.38
SOITEM01319,SO00445,PROD192,135,1361.16
SOITEM01320,SO00445,PROD431,39,448.84
SOITEM01321,SO00445,PROD056,51,904.05
SOITEM01322,SO00445,PROD496,48,782.95
SOITEM01323,SO00446,PROD376,24,736.67
SOITEM01324,SO00446,PROD296,11,1262.57
SOITEM01325,SO00446,PROD191,37,1024.15
SOITEM01326,SO00446,PROD032,67,445.25
SOITEM01327,SO00447,PROD498,35,1441.23
SOITEM01328,SO00447,PROD386,60,559.89
SOITEM01329,SO00447,PROD416,150,1288.06
SOITEM01330,SO00448,PROD277,134,1103.6
SOITEM01331,SO00448,PROD162,35,28.52
SOITEM01332,SO00448,PROD475,77,622.41
SOITEM01333,SO00448,PROD455,52,1079.54
SOITEM01334,SO00449,PROD071,26,915.07
SOITEM01335,SO00449,PROD052,105,594.73
SOITEM01336,SO00449,PROD366,28,1065.87
SOITEM01337,SO00449,PROD138,18,995.03
SOITEM01338,SO00450,PROD174,41,60.34
SOITEM01339,SO00450,PROD115,28,1294.8
SOITEM01340,SO00451,PROD329,50,344.07
SOITEM01341,SO00451,PROD153,143,1158.97
SOITEM01342,SO00452,PROD166,35,590.1
SOITEM01343,SO00453,PROD362,124,1010.26
SOITEM01344,SO00453,PROD063,142,1079.94
SOITEM01345,SO00453,PROD320,27,1145.37
SOITEM01346,SO00454,PROD055,31,615.27
SOITEM01347,SO00454,PROD305,32,404.92
SOITEM01348,SO00454,PROD418,94,651.35
SOITEM01349,SO00454,PROD336,75,1309.51
SOITEM01350,SO00454,PROD383,58,541.16
SOITEM01351,SO00454,PROD437,34,1348.75
SOITEM01352,SO00455,PROD041,5,1345.28
SOITEM01353,SO00455,PROD342,82,753.8
SOITEM01354,SO00455,PROD150,148,1019.28
SOITEM01355,SO00455,PROD057,138,1187.66
SOITEM01356,SO00455,PROD484,40,1421.85
SOITEM01357,SO00455,PROD474,12,828.38
SOITEM01358,SO00456,PROD488,12,817.03
SOITEM01359,SO00456,PROD075,11,908.01
SOITEM01360,SO00457,PROD254,99,775.1
SOITEM01361,SO00457,PROD098,42,839.21
SOITEM01362,SO00457,PROD222,149,444.32
SOITEM01363,SO00458,PROD192,37,1361.16
SOITEM01364,SO00458,PROD327,18,117.75
SOITEM01365,SO00458,PROD374,85,337.05
SOITEM01366,SO00458,PROD360,101,17.56
SOITEM01367,SO00459,PROD367,113,698.04
SOITEM01368,SO00459,PROD049,118,1093.93
SOITEM01369,SO00459,PROD451,23,1215.34
SOITEM01370,SO00460,PROD489,74,924.46
SOITEM01371,SO00460,PROD456,9,653.87
SOITEM01372,SO00460,PROD316,29,756.92
SOITEM01373,SO00460,PROD160,63,746.32
SOITEM01374,SO00461,PROD067,68,1491.41
SOITEM01375,SO00461,PROD165,47,668.55
SOITEM01376,SO00461,PROD409,84,578.39
SOITEM01377,SO00461,PROD104,121,517.35
SOITEM01378,SO00462,PROD203,147,294.21
SOITEM01379,SO00463,PROD494,116,806.62
SOITEM01380,SO00463,PROD283,34,922.05
SOITEM01381,SO00463,PROD431,51,448.84
SOITEM01382,SO00464,PROD345,39,782.66
SOITEM01383,SO00465,PROD177,41,297.71
SOITEM01384,SO00465,PROD148,108,35.33
SOITEM01385,SO00465,PROD024,28,649.2
SOITEM01386,SO00465,PROD138,114,995.03
SOITEM01387,SO00465,PROD008,104,1090.21
SOITEM01388,SO00466,PROD352,86,1269.95
SOITEM01389,SO00466,PROD032,115,445.25
SOITEM01390,SO00466,PROD052,38,594.73
SOITEM01391,SO00467,PROD266,9,1288.39
SOITEM01392,SO00467,PROD059,109,745.03
SOITEM01393,SO00467,PROD319,8,70.29
SOITEM01394,SO00467,PROD388,79,793.41
SOITEM01395,SO00468,PROD096,21,1145.68
SOITEM01396,SO00468,PROD362,77,1010.26
SOITEM01397,SO00468,PROD225,126,1254.65
SOITEM01398,SO00468,PROD282,14,267.32
SOITEM01399,SO00469,PROD314,128,1602.76
SOITEM01400,SO00469,PROD398,42,1174.48
SOITEM01401,SO00469,PROD237,36,1026.87
SOITEM01402,SO00469,PROD347,48,89.12
SOITEM01403,SO00469,PROD050,107,1340.67
SOITEM01404,SO00469,PROD432,149,690.84
SOITEM01405,SO00470,PROD139,144,241.64
SOITEM01406,SO00470,PROD489,81,924.46
SOITEM01407,SO00470,PROD184,58,43.16
SOITEM01408,SO00470,PROD116,10,1088.55
SOITEM01409,SO00470,PROD099,40,370.78
SOITEM01410,SO00471,PROD334,55,920.42
SOITEM01411,SO00472,PROD483,17,672.5
SOITEM01412,SO00473,PROD330,91,717.97
SOITEM01413,SO00473,PROD186,139,360.48
SOITEM01414,SO00473,PROD205,7,383.51
SOITEM01415,SO00473,PROD133,53,593.57
SOITEM01416,SO00474,PROD414,96,1110.59
SOITEM01417,SO00474,PROD184,98,43.16
SOITEM01418,SO00474,PROD224,25,67.1
SOITEM01419,SO00475,PROD125,93,791.95
SOITEM01420,SO00475,PROD398,13,1174.48
SOITEM01421,SO00475,PROD311,69,776.52
SOITEM01422,SO00475,PROD395,80,314.97
SOITEM01423,SO00476,PROD359,40,948.38
SOITEM01424,SO00476,PROD289,9,686.66
SOITEM01425,SO00476,PROD375,100,1156.42
SOITEM01426,SO00477,PROD045,58,157.89
SOITEM01427,SO00477,PROD094,23,248.06
SOITEM01428,SO00477,PROD387,30,980.89
SOITEM01429,SO00477,PROD270,120,155.77
SOITEM01430,SO00478,PROD151,74,179.05
SOITEM01431,SO00478,PROD463,38,606.23
SOITEM01432,SO00479,PROD320,133,1145.37
SOITEM01433,SO00479,PROD326,122,68.46
SOITEM01434,SO00479,PROD294,80,442.63
SOITEM01435,SO00479,PROD172,44,415.49
SOITEM01436,SO00479,PROD342,117,753.8
SOITEM01437,SO00480,PROD380,76,886.05
SOITEM01438,SO00480,PROD113,87,216.05
SOITEM01439,SO00480,PROD002,92,1680.23
SOITEM01440,SO00481,PROD273,102,145.43
SOITEM01441,SO00482,PROD280,48,1166.65
SOITEM01442,SO00482,PROD284,134,1138.02
SOITEM01443,SO00483,PROD173,46,45.46
SOITEM01444,SO00483,PROD369,94,751.92
SOITEM01445,SO00483,PROD429,31,101.2
SOITEM01446,SO00483,PROD289,47,686.66
SOITEM01447,SO00484,PROD373,77,1408.52
SOITEM01448,SO00485,PROD223,99,230.59
SOITEM01449,SO00485,PROD458,99,671.32
SOITEM01450,SO00485,PROD193,104,424.1
SOITEM01451,SO00486,PROD001,17,1065.76
SOITEM01452,SO00487,PROD164,15,111.31
SOITEM01453,SO00487,PROD298,25,301.61
SOITEM01454,SO00487,PROD437,94,1348.75
SOITEM01455,SO00488,PROD342,98,753.8
SOITEM01456,SO00489,PROD207,150,764.66
SOITEM01457,SO00490,PROD500,118,790.4
SOITEM01458,SO00490,PROD373,58,1408.52
SOITEM01459,SO00490,PROD466,92,1181.87
SOITEM01460,SO00491,PROD259,103,1293.76
SOITEM01461,SO00491,PROD100,43,653.66
SOITEM01462,SO00491,PROD370,99,305.22
SOITEM01463,SO00492,PROD359,105,948.38
SOITEM01464,SO00492,PROD052,36,594.73
SOITEM01465,SO00493,PROD214,85,759.99
SOITEM01466,SO00493,PROD352,123,1269.95
SOITEM01467,SO00493,PROD202,107,976.76
SOITEM01468,SO00494,PROD197,119,1098.89
SOITEM01469,SO00494,PROD184,34,43.16
SOITEM01470,SO00494,PROD175,26,365.38
SOITEM01471,SO00494,PROD261,19,1709.04
SOITEM01472,SO00494,PROD201,113,258.6
SOITEM01473,SO00494,PROD059,109,745.03
SOITEM01474,SO00495,PROD316,76,756.92
SOITEM01475,SO00495,PROD454,109,72.36
SOITEM01476,SO00495,PROD497,44,982.67
SOITEM01477,SO00495,PROD095,63,200.83
SOITEM01478,SO00496,PROD470,85,973.75
SOITEM01479,SO00496,PROD089,26,708.42
SOITEM01480,SO00496,PROD258,93,461.24
SOITEM01481,SO00496,PROD466,111,1181.87
SOITEM01482,SO00497,PROD307,77,224.9
SOITEM01483,SO00498,PROD256,60,641.32
SOITEM01484,SO00498,PROD378,62,153.55
SOITEM01485,SO00499,PROD028,125,1322.93
SOITEM01486,SO00499,PROD490,142,1641.02
SOITEM01487,SO00500,PROD350,99,605.73
SOITEM01488,SO00500,PROD024,59,649.2
SOITEM01489,SO00501,PROD105,145,454.18
SOITEM01490,SO00501,PROD169,30,916.57
SOITEM01491,SO00501,PROD477,114,1211.96
SOITEM01492,SO00502,PROD313,143,1083.11
SOITEM01493,SO00502,PROD370,19,305.22
SOITEM01494,SO00503,PROD434,102,1571.95
SOITEM01495,SO00503,PROD160,82,746.32
SOITEM01496,SO00504,PROD004,138,1203.62
SOITEM01497,SO00504,PROD495,99,114.6
SOITEM01498,SO00505,PROD220,11,822.57
SOITEM01499,SO00505,PROD410,57,97.05
SOITEM01500,SO00506,PROD087,77,382.43
SOITEM01501,SO00506,PROD452,38,614.75
SOITEM01502,SO00507,PROD074,41,1276.05
SOITEM01503,SO00507,PROD256,27,641.32
SOITEM01504,SO00507,PROD051,121,643.38
SOITEM01505,SO00508,PROD215,64,846.19
SOITEM01506,SO00508,PROD235,19,1700.42
SOITEM01507,SO00509,PROD463,45,606.23
SOITEM01508,SO00510,PROD342,100,753.8
SOITEM01509,SO00510,PROD100,119,653.66
SOITEM01510,SO00510,PROD212,110,427.61
SOITEM01511,SO00511,PROD222,110,444.32
SOITEM01512,SO00512,PROD061,12,862.09
SOITEM01513,SO00512,PROD214,45,759.99
SOITEM01514,SO00512,PROD131,45,582.87
SOITEM01515,SO00513,PROD131,70,582.87
SOITEM01516,SO00513,PROD441,91,433.21
SOITEM01517,SO00514,PROD135,74,939.41
SOITEM01518,SO00514,PROD305,142,404.92
SOITEM01519,SO00514,PROD045,52,157.89
SOITEM01520,SO00514,PROD234,113,929.92
SOITEM01521,SO00514,PROD221,29,494.14
SOITEM01522,SO00515,PROD297,92,213.96
SOITEM01523,SO00515,PROD305,127,404.92
SOITEM01524,SO00515,PROD464,136,1205.08
SOITEM01525,SO00515,PROD472,23,887.42
SOITEM01526,SO00516,PROD327,61,117.75
SOITEM01527,SO00516,PROD390,66,979.43
SOITEM01528,SO00516,PROD009,34,446.24
SOITEM01529,SO00516,PROD252,94,1563.98
SOITEM01530,SO00516,PROD007,105,139.72
SOITEM01531,SO00517,PROD175,15,365.38
SOITEM01532,SO00517,PROD099,141,370.78
SOITEM01533,SO00517,PROD423,89,1272.27
SOITEM01534,SO00517,PROD128,27,405.49
SOITEM01535,SO00518,PROD198,106,220.57
SOITEM01536,SO00518,PROD030,150,144.7
SOITEM01537,SO00519,PROD281,98,882.78
SOITEM01538,SO00519,PROD487,111,541.19
SOITEM01539,SO00520,PROD432,117,690.84
SOITEM01540,SO00520,PROD100,96,653.66
SOITEM01541,SO00520,PROD007,140,139.72
SOITEM01542,SO00520,PROD484,103,1421.85
SOITEM01543,SO00520,PROD278,59,364.44
SOITEM01544,SO00520,PROD426,147,546.15
SOITEM01545,SO00521,PROD029,80,419.03
SOITEM01546,SO00522,PROD203,108,294.21
SOITEM01547,SO00523,PROD410,106,97.05
SOITEM01548,SO00523,PROD002,56,1680.23
SOITEM01549,SO00524,PROD294,112,442.63
SOITEM01550,SO00524,PROD480,27,967.75
SOITEM01551,SO00525,PROD402,10,456.95
SOITEM01552,SO00525,PROD264,136,576.49
SOITEM01553,SO00525,PROD403,148,964.43
SOITEM01554,SO00526,PROD446,138,167.07
SOITEM01555,SO00527,PROD363,18,790.74
SOITEM01556,SO00527,PROD130,48,466.72
SOITEM01557,SO00528,PROD236,142,801.25
SOITEM01558,SO00528,PROD035,41,985.83
SOITEM01559,SO00528,PROD424,122,446.5
SOITEM01560,SO00528,PROD111,150,1295.51
SOITEM01561,SO00529,PROD443,72,556.93
SOITEM01562,SO00529,PROD425,73,237.61
SOITEM01563,SO00530,PROD450,92,699.65
SOITEM01564,SO00530,PROD399,117,194.51
SOITEM01565,SO00530,PROD317,56,1115.3
SOITEM01566,SO00530,PROD012,20,1613.13
SOITEM01567,SO00531,PROD068,75,1350.64
SOITEM01568,SO00531,PROD203,95,294.21
SOITEM01569,SO00531,PROD039,118,455.23
SOITEM01570,SO00532,PROD376,63,736.67
SOITEM01571,SO00532,PROD328,116,1354.07
SOITEM01572,SO00532,PROD206,59,1118.26
SOITEM01573,SO00532,PROD218,17,1120.53
SOITEM01574,SO00533,PROD211,117,1148.88
SOITEM01575,SO00533,PROD101,116,579.34
SOITEM01576,SO00534,PROD101,55,579.34
SOITEM01577,SO00535,PROD283,90,922.05
SOITEM01578,SO00535,PROD323,119,536.07
SOITEM01579,SO00535,PROD128,15,405.49
SOITEM01580,SO00535,PROD202,20,976.76
SOITEM01581,SO00535,PROD293,34,921.24
SOITEM01582,SO00536,PROD105,114,454.18
SOITEM01583,SO00536,PROD062,44,364.93
SOITEM01584,SO00536,PROD435,50,1222.59
SOITEM01585,SO00537,PROD064,66,1297.35
SOITEM01586,SO00537,PROD437,99,1348.75
SOITEM01587,SO00537,PROD123,119,471.66
SOITEM01588,SO00537,PROD135,27,939.41
SOITEM01589,SO00537,PROD418,49,651.35
SOITEM01590,SO00537,PROD100,9,653.66
SOITEM01591,SO00538,PROD316,141,756.92
SOITEM01592,SO00538,PROD066,113,147.63
SOITEM01593,SO00538,PROD420,5,932.93
SOITEM01594,SO00538,PROD036,102,685.85
SOITEM01595,SO00538,PROD113,134,216.05
SOITEM01596,SO00538,PROD328,52,1354.07
SOITEM01597,SO00539,PROD342,119,753.8
SOITEM01598,SO00539,PROD340,13,1164.05
SOITEM01599,SO00539,PROD262,41,87.94
SOITEM01600,SO00540,PROD353,64,506.01
SOITEM01601,SO00540,PROD168,35,852.73
SOITEM01602,SO00541,PROD328,127,1354.07
SOITEM01603,SO00541,PROD300,12,731.42
SOITEM01604,SO00541,PROD360,8,17.56
SOITEM01605,SO00541,PROD029,103,419.03
SOITEM01606,SO00542,PROD157,63,122.44
SOITEM01607,SO00542,PROD136,87,486.56
SOITEM01608,SO00543,PROD187,131,1251.4
SOITEM01609,SO00543,PROD488,23,817.03
SOITEM01610,SO00543,PROD336,109,1309.51
SOITEM01611,SO00544,PROD330,67,717.97
SOITEM01612,SO00544,PROD430,104,1060.12
SOITEM01613,SO00544,PROD218,9,1120.53
SOITEM01614,SO00544,PROD106,109,222.41
SOITEM01615,SO00545,PROD357,67,1000.2
SOITEM01616,SO00545,PROD345,46,782.66
SOITEM01617,SO00545,PROD041,59,1345.28
SOITEM01618,SO00546,PROD456,114,653.87
SOITEM01619,SO00546,PROD205,133,383.51
SOITEM01620,SO00546,PROD255,77,91.9
SOITEM01621,SO00546,PROD082,117,1118.92
SOITEM01622,SO00547,PROD045,55,157.89
SOITEM01623,SO00547,PROD211,92,1148.88
SOITEM01624,SO00547,PROD305,12,404.92
SOITEM01625,SO00547,PROD022,58,225.56
SOITEM01626,SO00548,PROD205,92,383.51
SOITEM01627,SO00548,PROD075,139,908.01
SOITEM01628,SO00548,PROD260,7,685.07
SOITEM01629,SO00548,PROD369,75,751.92
SOITEM01630,SO00549,PROD417,30,1285.07
SOITEM01631,SO00549,PROD499,24,197.97
SOITEM01632,SO00550,PROD115,45,1294.8
SOITEM01633,SO00550,PROD300,23,731.42
SOITEM01634,SO00551,PROD127,101,160.45
SOITEM01635,SO00551,PROD325,131,1272.26
SOITEM01636,SO00552,PROD100,72,653.66
SOITEM01637,SO00552,PROD499,103,197.97
SOITEM01638,SO00552,PROD411,101,1278.66
SOITEM01639,SO00553,PROD478,107,852.64
SOITEM01640,SO00553,PROD377,140,829.67
SOITEM01641,SO00554,PROD379,58,1377.02
SOITEM01642,SO00554,PROD250,125,976.03
SOITEM01643,SO00555,PROD408,131,1109.12
SOITEM01644,SO00556,PROD260,139,685.07
SOITEM01645,SO00556,PROD340,137,1164.05
SOITEM01646,SO00556,PROD175,47,365.38
SOITEM01647,SO00556,PROD009,100,446.24
SOITEM01648,SO00557,PROD461,91,210.86
SOITEM01649,SO00558,PROD126,136,374.01
SOITEM01650,SO00558,PROD189,143,383.37
SOITEM01651,SO00559,PROD050,73,1340.67
SOITEM01652,SO00559,PROD025,64,389.26
SOITEM01653,SO00559,PROD298,144,301.61
SOITEM01654,SO00560,PROD403,72,964.43
SOITEM01655,SO00560,PROD234,135,929.92
SOITEM01656,SO00560,PROD432,135,690.84
SOITEM01657,SO00560,PROD411,64,1278.66
SOITEM01658,SO00561,PROD425,142,237.61
SOITEM01659,SO00561,PROD218,12,1120.53
SOITEM01660,SO00561,PROD422,124,1631.47
SOITEM01661,SO00561,PROD026,99,693.39
SOITEM01662,SO00562,PROD118,146,405.84
SOITEM01663,SO00562,PROD338,97,679.07
SOITEM01664,SO00562,PROD361,101,1008.28
SOITEM01665,SO00563,PROD005,12,932.3
SOITEM01666,SO00564,PROD246,110,1511.76
SOITEM01667,SO00564,PROD021,90,642.17
SOITEM01668,SO00564,PROD303,79,845.11
SOITEM01669,SO00564,PROD264,139,576.49
SOITEM01670,SO00564,PROD123,81,471.66
SOITEM01671,SO00565,PROD392,136,1608.86
SOITEM01672,SO00566,PROD477,64,1211.96
SOITEM01673,SO00566,PROD460,69,139.11
SOITEM01674,SO00566,PROD211,118,1148.88
SOITEM01675,SO00567,PROD199,118,77.66
SOITEM01676,SO00567,PROD254,146,775.1
SOITEM01677,SO00567,PROD258,20,461.24
SOITEM01678,SO00567,PROD021,93,642.17
SOITEM01679,SO00567,PROD132,84,1113.2
SOITEM01680,SO00568,PROD088,52,1348.83
SOITEM01681,SO00568,PROD190,72,1394.38
SOITEM01682,SO00568,PROD264,32,576.49
SOITEM01683,SO00569,PROD133,49,593.57
SOITEM01684,SO00569,PROD168,29,852.73
SOITEM01685,SO00570,PROD397,15,72.85
SOITEM01686,SO00570,PROD365,93,732.48
SOITEM01687,SO00571,PROD267,70,693.98
SOITEM01688,SO00571,PROD205,102,383.51
SOITEM01689,SO00571,PROD414,21,1110.59
SOITEM01690,SO00571,PROD308,145,698.97
SOITEM01691,SO00571,PROD374,76,337.05
SOITEM01692,SO00572,PROD256,31,641.32
SOITEM01693,SO00572,PROD033,132,811.2
SOITEM01694,SO00572,PROD134,146,332.59
SOITEM01695,SO00573,PROD344,35,1487.38
SOITEM01696,SO00574,PROD451,50,1215.34
SOITEM01697,SO00574,PROD067,75,1491.41
SOITEM01698,SO00574,PROD211,113,1148.88
SOITEM01699,SO00575,PROD481,92,822.01
SOITEM01700,SO00576,PROD378,64,153.55
SOITEM01701,SO00576,PROD213,90,915.33
SOITEM01702,SO00576,PROD173,128,45.46
SOITEM01703,SO00576,PROD434,146,1571.95
SOITEM01704,SO00577,PROD219,12,610.84
SOITEM01705,SO00578,PROD327,75,117.75
SOITEM01706,SO00578,PROD347,87,89.12
SOITEM01707,SO00578,PROD368,148,1015.99
SOITEM01708,SO00578,PROD086,114,999.94
SOITEM01709,SO00579,PROD313,134,1083.11
SOITEM01710,SO00579,PROD296,81,1262.57
SOITEM01711,SO00579,PROD490,72,1641.02
SOITEM01712,SO00580,PROD179,110,587.83
SOITEM01713,SO00580,PROD034,136,710.46
SOITEM01714,SO00580,PROD307,57,224.9
SOITEM01715,SO00581,PROD405,19,53.91
SOITEM01716,SO00581,PROD425,135,237.61
SOITEM01717,SO00581,PROD470,41,973.75
SOITEM01718,SO00581,PROD447,61,972.98
SOITEM01719,SO00581,PROD426,129,546.15
SOITEM01720,SO00581,PROD273,33,145.43
SOITEM01721,SO00582,PROD499,135,197.97
SOITEM01722,SO00582,PROD085,10,816.42
SOITEM01723,SO00582,PROD102,75,1028.11
SOITEM01724,SO00582,PROD116,119,1088.55
SOITEM01725,SO00583,PROD403,37,964.43
SOITEM01726,SO00583,PROD492,74,1562.48
SOITEM01727,SO00583,PROD094,53,248.06
SOITEM01728,SO00584,PROD492,30,1562.48
SOITEM01729,SO00584,PROD277,31,1103.6
SOITEM01730,SO00584,PROD381,114,179.0
SOITEM01731,SO00585,PROD315,119,477.79
SOITEM01732,SO00585,PROD430,21,1060.12
SOITEM01733,SO00585,PROD382,133,439.42
SOITEM01734,SO00586,PROD465,35,945.03
SOITEM01735,SO00586,PROD227,103,977.2
SOITEM01736,SO00586,PROD239,56,694.49
SOITEM01737,SO00586,PROD428,34,1043.62
SOITEM01738,SO00587,PROD026,123,693.39
SOITEM01739,SO00587,PROD305,135,404.92
SOITEM01740,SO00587,PROD407,105,1046.72
SOITEM01741,SO00587,PROD206,33,1118.26
SOITEM01742,SO00587,PROD073,28,800.29
SOITEM01743,SO00588,PROD085,76,816.42
SOITEM01744,SO00588,PROD286,73,1182.9
SOITEM01745,SO00588,PROD119,14,106.06
SOITEM01746,SO00588,PROD352,38,1269.95
SOITEM01747,SO00589,PROD263,147,963.97
SOITEM01748,SO00589,PROD455,143,1079.54
SOITEM01749,SO00589,PROD463,150,606.23
SOITEM01750,SO00589,PROD116,123,1088.55
SOITEM01751,SO00589,PROD171,77,1035.14
SOITEM01752,SO00589,PROD339,59,804.84
SOITEM01753,SO00590,PROD261,145,1709.04
SOITEM01754,SO00590,PROD407,79,1046.72
SOITEM01755,SO00590,PROD162,45,28.52
SOITEM01756,SO00591,PROD186,50,360.48
SOITEM01757,SO00591,PROD322,133,975.89
SOITEM01758,SO00591,PROD129,131,726.96
SOITEM01759,SO00591,PROD473,104,352.49
SOITEM01760,SO00592,PROD232,63,224.33
SOITEM01761,SO00592,PROD162,138,28.52
SOITEM01762,SO00593,PROD160,59,746.32
SOITEM01763,SO00593,PROD497,38,982.67
SOITEM01764,SO00593,PROD176,83,66.66
SOITEM01765,SO00593,PROD331,27,825.64
SOITEM01766,SO00594,PROD455,130,1079.54
SOITEM01767,SO00594,PROD104,57,517.35
SOITEM01768,SO00595,PROD156,18,862.99
SOITEM01769,SO00595,PROD430,138,1060.12
SOITEM01770,SO00596,PROD147,20,623.69
SOITEM01771,SO00596,PROD288,42,1233.87
SOITEM01772,SO00596,PROD293,11,921.24
SOITEM01773,SO00596,PROD493,138,314.62
SOITEM01774,SO00597,PROD183,32,1162.93
SOITEM01775,SO00597,PROD313,37,1083.11
SOITEM01776,SO00598,PROD419,70,462.74
SOITEM01777,SO00598,PROD475,75,622.41
SOITEM01778,SO00599,PROD484,47,1421.85
SOITEM01779,SO00599,PROD222,8,444.32
SOITEM01780,SO00599,PROD041,85,1345.28
SOITEM01781,SO00600,PROD015,17,351.11
SOITEM01782,SO00600,PROD019,101,158.03
SOITEM01783,SO00600,PROD062,45,364.93
SOITEM01784,SO00601,PROD464,37,1205.08
SOITEM01785,SO00601,PROD034,43,710.46
SOITEM01786,SO00601,PROD322,95,975.89
SOITEM01787,SO00601,PROD341,108,1669.85
SOITEM01788,SO00601,PROD403,44,964.43
SOITEM01789,SO00602,PROD410,44,97.05
SOITEM01790,SO00602,PROD079,14,1070.31
SOITEM01791,SO00603,PROD188,112,575.31
SOITEM01792,SO00603,PROD470,131,973.75
SOITEM01793,SO00603,PROD213,18,915.33
SOITEM01794,SO00603,PROD452,53,614.75
SOITEM01795,SO00604,PROD035,149,985.83
SOITEM01796,SO00604,PROD423,100,1272.27
SOITEM01797,SO00604,PROD027,98,523.24
SOITEM01798,SO00605,PROD466,140,1181.87
SOITEM01799,SO00605,PROD260,38,685.07
SOITEM01800,SO00606,PROD131,126,582.87
SOITEM01801,SO00606,PROD353,23,506.01
SOITEM01802,SO00606,PROD106,147,222.41
SOITEM01803,SO00606,PROD235,94,1700.42
SOITEM01804,SO00606,PROD048,108,100.51
SOITEM01805,SO00606,PROD500,32,790.4
SOITEM01806,SO00606,PROD053,21,626.38
SOITEM01807,SO00607,PROD257,148,314.51
SOITEM01808,SO00608,PROD046,97,646.5
SOITEM01809,SO00609,PROD323,57,536.07
SOITEM01810,SO00609,PROD463,124,606.23
SOITEM01811,SO00609,PROD220,137,822.57
SOITEM01812,SO00609,PROD072,73,1040.98
SOITEM01813,SO00609,PROD121,19,953.07
SOITEM01814,SO00610,PROD187,127,1251.4
SOITEM01815,SO00611,PROD390,32,979.43
SOITEM01816,SO00612,PROD463,22,606.23
SOITEM01817,SO00612,PROD250,79,976.03
SOITEM01818,SO00612,PROD362,16,1010.26
SOITEM01819,SO00612,PROD402,116,456.95
SOITEM01820,SO00613,PROD174,118,60.34
SOITEM01821,SO00613,PROD412,6,1313.15
SOITEM01822,SO00613,PROD303,143,845.11
SOITEM01823,SO00613,PROD020,111,710.42
SOITEM01824,SO00613,PROD415,21,291.45
SOITEM01825,SO00613,PROD029,82,419.03
SOITEM01826,SO00613,PROD100,113,653.66
SOITEM01827,SO00613,PROD462,57,334.33
SOITEM01828,SO00614,PROD441,49,433.21
SOITEM01829,SO00614,PROD236,60,801.25
SOITEM01830,SO00614,PROD325,125,1272.26
SOITEM01831,SO00614,PROD151,134,179.05
SOITEM01832,SO00615,PROD462,75,334.33
SOITEM01833,SO00615,PROD122,125,1102.95
SOITEM01834,SO00615,PROD057,6,1187.66
SOITEM01835,SO00615,PROD371,28,548.86
SOITEM01836,SO00615,PROD445,42,910.8
SOITEM01837,SO00616,PROD463,37,606.23
SOITEM01838,SO00616,PROD362,108,1010.26
SOITEM01839,SO00616,PROD360,104,17.56
SOITEM01840,SO00616,PROD465,46,945.03
SOITEM01841,SO00616,PROD081,64,746.49
SOITEM01842,SO00617,PROD149,41,175.78
SOITEM01843,SO00618,PROD224,133,67.1
SOITEM01844,SO00618,PROD118,105,405.84
SOITEM01845,SO00618,PROD016,38,1166.68
SOITEM01846,SO00618,PROD076,133,182.76
SOITEM01847,SO00619,PROD062,138,364.93
SOITEM01848,SO00619,PROD302,144,268.83
SOITEM01849,SO00619,PROD201,89,258.6
SOITEM01850,SO00619,PROD353,54,506.01
SOITEM01851,SO00620,PROD179,114,587.83
SOITEM01852,SO00620,PROD475,68,622.41
SOITEM01853,SO00620,PROD259,132,1293.76
SOITEM01854,SO00620,PROD096,77,1145.68
SOITEM01855,SO00621,PROD272,81,659.27
SOITEM01856,SO00621,PROD462,89,334.33
SOITEM01857,SO00621,PROD073,36,800.29
SOITEM01858,SO00622,PROD371,150,548.86
SOITEM01859,SO00622,PROD111,35,1295.51
SOITEM01860,SO00622,PROD110,130,930.88
SOITEM01861,SO00623,PROD266,62,1288.39
SOITEM01862,SO00623,PROD081,51,746.49
SOITEM01863,SO00623,PROD330,122,717.97
SOITEM01864,SO00624,PROD242,100,651.23
SOITEM01865,SO00624,PROD026,86,693.39
SOITEM01866,SO00625,PROD475,129,622.41
SOITEM01867,SO00625,PROD172,87,415.49
SOITEM01868,SO00625,PROD353,95,506.01
SOITEM01869,SO00625,PROD153,54,1158.97
SOITEM01870,SO00626,PROD216,15,202.05
SOITEM01871,SO00626,PROD428,127,1043.62
SOITEM01872,SO00627,PROD329,35,344.07
SOITEM01873,SO00627,PROD154,76,1628.8
SOITEM01874,SO00628,PROD242,146,651.23
SOITEM01875,SO00628,PROD419,122,462.74
SOITEM01876,SO00629,PROD183,7,1162.93
SOITEM01877,SO00629,PROD379,5,1377.02
SOITEM01878,SO00629,PROD105,75,454.18
SOITEM01879,SO00629,PROD353,85,506.01
SOITEM01880,SO00629,PROD196,82,967.84
SOITEM01881,SO00630,PROD255,99,91.9
SOITEM01882,SO00630,PROD442,63,1012.49
SOITEM01883,SO00631,PROD463,93,606.23
SOITEM01884,SO00631,PROD204,56,134.39
SOITEM01885,SO00632,PROD292,35,346.04
SOITEM01886,SO00632,PROD487,46,541.19
SOITEM01887,SO00632,PROD244,45,128.7
SOITEM01888,SO00633,PROD149,66,175.78
SOITEM01889,SO00633,PROD333,111,559.55
SOITEM01890,SO00633,PROD455,46,1079.54
SOITEM01891,SO00633,PROD327,16,117.75
SOITEM01892,SO00634,PROD368,65,1015.99
SOITEM01893,SO00634,PROD413,84,887.22
SOITEM01894,SO00634,PROD262,18,87.94
SOITEM01895,SO00634,PROD192,39,1361.16
SOITEM01896,SO00635,PROD473,125,352.49
SOITEM01897,SO00635,PROD295,10,226.63
SOITEM01898,SO00635,PROD182,116,345.97
SOITEM01899,SO00635,PROD121,71,953.07
SOITEM01900,SO00635,PROD260,13,685.07
SOITEM01901,SO00636,PROD284,105,1138.02
SOITEM01902,SO00636,PROD295,132,226.63
SOITEM01903,SO00637,PROD464,37,1205.08
SOITEM01904,SO00637,PROD252,72,1563.98
SOITEM01905,SO00637,PROD195,106,740.95
SOITEM01906,SO00637,PROD312,22,448.06
SOITEM01907,SO00638,PROD308,67,698.97
SOITEM01908,SO00639,PROD342,129,753.8
SOITEM01909,SO00639,PROD154,77,1628.8
SOITEM01910,SO00640,PROD053,8,626.38
SOITEM01911,SO00640,PROD171,109,1035.14
SOITEM01912,SO00640,PROD300,20,731.42
SOITEM01913,SO00640,PROD140,67,949.14
SOITEM01914,SO00641,PROD006,97,1039.67
SOITEM01915,SO00641,PROD457,15,1199.55
SOITEM01916,SO00641,PROD198,19,220.57
SOITEM01917,SO00641,PROD039,30,455.23
SOITEM01918,SO00641,PROD010,129,158.98
SOITEM01919,SO00641,PROD337,31,1315.07
SOITEM01920,SO00642,PROD226,29,551.23
SOITEM01921,SO00642,PROD077,123,862.64
SOITEM01922,SO00642,PROD285,128,653.85
SOITEM01923,SO00642,PROD454,72,72.36
SOITEM01924,SO00643,PROD160,118,746.32
SOITEM01925,SO00643,PROD243,98,1157.77
SOITEM01926,SO00644,PROD378,79,153.55
SOITEM01927,SO00644,PROD440,87,754.74
SOITEM01928,SO00645,PROD154,59,1628.8
SOITEM01929,SO00646,PROD067,123,1491.41
SOITEM01930,SO00646,PROD267,5,693.98
SOITEM01931,SO00646,PROD274,15,356.83
SOITEM01932,SO00646,PROD121,121,953.07
SOITEM01933,SO00646,PROD198,69,220.57
SOITEM01934,SO00646,PROD433,31,938.56
SOITEM01935,SO00647,PROD283,146,922.05
SOITEM01936,SO00647,PROD402,130,456.95
SOITEM01937,SO00647,PROD071,95,915.07
SOITEM01938,SO00648,PROD278,122,364.44
SOITEM01939,SO00648,PROD280,52,1166.65
SOITEM01940,SO00649,PROD352,126,1269.95
SOITEM01941,SO00649,PROD225,145,1254.65
SOITEM01942,SO00649,PROD175,109,365.38
SOITEM01943,SO00649,PROD356,29,85.93
SOITEM01944,SO00649,PROD474,102,828.38
SOITEM01945,SO00649,PROD178,86,251.85
SOITEM01946,SO00650,PROD410,6,97.05
SOITEM01947,SO00650,PROD101,14,579.34
SOITEM01948,SO00650,PROD428,57,1043.62
SOITEM01949,SO00651,PROD150,50,1019.28
SOITEM01950,SO00651,PROD206,10,1118.26
SOITEM01951,SO00652,PROD316,133,756.92
SOITEM01952,SO00653,PROD322,26,975.89
SOITEM01953,SO00653,PROD157,12,122.44
SOITEM01954,SO00653,PROD366,51,1065.87
SOITEM01955,SO00654,PROD207,6,764.66
SOITEM01956,SO00654,PROD104,50,517.35
SOITEM01957,SO00654,PROD370,116,305.22
SOITEM01958,SO00654,PROD385,84,462.64
SOITEM01959,SO00654,PROD262,44,87.94
SOITEM01960,SO00655,PROD119,32,106.06
SOITEM01961,SO00655,PROD039,46,455.23
SOITEM01962,SO00655,PROD178,48,251.85
SOITEM01963,SO00656,PROD359,52,948.38
SOITEM01964,SO00656,PROD402,93,456.95
SOITEM01965,SO00656,PROD227,124,977.2
SOITEM01966,SO00656,PROD237,140,1026.87
SOITEM01967,SO00656,PROD090,55,604.66
SOITEM01968,SO00657,PROD055,88,615.27
SOITEM01969,SO00657,PROD066,61,147.63
SOITEM01970,SO00657,PROD114,43,272.02
SOITEM01971,SO00657,PROD009,88,446.24
SOITEM01972,SO00658,PROD326,143,68.46
SOITEM01973,SO00658,PROD046,32,646.5
SOITEM01974,SO00659,PROD246,139,1511.76
SOITEM01975,SO00659,PROD109,148,294.07
SOITEM01976,SO00659,PROD269,20,952.08
SOITEM01977,SO00660,PROD045,55,157.89
SOITEM01978,SO00660,PROD070,111,401.23
SOITEM01979,SO00660,PROD136,94,486.56
SOITEM01980,SO00660,PROD321,37,1229.41
SOITEM01981,SO00661,PROD017,50,704.27
SOITEM01982,SO00661,PROD227,17,977.2
SOITEM01983,SO00661,PROD411,94,1278.66
SOITEM01984,SO00661,PROD328,18,1354.07
SOITEM01985,SO00661,PROD140,13,949.14
SOITEM01986,SO00661,PROD171,25,1035.14
SOITEM01987,SO00662,PROD165,135,668.55
SOITEM01988,SO00662,PROD259,100,1293.76
SOITEM01989,SO00662,PROD015,36,351.11
SOITEM01990,SO00663,PROD012,32,1613.13
SOITEM01991,SO00663,PROD341,47,1669.85
SOITEM01992,SO00663,PROD359,46,948.38
SOITEM01993,SO00663,PROD156,92,862.99
SOITEM01994,SO00664,PROD464,121,1205.08
SOITEM01995,SO00664,PROD258,89,461.24
SOITEM01996,SO00665,PROD240,15,1692.13
SOITEM01997,SO00666,PROD127,7,160.45
SOITEM01998,SO00666,PROD286,117,1182.9
SOITEM01999,SO00667,PROD489,32,924.46
SOITEM02000,SO00667,PROD124,28,658.32
SOITEM02001,SO00667,PROD253,13,874.11
SOITEM02002,SO00667,PROD467,75,642.67
SOITEM02003,SO00667,PROD458,99,671.32
SOITEM02004,SO00668,PROD361,133,1008.28
SOITEM02005,SO00668,PROD276,35,254.24
SOITEM02006,SO00669,PROD022,149,225.56
SOITEM02007,SO00670,PROD371,66,548.86
SOITEM02008,SO00671,PROD240,111,1692.13
SOITEM02009,SO00671,PROD172,52,415.49
SOITEM02010,SO00671,PROD449,82,1451.26
SOITEM02011,SO00671,PROD117,126,276.44
SOITEM02012,SO00672,PROD094,63,248.06
SOITEM02013,SO00672,PROD392,54,1608.86
SOITEM02014,SO00673,PROD173,22,45.46
SOITEM02015,SO00673,PROD007,128,139.72
SOITEM02016,SO00673,PROD413,145,887.22
SOITEM02017,SO00673,PROD397,54,72.85
SOITEM02018,SO00674,PROD194,74,956.58
SOITEM02019,SO00674,PROD477,13,1211.96
SOITEM02020,SO00675,PROD482,23,261.56
SOITEM02021,SO00675,PROD170,30,1202.0
SOITEM02022,SO00675,PROD260,144,685.07
SOITEM02023,SO00675,PROD283,100,922.05
SOITEM02024,SO00676,PROD012,120,1613.13
SOITEM02025,SO00676,PROD227,97,977.2
SOITEM02026,SO00676,PROD432,125,690.84
SOITEM02027,SO00677,PROD467,23,642.67
SOITEM02028,SO00677,PROD237,19,1026.87
SOITEM02029,SO00678,PROD485,68,1226.75
SOITEM02030,SO00678,PROD018,10,671.51
SOITEM02031,SO00678,PROD146,126,561.24
SOITEM02032,SO00678,PROD089,57,708.42
SOITEM02033,SO00678,PROD399,94,194.51
SOITEM02034,SO00678,PROD390,64,979.43
SOITEM02035,SO00678,PROD017,148,704.27
SOITEM02036,SO00679,PROD165,124,668.55
SOITEM02037,SO00679,PROD319,142,70.29
SOITEM02038,SO00679,PROD425,10,237.61
SOITEM02039,SO00679,PROD491,7,136.1
SOITEM02040,SO00680,PROD456,114,653.87
SOITEM02041,SO00680,PROD060,5,670.1
SOITEM02042,SO00680,PROD471,20,434.22
SOITEM02043,SO00681,PROD366,124,1065.87
SOITEM02044,SO00682,PROD495,81,114.6
SOITEM02045,SO00682,PROD269,83,952.08
SOITEM02046,SO00682,PROD051,65,643.38
SOITEM02047,SO00682,PROD133,72,593.57
SOITEM02048,SO00683,PROD205,60,383.51
SOITEM02049,SO00683,PROD090,93,604.66
SOITEM02050,SO00683,PROD213,29,915.33
SOITEM02051,SO00684,PROD366,64,1065.87
SOITEM02052,SO00684,PROD423,53,1272.27
SOITEM02053,SO00684,PROD117,76,276.44
SOITEM02054,SO00684,PROD274,82,356.83
SOITEM02055,SO00684,PROD451,25,1215.34
SOITEM02056,SO00685,PROD380,123,886.05
SOITEM02057,SO00685,PROD433,123,938.56
SOITEM02058,SO00685,PROD436,125,618.73
SOITEM02059,SO00685,PROD317,121,1115.3
SOITEM02060,SO00685,PROD082,27,1118.92
SOITEM02061,SO00686,PROD494,110,806.62
SOITEM02062,SO00686,PROD424,35,446.5
SOITEM02063,SO00686,PROD332,105,138.49
SOITEM02064,SO00687,PROD060,131,670.1
SOITEM02065,SO00687,PROD125,133,791.95
SOITEM02066,SO00687,PROD421,118,1053.38
SOITEM02067,SO00688,PROD338,139,679.07
SOITEM02068,SO00688,PROD311,47,776.52
SOITEM02069,SO00688,PROD403,66,964.43
SOITEM02070,SO00688,PROD237,19,1026.87
SOITEM02071,SO00688,PROD341,19,1669.85
SOITEM02072,SO00688,PROD363,120,790.74
SOITEM02073,SO00689,PROD153,18,1158.97
SOITEM02074,SO00689,PROD025,6,389.26
SOITEM02075,SO00689,PROD418,111,651.35
SOITEM02076,SO00690,PROD300,74,731.42
SOITEM02077,SO00690,PROD395,109,314.97
SOITEM02078,SO00691,PROD172,111,415.49
SOITEM02079,SO00691,PROD453,137,159.85
SOITEM02080,SO00691,PROD469,150,1205.87
SOITEM02081,SO00691,PROD444,11,692.28
SOITEM02082,SO00691,PROD001,51,1065.76
SOITEM02083,SO00692,PROD081,121,746.49
SOITEM02084,SO00692,PROD442,55,1012.49
SOITEM02085,SO00692,PROD259,122,1293.76
SOITEM02086,SO00692,PROD267,148,693.98
SOITEM02087,SO00692,PROD394,72,1287.33
SOITEM02088,SO00693,PROD453,11,159.85
SOITEM02089,SO00693,PROD059,49,745.03
SOITEM02090,SO00694,PROD398,131,1174.48
SOITEM02091,SO00694,PROD486,119,81.21
SOITEM02092,SO00694,PROD054,39,1320.94
SOITEM02093,SO00695,PROD226,63,551.23
SOITEM02094,SO00695,PROD390,13,979.43
SOITEM02095,SO00696,PROD415,54,291.45
SOITEM02096,SO00696,PROD431,19,448.84
SOITEM02097,SO00697,PROD064,114,1297.35
SOITEM02098,SO00697,PROD435,77,1222.59
SOITEM02099,SO00697,PROD433,119,938.56
SOITEM02100,SO00697,PROD270,10,155.77
SOITEM02101,SO00698,PROD088,26,1348.83
SOITEM02102,SO00698,PROD105,68,454.18
SOITEM02103,SO00699,PROD139,35,241.64
SOITEM02104,SO00699,PROD430,93,1060.12
SOITEM02105,SO00699,PROD251,101,1241.42
SOITEM02106,SO00700,PROD166,12,590.1
SOITEM02107,SO00700,PROD495,7,114.6
SOITEM02108,SO00701,PROD457,43,1199.55
SOITEM02109,SO00701,PROD262,116,87.94
SOITEM02110,SO00702,PROD074,41,1276.05
SOITEM02111,SO00702,PROD018,32,671.51
SOITEM02112,SO00703,PROD480,49,967.75
SOITEM02113,SO00704,PROD242,98,651.23
SOITEM02114,SO00704,PROD294,131,442.63
SOITEM02115,SO00705,PROD388,115,793.41
SOITEM02116,SO00705,PROD259,119,1293.76
SOITEM02117,SO00706,PROD435,67,1222.59
SOITEM02118,SO00706,PROD305,113,404.92
SOITEM02119,SO00706,PROD239,92,694.49
SOITEM02120,SO00707,PROD368,71,1015.99
SOITEM02121,SO00707,PROD330,42,717.97
SOITEM02122,SO00708,PROD324,32,366.94
SOITEM02123,SO00708,PROD178,33,251.85
SOITEM02124,SO00709,PROD413,89,887.22
SOITEM02125,SO00709,PROD253,122,874.11
SOITEM02126,SO00709,PROD263,23,963.97
SOITEM02127,SO00709,PROD102,20,1028.11
SOITEM02128,SO00709,PROD041,55,1345.28
SOITEM02129,SO00709,PROD117,109,276.44
SOITEM02130,SO00710,PROD185,134,78.88
SOITEM02131,SO00710,PROD260,26,685.07
SOITEM02132,SO00711,PROD239,101,694.49
SOITEM02133,SO00712,PROD068,95,1350.64
SOITEM02134,SO00713,PROD277,34,1103.6
SOITEM02135,SO00713,PROD136,127,486.56
SOITEM02136,SO00713,PROD294,142,442.63
SOITEM02137,SO00713,PROD101,45,579.34
SOITEM02138,SO00714,PROD487,145,541.19
SOITEM02139,SO00714,PROD030,55,144.7
SOITEM02140,SO00715,PROD107,137,760.64
SOITEM02141,SO00715,PROD141,138,1138.72
SOITEM02142,SO00715,PROD032,90,445.25
SOITEM02143,SO00715,PROD094,85,248.06
SOITEM02144,SO00716,PROD262,85,87.94
SOITEM02145,SO00716,PROD234,116,929.92
SOITEM02146,SO00716,PROD232,101,224.33
SOITEM02147,SO00716,PROD056,68,904.05
SOITEM02148,SO00716,PROD251,85,1241.42
SOITEM02149,SO00717,PROD260,138,685.07
SOITEM02150,SO00717,PROD036,56,685.85
SOITEM02151,SO00717,PROD276,46,254.24
SOITEM02152,SO00717,PROD218,20,1120.53
SOITEM02153,SO00718,PROD376,79,736.67
SOITEM02154,SO00718,PROD351,64,407.92
SOITEM02155,SO00718,PROD202,118,976.76
SOITEM02156,SO00718,PROD169,5,916.57
SOITEM02157,SO00718,PROD455,32,1079.54
SOITEM02158,SO00719,PROD305,122,404.92
SOITEM02159,SO00719,PROD300,39,731.42
SOITEM02160,SO00719,PROD092,39,392.62
SOITEM02161,SO00719,PROD269,72,952.08
SOITEM02162,SO00720,PROD489,61,924.46
SOITEM02163,SO00720,PROD313,84,1083.11
SOITEM02164,SO00720,PROD400,141,733.96
SOITEM02165,SO00720,PROD348,131,788.76
SOITEM02166,SO00721,PROD050,10,1340.67
SOITEM02167,SO00721,PROD114,141,272.02
SOITEM02168,SO00721,PROD053,114,626.38
SOITEM02169,SO00722,PROD471,131,434.22
SOITEM02170,SO00722,PROD064,32,1297.35
SOITEM02171,SO00722,PROD468,144,568.43
SOITEM02172,SO00722,PROD161,40,27.23
SOITEM02173,SO00722,PROD387,104,980.89
SOITEM02174,SO00723,PROD355,108,437.91
SOITEM02175,SO00723,PROD005,140,932.3
SOITEM02176,SO00724,PROD440,143,754.74
SOITEM02177,SO00724,PROD214,69,759.99
SOITEM02178,SO00724,PROD188,13,575.31
SOITEM02179,SO00725,PROD331,120,825.64
SOITEM02180,SO00725,PROD032,54,445.25
SOITEM02181,SO00725,PROD111,113,1295.51
SOITEM02182,SO00725,PROD423,81,1272.27
SOITEM02183,SO00725,PROD227,97,977.2
SOITEM02184,SO00725,PROD137,111,1053.76
SOITEM02185,SO00726,PROD360,146,17.56
SOITEM02186,SO00726,PROD083,119,874.47
SOITEM02187,SO00726,PROD154,115,1628.8
SOITEM02188,SO00727,PROD181,39,994.75
SOITEM02189,SO00727,PROD243,36,1157.77
SOITEM02190,SO00727,PROD425,68,237.61
SOITEM02191,SO00727,PROD444,21,692.28
SOITEM02192,SO00728,PROD299,66,529.69
SOITEM02193,SO00728,PROD194,17,956.58
SOITEM02194,SO00728,PROD270,48,155.77
SOITEM02195,SO00729,PROD232,129,224.33
SOITEM02196,SO00729,PROD222,50,444.32
SOITEM02197,SO00730,PROD489,24,924.46
SOITEM02198,SO00730,PROD044,60,798.58
SOITEM02199,SO00730,PROD395,98,314.97
SOITEM02200,SO00731,PROD209,137,857.85
SOITEM02201,SO00731,PROD212,78,427.61
SOITEM02202,SO00732,PROD254,126,775.1
SOITEM02203,SO00732,PROD287,128,206.98
SOITEM02204,SO00732,PROD106,76,222.41
SOITEM02205,SO00732,PROD219,80,610.84
SOITEM02206,SO00733,PROD232,89,224.33
SOITEM02207,SO00733,PROD059,98,745.03
SOITEM02208,SO00733,PROD487,74,541.19
SOITEM02209,SO00734,PROD130,45,466.72
SOITEM02210,SO00734,PROD244,121,128.7
SOITEM02211,SO00735,PROD471,49,434.22
SOITEM02212,SO00735,PROD375,144,1156.42
SOITEM02213,SO00736,PROD047,78,117.41
SOITEM02214,SO00736,PROD198,74,220.57
SOITEM02215,SO00736,PROD300,84,731.42
SOITEM02216,SO00736,PROD303,52,845.11
SOITEM02217,SO00736,PROD499,148,197.97
SOITEM02218,SO00737,PROD140,15,949.14
SOITEM02219,SO00737,PROD253,7,874.11
SOITEM02220,SO00738,PROD482,74,261.56
SOITEM02221,SO00739,PROD019,117,158.03
SOITEM02222,SO00740,PROD285,148,653.85
SOITEM02223,SO00740,PROD022,51,225.56
SOITEM02224,SO00740,PROD275,74,491.51
SOITEM02225,SO00740,PROD023,41,218.64
SOITEM02226,SO00740,PROD195,67,740.95
SOITEM02227,SO00741,PROD225,86,1254.65
SOITEM02228,SO00741,PROD201,55,258.6
SOITEM02229,SO00741,PROD356,37,85.93
SOITEM02230,SO00741,PROD247,150,1575.9
SOITEM02231,SO00741,PROD496,150,782.95
SOITEM02232,SO00742,PROD246,97,1511.76
SOITEM02233,SO00742,PROD360,133,17.56
SOITEM02234,SO00742,PROD175,140,365.38
SOITEM02235,SO00742,PROD311,81,776.52
SOITEM02236,SO00742,PROD294,34,442.63
SOITEM02237,SO00742,PROD027,84,523.24
SOITEM02238,SO00743,PROD350,34,605.73
SOITEM02239,SO00743,PROD469,22,1205.87
SOITEM02240,SO00743,PROD454,140,72.36
SOITEM02241,SO00744,PROD139,16,241.64
SOITEM02242,SO00744,PROD206,9,1118.26
SOITEM02243,SO00744,PROD232,113,224.33
SOITEM02244,SO00745,PROD277,72,1103.6
SOITEM02245,SO00746,PROD390,132,979.43
SOITEM02246,SO00746,PROD354,6,1247.88
SOITEM02247,SO00746,PROD203,117,294.21
SOITEM02248,SO00746,PROD126,48,374.01
SOITEM02249,SO00747,PROD066,107,147.63
SOITEM02250,SO00747,PROD071,68,915.07
SOITEM02251,SO00747,PROD202,83,976.76
SOITEM02252,SO00747,PROD034,16,710.46
SOITEM02253,SO00748,PROD260,10,685.07
SOITEM02254,SO00748,PROD499,33,197.97
SOITEM02255,SO00748,PROD168,126,852.73
SOITEM02256,SO00749,PROD358,23,769.81
SOITEM02257,SO00749,PROD005,121,932.3
SOITEM02258,SO00750,PROD341,88,1669.85
SOITEM02259,SO00750,PROD122,120,1102.95
SOITEM02260,SO00751,PROD491,129,136.1
SOITEM02261,SO00751,PROD242,11,651.23
SOITEM02262,SO00751,PROD483,24,672.5
SOITEM02263,SO00752,PROD100,138,653.66
SOITEM02264,SO00752,PROD492,131,1562.48
SOITEM02265,SO00753,PROD431,48,448.84
SOITEM02266,SO00753,PROD301,36,258.38
SOITEM02267,SO00754,PROD345,36,782.66
SOITEM02268,SO00755,PROD143,16,280.77
SOITEM02269,SO00755,PROD457,19,1199.55
SOITEM02270,SO00755,PROD335,131,545.76
SOITEM02271,SO00756,PROD085,69,816.42
SOITEM02272,SO00756,PROD275,59,491.51
SOITEM02273,SO00756,PROD462,47,334.33
SOITEM02274,SO00757,PROD022,59,225.56
SOITEM02275,SO00757,PROD491,86,136.1
SOITEM02276,SO00757,PROD373,101,1408.52
SOITEM02277,SO00758,PROD141,78,1138.72
SOITEM02278,SO00758,PROD464,128,1205.08
SOITEM02279,SO00758,PROD075,49,908.01
SOITEM02280,SO00759,PROD478,68,852.64
SOITEM02281,SO00759,PROD246,67,1511.76
SOITEM02282,SO00759,PROD077,61,862.64
SOITEM02283,SO00759,PROD257,83,314.51
SOITEM02284,SO00760,PROD396,60,858.34
SOITEM02285,SO00760,PROD454,51,72.36
SOITEM02286,SO00760,PROD474,39,828.38
SOITEM02287,SO00761,PROD052,95,594.73
SOITEM02288,SO00761,PROD256,140,641.32
SOITEM02289,SO00761,PROD334,59,920.42
SOITEM02290,SO00762,PROD113,134,216.05
SOITEM02291,SO00762,PROD013,26,1004.23
SOITEM02292,SO00762,PROD320,136,1145.37
SOITEM02293,SO00762,PROD417,26,1285.07
SOITEM02294,SO00762,PROD413,41,887.22
SOITEM02295,SO00763,PROD057,116,1187.66
SOITEM02296,SO00763,PROD416,62,1288.06
SOITEM02297,SO00763,PROD436,96,618.73
SOITEM02298,SO00763,PROD088,131,1348.83
SOITEM02299,SO00764,PROD261,43,1709.04
SOITEM02300,SO00764,PROD117,12,276.44
SOITEM02301,SO00765,PROD394,14,1287.33
SOITEM02302,SO00765,PROD135,11,939.41
SOITEM02303,SO00765,PROD317,50,1115.3
SOITEM02304,SO00765,PROD281,64,882.78
SOITEM02305,SO00766,PROD426,74,546.15
SOITEM02306,SO00766,PROD043,84,627.93
SOITEM02307,SO00766,PROD142,77,1235.3
SOITEM02308,SO00766,PROD481,74,822.01
SOITEM02309,SO00766,PROD179,83,587.83
SOITEM02310,SO00766,PROD176,41,66.66
SOITEM02311,SO00767,PROD251,148,1241.42
SOITEM02312,SO00767,PROD076,53,182.76
SOITEM02313,SO00767,PROD220,46,822.57
SOITEM02314,SO00768,PROD110,129,930.88
SOITEM02315,SO00768,PROD104,95,517.35
SOITEM02316,SO00769,PROD324,61,366.94
SOITEM02317,SO00769,PROD435,131,1222.59
SOITEM02318,SO00769,PROD421,143,1053.38
SOITEM02319,SO00769,PROD444,92,692.28
SOITEM02320,SO00770,PROD462,32,334.33
SOITEM02321,SO00770,PROD040,104,695.59
SOITEM02322,SO00771,PROD130,101,466.72
SOITEM02323,SO00771,PROD178,118,251.85
SOITEM02324,SO00771,PROD481,95,822.01
SOITEM02325,SO00771,PROD196,118,967.84
SOITEM02326,SO00772,PROD048,97,100.51
SOITEM02327,SO00773,PROD466,62,1181.87
SOITEM02328,SO00773,PROD118,64,405.84
SOITEM02329,SO00773,PROD405,98,53.91
SOITEM02330,SO00774,PROD009,146,446.24
SOITEM02331,SO00774,PROD063,83,1079.94
SOITEM02332,SO00774,PROD106,33,222.41
SOITEM02333,SO00774,PROD172,19,415.49
SOITEM02334,SO00775,PROD040,117,695.59
SOITEM02335,SO00775,PROD459,54,671.8
SOITEM02336,SO00775,PROD120,40,158.19
SOITEM02337,SO00776,PROD017,121,704.27
SOITEM02338,SO00776,PROD043,63,627.93
SOITEM02339,SO00776,PROD500,143,790.4
SOITEM02340,SO00776,PROD483,49,672.5
SOITEM02341,SO00777,PROD497,106,982.67
SOITEM02342,SO00777,PROD021,142,642.17
SOITEM02343,SO00777,PROD493,105,314.62
SOITEM02344,SO00777,PROD410,147,97.05
SOITEM02345,SO00778,PROD118,110,405.84
SOITEM02346,SO00778,PROD001,77,1065.76
SOITEM02347,SO00778,PROD385,144,462.64
SOITEM02348,SO00778,PROD247,143,1575.9
SOITEM02349,SO00778,PROD009,109,446.24
SOITEM02350,SO00779,PROD313,120,1083.11
SOITEM02351,SO00779,PROD261,85,1709.04
SOITEM02352,SO00779,PROD438,114,981.89
SOITEM02353,SO00780,PROD320,25,1145.37
SOITEM02354,SO00780,PROD292,27,346.04
SOITEM02355,SO00780,PROD390,9,979.43
SOITEM02356,SO00780,PROD170,37,1202.0
SOITEM02357,SO00781,PROD333,139,559.55
SOITEM02358,SO00781,PROD107,53,760.64
SOITEM02359,SO00782,PROD075,99,908.01
SOITEM02360,SO00782,PROD479,53,710.31
SOITEM02361,SO00782,PROD227,37,977.2
SOITEM02362,SO00783,PROD435,53,1222.59
SOITEM02363,SO00783,PROD257,37,314.51
SOITEM02364,SO00783,PROD382,19,439.42
SOITEM02365,SO00783,PROD203,25,294.21
SOITEM02366,SO00784,PROD429,55,101.2
SOITEM02367,SO00784,PROD166,56,590.1
SOITEM02368,SO00784,PROD400,48,733.96
SOITEM02369,SO00785,PROD037,147,1311.32
SOITEM02370,SO00785,PROD423,101,1272.27
SOITEM02371,SO00785,PROD051,102,643.38
SOITEM02372,SO00785,PROD339,84,804.84
SOITEM02373,SO00786,PROD174,103,60.34
SOITEM02374,SO00786,PROD048,80,100.51
SOITEM02375,SO00787,PROD409,42,578.39
SOITEM02376,SO00787,PROD171,54,1035.14
SOITEM02377,SO00787,PROD310,111,1114.33
SOITEM02378,SO00787,PROD448,100,1205.41
SOITEM02379,SO00788,PROD078,9,1530.22
SOITEM02380,SO00788,PROD222,18,444.32
SOITEM02381,SO00789,PROD002,52,1680.23
SOITEM02382,SO00789,PROD102,46,1028.11
SOITEM02383,SO00790,PROD259,141,1293.76
SOITEM02384,SO00790,PROD396,83,858.34
SOITEM02385,SO00790,PROD441,53,433.21
SOITEM02386,SO00791,PROD137,35,1053.76
SOITEM02387,SO00791,PROD318,10,738.15
SOITEM02388,SO00791,PROD236,98,801.25
SOITEM02389,SO00791,PROD126,59,374.01
SOITEM02390,SO00792,PROD052,46,594.73
SOITEM02391,SO00793,PROD140,133,949.14
SOITEM02392,SO00793,PROD083,42,874.47
SOITEM02393,SO00794,PROD018,10,671.51
SOITEM02394,SO00794,PROD392,130,1608.86
SOITEM02395,SO00794,PROD044,42,798.58
SOITEM02396,SO00795,PROD324,141,366.94
SOITEM02397,SO00795,PROD486,48,81.21
SOITEM02398,SO00795,PROD106,22,222.41
SOITEM02399,SO00795,PROD365,37,732.48
SOITEM02400,SO00796,PROD050,111,1340.67
SOITEM02401,SO00796,PROD496,17,782.95
SOITEM02402,SO00796,PROD186,130,360.48
SOITEM02403,SO00796,PROD388,136,793.41
SOITEM02404,SO00796,PROD051,82,643.38
SOITEM02405,SO00796,PROD003,149,470.16
SOITEM02406,SO00797,PROD328,13,1354.07
SOITEM02407,SO00797,PROD080,117,923.6
SOITEM02408,SO00798,PROD208,114,1030.06
SOITEM02409,SO00799,PROD026,84,693.39
SOITEM02410,SO00799,PROD309,90,656.43
SOITEM02411,SO00800,PROD069,59,1166.98
SOITEM02412,SO00801,PROD243,128,1157.77
SOITEM02413,SO00801,PROD041,50,1345.28
SOITEM02414,SO00801,PROD133,93,593.57
SOITEM02415,SO00802,PROD079,63,1070.31
SOITEM02416,SO00802,PROD101,37,579.34
SOITEM02417,SO00803,PROD298,84,301.61
SOITEM02418,SO00803,PROD340,71,1164.05
SOITEM02419,SO00803,PROD140,136,949.14
SOITEM02420,SO00803,PROD465,61,945.03
SOITEM02421,SO00804,PROD298,59,301.61
SOITEM02422,SO00804,PROD450,111,699.65
SOITEM02423,SO00804,PROD436,7,618.73
SOITEM02424,SO00805,PROD224,103,67.1
SOITEM02425,SO00805,PROD366,62,1065.87
SOITEM02426,SO00805,PROD263,12,963.97
SOITEM02427,SO00805,PROD243,129,1157.77
SOITEM02428,SO00805,PROD485,56,1226.75
SOITEM02429,SO00806,PROD191,71,1024.15
SOITEM02430,SO00806,PROD280,140,1166.65
SOITEM02431,SO00807,PROD228,31,1114.81
SOITEM02432,SO00807,PROD423,59,1272.27
SOITEM02433,SO00807,PROD017,136,704.27
SOITEM02434,SO00808,PROD074,87,1276.05
SOITEM02435,SO00808,PROD292,118,346.04
SOITEM02436,SO00809,PROD107,64,760.64
SOITEM02437,SO00809,PROD478,91,852.64
SOITEM02438,SO00810,PROD443,38,556.93
SOITEM02439,SO00810,PROD073,63,800.29
SOITEM02440,SO00810,PROD337,79,1315.07
SOITEM02441,SO00811,PROD155,24,194.11
SOITEM02442,SO00812,PROD073,54,800.29
SOITEM02443,SO00813,PROD402,120,456.95
SOITEM02444,SO00813,PROD173,112,45.46
SOITEM02445,SO00813,PROD387,8,980.89
SOITEM02446,SO00813,PROD225,108,1254.65
SOITEM02447,SO00814,PROD064,71,1297.35
SOITEM02448,SO00814,PROD249,65,713.13
SOITEM02449,SO00815,PROD160,142,746.32
SOITEM02450,SO00815,PROD121,136,953.07
SOITEM02451,SO00815,PROD316,149,756.92
SOITEM02452,SO00816,PROD128,30,405.49
SOITEM02453,SO00817,PROD222,43,444.32
SOITEM02454,SO00817,PROD485,105,1226.75
SOITEM02455,SO00817,PROD265,147,1219.88
SOITEM02456,SO00817,PROD006,126,1039.67
SOITEM02457,SO00817,PROD393,79,663.76
SOITEM02458,SO00818,PROD321,113,1229.41
SOITEM02459,SO00818,PROD053,114,626.38
SOITEM02460,SO00818,PROD229,34,1354.19
SOITEM02461,SO00819,PROD283,121,922.05
SOITEM02462,SO00819,PROD167,101,1146.21
SOITEM02463,SO00819,PROD403,113,964.43
SOITEM02464,SO00819,PROD354,82,1247.88
SOITEM02465,SO00820,PROD189,15,383.37
SOITEM02466,SO00820,PROD307,51,224.9
SOITEM02467,SO00820,PROD347,145,89.12
SOITEM02468,SO00820,PROD457,45,1199.55
SOITEM02469,SO00820,PROD327,126,117.75
SOITEM02470,SO00821,PROD315,76,477.79
SOITEM02471,SO00821,PROD500,144,790.4
SOITEM02472,SO00821,PROD386,51,559.89
SOITEM02473,SO00822,PROD195,80,740.95
SOITEM02474,SO00822,PROD125,80,791.95
SOITEM02475,SO00823,PROD021,32,642.17
SOITEM02476,SO00823,PROD025,54,389.26
SOITEM02477,SO00824,PROD186,138,360.48
SOITEM02478,SO00824,PROD475,24,622.41
SOITEM02479,SO00824,PROD461,65,210.86
SOITEM02480,SO00824,PROD443,129,556.93
SOITEM02481,SO00824,PROD082,38,1118.92
SOITEM02482,SO00825,PROD215,85,846.19
SOITEM02483,SO00825,PROD383,45,541.16
SOITEM02484,SO00825,PROD188,22,575.31
SOITEM02485,SO00825,PROD117,131,276.44
SOITEM02486,SO00826,PROD435,39,1222.59
SOITEM02487,SO00826,PROD423,101,1272.27
SOITEM02488,SO00826,PROD244,131,128.7
SOITEM02489,SO00827,PROD414,17,1110.59
SOITEM02490,SO00827,PROD436,54,618.73
SOITEM02491,SO00827,PROD025,14,389.26
SOITEM02492,SO00827,PROD075,73,908.01
SOITEM02493,SO00828,PROD290,12,150.88
SOITEM02494,SO00828,PROD431,28,448.84
SOITEM02495,SO00828,PROD010,38,158.98
SOITEM02496,SO00829,PROD093,144,787.77
SOITEM02497,SO00829,PROD127,84,160.45
SOITEM02498,SO00829,PROD258,20,461.24
SOITEM02499,SO00830,PROD174,114,60.34
SOITEM02500,SO00830,PROD006,46,1039.67
SOITEM02501,SO00831,PROD197,141,1098.89
SOITEM02502,SO00831,PROD103,98,420.13
SOITEM02503,SO00831,PROD037,77,1311.32
SOITEM02504,SO00831,PROD306,75,456.87
SOITEM02505,SO00832,PROD231,102,1048.32
SOITEM02506,SO00832,PROD457,74,1199.55
SOITEM02507,SO00832,PROD374,115,337.05
SOITEM02508,SO00833,PROD446,112,167.07
SOITEM02509,SO00833,PROD500,87,790.4
SOITEM02510,SO00833,PROD397,21,72.85
SOITEM02511,SO00834,PROD164,69,111.31
SOITEM02512,SO00834,PROD446,126,167.07
SOITEM02513,SO00834,PROD445,55,910.8
SOITEM02514,SO00835,PROD333,21,559.55
SOITEM02515,SO00836,PROD121,120,953.07
SOITEM02516,SO00836,PROD285,117,653.85
SOITEM02517,SO00837,PROD409,6,578.39
SOITEM02518,SO00837,PROD031,150,1253.99
SOITEM02519,SO00837,PROD393,140,663.76
SOITEM02520,SO00837,PROD014,92,318.73
SOITEM02521,SO00838,PROD327,92,117.75
SOITEM02522,SO00838,PROD306,126,456.87
SOITEM02523,SO00838,PROD106,107,222.41
SOITEM02524,SO00839,PROD060,81,670.1
SOITEM02525,SO00839,PROD096,54,1145.68
SOITEM02526,SO00839,PROD100,59,653.66
SOITEM02527,SO00839,PROD455,115,1079.54
SOITEM02528,SO00839,PROD166,16,590.1
SOITEM02529,SO00840,PROD253,19,874.11
SOITEM02530,SO00840,PROD212,38,427.61
SOITEM02531,SO00841,PROD229,106,1354.19
SOITEM02532,SO00841,PROD127,112,160.45
SOITEM02533,SO00841,PROD241,142,876.44
SOITEM02534,SO00841,PROD122,16,1102.95
SOITEM02535,SO00842,PROD227,116,977.2
SOITEM02536,SO00843,PROD138,103,995.03
SOITEM02537,SO00843,PROD460,115,139.11
SOITEM02538,SO00844,PROD389,65,939.57
SOITEM02539,SO00845,PROD294,22,442.63
SOITEM02540,SO00845,PROD097,104,1356.93
SOITEM02541,SO00845,PROD141,26,1138.72
SOITEM02542,SO00845,PROD138,98,995.03
SOITEM02543,SO00845,PROD314,16,1602.76
SOITEM02544,SO00845,PROD364,52,49.06
SOITEM02545,SO00846,PROD288,111,1233.87
SOITEM02546,SO00846,PROD452,49,614.75
SOITEM02547,SO00846,PROD078,40,1530.22
SOITEM02548,SO00847,PROD455,32,1079.54
SOITEM02549,SO00847,PROD156,71,862.99
SOITEM02550,SO00848,PROD325,14,1272.26
SOITEM02551,SO00848,PROD488,116,817.03
SOITEM02552,SO00849,PROD137,8,1053.76
SOITEM02553,SO00850,PROD467,111,642.67
SOITEM02554,SO00851,PROD128,79,405.49
SOITEM02555,SO00851,PROD194,87,956.58
SOITEM02556,SO00851,PROD103,49,420.13
SOITEM02557,SO00852,PROD092,70,392.62
SOITEM02558,SO00852,PROD380,76,886.05
SOITEM02559,SO00852,PROD389,73,939.57
SOITEM02560,SO00852,PROD198,100,220.57
SOITEM02561,SO00853,PROD300,111,731.42
SOITEM02562,SO00853,PROD499,29,197.97
SOITEM02563,SO00853,PROD140,89,949.14
SOITEM02564,SO00854,PROD283,88,922.05
SOITEM02565,SO00854,PROD059,32,745.03
SOITEM02566,SO00855,PROD385,69,462.64
SOITEM02567,SO00855,PROD010,29,158.98
SOITEM02568,SO00855,PROD323,117,536.07
SOITEM02569,SO00855,PROD250,12,976.03
SOITEM02570,SO00855,PROD354,113,1247.88
SOITEM02571,SO00856,PROD072,117,1040.98
SOITEM02572,SO00856,PROD177,20,297.71
SOITEM02573,SO00857,PROD370,72,305.22
SOITEM02574,SO00857,PROD085,145,816.42
SOITEM02575,SO00857,PROD487,117,541.19
SOITEM02576,SO00857,PROD076,22,182.76
SOITEM02577,SO00858,PROD179,89,587.83
SOITEM02578,SO00858,PROD312,13,448.06
SOITEM02579,SO00858,PROD201,9,258.6
SOITEM02580,SO00859,PROD432,150,690.84
SOITEM02581,SO00859,PROD058,120,1345.87
SOITEM02582,SO00859,PROD348,119,788.76
SOITEM02583,SO00860,PROD408,84,1109.12
SOITEM02584,SO00860,PROD331,147,825.64
SOITEM02585,SO00860,PROD228,109,1114.81
SOITEM02586,SO00860,PROD004,12,1203.62
SOITEM02587,SO00861,PROD073,110,800.29
SOITEM02588,SO00861,PROD159,39,1098.12
SOITEM02589,SO00861,PROD224,90,67.1
SOITEM02590,SO00862,PROD073,22,800.29
SOITEM02591,SO00862,PROD434,113,1571.95
SOITEM02592,SO00862,PROD191,39,1024.15
SOITEM02593,SO00863,PROD196,75,967.84
SOITEM02594,SO00863,PROD465,50,945.03
SOITEM02595,SO00863,PROD056,43,904.05
SOITEM02596,SO00863,PROD403,139,964.43
SOITEM02597,SO00864,PROD147,36,623.69
SOITEM02598,SO00864,PROD197,58,1098.89
SOITEM02599,SO00864,PROD301,113,258.38
SOITEM02600,SO00864,PROD250,140,976.03
SOITEM02601,SO00864,PROD267,23,693.98
SOITEM02602,SO00864,PROD177,75,297.71
SOITEM02603,SO00865,PROD141,101,1138.72
SOITEM02604,SO00865,PROD137,64,1053.76
SOITEM02605,SO00865,PROD376,91,736.67
SOITEM02606,SO00866,PROD382,39,439.42
SOITEM02607,SO00866,PROD327,120,117.75
SOITEM02608,SO00867,PROD229,73,1354.19
SOITEM02609,SO00867,PROD053,36,626.38
SOITEM02610,SO00868,PROD021,138,642.17
SOITEM02611,SO00868,PROD500,133,790.4
SOITEM02612,SO00868,PROD178,133,251.85
SOITEM02613,SO00869,PROD325,48,1272.26
SOITEM02614,SO00869,PROD324,101,366.94
SOITEM02615,SO00869,PROD370,58,305.22
SOITEM02616,SO00869,PROD475,28,622.41
SOITEM02617,SO00870,PROD131,136,582.87
SOITEM02618,SO00870,PROD218,22,1120.53
SOITEM02619,SO00870,PROD015,135,351.11
SOITEM02620,SO00870,PROD239,45,694.49
SOITEM02621,SO00871,PROD491,65,136.1
SOITEM02622,SO00871,PROD302,144,268.83
SOITEM02623,SO00871,PROD340,92,1164.05
SOITEM02624,SO00872,PROD063,21,1079.94
SOITEM02625,SO00873,PROD041,128,1345.28
SOITEM02626,SO00873,PROD186,120,360.48
SOITEM02627,SO00873,PROD447,7,972.98
SOITEM02628,SO00873,PROD160,70,746.32
SOITEM02629,SO00874,PROD293,63,921.24
SOITEM02630,SO00874,PROD394,25,1287.33
SOITEM02631,SO00874,PROD274,49,356.83
SOITEM02632,SO00874,PROD340,9,1164.05
SOITEM02633,SO00874,PROD262,101,87.94
SOITEM02634,SO00875,PROD176,84,66.66
SOITEM02635,SO00876,PROD142,24,1235.3
SOITEM02636,SO00876,PROD178,38,251.85
SOITEM02637,SO00876,PROD431,149,448.84
SOITEM02638,SO00876,PROD330,58,717.97
SOITEM02639,SO00877,PROD139,5,241.64
SOITEM02640,SO00877,PROD104,117,517.35
SOITEM02641,SO00877,PROD040,79,695.59
SOITEM02642,SO00878,PROD231,76,1048.32
SOITEM02643,SO00878,PROD213,50,915.33
SOITEM02644,SO00879,PROD086,30,999.94
SOITEM02645,SO00879,PROD027,141,523.24
SOITEM02646,SO00879,PROD427,148,566.06
SOITEM02647,SO00880,PROD428,42,1043.62
SOITEM02648,SO00880,PROD307,42,224.9
SOITEM02649,SO00880,PROD382,74,439.42
SOITEM02650,SO00880,PROD321,19,1229.41
SOITEM02651,SO00880,PROD279,25,328.09
SOITEM02652,SO00880,PROD101,34,579.34
SOITEM02653,SO00881,PROD045,143,157.89
SOITEM02654,SO00881,PROD398,13,1174.48
SOITEM02655,SO00881,PROD213,123,915.33
SOITEM02656,SO00882,PROD418,123,651.35
SOITEM02657,SO00882,PROD295,98,226.63
SOITEM02658,SO00883,PROD252,133,1563.98
SOITEM02659,SO00883,PROD077,147,862.64
SOITEM02660,SO00883,PROD038,9,1340.93
SOITEM02661,SO00884,PROD029,113,419.03
SOITEM02662,SO00884,PROD340,97,1164.05
SOITEM02663,SO00884,PROD172,99,415.49
SOITEM02664,SO00885,PROD409,131,578.39
SOITEM02665,SO00885,PROD077,26,862.64
SOITEM02666,SO00885,PROD223,110,230.59
SOITEM02667,SO00886,PROD163,149,1343.1
SOITEM02668,SO00886,PROD120,89,158.19
SOITEM02669,SO00886,PROD346,71,1325.55
SOITEM02670,SO00887,PROD322,114,975.89
SOITEM02671,SO00887,PROD323,29,536.07
SOITEM02672,SO00887,PROD334,23,920.42
SOITEM02673,SO00888,PROD453,49,159.85
SOITEM02674,SO00888,PROD143,34,280.77
SOITEM02675,SO00888,PROD398,134,1174.48
SOITEM02676,SO00889,PROD027,80,523.24
SOITEM02677,SO00889,PROD479,75,710.31
SOITEM02678,SO00889,PROD013,42,1004.23
SOITEM02679,SO00890,PROD409,124,578.39
SOITEM02680,SO00890,PROD445,107,910.8
SOITEM02681,SO00890,PROD283,31,922.05
SOITEM02682,SO00890,PROD320,109,1145.37
SOITEM02683,SO00891,PROD275,123,491.51
SOITEM02684,SO00891,PROD191,14,1024.15
SOITEM02685,SO00892,PROD081,126,746.49
SOITEM02686,SO00892,PROD031,64,1253.99
SOITEM02687,SO00892,PROD477,118,1211.96
SOITEM02688,SO00893,PROD165,126,668.55
SOITEM02689,SO00893,PROD184,34,43.16
SOITEM02690,SO00893,PROD343,91,580.3
SOITEM02691,SO00893,PROD461,89,210.86
SOITEM02692,SO00894,PROD136,144,486.56
SOITEM02693,SO00894,PROD036,112,685.85
SOITEM02694,SO00894,PROD335,85,545.76
SOITEM02695,SO00894,PROD118,23,405.84
SOITEM02696,SO00895,PROD466,63,1181.87
SOITEM02697,SO00895,PROD442,127,1012.49
SOITEM02698,SO00895,PROD338,43,679.07
SOITEM02699,SO00895,PROD485,129,1226.75
SOITEM02700,SO00896,PROD366,53,1065.87
SOITEM02701,SO00896,PROD015,93,351.11
SOITEM02702,SO00896,PROD204,61,134.39
SOITEM02703,SO00896,PROD483,35,672.5
SOITEM02704,SO00897,PROD340,12,1164.05
SOITEM02705,SO00897,PROD476,32,1357.77
SOITEM02706,SO00897,PROD024,49,649.2
SOITEM02707,SO00898,PROD373,115,1408.52
SOITEM02708,SO00898,PROD418,29,651.35
SOITEM02709,SO00898,PROD140,60,949.14
SOITEM02710,SO00898,PROD268,26,1114.89
SOITEM02711,SO00898,PROD475,29,622.41
SOITEM02712,SO00899,PROD014,26,318.73
SOITEM02713,SO00899,PROD233,19,1163.32
SOITEM02714,SO00899,PROD239,28,694.49
SOITEM02715,SO00900,PROD175,63,365.38
SOITEM02716,SO00900,PROD431,135,448.84
SOITEM02717,SO00901,PROD116,87,1088.55
SOITEM02718,SO00901,PROD268,68,1114.89
SOITEM02719,SO00901,PROD337,88,1315.07
SOITEM02720,SO00901,PROD155,75,194.11
SOITEM02721,SO00902,PROD214,49,759.99
SOITEM02722,SO00902,PROD197,54,1098.89
SOITEM02723,SO00903,PROD098,93,839.21
SOITEM02724,SO00903,PROD445,127,910.8
SOITEM02725,SO00903,PROD228,14,1114.81
SOITEM02726,SO00903,PROD120,137,158.19
SOITEM02727,SO00903,PROD201,22,258.6
SOITEM02728,SO00903,PROD101,89,579.34
SOITEM02729,SO00903,PROD239,21,694.49
SOITEM02730,SO00904,PROD404,131,314.33
SOITEM02731,SO00904,PROD234,143,929.92
SOITEM02732,SO00905,PROD095,21,200.83
SOITEM02733,SO00905,PROD211,79,1148.88
SOITEM02734,SO00906,PROD136,98,486.56
SOITEM02735,SO00906,PROD462,119,334.33
SOITEM02736,SO00906,PROD397,94,72.85
SOITEM02737,SO00906,PROD428,61,1043.62
SOITEM02738,SO00906,PROD182,22,345.97
SOITEM02739,SO00906,PROD493,20,314.62
SOITEM02740,SO00907,PROD444,148,692.28
SOITEM02741,SO00907,PROD220,118,822.57
SOITEM02742,SO00908,PROD164,23,111.31
SOITEM02743,SO00908,PROD228,74,1114.81
SOITEM02744,SO00908,PROD479,138,710.31
SOITEM02745,SO00909,PROD180,38,941.04
SOITEM02746,SO00910,PROD104,131,517.35
SOITEM02747,SO00910,PROD401,150,127.69
SOITEM02748,SO00911,PROD034,146,710.46
SOITEM02749,SO00911,PROD342,110,753.8
SOITEM02750,SO00911,PROD472,111,887.42
SOITEM02751,SO00911,PROD369,139,751.92
SOITEM02752,SO00911,PROD452,77,614.75
SOITEM02753,SO00911,PROD171,48,1035.14
SOITEM02754,SO00912,PROD170,53,1202.0
SOITEM02755,SO00912,PROD435,43,1222.59
SOITEM02756,SO00912,PROD398,75,1174.48
SOITEM02757,SO00912,PROD087,12,382.43
SOITEM02758,SO00912,PROD447,40,972.98
SOITEM02759,SO00912,PROD272,53,659.27
SOITEM02760,SO00913,PROD038,39,1340.93
SOITEM02761,SO00914,PROD100,31,653.66
SOITEM02762,SO00914,PROD316,85,756.92
SOITEM02763,SO00914,PROD226,14,551.23
SOITEM02764,SO00915,PROD153,38,1158.97
SOITEM02765,SO00915,PROD060,19,670.1
SOITEM02766,SO00915,PROD159,20,1098.12
SOITEM02767,SO00915,PROD340,150,1164.05
SOITEM02768,SO00916,PROD423,71,1272.27
SOITEM02769,SO00916,PROD373,29,1408.52
SOITEM02770,SO00917,PROD072,29,1040.98
SOITEM02771,SO00917,PROD152,33,1109.49
SOITEM02772,SO00917,PROD290,6,150.88
SOITEM02773,SO00917,PROD190,114,1394.38
SOITEM02774,SO00918,PROD350,80,605.73
SOITEM02775,SO00918,PROD412,21,1313.15
SOITEM02776,SO00918,PROD091,23,836.23
SOITEM02777,SO00919,PROD407,120,1046.72
SOITEM02778,SO00919,PROD153,123,1158.97
SOITEM02779,SO00919,PROD370,111,305.22
SOITEM02780,SO00919,PROD235,41,1700.42
SOITEM02781,SO00919,PROD330,125,717.97
SOITEM02782,SO00919,PROD286,74,1182.9
SOITEM02783,SO00919,PROD393,104,663.76
SOITEM02784,SO00920,PROD457,35,1199.55
SOITEM02785,SO00920,PROD237,129,1026.87
SOITEM02786,SO00920,PROD076,146,182.76
SOITEM02787,SO00921,PROD348,12,788.76
SOITEM02788,SO00921,PROD483,19,672.5
SOITEM02789,SO00921,PROD070,108,401.23
SOITEM02790,SO00921,PROD248,136,913.36
SOITEM02791,SO00922,PROD091,132,836.23
SOITEM02792,SO00922,PROD273,68,145.43
SOITEM02793,SO00923,PROD098,98,839.21
SOITEM02794,SO00924,PROD050,60,1340.67
SOITEM02795,SO00924,PROD045,98,157.89
SOITEM02796,SO00924,PROD044,78,798.58
SOITEM02797,SO00924,PROD446,51,167.07
SOITEM02798,SO00925,PROD164,79,111.31
SOITEM02799,SO00925,PROD209,84,857.85
SOITEM02800,SO00925,PROD407,62,1046.72
SOITEM02801,SO00925,PROD488,35,817.03
SOITEM02802,SO00925,PROD470,57,973.75
SOITEM02803,SO00926,PROD192,56,1361.16
SOITEM02804,SO00926,PROD478,112,852.64
SOITEM02805,SO00926,PROD198,133,220.57
SOITEM02806,SO00926,PROD040,52,695.59
SOITEM02807,SO00927,PROD364,5,49.06
SOITEM02808,SO00927,PROD018,137,671.51
SOITEM02809,SO00927,PROD363,79,790.74
SOITEM02810,SO00927,PROD150,103,1019.28
SOITEM02811,SO00927,PROD221,118,494.14
SOITEM02812,SO00928,PROD148,140,35.33
SOITEM02813,SO00928,PROD417,16,1285.07
SOITEM02814,SO00928,PROD398,32,1174.48
SOITEM02815,SO00929,PROD248,129,913.36
SOITEM02816,SO00929,PROD053,10,626.38
SOITEM02817,SO00929,PROD401,143,127.69
SOITEM02818,SO00929,PROD478,70,852.64
SOITEM02819,SO00930,PROD232,96,224.33
SOITEM02820,SO00930,PROD357,46,1000.2
SOITEM02821,SO00930,PROD055,131,615.27
SOITEM02822,SO00930,PROD038,87,1340.93
SOITEM02823,SO00931,PROD218,66,1120.53
SOITEM02824,SO00931,PROD043,52,627.93
SOITEM02825,SO00931,PROD436,14,618.73
SOITEM02826,SO00932,PROD397,48,72.85
SOITEM02827,SO00932,PROD084,54,1195.1
SOITEM02828,SO00932,PROD430,104,1060.12
SOITEM02829,SO00933,PROD432,121,690.84
SOITEM02830,SO00933,PROD365,149,732.48
SOITEM02831,SO00934,PROD054,126,1320.94
SOITEM02832,SO00934,PROD405,63,53.91
SOITEM02833,SO00934,PROD043,112,627.93
SOITEM02834,SO00934,PROD109,104,294.07
SOITEM02835,SO00934,PROD014,28,318.73
SOITEM02836,SO00935,PROD208,122,1030.06
SOITEM02837,SO00936,PROD490,117,1641.02
SOITEM02838,SO00936,PROD493,139,314.62
SOITEM02839,SO00936,PROD221,22,494.14
SOITEM02840,SO00936,PROD403,102,964.43
SOITEM02841,SO00936,PROD498,49,1441.23
SOITEM02842,SO00937,PROD139,144,241.64
SOITEM02843,SO00937,PROD033,49,811.2
SOITEM02844,SO00937,PROD222,109,444.32
SOITEM02845,SO00938,PROD022,60,225.56
SOITEM02846,SO00938,PROD028,46,1322.93
SOITEM02847,SO00938,PROD228,33,1114.81
SOITEM02848,SO00939,PROD372,95,630.0
SOITEM02849,SO00939,PROD473,36,352.49
SOITEM02850,SO00939,PROD072,118,1040.98
SOITEM02851,SO00939,PROD044,9,798.58
SOITEM02852,SO00939,PROD416,108,1288.06
SOITEM02853,SO00940,PROD408,114,1109.12
SOITEM02854,SO00941,PROD318,71,738.15
SOITEM02855,SO00941,PROD077,41,862.64
SOITEM02856,SO00941,PROD284,115,1138.02
SOITEM02857,SO00942,PROD257,143,314.51
SOITEM02858,SO00942,PROD433,94,938.56
SOITEM02859,SO00942,PROD144,33,1097.61
SOITEM02860,SO00942,PROD005,37,932.3
SOITEM02861,SO00942,PROD166,9,590.1
SOITEM02862,SO00942,PROD154,109,1628.8
SOITEM02863,SO00943,PROD419,68,462.74
SOITEM02864,SO00943,PROD244,125,128.7
SOITEM02865,SO00943,PROD449,8,1451.26
SOITEM02866,SO00944,PROD436,133,618.73
SOITEM02867,SO00944,PROD499,121,197.97
SOITEM02868,SO00944,PROD429,128,101.2
SOITEM02869,SO00945,PROD332,131,138.49
SOITEM02870,SO00945,PROD440,147,754.74
SOITEM02871,SO00945,PROD492,30,1562.48
SOITEM02872,SO00945,PROD312,42,448.06
SOITEM02873,SO00945,PROD382,96,439.42
SOITEM02874,SO00945,PROD432,134,690.84
SOITEM02875,SO00945,PROD065,64,595.07
SOITEM02876,SO00946,PROD289,59,686.66
SOITEM02877,SO00946,PROD040,112,695.59
SOITEM02878,SO00946,PROD303,133,845.11
SOITEM02879,SO00946,PROD252,112,1563.98
SOITEM02880,SO00946,PROD455,73,1079.54
SOITEM02881,SO00947,PROD466,39,1181.87
SOITEM02882,SO00947,PROD374,105,337.05
SOITEM02883,SO00948,PROD034,43,710.46
SOITEM02884,SO00948,PROD371,127,548.86
SOITEM02885,SO00948,PROD070,129,401.23
SOITEM02886,SO00948,PROD271,85,854.18
SOITEM02887,SO00949,PROD311,148,776.52
SOITEM02888,SO00949,PROD291,59,348.49
SOITEM02889,SO00949,PROD409,130,578.39
SOITEM02890,SO00950,PROD481,112,822.01
SOITEM02891,SO00950,PROD411,83,1278.66
SOITEM02892,SO00950,PROD081,46,746.49
SOITEM02893,SO00951,PROD109,27,294.07
SOITEM02894,SO00951,PROD015,72,351.11
SOITEM02895,SO00952,PROD338,73,679.07
SOITEM02896,SO00952,PROD071,66,915.07
SOITEM02897,SO00952,PROD249,77,713.13
SOITEM02898,SO00952,PROD346,14,1325.55
SOITEM02899,SO00952,PROD315,122,477.79
SOITEM02900,SO00953,PROD393,116,663.76
SOITEM02901,SO00953,PROD372,71,630.0
SOITEM02902,SO00953,PROD249,128,713.13
SOITEM02903,SO00953,PROD206,140,1118.26
SOITEM02904,SO00954,PROD223,85,230.59
SOITEM02905,SO00954,PROD015,103,351.11
SOITEM02906,SO00955,PROD041,107,1345.28
SOITEM02907,SO00955,PROD363,107,790.74
SOITEM02908,SO00955,PROD012,105,1613.13
SOITEM02909,SO00956,PROD360,131,17.56
SOITEM02910,SO00957,PROD104,95,517.35
SOITEM02911,SO00958,PROD027,71,523.24
SOITEM02912,SO00958,PROD039,138,455.23
SOITEM02913,SO00959,PROD453,98,159.85
SOITEM02914,SO00959,PROD220,5,822.57
SOITEM02915,SO00959,PROD321,57,1229.41
SOITEM02916,SO00959,PROD174,107,60.34
SOITEM02917,SO00959,PROD444,60,692.28
SOITEM02918,SO00960,PROD117,80,276.44
SOITEM02919,SO00960,PROD244,58,128.7
SOITEM02920,SO00960,PROD166,44,590.1
SOITEM02921,SO00960,PROD012,52,1613.13
SOITEM02922,SO00960,PROD172,112,415.49
SOITEM02923,SO00961,PROD141,104,1138.72
SOITEM02924,SO00961,PROD460,51,139.11
SOITEM02925,SO00962,PROD265,57,1219.88
SOITEM02926,SO00963,PROD384,96,1361.99
SOITEM02927,SO00963,PROD133,139,593.57
SOITEM02928,SO00964,PROD074,125,1276.05
SOITEM02929,SO00964,PROD110,21,930.88
SOITEM02930,SO00964,PROD385,16,462.64
SOITEM02931,SO00964,PROD010,89,158.98
SOITEM02932,SO00965,PROD231,83,1048.32
SOITEM02933,SO00966,PROD313,10,1083.11
SOITEM02934,SO00966,PROD163,142,1343.1
SOITEM02935,SO00966,PROD345,131,782.66
SOITEM02936,SO00966,PROD068,74,1350.64
SOITEM02937,SO00966,PROD147,30,623.69
SOITEM02938,SO00967,PROD233,111,1163.32
SOITEM02939,SO00967,PROD170,71,1202.0
SOITEM02940,SO00967,PROD252,83,1563.98
SOITEM02941,SO00967,PROD498,101,1441.23
SOITEM02942,SO00968,PROD050,35,1340.67
SOITEM02943,SO00968,PROD156,150,862.99
SOITEM02944,SO00968,PROD285,105,653.85
SOITEM02945,SO00969,PROD457,77,1199.55
SOITEM02946,SO00969,PROD032,55,445.25
SOITEM02947,SO00969,PROD440,107,754.74
SOITEM02948,SO00970,PROD303,114,845.11
SOITEM02949,SO00970,PROD039,17,455.23
SOITEM02950,SO00971,PROD219,89,610.84
SOITEM02951,SO00971,PROD349,113,1436.79
SOITEM02952,SO00972,PROD216,101,202.05
SOITEM02953,SO00973,PROD374,29,337.05
SOITEM02954,SO00974,PROD034,15,710.46
SOITEM02955,SO00974,PROD435,142,1222.59
SOITEM02956,SO00974,PROD155,104,194.11
SOITEM02957,SO00974,PROD268,97,1114.89
SOITEM02958,SO00974,PROD347,147,89.12
SOITEM02959,SO00975,PROD078,34,1530.22
SOITEM02960,SO00975,PROD337,24,1315.07
SOITEM02961,SO00976,PROD238,127,88.48
SOITEM02962,SO00976,PROD385,75,462.64
SOITEM02963,SO00976,PROD186,28,360.48
SOITEM02964,SO00977,PROD220,8,822.57
SOITEM02965,SO00977,PROD249,69,713.13
SOITEM02966,SO00978,PROD037,21,1311.32
SOITEM02967,SO00978,PROD276,63,254.24
SOITEM02968,SO00978,PROD199,18,77.66
SOITEM02969,SO00978,PROD290,70,150.88
SOITEM02970,SO00978,PROD152,14,1109.49
SOITEM02971,SO00979,PROD366,64,1065.87
SOITEM02972,SO00979,PROD375,86,1156.42
SOITEM02973,SO00979,PROD267,88,693.98
SOITEM02974,SO00980,PROD240,60,1692.13
SOITEM02975,SO00980,PROD017,26,704.27
SOITEM02976,SO00980,PROD301,26,258.38
SOITEM02977,SO00981,PROD172,90,415.49
SOITEM02978,SO00981,PROD403,63,964.43
SOITEM02979,SO00982,PROD148,113,35.33
SOITEM02980,SO00982,PROD062,111,364.93
SOITEM02981,SO00982,PROD085,108,816.42
SOITEM02982,SO00983,PROD288,110,1233.87
SOITEM02983,SO00983,PROD458,16,671.32
SOITEM02984,SO00983,PROD168,5,852.73
SOITEM02985,SO00983,PROD201,43,258.6
SOITEM02986,SO00984,PROD036,35,685.85
SOITEM02987,SO00984,PROD427,38,566.06
SOITEM02988,SO00984,PROD040,12,695.59
SOITEM02989,SO00984,PROD367,28,698.04
SOITEM02990,SO00985,PROD442,99,1012.49
SOITEM02991,SO00985,PROD437,70,1348.75
SOITEM02992,SO00985,PROD172,43,415.49
SOITEM02993,SO00986,PROD455,28,1079.54
SOITEM02994,SO00987,PROD470,39,973.75
SOITEM02995,SO00987,PROD184,138,43.16
SOITEM02996,SO00988,PROD222,135,444.32
SOITEM02997,SO00988,PROD260,10,685.07
SOITEM02998,SO00989,PROD363,87,790.74
SOITEM02999,SO00989,PROD350,44,605.73
SOITEM03000,SO00989,PROD130,102,466.72
SOITEM03001,SO00989,PROD476,12,1357.77
SOITEM03002,SO00989,PROD320,90,1145.37
SOITEM03003,SO00990,PROD426,103,546.15
SOITEM03004,SO00990,PROD151,75,179.05
SOITEM03005,SO00991,PROD418,148,651.35
SOITEM03006,SO00992,PROD040,147,695.59
SOITEM03007,SO00992,PROD156,141,862.99
SOITEM03008,SO00992,PROD135,108,939.41
SOITEM03009,SO00993,PROD017,49,704.27
SOITEM03010,SO00994,PROD176,149,66.66
SOITEM03011,SO00994,PROD387,119,980.89
SOITEM03012,SO00995,PROD178,130,251.85
SOITEM03013,SO00996,PROD072,79,1040.98
SOITEM03014,SO00996,PROD269,77,952.08
SOITEM03015,SO00997,PROD329,143,344.07
SOITEM03016,SO00997,PROD017,27,704.27
SOITEM03017,SO00997,PROD364,28,49.06
SOITEM03018,SO00998,PROD092,68,392.62
SOITEM03019,SO00999,PROD100,28,653.66
SOITEM03020,SO00999,PROD196,88,967.84
SOITEM03021,SO01000,PROD254,42,775.1
SOITEM03022,SO01000,PROD133,36,593.57
SOITEM03023,SO01000,PROD322,43,975.89
SOITEM03024,SO01001,PROD399,103,194.51
SOITEM03025,SO01002,PROD433,88,938.56
SOITEM03026,SO01003,PROD403,40,964.43
SOITEM03027,SO01003,PROD458,53,671.32
SOITEM03028,SO01003,PROD170,77,1202.0
SOITEM03029,SO01003,PROD198,132,220.57
SOITEM03030,SO01004,PROD316,21,756.92
SOITEM03031,SO01005,PROD262,100,87.94
SOITEM03032,SO01006,PROD173,145,45.46
SOITEM03033,SO01006,PROD062,12,364.93
SOITEM03034,SO01006,PROD309,85,656.43
SOITEM03035,SO01006,PROD372,20,630.0
SOITEM03036,SO01007,PROD200,108,569.37
SOITEM03037,SO01007,PROD430,39,1060.12
SOITEM03038,SO01008,PROD120,29,158.19
SOITEM03039,SO01009,PROD240,66,1692.13
SOITEM03040,SO01009,PROD416,63,1288.06
SOITEM03041,SO01009,PROD018,5,671.51
SOITEM03042,SO01010,PROD248,112,913.36
SOITEM03043,SO01010,PROD474,112,828.38
SOITEM03044,SO01010,PROD246,146,1511.76
SOITEM03045,SO01011,PROD003,27,470.16
SOITEM03046,SO01011,PROD218,19,1120.53
SOITEM03047,SO01011,PROD481,135,822.01
SOITEM03048,SO01011,PROD151,18,179.05
SOITEM03049,SO01012,PROD241,149,876.44
SOITEM03050,SO01012,PROD336,116,1309.51
SOITEM03051,SO01012,PROD080,131,923.6
SOITEM03052,SO01013,PROD180,119,941.04
SOITEM03053,SO01013,PROD060,14,670.1
SOITEM03054,SO01013,PROD175,56,365.38
SOITEM03055,SO01013,PROD433,71,938.56
SOITEM03056,SO01013,PROD324,56,366.94
SOITEM03057,SO01014,PROD414,24,1110.59
SOITEM03058,SO01015,PROD321,131,1229.41
SOITEM03059,SO01015,PROD487,15,541.19
SOITEM03060,SO01015,PROD176,90,66.66
SOITEM03061,SO01016,PROD408,76,1109.12
SOITEM03062,SO01016,PROD158,67,1327.01
SOITEM03063,SO01016,PROD429,129,101.2
SOITEM03064,SO01016,PROD304,77,340.83
SOITEM03065,SO01017,PROD206,91,1118.26
SOITEM03066,SO01017,PROD461,58,210.86
SOITEM03067,SO01017,PROD286,149,1182.9
SOITEM03068,SO01017,PROD491,52,136.1
SOITEM03069,SO01018,PROD479,64,710.31
SOITEM03070,SO01018,PROD299,69,529.69
SOITEM03071,SO01018,PROD334,25,920.42
SOITEM03072,SO01019,PROD183,30,1162.93
SOITEM03073,SO01019,PROD215,107,846.19
SOITEM03074,SO01019,PROD138,95,995.03
SOITEM03075,SO01020,PROD362,11,1010.26
SOITEM03076,SO01020,PROD117,93,276.44
SOITEM03077,SO01020,PROD426,80,546.15
SOITEM03078,SO01021,PROD218,75,1120.53
SOITEM03079,SO01021,PROD190,135,1394.38
SOITEM03080,SO01021,PROD052,41,594.73
SOITEM03081,SO01022,PROD234,91,929.92
SOITEM03082,SO01022,PROD073,109,800.29
SOITEM03083,SO01023,PROD127,42,160.45
SOITEM03084,SO01023,PROD019,44,158.03
SOITEM03085,SO01023,PROD032,76,445.25
SOITEM03086,SO01024,PROD243,99,1157.77
SOITEM03087,SO01024,PROD061,95,862.09
SOITEM03088,SO01025,PROD058,79,1345.87
SOITEM03089,SO01025,PROD363,45,790.74
SOITEM03090,SO01025,PROD248,21,913.36
SOITEM03091,SO01025,PROD407,31,1046.72
SOITEM03092,SO01026,PROD082,65,1118.92
SOITEM03093,SO01026,PROD420,112,932.93
SOITEM03094,SO01026,PROD222,6,444.32
SOITEM03095,SO01027,PROD098,99,839.21
SOITEM03096,SO01028,PROD409,150,578.39
SOITEM03097,SO01028,PROD124,142,658.32
SOITEM03098,SO01028,PROD323,114,536.07
SOITEM03099,SO01029,PROD171,62,1035.14
SOITEM03100,SO01029,PROD305,7,404.92
SOITEM03101,SO01029,PROD152,125,1109.49
SOITEM03102,SO01029,PROD052,96,594.73
SOITEM03103,SO01029,PROD073,101,800.29
SOITEM03104,SO01030,PROD239,106,694.49
SOITEM03105,SO01030,PROD486,69,81.21
SOITEM03106,SO01030,PROD370,44,305.22
SOITEM03107,SO01030,PROD251,39,1241.42
SOITEM03108,SO01030,PROD019,98,158.03
SOITEM03109,SO01031,PROD223,55,230.59
SOITEM03110,SO01031,PROD015,33,351.11
SOITEM03111,SO01031,PROD489,44,924.46
SOITEM03112,SO01032,PROD136,54,486.56
SOITEM03113,SO01032,PROD068,143,1350.64
SOITEM03114,SO01033,PROD030,40,144.7
SOITEM03115,SO01033,PROD126,127,374.01
SOITEM03116,SO01034,PROD222,44,444.32
SOITEM03117,SO01034,PROD129,98,726.96
SOITEM03118,SO01034,PROD094,99,248.06
SOITEM03119,SO01035,PROD038,51,1340.93
SOITEM03120,SO01035,PROD462,7,334.33
SOITEM03121,SO01036,PROD055,137,615.27
SOITEM03122,SO01036,PROD151,103,179.05
SOITEM03123,SO01036,PROD346,46,1325.55
SOITEM03124,SO01037,PROD429,134,101.2
SOITEM03125,SO01037,PROD097,78,1356.93
SOITEM03126,SO01037,PROD068,87,1350.64
SOITEM03127,SO01037,PROD327,54,117.75
SOITEM03128,SO01038,PROD293,116,921.24
SOITEM03129,SO01038,PROD379,116,1377.02
SOITEM03130,SO01038,PROD064,19,1297.35
SOITEM03131,SO01039,PROD445,12,910.8
SOITEM03132,SO01039,PROD393,147,663.76
SOITEM03133,SO01039,PROD413,62,887.22
SOITEM03134,SO01040,PROD034,42,710.46
SOITEM03135,SO01040,PROD241,24,876.44
SOITEM03136,SO01041,PROD442,124,1012.49
SOITEM03137,SO01041,PROD136,77,486.56
SOITEM03138,SO01042,PROD163,46,1343.1
SOITEM03139,SO01042,PROD130,37,466.72
SOITEM03140,SO01042,PROD352,46,1269.95
SOITEM03141,SO01042,PROD128,111,405.49
SOITEM03142,SO01042,PROD329,81,344.07
SOITEM03143,SO01042,PROD047,52,117.41
SOITEM03144,SO01043,PROD325,96,1272.26
SOITEM03145,SO01043,PROD158,13,1327.01
SOITEM03146,SO01044,PROD460,76,139.11
SOITEM03147,SO01044,PROD107,87,760.64
SOITEM03148,SO01044,PROD156,51,862.99
SOITEM03149,SO01044,PROD247,53,1575.9
SOITEM03150,SO01044,PROD218,43,1120.53
SOITEM03151,SO01045,PROD331,51,825.64
SOITEM03152,SO01045,PROD152,45,1109.49
SOITEM03153,SO01045,PROD398,110,1174.48
SOITEM03154,SO01046,PROD281,93,882.78
SOITEM03155,SO01046,PROD131,36,582.87
SOITEM03156,SO01046,PROD124,78,658.32
SOITEM03157,SO01047,PROD200,92,569.37
SOITEM03158,SO01047,PROD021,63,642.17
SOITEM03159,SO01047,PROD166,133,590.1
SOITEM03160,SO01048,PROD278,91,364.44
SOITEM03161,SO01048,PROD257,30,314.51
SOITEM03162,SO01049,PROD389,20,939.57
SOITEM03163,SO01049,PROD468,61,568.43
SOITEM03164,SO01050,PROD478,94,852.64
SOITEM03165,SO01050,PROD130,147,466.72
SOITEM03166,SO01050,PROD141,90,1138.72
SOITEM03167,SO01050,PROD382,59,439.42
SOITEM03168,SO01051,PROD386,22,559.89
SOITEM03169,SO01051,PROD443,62,556.93
SOITEM03170,SO01051,PROD408,18,1109.12
SOITEM03171,SO01052,PROD378,52,153.55
SOITEM03172,SO01052,PROD429,31,101.2
SOITEM03173,SO01052,PROD471,114,434.22
SOITEM03174,SO01052,PROD042,30,239.5
SOITEM03175,SO01053,PROD072,28,1040.98
SOITEM03176,SO01053,PROD183,121,1162.93
SOITEM03177,SO01054,PROD016,137,1166.68
SOITEM03178,SO01054,PROD076,68,182.76
SOITEM03179,SO01054,PROD407,60,1046.72
SOITEM03180,SO01055,PROD073,29,800.29
SOITEM03181,SO01055,PROD335,5,545.76
SOITEM03182,SO01055,PROD257,19,314.51
SOITEM03183,SO01056,PROD281,142,882.78
SOITEM03184,SO01057,PROD131,75,582.87
SOITEM03185,SO01057,PROD268,67,1114.89
SOITEM03186,SO01057,PROD150,147,1019.28
SOITEM03187,SO01057,PROD019,18,158.03
SOITEM03188,SO01058,PROD211,24,1148.88
SOITEM03189,SO01058,PROD170,85,1202.0
SOITEM03190,SO01058,PROD266,58,1288.39
SOITEM03191,SO01058,PROD489,68,924.46
SOITEM03192,SO01058,PROD336,101,1309.51
SOITEM03193,SO01059,PROD124,58,658.32
SOITEM03194,SO01060,PROD179,150,587.83
SOITEM03195,SO01060,PROD137,84,1053.76
SOITEM03196,SO01061,PROD008,81,1090.21
SOITEM03197,SO01061,PROD186,138,360.48
SOITEM03198,SO01062,PROD462,27,334.33
SOITEM03199,SO01062,PROD109,109,294.07
SOITEM03200,SO01062,PROD077,52,862.64
SOITEM03201,SO01062,PROD189,19,383.37
SOITEM03202,SO01062,PROD238,128,88.48
SOITEM03203,SO01063,PROD066,98,147.63
SOITEM03204,SO01064,PROD309,42,656.43
SOITEM03205,SO01064,PROD314,120,1602.76
SOITEM03206,SO01064,PROD334,39,920.42
SOITEM03207,SO01064,PROD208,92,1030.06
SOITEM03208,SO01064,PROD214,13,759.99
SOITEM03209,SO01065,PROD020,77,710.42
SOITEM03210,SO01065,PROD007,16,139.72
SOITEM03211,SO01065,PROD437,126,1348.75
SOITEM03212,SO01065,PROD282,98,267.32
SOITEM03213,SO01066,PROD067,84,1491.41
SOITEM03214,SO01066,PROD075,136,908.01
SOITEM03215,SO01066,PROD246,87,1511.76
SOITEM03216,SO01066,PROD066,62,147.63
SOITEM03217,SO01066,PROD348,21,788.76
SOITEM03218,SO01067,PROD242,128,651.23
SOITEM03219,SO01067,PROD259,57,1293.76
SOITEM03220,SO01067,PROD422,74,1631.47
SOITEM03221,SO01068,PROD203,108,294.21
SOITEM03222,SO01068,PROD467,117,642.67
SOITEM03223,SO01068,PROD246,121,1511.76
SOITEM03224,SO01068,PROD356,8,85.93
SOITEM03225,SO01069,PROD419,126,462.74
SOITEM03226,SO01069,PROD098,41,839.21
SOITEM03227,SO01069,PROD227,147,977.2
SOITEM03228,SO01069,PROD290,15,150.88
SOITEM03229,SO01069,PROD208,56,1030.06
SOITEM03230,SO01069,PROD480,109,967.75
SOITEM03231,SO01070,PROD296,99,1262.57
SOITEM03232,SO01070,PROD129,13,726.96
SOITEM03233,SO01070,PROD351,27,407.92
SOITEM03234,SO01070,PROD207,52,764.66
SOITEM03235,SO01070,PROD380,54,886.05
SOITEM03236,SO01071,PROD101,74,579.34
SOITEM03237,SO01072,PROD474,83,828.38
SOITEM03238,SO01072,PROD278,17,364.44
SOITEM03239,SO01072,PROD113,116,216.05
SOITEM03240,SO01073,PROD347,84,89.12
SOITEM03241,SO01073,PROD119,84,106.06
SOITEM03242,SO01073,PROD203,23,294.21
SOITEM03243,SO01074,PROD251,80,1241.42
SOITEM03244,SO01074,PROD226,91,551.23
SOITEM03245,SO01075,PROD257,102,314.51
SOITEM03246,SO01075,PROD275,136,491.51
SOITEM03247,SO01075,PROD117,6,276.44
SOITEM03248,SO01076,PROD469,20,1205.87
SOITEM03249,SO01076,PROD361,54,1008.28
SOITEM03250,SO01077,PROD146,126,561.24
SOITEM03251,SO01077,PROD150,95,1019.28
SOITEM03252,SO01077,PROD371,95,548.86
SOITEM03253,SO01077,PROD270,38,155.77
SOITEM03254,SO01077,PROD392,90,1608.86
SOITEM03255,SO01077,PROD445,63,910.8
SOITEM03256,SO01077,PROD034,21,710.46
SOITEM03257,SO01078,PROD071,87,915.07
SOITEM03258,SO01078,PROD469,12,1205.87
SOITEM03259,SO01079,PROD279,124,328.09
SOITEM03260,SO01079,PROD295,56,226.63
SOITEM03261,SO01079,PROD353,126,506.01
SOITEM03262,SO01080,PROD494,19,806.62
SOITEM03263,SO01080,PROD266,55,1288.39
SOITEM03264,SO01080,PROD243,68,1157.77
SOITEM03265,SO01081,PROD174,133,60.34
SOITEM03266,SO01081,PROD448,58,1205.41
SOITEM03267,SO01082,PROD362,93,1010.26
SOITEM03268,SO01082,PROD444,139,692.28
SOITEM03269,SO01082,PROD320,114,1145.37
SOITEM03270,SO01082,PROD065,124,595.07
SOITEM03271,SO01082,PROD262,74,87.94
SOITEM03272,SO01083,PROD150,140,1019.28
SOITEM03273,SO01083,PROD258,138,461.24
SOITEM03274,SO01084,PROD281,34,882.78
SOITEM03275,SO01084,PROD352,117,1269.95
SOITEM03276,SO01085,PROD480,15,967.75
SOITEM03277,SO01085,PROD438,80,981.89
SOITEM03278,SO01086,PROD412,8,1313.15
SOITEM03279,SO01086,PROD262,104,87.94
SOITEM03280,SO01086,PROD265,93,1219.88
SOITEM03281,SO01087,PROD300,119,731.42
SOITEM03282,SO01087,PROD063,56,1079.94
SOITEM03283,SO01087,PROD454,8,72.36
SOITEM03284,SO01087,PROD394,119,1287.33
SOITEM03285,SO01087,PROD142,69,1235.3
SOITEM03286,SO01087,PROD084,105,1195.1
SOITEM03287,SO01087,PROD290,145,150.88
SOITEM03288,SO01087,PROD209,104,857.85
SOITEM03289,SO01088,PROD200,24,569.37
SOITEM03290,SO01089,PROD354,30,1247.88
SOITEM03291,SO01089,PROD388,48,793.41
SOITEM03292,SO01090,PROD318,125,738.15
SOITEM03293,SO01090,PROD063,113,1079.94
SOITEM03294,SO01091,PROD457,61,1199.55
SOITEM03295,SO01091,PROD313,21,1083.11
SOITEM03296,SO01091,PROD283,109,922.05
SOITEM03297,SO01091,PROD261,42,1709.04
SOITEM03298,SO01091,PROD067,128,1491.41
SOITEM03299,SO01092,PROD490,97,1641.02
SOITEM03300,SO01092,PROD329,111,344.07
SOITEM03301,SO01092,PROD061,37,862.09
SOITEM03302,SO01092,PROD268,65,1114.89
SOITEM03303,SO01092,PROD479,65,710.31
SOITEM03304,SO01092,PROD390,57,979.43
SOITEM03305,SO01092,PROD412,141,1313.15
SOITEM03306,SO01093,PROD206,50,1118.26
SOITEM03307,SO01093,PROD256,17,641.32
SOITEM03308,SO01094,PROD158,130,1327.01
SOITEM03309,SO01094,PROD329,20,344.07
SOITEM03310,SO01095,PROD372,96,630.0
SOITEM03311,SO01095,PROD314,27,1602.76
SOITEM03312,SO01096,PROD188,13,575.31
SOITEM03313,SO01096,PROD076,7,182.76
SOITEM03314,SO01096,PROD481,55,822.01
SOITEM03315,SO01097,PROD011,98,1380.35
SOITEM03316,SO01098,PROD101,38,579.34
SOITEM03317,SO01098,PROD298,44,301.61
SOITEM03318,SO01098,PROD350,111,605.73
SOITEM03319,SO01099,PROD028,64,1322.93
SOITEM03320,SO01099,PROD255,132,91.9
SOITEM03321,SO01099,PROD259,21,1293.76
SOITEM03322,SO01099,PROD439,109,685.44
SOITEM03323,SO01099,PROD386,71,559.89
SOITEM03324,SO01100,PROD374,42,337.05
SOITEM03325,SO01100,PROD207,95,764.66
SOITEM03326,SO01100,PROD052,130,594.73
SOITEM03327,SO01101,PROD085,53,816.42
SOITEM03328,SO01102,PROD216,55,202.05
SOITEM03329,SO01102,PROD015,18,351.11
SOITEM03330,SO01103,PROD348,100,788.76
SOITEM03331,SO01103,PROD387,108,980.89
SOITEM03332,SO01104,PROD150,48,1019.28
SOITEM03333,SO01104,PROD464,29,1205.08
SOITEM03334,SO01104,PROD012,94,1613.13
SOITEM03335,SO01105,PROD008,77,1090.21
SOITEM03336,SO01105,PROD414,19,1110.59
SOITEM03337,SO01106,PROD239,130,694.49
SOITEM03338,SO01106,PROD457,144,1199.55
SOITEM03339,SO01107,PROD128,61,405.49
SOITEM03340,SO01107,PROD126,75,374.01
SOITEM03341,SO01107,PROD068,100,1350.64
SOITEM03342,SO01108,PROD376,26,736.67
SOITEM03343,SO01108,PROD106,127,222.41
SOITEM03344,SO01108,PROD343,132,580.3
SOITEM03345,SO01108,PROD338,137,679.07
SOITEM03346,SO01109,PROD058,45,1345.87
SOITEM03347,SO01109,PROD374,126,337.05
SOITEM03348,SO01109,PROD141,111,1138.72
SOITEM03349,SO01110,PROD426,113,546.15
SOITEM03350,SO01110,PROD012,43,1613.13
SOITEM03351,SO01110,PROD245,22,932.89
SOITEM03352,SO01111,PROD112,40,1586.71
SOITEM03353,SO01111,PROD443,21,556.93
SOITEM03354,SO01111,PROD161,77,27.23
SOITEM03355,SO01111,PROD029,52,419.03
SOITEM03356,SO01111,PROD348,26,788.76
SOITEM03357,SO01112,PROD437,22,1348.75
SOITEM03358,SO01112,PROD135,16,939.41
SOITEM03359,SO01112,PROD449,104,1451.26
SOITEM03360,SO01113,PROD096,70,1145.68
SOITEM03361,SO01113,PROD004,21,1203.62
SOITEM03362,SO01113,PROD013,37,1004.23
SOITEM03363,SO01114,PROD193,83,424.1
SOITEM03364,SO01114,PROD050,109,1340.67
SOITEM03365,SO01114,PROD306,90,456.87
SOITEM03366,SO01115,PROD078,135,1530.22
SOITEM03367,SO01115,PROD112,125,1586.71
SOITEM03368,SO01116,PROD486,62,81.21
SOITEM03369,SO01116,PROD094,48,248.06
SOITEM03370,SO01116,PROD321,67,1229.41
SOITEM03371,SO01117,PROD430,146,1060.12
SOITEM03372,SO01117,PROD013,150,1004.23
SOITEM03373,SO01118,PROD182,21,345.97
SOITEM03374,SO01118,PROD355,132,437.91
SOITEM03375,SO01119,PROD274,28,356.83
SOITEM03376,SO01119,PROD438,45,981.89
SOITEM03377,SO01120,PROD136,68,486.56
SOITEM03378,SO01120,PROD287,5,206.98
SOITEM03379,SO01121,PROD105,31,454.18
SOITEM03380,SO01121,PROD007,108,139.72
SOITEM03381,SO01121,PROD389,28,939.57
SOITEM03382,SO01122,PROD395,22,314.97
SOITEM03383,SO01122,PROD483,31,672.5
SOITEM03384,SO01122,PROD387,51,980.89
SOITEM03385,SO01123,PROD063,6,1079.94
SOITEM03386,SO01123,PROD026,113,693.39
SOITEM03387,SO01124,PROD293,125,921.24
SOITEM03388,SO01124,PROD399,73,194.51
SOITEM03389,SO01124,PROD467,112,642.67
SOITEM03390,SO01124,PROD200,125,569.37
SOITEM03391,SO01125,PROD293,116,921.24
SOITEM03392,SO01125,PROD401,64,127.69
SOITEM03393,SO01125,PROD100,60,653.66
SOITEM03394,SO01125,PROD054,82,1320.94
SOITEM03395,SO01126,PROD160,12,746.32
SOITEM03396,SO01127,PROD043,118,627.93
SOITEM03397,SO01127,PROD252,32,1563.98
SOITEM03398,SO01128,PROD295,69,226.63
SOITEM03399,SO01128,PROD354,65,1247.88
SOITEM03400,SO01128,PROD193,44,424.1
SOITEM03401,SO01129,PROD198,64,220.57
SOITEM03402,SO01130,PROD472,112,887.42
SOITEM03403,SO01130,PROD273,5,145.43
SOITEM03404,SO01130,PROD305,55,404.92
SOITEM03405,SO01131,PROD104,43,517.35
SOITEM03406,SO01131,PROD129,115,726.96
SOITEM03407,SO01131,PROD101,45,579.34
SOITEM03408,SO01131,PROD027,9,523.24
SOITEM03409,SO01131,PROD307,77,224.9
SOITEM03410,SO01132,PROD413,93,887.22
SOITEM03411,SO01132,PROD467,42,642.67
SOITEM03412,SO01133,PROD057,138,1187.66
SOITEM03413,SO01133,PROD026,118,693.39
SOITEM03414,SO01133,PROD035,66,985.83
SOITEM03415,SO01134,PROD146,30,561.24
SOITEM03416,SO01134,PROD405,92,53.91
SOITEM03417,SO01134,PROD245,46,932.89
SOITEM03418,SO01135,PROD470,107,973.75
SOITEM03419,SO01135,PROD311,126,776.52
SOITEM03420,SO01135,PROD359,64,948.38
SOITEM03421,SO01136,PROD199,150,77.66
SOITEM03422,SO01137,PROD484,135,1421.85
SOITEM03423,SO01137,PROD277,99,1103.6
SOITEM03424,SO01137,PROD397,141,72.85
SOITEM03425,SO01137,PROD398,69,1174.48
SOITEM03426,SO01138,PROD043,10,627.93
SOITEM03427,SO01139,PROD322,119,975.89
SOITEM03428,SO01140,PROD497,137,982.67
SOITEM03429,SO01140,PROD489,116,924.46
SOITEM03430,SO01140,PROD388,123,793.41
SOITEM03431,SO01141,PROD032,78,445.25
SOITEM03432,SO01141,PROD048,43,100.51
SOITEM03433,SO01141,PROD169,39,916.57
SOITEM03434,SO01142,PROD318,99,738.15
SOITEM03435,SO01142,PROD492,100,1562.48
SOITEM03436,SO01143,PROD454,17,72.36
SOITEM03437,SO01144,PROD399,145,194.51
SOITEM03438,SO01145,PROD284,67,1138.02
SOITEM03439,SO01145,PROD296,144,1262.57
SOITEM03440,SO01145,PROD222,50,444.32
SOITEM03441,SO01145,PROD140,13,949.14
SOITEM03442,SO01145,PROD113,31,216.05
SOITEM03443,SO01145,PROD161,143,27.23
SOITEM03444,SO01146,PROD041,73,1345.28
SOITEM03445,SO01146,PROD084,69,1195.1
SOITEM03446,SO01146,PROD448,24,1205.41
SOITEM03447,SO01146,PROD402,22,456.95
SOITEM03448,SO01146,PROD293,99,921.24
SOITEM03449,SO01147,PROD077,103,862.64
SOITEM03450,SO01147,PROD360,107,17.56
SOITEM03451,SO01147,PROD253,50,874.11
SOITEM03452,SO01147,PROD372,18,630.0
SOITEM03453,SO01147,PROD029,109,419.03
SOITEM03454,SO01147,PROD413,43,887.22
SOITEM03455,SO01147,PROD228,132,1114.81
SOITEM03456,SO01147,PROD100,37,653.66
SOITEM03457,SO01148,PROD477,114,1211.96
SOITEM03458,SO01148,PROD007,125,139.72
SOITEM03459,SO01148,PROD423,71,1272.27
SOITEM03460,SO01148,PROD291,98,348.49
SOITEM03461,SO01148,PROD298,8,301.61
SOITEM03462,SO01148,PROD489,121,924.46
SOITEM03463,SO01149,PROD080,96,923.6
SOITEM03464,SO01150,PROD414,90,1110.59
SOITEM03465,SO01150,PROD187,118,1251.4
SOITEM03466,SO01151,PROD456,136,653.87
SOITEM03467,SO01151,PROD341,36,1669.85
SOITEM03468,SO01152,PROD446,112,167.07
SOITEM03469,SO01152,PROD184,87,43.16
SOITEM03470,SO01153,PROD384,10,1361.99
SOITEM03471,SO01153,PROD341,128,1669.85
SOITEM03472,SO01153,PROD130,76,466.72
SOITEM03473,SO01154,PROD272,120,659.27
SOITEM03474,SO01154,PROD235,7,1700.42
SOITEM03475,SO01154,PROD081,126,746.49
SOITEM03476,SO01155,PROD110,95,930.88
SOITEM03477,SO01155,PROD117,50,276.44
SOITEM03478,SO01156,PROD129,146,726.96
SOITEM03479,SO01157,PROD078,8,1530.22
SOITEM03480,SO01157,PROD279,29,328.09
SOITEM03481,SO01157,PROD302,125,268.83
SOITEM03482,SO01158,PROD269,36,952.08
SOITEM03483,SO01158,PROD482,144,261.56
SOITEM03484,SO01158,PROD039,115,455.23
SOITEM03485,SO01158,PROD353,138,506.01
SOITEM03486,SO01159,PROD109,92,294.07
SOITEM03487,SO01159,PROD300,71,731.42
SOITEM03488,SO01159,PROD351,53,407.92
SOITEM03489,SO01160,PROD354,148,1247.88
SOITEM03490,SO01160,PROD040,77,695.59
SOITEM03491,SO01160,PROD069,19,1166.98
SOITEM03492,SO01161,PROD387,99,980.89
SOITEM03493,SO01161,PROD032,146,445.25
SOITEM03494,SO01162,PROD445,28,910.8
SOITEM03495,SO01162,PROD315,150,477.79
SOITEM03496,SO01162,PROD377,55,829.67
SOITEM03497,SO01163,PROD067,31,1491.41
SOITEM03498,SO01163,PROD120,150,158.19
SOITEM03499,SO01163,PROD379,89,1377.02
SOITEM03500,SO01163,PROD099,18,370.78
SOITEM03501,SO01163,PROD168,111,852.73
SOITEM03502,SO01164,PROD140,98,949.14
SOITEM03503,SO01164,PROD014,150,318.73
SOITEM03504,SO01164,PROD346,67,1325.55
SOITEM03505,SO01165,PROD121,55,953.07
SOITEM03506,SO01165,PROD125,58,791.95
SOITEM03507,SO01165,PROD496,119,782.95
SOITEM03508,SO01166,PROD338,63,679.07
SOITEM03509,SO01167,PROD427,140,566.06
SOITEM03510,SO01167,PROD463,91,606.23
SOITEM03511,SO01167,PROD282,150,267.32
SOITEM03512,SO01167,PROD083,133,874.47
SOITEM03513,SO01168,PROD007,90,139.72
SOITEM03514,SO01168,PROD166,22,590.1
SOITEM03515,SO01168,PROD484,94,1421.85
SOITEM03516,SO01169,PROD155,51,194.11
SOITEM03517,SO01169,PROD069,123,1166.98
SOITEM03518,SO01169,PROD433,55,938.56
SOITEM03519,SO01169,PROD450,18,699.65
SOITEM03520,SO01170,PROD238,139,88.48
SOITEM03521,SO01170,PROD020,127,710.42
SOITEM03522,SO01170,PROD143,20,280.77
SOITEM03523,SO01170,PROD413,80,887.22
SOITEM03524,SO01171,PROD496,143,782.95
SOITEM03525,SO01171,PROD139,32,241.64
SOITEM03526,SO01171,PROD475,41,622.41
SOITEM03527,SO01171,PROD343,79,580.3
SOITEM03528,SO01172,PROD110,55,930.88
SOITEM03529,SO01173,PROD309,70,656.43
SOITEM03530,SO01173,PROD294,119,442.63
SOITEM03531,SO01173,PROD453,15,159.85
SOITEM03532,SO01173,PROD123,34,471.66
SOITEM03533,SO01173,PROD262,67,87.94
SOITEM03534,SO01173,PROD010,7,158.98
SOITEM03535,SO01174,PROD470,32,973.75
SOITEM03536,SO01174,PROD139,30,241.64
SOITEM03537,SO01174,PROD304,131,340.83
SOITEM03538,SO01175,PROD170,119,1202.0
SOITEM03539,SO01175,PROD234,60,929.92
SOITEM03540,SO01175,PROD297,30,213.96
SOITEM03541,SO01176,PROD381,22,179.0
SOITEM03542,SO01177,PROD465,99,945.03
SOITEM03543,SO01177,PROD163,129,1343.1
SOITEM03544,SO01178,PROD128,43,405.49
SOITEM03545,SO01179,PROD423,134,1272.27
SOITEM03546,SO01179,PROD358,135,769.81
SOITEM03547,SO01180,PROD208,12,1030.06
SOITEM03548,SO01180,PROD222,125,444.32
SOITEM03549,SO01180,PROD443,8,556.93
SOITEM03550,SO01181,PROD386,87,559.89
SOITEM03551,SO01181,PROD298,131,301.61
SOITEM03552,SO01182,PROD286,70,1182.9
SOITEM03553,SO01182,PROD175,94,365.38
SOITEM03554,SO01182,PROD380,58,886.05
SOITEM03555,SO01182,PROD260,104,685.07
SOITEM03556,SO01183,PROD020,84,710.42
SOITEM03557,SO01183,PROD498,7,1441.23
SOITEM03558,SO01183,PROD482,98,261.56
SOITEM03559,SO01183,PROD179,61,587.83
SOITEM03560,SO01183,PROD103,80,420.13
SOITEM03561,SO01183,PROD374,132,337.05
SOITEM03562,SO01184,PROD423,59,1272.27
SOITEM03563,SO01185,PROD026,125,693.39
SOITEM03564,SO01186,PROD182,23,345.97
SOITEM03565,SO01186,PROD208,62,1030.06
SOITEM03566,SO01186,PROD184,11,43.16
SOITEM03567,SO01187,PROD233,81,1163.32
SOITEM03568,SO01188,PROD375,149,1156.42
SOITEM03569,SO01188,PROD116,25,1088.55
SOITEM03570,SO01188,PROD315,117,477.79
SOITEM03571,SO01188,PROD193,145,424.1
SOITEM03572,SO01188,PROD068,12,1350.64
SOITEM03573,SO01188,PROD163,51,1343.1
SOITEM03574,SO01188,PROD373,128,1408.52
SOITEM03575,SO01189,PROD121,46,953.07
SOITEM03576,SO01189,PROD247,40,1575.9
SOITEM03577,SO01189,PROD438,110,981.89
SOITEM03578,SO01190,PROD058,124,1345.87
SOITEM03579,SO01190,PROD479,33,710.31
SOITEM03580,SO01191,PROD281,91,882.78
SOITEM03581,SO01191,PROD428,139,1043.62
SOITEM03582,SO01191,PROD098,31,839.21
SOITEM03583,SO01192,PROD399,44,194.51
SOITEM03584,SO01192,PROD184,81,43.16
SOITEM03585,SO01193,PROD161,98,27.23
SOITEM03586,SO01193,PROD233,84,1163.32
SOITEM03587,SO01193,PROD482,50,261.56
SOITEM03588,SO01193,PROD330,23,717.97
SOITEM03589,SO01193,PROD275,34,491.51
SOITEM03590,SO01193,PROD109,56,294.07
SOITEM03591,SO01194,PROD317,106,1115.3
SOITEM03592,SO01195,PROD012,150,1613.13
SOITEM03593,SO01195,PROD031,129,1253.99
SOITEM03594,SO01195,PROD169,145,916.57
SOITEM03595,SO01195,PROD235,82,1700.42
SOITEM03596,SO01196,PROD084,129,1195.1
SOITEM03597,SO01197,PROD007,116,139.72
SOITEM03598,SO01197,PROD348,94,788.76
SOITEM03599,SO01197,PROD239,92,694.49
SOITEM03600,SO01197,PROD157,15,122.44
SOITEM03601,SO01198,PROD092,6,392.62
SOITEM03602,SO01198,PROD335,11,545.76
SOITEM03603,SO01198,PROD485,113,1226.75
SOITEM03604,SO01198,PROD444,142,692.28
SOITEM03605,SO01199,PROD084,82,1195.1
SOITEM03606,SO01199,PROD097,39,1356.93
SOITEM03607,SO01199,PROD081,10,746.49
SOITEM03608,SO01199,PROD026,78,693.39
SOITEM03609,SO01200,PROD462,7,334.33
SOITEM03610,SO01201,PROD162,17,28.52
SOITEM03611,SO01202,PROD152,65,1109.49
SOITEM03612,SO01202,PROD173,41,45.46
SOITEM03613,SO01202,PROD011,18,1380.35
SOITEM03614,SO01202,PROD288,10,1233.87
SOITEM03615,SO01202,PROD316,140,756.92
SOITEM03616,SO01203,PROD422,87,1631.47
SOITEM03617,SO01203,PROD455,42,1079.54
SOITEM03618,SO01203,PROD227,21,977.2
SOITEM03619,SO01204,PROD311,75,776.52
SOITEM03620,SO01204,PROD153,101,1158.97
SOITEM03621,SO01205,PROD302,39,268.83
SOITEM03622,SO01205,PROD060,11,670.1
SOITEM03623,SO01205,PROD379,149,1377.02
SOITEM03624,SO01206,PROD110,34,930.88
SOITEM03625,SO01206,PROD323,125,536.07
SOITEM03626,SO01206,PROD184,138,43.16
SOITEM03627,SO01206,PROD253,113,874.11
SOITEM03628,SO01207,PROD235,54,1700.42
SOITEM03629,SO01207,PROD297,69,213.96
SOITEM03630,SO01207,PROD296,147,1262.57
SOITEM03631,SO01207,PROD254,59,775.1
SOITEM03632,SO01207,PROD316,49,756.92
SOITEM03633,SO01208,PROD136,41,486.56
SOITEM03634,SO01209,PROD230,124,678.56
SOITEM03635,SO01209,PROD181,127,994.75
SOITEM03636,SO01209,PROD032,94,445.25
SOITEM03637,SO01209,PROD049,76,1093.93
SOITEM03638,SO01210,PROD331,136,825.64
SOITEM03639,SO01210,PROD039,36,455.23
SOITEM03640,SO01210,PROD215,96,846.19
SOITEM03641,SO01210,PROD453,122,159.85
SOITEM03642,SO01211,PROD008,111,1090.21
SOITEM03643,SO01211,PROD343,148,580.3
SOITEM03644,SO01211,PROD312,6,448.06
SOITEM03645,SO01211,PROD378,34,153.55
SOITEM03646,SO01212,PROD011,140,1380.35
SOITEM03647,SO01212,PROD493,36,314.62
SOITEM03648,SO01213,PROD158,90,1327.01
SOITEM03649,SO01213,PROD227,80,977.2
SOITEM03650,SO01213,PROD208,78,1030.06
SOITEM03651,SO01213,PROD174,14,60.34
SOITEM03652,SO01214,PROD453,55,159.85
SOITEM03653,SO01214,PROD006,130,1039.67
SOITEM03654,SO01215,PROD014,28,318.73
SOITEM03655,SO01215,PROD158,147,1327.01
SOITEM03656,SO01216,PROD068,109,1350.64
SOITEM03657,SO01216,PROD301,9,258.38
SOITEM03658,SO01216,PROD395,77,314.97
SOITEM03659,SO01217,PROD119,30,106.06
SOITEM03660,SO01217,PROD437,98,1348.75
SOITEM03661,SO01217,PROD282,105,267.32
SOITEM03662,SO01217,PROD157,64,122.44
SOITEM03663,SO01217,PROD113,80,216.05
SOITEM03664,SO01217,PROD072,55,1040.98
SOITEM03665,SO01217,PROD086,129,999.94
SOITEM03666,SO01218,PROD180,67,941.04
SOITEM03667,SO01218,PROD066,134,147.63
SOITEM03668,SO01218,PROD422,29,1631.47
SOITEM03669,SO01219,PROD469,48,1205.87
SOITEM03670,SO01219,PROD108,96,38.13
SOITEM03671,SO01219,PROD361,88,1008.28
SOITEM03672,SO01220,PROD404,140,314.33
SOITEM03673,SO01221,PROD356,69,85.93
SOITEM03674,SO01221,PROD477,23,1211.96
SOITEM03675,SO01222,PROD328,75,1354.07
SOITEM03676,SO01222,PROD429,69,101.2
SOITEM03677,SO01223,PROD068,40,1350.64
SOITEM03678,SO01223,PROD354,52,1247.88
SOITEM03679,SO01223,PROD396,36,858.34
SOITEM03680,SO01223,PROD002,41,1680.23
SOITEM03681,SO01223,PROD096,65,1145.68
SOITEM03682,SO01224,PROD118,40,405.84
SOITEM03683,SO01224,PROD080,139,923.6
SOITEM03684,SO01224,PROD325,133,1272.26
SOITEM03685,SO01224,PROD418,141,651.35
SOITEM03686,SO01225,PROD093,12,787.77
SOITEM03687,SO01225,PROD346,19,1325.55
SOITEM03688,SO01225,PROD378,95,153.55
SOITEM03689,SO01225,PROD223,40,230.59
SOITEM03690,SO01226,PROD387,32,980.89
SOITEM03691,SO01226,PROD429,11,101.2
SOITEM03692,SO01226,PROD269,103,952.08
SOITEM03693,SO01226,PROD148,131,35.33
SOITEM03694,SO01227,PROD097,105,1356.93
SOITEM03695,SO01227,PROD458,54,671.32
SOITEM03696,SO01227,PROD072,128,1040.98
SOITEM03697,SO01227,PROD125,125,791.95
SOITEM03698,SO01227,PROD282,57,267.32
SOITEM03699,SO01228,PROD060,125,670.1
SOITEM03700,SO01228,PROD227,46,977.2
SOITEM03701,SO01228,PROD280,48,1166.65
SOITEM03702,SO01228,PROD172,136,415.49
SOITEM03703,SO01229,PROD137,106,1053.76
SOITEM03704,SO01229,PROD361,27,1008.28
SOITEM03705,SO01229,PROD357,117,1000.2
SOITEM03706,SO01229,PROD115,80,1294.8
SOITEM03707,SO01230,PROD466,142,1181.87
SOITEM03708,SO01230,PROD028,116,1322.93
SOITEM03709,SO01230,PROD389,27,939.57
SOITEM03710,SO01230,PROD488,26,817.03
SOITEM03711,SO01231,PROD466,126,1181.87
SOITEM03712,SO01232,PROD231,55,1048.32
SOITEM03713,SO01232,PROD396,131,858.34
SOITEM03714,SO01232,PROD164,7,111.31
SOITEM03715,SO01233,PROD089,103,708.42
SOITEM03716,SO01233,PROD377,45,829.67
SOITEM03717,SO01233,PROD103,148,420.13
SOITEM03718,SO01233,PROD113,101,216.05
SOITEM03719,SO01233,PROD434,78,1571.95
SOITEM03720,SO01234,PROD065,67,595.07
SOITEM03721,SO01234,PROD252,146,1563.98
SOITEM03722,SO01234,PROD242,64,651.23
SOITEM03723,SO01234,PROD334,23,920.42
SOITEM03724,SO01234,PROD026,62,693.39
SOITEM03725,SO01235,PROD133,67,593.57
SOITEM03726,SO01235,PROD298,115,301.61
SOITEM03727,SO01235,PROD011,88,1380.35
SOITEM03728,SO01235,PROD413,120,887.22
SOITEM03729,SO01236,PROD251,61,1241.42
SOITEM03730,SO01236,PROD076,23,182.76
SOITEM03731,SO01236,PROD303,12,845.11
SOITEM03732,SO01236,PROD334,24,920.42
SOITEM03733,SO01237,PROD492,100,1562.48
SOITEM03734,SO01237,PROD181,129,994.75
SOITEM03735,SO01237,PROD140,71,949.14
SOITEM03736,SO01237,PROD006,78,1039.67
SOITEM03737,SO01238,PROD459,26,671.8
SOITEM03738,SO01238,PROD285,132,653.85
SOITEM03739,SO01239,PROD149,10,175.78
SOITEM03740,SO01239,PROD308,126,698.97
SOITEM03741,SO01239,PROD452,51,614.75
SOITEM03742,SO01240,PROD121,106,953.07
SOITEM03743,SO01240,PROD456,42,653.87
SOITEM03744,SO01240,PROD248,55,913.36
SOITEM03745,SO01240,PROD128,11,405.49
SOITEM03746,SO01241,PROD078,17,1530.22
SOITEM03747,SO01241,PROD475,123,622.41
SOITEM03748,SO01242,PROD125,98,791.95
SOITEM03749,SO01242,PROD063,133,1079.94
SOITEM03750,SO01242,PROD451,91,1215.34
SOITEM03751,SO01242,PROD273,49,145.43
SOITEM03752,SO01242,PROD368,30,1015.99
SOITEM03753,SO01243,PROD114,104,272.02
SOITEM03754,SO01243,PROD308,59,698.97
SOITEM03755,SO01243,PROD184,72,43.16
SOITEM03756,SO01243,PROD476,142,1357.77
SOITEM03757,SO01244,PROD105,56,454.18
SOITEM03758,SO01244,PROD374,70,337.05
SOITEM03759,SO01244,PROD150,41,1019.28
SOITEM03760,SO01244,PROD300,103,731.42
SOITEM03761,SO01244,PROD030,45,144.7
SOITEM03762,SO01245,PROD154,6,1628.8
SOITEM03763,SO01245,PROD288,69,1233.87
SOITEM03764,SO01245,PROD108,33,38.13
SOITEM03765,SO01246,PROD173,140,45.46
SOITEM03766,SO01246,PROD336,104,1309.51
SOITEM03767,SO01246,PROD444,7,692.28
SOITEM03768,SO01246,PROD490,22,1641.02
SOITEM03769,SO01247,PROD402,146,456.95
SOITEM03770,SO01247,PROD449,104,1451.26
SOITEM03771,SO01247,PROD087,132,382.43
SOITEM03772,SO01248,PROD379,130,1377.02
SOITEM03773,SO01248,PROD276,54,254.24
SOITEM03774,SO01248,PROD013,84,1004.23
SOITEM03775,SO01249,PROD012,122,1613.13
SOITEM03776,SO01249,PROD238,136,88.48
SOITEM03777,SO01249,PROD054,10,1320.94
SOITEM03778,SO01250,PROD089,39,708.42
SOITEM03779,SO01250,PROD219,39,610.84
SOITEM03780,SO01250,PROD156,56,862.99
SOITEM03781,SO01250,PROD244,24,128.7
SOITEM03782,SO01251,PROD079,43,1070.31
SOITEM03783,SO01251,PROD024,8,649.2
SOITEM03784,SO01252,PROD294,121,442.63
SOITEM03785,SO01252,PROD221,94,494.14
SOITEM03786,SO01252,PROD491,138,136.1
SOITEM03787,SO01252,PROD203,25,294.21
SOITEM03788,SO01252,PROD388,57,793.41
SOITEM03789,SO01253,PROD139,118,241.64
SOITEM03790,SO01253,PROD238,102,88.48
SOITEM03791,SO01253,PROD481,48,822.01
SOITEM03792,SO01254,PROD209,68,857.85
SOITEM03793,SO01254,PROD345,119,782.66
SOITEM03794,SO01255,PROD094,6,248.06
SOITEM03795,SO01255,PROD494,71,806.62
SOITEM03796,SO01256,PROD255,109,91.9
SOITEM03797,SO01257,PROD130,94,466.72
SOITEM03798,SO01258,PROD483,94,672.5
SOITEM03799,SO01258,PROD474,26,828.38
SOITEM03800,SO01258,PROD330,36,717.97
SOITEM03801,SO01258,PROD307,27,224.9
SOITEM03802,SO01258,PROD086,93,999.94
SOITEM03803,SO01259,PROD411,50,1278.66
SOITEM03804,SO01259,PROD493,41,314.62
SOITEM03805,SO01260,PROD098,145,839.21
SOITEM03806,SO01260,PROD208,7,1030.06
SOITEM03807,SO01260,PROD074,73,1276.05
SOITEM03808,SO01260,PROD133,115,593.57
SOITEM03809,SO01260,PROD349,128,1436.79
SOITEM03810,SO01261,PROD285,91,653.85
SOITEM03811,SO01261,PROD122,18,1102.95
SOITEM03812,SO01262,PROD198,45,220.57
SOITEM03813,SO01262,PROD493,103,314.62
SOITEM03814,SO01263,PROD468,63,568.43
SOITEM03815,SO01263,PROD046,86,646.5
SOITEM03816,SO01264,PROD430,139,1060.12
SOITEM03817,SO01264,PROD311,85,776.52
SOITEM03818,SO01264,PROD231,25,1048.32
SOITEM03819,SO01265,PROD432,22,690.84
SOITEM03820,SO01265,PROD462,23,334.33
SOITEM03821,SO01266,PROD486,111,81.21
SOITEM03822,SO01266,PROD250,144,976.03
SOITEM03823,SO01266,PROD118,86,405.84
SOITEM03824,SO01266,PROD448,49,1205.41
SOITEM03825,SO01267,PROD213,36,915.33
SOITEM03826,SO01268,PROD145,127,414.97
SOITEM03827,SO01269,PROD002,33,1680.23
SOITEM03828,SO01269,PROD266,24,1288.39
SOITEM03829,SO01270,PROD086,127,999.94
SOITEM03830,SO01270,PROD136,113,486.56
SOITEM03831,SO01270,PROD011,110,1380.35
SOITEM03832,SO01271,PROD273,79,145.43
SOITEM03833,SO01271,PROD200,95,569.37
SOITEM03834,SO01271,PROD390,56,979.43
SOITEM03835,SO01271,PROD196,67,967.84
SOITEM03836,SO01272,PROD063,117,1079.94
SOITEM03837,SO01272,PROD024,82,649.2
SOITEM03838,SO01273,PROD021,118,642.17
SOITEM03839,SO01273,PROD241,122,876.44
SOITEM03840,SO01274,PROD296,25,1262.57
SOITEM03841,SO01274,PROD210,74,1031.08
SOITEM03842,SO01274,PROD136,84,486.56
SOITEM03843,SO01275,PROD418,150,651.35
SOITEM03844,SO01276,PROD386,55,559.89
SOITEM03845,SO01276,PROD072,89,1040.98
SOITEM03846,SO01276,PROD030,46,144.7
SOITEM03847,SO01276,PROD315,98,477.79
SOITEM03848,SO01276,PROD312,23,448.06
SOITEM03849,SO01277,PROD233,107,1163.32
SOITEM03850,SO01277,PROD426,132,546.15
SOITEM03851,SO01277,PROD184,19,43.16
SOITEM03852,SO01277,PROD175,7,365.38
SOITEM03853,SO01277,PROD160,78,746.32
SOITEM03854,SO01277,PROD478,126,852.64
SOITEM03855,SO01278,PROD420,137,932.93
SOITEM03856,SO01278,PROD496,9,782.95
SOITEM03857,SO01278,PROD051,148,643.38
SOITEM03858,SO01278,PROD068,122,1350.64
SOITEM03859,SO01279,PROD201,28,258.6
SOITEM03860,SO01279,PROD101,7,579.34
SOITEM03861,SO01279,PROD276,140,254.24
SOITEM03862,SO01279,PROD215,56,846.19
SOITEM03863,SO01279,PROD038,18,1340.93
SOITEM03864,SO01279,PROD019,31,158.03
SOITEM03865,SO01280,PROD230,10,678.56
SOITEM03866,SO01280,PROD500,16,790.4
SOITEM03867,SO01280,PROD285,88,653.85
SOITEM03868,SO01281,PROD209,54,857.85
SOITEM03869,SO01282,PROD308,40,698.97
SOITEM03870,SO01282,PROD491,144,136.1
SOITEM03871,SO01282,PROD197,84,1098.89
SOITEM03872,SO01283,PROD135,104,939.41
SOITEM03873,SO01283,PROD225,12,1254.65
SOITEM03874,SO01283,PROD145,97,414.97
SOITEM03875,SO01284,PROD340,21,1164.05
SOITEM03876,SO01284,PROD375,143,1156.42
SOITEM03877,SO01285,PROD361,93,1008.28
SOITEM03878,SO01285,PROD277,55,1103.6
SOITEM03879,SO01285,PROD455,140,1079.54
SOITEM03880,SO01286,PROD065,73,595.07
SOITEM03881,SO01286,PROD359,33,948.38
SOITEM03882,SO01287,PROD285,30,653.85
SOITEM03883,SO01287,PROD206,144,1118.26
SOITEM03884,SO01287,PROD121,50,953.07
SOITEM03885,SO01288,PROD287,98,206.98
SOITEM03886,SO01288,PROD331,110,825.64
SOITEM03887,SO01289,PROD454,121,72.36
SOITEM03888,SO01290,PROD429,103,101.2
SOITEM03889,SO01290,PROD314,141,1602.76
SOITEM03890,SO01290,PROD186,138,360.48
SOITEM03891,SO01291,PROD379,109,1377.02
SOITEM03892,SO01291,PROD353,116,506.01
SOITEM03893,SO01291,PROD307,94,224.9
SOITEM03894,SO01292,PROD353,126,506.01
SOITEM03895,SO01292,PROD328,146,1354.07
SOITEM03896,SO01292,PROD323,101,536.07
SOITEM03897,SO01292,PROD156,73,862.99
SOITEM03898,SO01292,PROD270,138,155.77
SOITEM03899,SO01293,PROD333,28,559.55
SOITEM03900,SO01294,PROD382,101,439.42
SOITEM03901,SO01294,PROD412,82,1313.15
SOITEM03902,SO01295,PROD416,87,1288.06
SOITEM03903,SO01295,PROD453,87,159.85
SOITEM03904,SO01295,PROD026,126,693.39
SOITEM03905,SO01295,PROD188,146,575.31
SOITEM03906,SO01295,PROD274,138,356.83
SOITEM03907,SO01295,PROD123,10,471.66
SOITEM03908,SO01296,PROD193,49,424.1
SOITEM03909,SO01297,PROD469,142,1205.87
SOITEM03910,SO01298,PROD364,14,49.06
SOITEM03911,SO01298,PROD356,106,85.93
SOITEM03912,SO01298,PROD234,42,929.92
SOITEM03913,SO01299,PROD448,47,1205.41
SOITEM03914,SO01299,PROD344,108,1487.38
SOITEM03915,SO01299,PROD242,30,651.23
SOITEM03916,SO01299,PROD374,29,337.05
SOITEM03917,SO01300,PROD485,116,1226.75
SOITEM03918,SO01300,PROD032,20,445.25
SOITEM03919,SO01300,PROD312,101,448.06
SOITEM03920,SO01300,PROD408,65,1109.12
SOITEM03921,SO01300,PROD167,51,1146.21
SOITEM03922,SO01301,PROD252,66,1563.98
SOITEM03923,SO01301,PROD355,107,437.91
SOITEM03924,SO01302,PROD488,25,817.03
SOITEM03925,SO01302,PROD494,149,806.62
SOITEM03926,SO01302,PROD025,127,389.26
SOITEM03927,SO01303,PROD088,41,1348.83
SOITEM03928,SO01303,PROD012,123,1613.13
SOITEM03929,SO01303,PROD433,48,938.56
SOITEM03930,SO01303,PROD375,50,1156.42
SOITEM03931,SO01304,PROD152,29,1109.49
SOITEM03932,SO01304,PROD343,62,580.3
SOITEM03933,SO01305,PROD115,9,1294.8
SOITEM03934,SO01305,PROD143,90,280.77
SOITEM03935,SO01306,PROD224,52,67.1
SOITEM03936,SO01307,PROD409,114,578.39
SOITEM03937,SO01307,PROD448,40,1205.41
SOITEM03938,SO01308,PROD218,101,1120.53
SOITEM03939,SO01309,PROD142,133,1235.3
SOITEM03940,SO01309,PROD068,26,1350.64
SOITEM03941,SO01309,PROD339,49,804.84
SOITEM03942,SO01309,PROD198,42,220.57
SOITEM03943,SO01309,PROD217,140,487.55
SOITEM03944,SO01309,PROD105,11,454.18
SOITEM03945,SO01309,PROD108,7,38.13
SOITEM03946,SO01310,PROD324,109,366.94
SOITEM03947,SO01310,PROD397,10,72.85
SOITEM03948,SO01311,PROD147,68,623.69
SOITEM03949,SO01311,PROD034,104,710.46
SOITEM03950,SO01311,PROD235,33,1700.42
SOITEM03951,SO01311,PROD343,45,580.3
SOITEM03952,SO01311,PROD126,64,374.01
SOITEM03953,SO01312,PROD281,76,882.78
SOITEM03954,SO01312,PROD303,118,845.11
SOITEM03955,SO01312,PROD132,94,1113.2
SOITEM03956,SO01312,PROD176,25,66.66
SOITEM03957,SO01313,PROD124,92,658.32
SOITEM03958,SO01313,PROD396,148,858.34
SOITEM03959,SO01313,PROD272,117,659.27
SOITEM03960,SO01314,PROD365,41,732.48
SOITEM03961,SO01314,PROD039,39,455.23
SOITEM03962,SO01314,PROD116,61,1088.55
SOITEM03963,SO01315,PROD009,65,446.24
SOITEM03964,SO01315,PROD453,31,159.85
SOITEM03965,SO01316,PROD150,7,1019.28
SOITEM03966,SO01316,PROD469,26,1205.87
SOITEM03967,SO01316,PROD117,89,276.44
SOITEM03968,SO01316,PROD310,63,1114.33
SOITEM03969,SO01317,PROD115,53,1294.8
SOITEM03970,SO01318,PROD021,49,642.17
SOITEM03971,SO01318,PROD422,140,1631.47
SOITEM03972,SO01318,PROD315,23,477.79
SOITEM03973,SO01318,PROD007,134,139.72
SOITEM03974,SO01318,PROD061,83,862.09
SOITEM03975,SO01319,PROD326,20,68.46
SOITEM03976,SO01319,PROD199,68,77.66
SOITEM03977,SO01319,PROD154,18,1628.8
SOITEM03978,SO01319,PROD171,19,1035.14
SOITEM03979,SO01319,PROD308,104,698.97
SOITEM03980,SO01319,PROD445,124,910.8
SOITEM03981,SO01320,PROD035,109,985.83
SOITEM03982,SO01320,PROD335,148,545.76
SOITEM03983,SO01320,PROD450,15,699.65
SOITEM03984,SO01320,PROD451,102,1215.34
SOITEM03985,SO01320,PROD104,12,517.35
SOITEM03986,SO01320,PROD146,103,561.24
SOITEM03987,SO01321,PROD345,131,782.66
SOITEM03988,SO01322,PROD249,51,713.13
SOITEM03989,SO01323,PROD277,117,1103.6
SOITEM03990,SO01323,PROD280,132,1166.65
SOITEM03991,SO01323,PROD471,43,434.22
SOITEM03992,SO01324,PROD102,111,1028.11
SOITEM03993,SO01324,PROD281,104,882.78
SOITEM03994,SO01325,PROD029,58,419.03
SOITEM03995,SO01325,PROD228,81,1114.81
SOITEM03996,SO01326,PROD462,57,334.33
SOITEM03997,SO01326,PROD009,32,446.24
SOITEM03998,SO01326,PROD373,106,1408.52
SOITEM03999,SO01326,PROD388,134,793.41
SOITEM04000,SO01326,PROD262,39,87.94
SOITEM04001,SO01327,PROD256,100,641.32
SOITEM04002,SO01328,PROD349,12,1436.79
SOITEM04003,SO01329,PROD493,121,314.62
SOITEM04004,SO01330,PROD231,50,1048.32
SOITEM04005,SO01330,PROD163,143,1343.1
SOITEM04006,SO01330,PROD493,6,314.62
SOITEM04007,SO01330,PROD199,100,77.66
SOITEM04008,SO01330,PROD181,67,994.75
SOITEM04009,SO01330,PROD452,14,614.75
SOITEM04010,SO01331,PROD417,73,1285.07
SOITEM04011,SO01331,PROD009,116,446.24
SOITEM04012,SO01332,PROD171,5,1035.14
SOITEM04013,SO01332,PROD056,10,904.05
SOITEM04014,SO01333,PROD002,147,1680.23
SOITEM04015,SO01333,PROD024,125,649.2
SOITEM04016,SO01333,PROD320,48,1145.37
SOITEM04017,SO01334,PROD231,111,1048.32
SOITEM04018,SO01334,PROD053,121,626.38
SOITEM04019,SO01335,PROD294,90,442.63
SOITEM04020,SO01335,PROD126,72,374.01
SOITEM04021,SO01335,PROD473,25,352.49
SOITEM04022,SO01335,PROD391,99,1014.36
SOITEM04023,SO01335,PROD375,132,1156.42
SOITEM04024,SO01336,PROD134,69,332.59
SOITEM04025,SO01336,PROD095,123,200.83
SOITEM04026,SO01337,PROD302,85,268.83
SOITEM04027,SO01337,PROD050,130,1340.67
SOITEM04028,SO01337,PROD320,84,1145.37
SOITEM04029,SO01338,PROD273,100,145.43
SOITEM04030,SO01338,PROD152,101,1109.49
SOITEM04031,SO01338,PROD217,59,487.55
SOITEM04032,SO01338,PROD349,33,1436.79
SOITEM04033,SO01339,PROD330,146,717.97
SOITEM04034,SO01339,PROD288,135,1233.87
SOITEM04035,SO01340,PROD248,82,913.36
SOITEM04036,SO01340,PROD286,31,1182.9
SOITEM04037,SO01341,PROD221,96,494.14
SOITEM04038,SO01341,PROD392,39,1608.86
SOITEM04039,SO01341,PROD116,137,1088.55
SOITEM04040,SO01341,PROD355,146,437.91
SOITEM04041,SO01342,PROD348,140,788.76
SOITEM04042,SO01342,PROD351,46,407.92
SOITEM04043,SO01343,PROD340,43,1164.05
SOITEM04044,SO01343,PROD447,94,972.98
SOITEM04045,SO01343,PROD367,43,698.04
SOITEM04046,SO01343,PROD020,15,710.42
SOITEM04047,SO01343,PROD495,7,114.6
SOITEM04048,SO01344,PROD354,137,1247.88
SOITEM04049,SO01344,PROD435,12,1222.59
SOITEM04050,SO01345,PROD356,16,85.93
SOITEM04051,SO01345,PROD281,143,882.78
SOITEM04052,SO01346,PROD134,101,332.59
SOITEM04053,SO01347,PROD489,134,924.46
SOITEM04054,SO01347,PROD228,89,1114.81
SOITEM04055,SO01348,PROD197,43,1098.89
SOITEM04056,SO01348,PROD035,36,985.83
SOITEM04057,SO01348,PROD128,122,405.49
SOITEM04058,SO01348,PROD061,140,862.09
SOITEM04059,SO01349,PROD267,27,693.98
SOITEM04060,SO01349,PROD345,116,782.66
SOITEM04061,SO01349,PROD368,52,1015.99
SOITEM04062,SO01350,PROD261,73,1709.04
SOITEM04063,SO01350,PROD244,40,128.7
SOITEM04064,SO01351,PROD474,78,828.38
SOITEM04065,SO01351,PROD415,82,291.45
SOITEM04066,SO01351,PROD499,84,197.97
SOITEM04067,SO01352,PROD374,86,337.05
SOITEM04068,SO01352,PROD389,82,939.57
SOITEM04069,SO01353,PROD349,26,1436.79
SOITEM04070,SO01353,PROD493,117,314.62
SOITEM04071,SO01353,PROD422,7,1631.47
SOITEM04072,SO01354,PROD359,84,948.38
SOITEM04073,SO01355,PROD198,90,220.57
SOITEM04074,SO01355,PROD063,23,1079.94
SOITEM04075,SO01355,PROD132,143,1113.2
SOITEM04076,SO01356,PROD078,139,1530.22
SOITEM04077,SO01356,PROD049,33,1093.93
SOITEM04078,SO01357,PROD021,31,642.17
SOITEM04079,SO01357,PROD155,97,194.11
SOITEM04080,SO01357,PROD423,105,1272.27
SOITEM04081,SO01358,PROD066,124,147.63
SOITEM04082,SO01358,PROD222,102,444.32
SOITEM04083,SO01358,PROD032,136,445.25
SOITEM04084,SO01359,PROD450,19,699.65
SOITEM04085,SO01359,PROD483,113,672.5
SOITEM04086,SO01359,PROD150,78,1019.28
SOITEM04087,SO01359,PROD381,13,179.0
SOITEM04088,SO01360,PROD472,78,887.42
SOITEM04089,SO01360,PROD381,80,179.0
SOITEM04090,SO01361,PROD449,128,1451.26
SOITEM04091,SO01361,PROD088,40,1348.83
SOITEM04092,SO01362,PROD318,33,738.15
SOITEM04093,SO01362,PROD279,113,328.09
SOITEM04094,SO01362,PROD039,115,455.23
SOITEM04095,SO01363,PROD084,74,1195.1
SOITEM04096,SO01364,PROD408,146,1109.12
SOITEM04097,SO01364,PROD308,98,698.97
SOITEM04098,SO01364,PROD165,32,668.55
SOITEM04099,SO01364,PROD254,61,775.1
SOITEM04100,SO01364,PROD154,57,1628.8
SOITEM04101,SO01365,PROD396,70,858.34
SOITEM04102,SO01365,PROD102,98,1028.11
SOITEM04103,SO01365,PROD115,146,1294.8
SOITEM04104,SO01366,PROD273,130,145.43
SOITEM04105,SO01366,PROD046,33,646.5
SOITEM04106,SO01366,PROD258,106,461.24
SOITEM04107,SO01367,PROD177,39,297.71
SOITEM04108,SO01367,PROD222,51,444.32
SOITEM04109,SO01367,PROD288,84,1233.87
SOITEM04110,SO01368,PROD017,89,704.27
SOITEM04111,SO01368,PROD242,125,651.23
SOITEM04112,SO01368,PROD070,118,401.23
SOITEM04113,SO01369,PROD048,53,100.51
SOITEM04114,SO01369,PROD166,113,590.1
SOITEM04115,SO01369,PROD382,132,439.42
SOITEM04116,SO01369,PROD143,113,280.77
SOITEM04117,SO01369,PROD215,43,846.19
SOITEM04118,SO01370,PROD222,77,444.32
SOITEM04119,SO01370,PROD076,75,182.76
SOITEM04120,SO01370,PROD316,73,756.92
SOITEM04121,SO01371,PROD256,84,641.32
SOITEM04122,SO01371,PROD070,95,401.23
SOITEM04123,SO01372,PROD301,132,258.38
SOITEM04124,SO01372,PROD300,85,731.42
SOITEM04125,SO01372,PROD274,22,356.83
SOITEM04126,SO01372,PROD396,31,858.34
SOITEM04127,SO01373,PROD346,58,1325.55
SOITEM04128,SO01373,PROD104,149,517.35
SOITEM04129,SO01373,PROD368,115,1015.99
SOITEM04130,SO01373,PROD114,12,272.02
SOITEM04131,SO01373,PROD204,22,134.39
SOITEM04132,SO01374,PROD187,122,1251.4
SOITEM04133,SO01374,PROD489,131,924.46
SOITEM04134,SO01375,PROD475,89,622.41
SOITEM04135,SO01375,PROD323,98,536.07
SOITEM04136,SO01375,PROD140,105,949.14
SOITEM04137,SO01376,PROD233,135,1163.32
SOITEM04138,SO01376,PROD419,77,462.74
SOITEM04139,SO01376,PROD159,31,1098.12
SOITEM04140,SO01376,PROD044,41,798.58
SOITEM04141,SO01376,PROD471,102,434.22
SOITEM04142,SO01377,PROD494,61,806.62
SOITEM04143,SO01377,PROD186,49,360.48
SOITEM04144,SO01377,PROD070,39,401.23
SOITEM04145,SO01377,PROD307,123,224.9
SOITEM04146,SO01378,PROD357,51,1000.2
SOITEM04147,SO01378,PROD337,35,1315.07
SOITEM04148,SO01378,PROD031,135,1253.99
SOITEM04149,SO01378,PROD167,115,1146.21
SOITEM04150,SO01378,PROD403,76,964.43
SOITEM04151,SO01378,PROD233,91,1163.32
SOITEM04152,SO01379,PROD337,107,1315.07
SOITEM04153,SO01379,PROD223,24,230.59
SOITEM04154,SO01379,PROD048,124,100.51
SOITEM04155,SO01380,PROD328,93,1354.07
SOITEM04156,SO01380,PROD363,46,790.74
SOITEM04157,SO01380,PROD313,47,1083.11
SOITEM04158,SO01380,PROD143,119,280.77
SOITEM04159,SO01381,PROD411,95,1278.66
SOITEM04160,SO01381,PROD006,85,1039.67
SOITEM04161,SO01382,PROD029,111,419.03
SOITEM04162,SO01382,PROD363,148,790.74
SOITEM04163,SO01382,PROD441,140,433.21
SOITEM04164,SO01383,PROD072,38,1040.98
SOITEM04165,SO01383,PROD416,11,1288.06
SOITEM04166,SO01383,PROD289,93,686.66
SOITEM04167,SO01383,PROD214,109,759.99
SOITEM04168,SO01383,PROD335,68,545.76
SOITEM04169,SO01384,PROD396,120,858.34
SOITEM04170,SO01384,PROD297,109,213.96
SOITEM04171,SO01385,PROD044,45,798.58
SOITEM04172,SO01385,PROD475,147,622.41
SOITEM04173,SO01386,PROD063,10,1079.94
SOITEM04174,SO01387,PROD465,100,945.03
SOITEM04175,SO01387,PROD089,81,708.42
SOITEM04176,SO01388,PROD478,23,852.64
SOITEM04177,SO01388,PROD435,111,1222.59
SOITEM04178,SO01388,PROD272,134,659.27
SOITEM04179,SO01389,PROD084,28,1195.1
SOITEM04180,SO01389,PROD430,39,1060.12
SOITEM04181,SO01389,PROD266,123,1288.39
SOITEM04182,SO01390,PROD238,48,88.48
SOITEM04183,SO01390,PROD152,128,1109.49
SOITEM04184,SO01390,PROD348,142,788.76
SOITEM04185,SO01390,PROD449,72,1451.26
SOITEM04186,SO01391,PROD082,123,1118.92
SOITEM04187,SO01391,PROD139,94,241.64
SOITEM04188,SO01391,PROD071,133,915.07
SOITEM04189,SO01392,PROD196,19,967.84
SOITEM04190,SO01392,PROD168,89,852.73
SOITEM04191,SO01392,PROD427,144,566.06
SOITEM04192,SO01393,PROD190,59,1394.38
SOITEM04193,SO01394,PROD025,72,389.26
SOITEM04194,SO01394,PROD192,145,1361.16
SOITEM04195,SO01394,PROD313,147,1083.11
SOITEM04196,SO01395,PROD360,74,17.56
SOITEM04197,SO01396,PROD093,142,787.77
SOITEM04198,SO01397,PROD262,65,87.94
SOITEM04199,SO01397,PROD346,41,1325.55
SOITEM04200,SO01397,PROD294,40,442.63
SOITEM04201,SO01398,PROD466,14,1181.87
SOITEM04202,SO01398,PROD246,145,1511.76
SOITEM04203,SO01398,PROD045,52,157.89
SOITEM04204,SO01399,PROD290,73,150.88
SOITEM04205,SO01400,PROD358,68,769.81
SOITEM04206,SO01400,PROD246,59,1511.76
SOITEM04207,SO01400,PROD235,103,1700.42
SOITEM04208,SO01400,PROD184,118,43.16
SOITEM04209,SO01401,PROD283,92,922.05
SOITEM04210,SO01401,PROD436,75,618.73
SOITEM04211,SO01401,PROD145,13,414.97
SOITEM04212,SO01402,PROD443,29,556.93
SOITEM04213,SO01402,PROD269,58,952.08
SOITEM04214,SO01403,PROD119,30,106.06
SOITEM04215,SO01403,PROD354,109,1247.88
SOITEM04216,SO01403,PROD054,132,1320.94
SOITEM04217,SO01404,PROD162,138,28.52
SOITEM04218,SO01405,PROD183,47,1162.93
SOITEM04219,SO01405,PROD194,135,956.58
SOITEM04220,SO01405,PROD195,47,740.95
SOITEM04221,SO01405,PROD127,51,160.45
SOITEM04222,SO01405,PROD266,119,1288.39
SOITEM04223,SO01405,PROD265,7,1219.88
SOITEM04224,SO01406,PROD256,84,641.32
SOITEM04225,SO01406,PROD234,51,929.92
SOITEM04226,SO01406,PROD249,134,713.13
SOITEM04227,SO01406,PROD121,85,953.07
SOITEM04228,SO01406,PROD017,20,704.27
SOITEM04229,SO01406,PROD273,120,145.43
SOITEM04230,SO01407,PROD222,27,444.32
SOITEM04231,SO01407,PROD277,18,1103.6
SOITEM04232,SO01408,PROD119,67,106.06
SOITEM04233,SO01408,PROD199,41,77.66
SOITEM04234,SO01408,PROD342,9,753.8
SOITEM04235,SO01409,PROD193,23,424.1
SOITEM04236,SO01409,PROD037,70,1311.32
SOITEM04237,SO01409,PROD067,28,1491.41
SOITEM04238,SO01410,PROD335,119,545.76
SOITEM04239,SO01410,PROD326,53,68.46
SOITEM04240,SO01410,PROD213,31,915.33
SOITEM04241,SO01410,PROD347,71,89.12
SOITEM04242,SO01411,PROD418,43,651.35
SOITEM04243,SO01411,PROD294,111,442.63
SOITEM04244,SO01411,PROD491,86,136.1
SOITEM04245,SO01412,PROD359,134,948.38
SOITEM04246,SO01412,PROD482,19,261.56
SOITEM04247,SO01413,PROD109,87,294.07
SOITEM04248,SO01413,PROD048,47,100.51
SOITEM04249,SO01414,PROD292,110,346.04
SOITEM04250,SO01415,PROD032,81,445.25
SOITEM04251,SO01415,PROD488,64,817.03
SOITEM04252,SO01415,PROD058,88,1345.87
SOITEM04253,SO01415,PROD282,126,267.32
SOITEM04254,SO01416,PROD028,128,1322.93
SOITEM04255,SO01416,PROD210,53,1031.08
SOITEM04256,SO01416,PROD164,138,111.31
SOITEM04257,SO01416,PROD242,17,651.23
SOITEM04258,SO01416,PROD075,31,908.01
SOITEM04259,SO01417,PROD436,54,618.73
SOITEM04260,SO01417,PROD186,51,360.48
SOITEM04261,SO01417,PROD215,69,846.19
SOITEM04262,SO01418,PROD185,115,78.88
SOITEM04263,SO01418,PROD116,5,1088.55
SOITEM04264,SO01419,PROD386,7,559.89
SOITEM04265,SO01419,PROD165,138,668.55
SOITEM04266,SO01419,PROD134,98,332.59
SOITEM04267,SO01420,PROD242,149,651.23
SOITEM04268,SO01420,PROD094,116,248.06
SOITEM04269,SO01421,PROD117,77,276.44
SOITEM04270,SO01421,PROD370,110,305.22
SOITEM04271,SO01422,PROD214,81,759.99
SOITEM04272,SO01422,PROD039,67,455.23
SOITEM04273,SO01422,PROD337,11,1315.07
SOITEM04274,SO01422,PROD226,118,551.23
SOITEM04275,SO01422,PROD098,105,839.21
SOITEM04276,SO01422,PROD072,103,1040.98
SOITEM04277,SO01422,PROD232,119,224.33
SOITEM04278,SO01423,PROD051,81,643.38
SOITEM04279,SO01423,PROD325,123,1272.26
SOITEM04280,SO01423,PROD266,114,1288.39
SOITEM04281,SO01423,PROD369,103,751.92
SOITEM04282,SO01424,PROD177,101,297.71
SOITEM04283,SO01424,PROD293,11,921.24
SOITEM04284,SO01425,PROD463,18,606.23
SOITEM04285,SO01426,PROD184,12,43.16
SOITEM04286,SO01426,PROD359,93,948.38
SOITEM04287,SO01426,PROD080,102,923.6
SOITEM04288,SO01427,PROD233,141,1163.32
SOITEM04289,SO01427,PROD064,20,1297.35
SOITEM04290,SO01428,PROD423,79,1272.27
SOITEM04291,SO01428,PROD037,66,1311.32
SOITEM04292,SO01428,PROD413,121,887.22
SOITEM04293,SO01428,PROD322,31,975.89
SOITEM04294,SO01428,PROD431,20,448.84
SOITEM04295,SO01429,PROD268,20,1114.89
SOITEM04296,SO01429,PROD096,107,1145.68
SOITEM04297,SO01429,PROD195,14,740.95
SOITEM04298,SO01430,PROD029,121,419.03
SOITEM04299,SO01430,PROD236,91,801.25
SOITEM04300,SO01431,PROD417,23,1285.07
SOITEM04301,SO01432,PROD253,118,874.11
SOITEM04302,SO01433,PROD262,22,87.94
SOITEM04303,SO01433,PROD297,107,213.96
SOITEM04304,SO01433,PROD103,56,420.13
SOITEM04305,SO01433,PROD006,115,1039.67
SOITEM04306,SO01434,PROD446,66,167.07
SOITEM04307,SO01434,PROD433,59,938.56
SOITEM04308,SO01434,PROD471,116,434.22
SOITEM04309,SO01434,PROD218,25,1120.53
SOITEM04310,SO01435,PROD163,116,1343.1
SOITEM04311,SO01435,PROD175,98,365.38
SOITEM04312,SO01435,PROD460,122,139.11
SOITEM04313,SO01435,PROD306,46,456.87
SOITEM04314,SO01435,PROD458,124,671.32
SOITEM04315,SO01435,PROD387,42,980.89
SOITEM04316,SO01436,PROD337,70,1315.07
SOITEM04317,SO01436,PROD372,34,630.0
SOITEM04318,SO01436,PROD259,82,1293.76
SOITEM04319,SO01437,PROD403,65,964.43
SOITEM04320,SO01437,PROD346,135,1325.55
SOITEM04321,SO01438,PROD402,79,456.95
SOITEM04322,SO01438,PROD436,109,618.73
SOITEM04323,SO01438,PROD305,22,404.92
SOITEM04324,SO01439,PROD450,76,699.65
SOITEM04325,SO01439,PROD381,23,179.0
SOITEM04326,SO01439,PROD209,137,857.85
SOITEM04327,SO01439,PROD452,36,614.75
SOITEM04328,SO01439,PROD392,72,1608.86
SOITEM04329,SO01440,PROD345,27,782.66
SOITEM04330,SO01440,PROD295,43,226.63
SOITEM04331,SO01441,PROD459,42,671.8
SOITEM04332,SO01441,PROD103,42,420.13
SOITEM04333,SO01442,PROD230,135,678.56
SOITEM04334,SO01443,PROD391,81,1014.36
SOITEM04335,SO01444,PROD223,67,230.59
SOITEM04336,SO01444,PROD251,142,1241.42
SOITEM04337,SO01444,PROD466,113,1181.87
SOITEM04338,SO01445,PROD221,58,494.14
SOITEM04339,SO01445,PROD192,118,1361.16
SOITEM04340,SO01446,PROD125,49,791.95
SOITEM04341,SO01446,PROD447,128,972.98
SOITEM04342,SO01447,PROD153,65,1158.97
SOITEM04343,SO01447,PROD119,118,106.06
SOITEM04344,SO01447,PROD481,86,822.01
SOITEM04345,SO01447,PROD279,5,328.09
SOITEM04346,SO01448,PROD474,101,828.38
SOITEM04347,SO01448,PROD321,14,1229.41
SOITEM04348,SO01448,PROD099,31,370.78
SOITEM04349,SO01448,PROD109,80,294.07
SOITEM04350,SO01449,PROD180,143,941.04
SOITEM04351,SO01449,PROD039,148,455.23
SOITEM04352,SO01449,PROD043,137,627.93
SOITEM04353,SO01450,PROD027,45,523.24
SOITEM04354,SO01450,PROD124,48,658.32
SOITEM04355,SO01451,PROD122,14,1102.95
SOITEM04356,SO01451,PROD193,83,424.1
SOITEM04357,SO01452,PROD190,106,1394.38
SOITEM04358,SO01452,PROD230,116,678.56
SOITEM04359,SO01452,PROD331,68,825.64
SOITEM04360,SO01453,PROD044,38,798.58
SOITEM04361,SO01453,PROD293,132,921.24
SOITEM04362,SO01453,PROD494,89,806.62
SOITEM04363,SO01454,PROD267,117,693.98
SOITEM04364,SO01454,PROD469,99,1205.87
SOITEM04365,SO01454,PROD081,82,746.49
SOITEM04366,SO01454,PROD251,120,1241.42
SOITEM04367,SO01455,PROD344,18,1487.38
SOITEM04368,SO01455,PROD453,26,159.85
SOITEM04369,SO01456,PROD193,85,424.1
SOITEM04370,SO01456,PROD238,128,88.48
SOITEM04371,SO01456,PROD182,103,345.97
SOITEM04372,SO01457,PROD037,56,1311.32
SOITEM04373,SO01458,PROD283,111,922.05
SOITEM04374,SO01458,PROD234,85,929.92
SOITEM04375,SO01458,PROD466,18,1181.87
SOITEM04376,SO01458,PROD057,140,1187.66
SOITEM04377,SO01459,PROD105,106,454.18
SOITEM04378,SO01459,PROD411,22,1278.66
SOITEM04379,SO01459,PROD349,60,1436.79
SOITEM04380,SO01459,PROD225,88,1254.65
SOITEM04381,SO01460,PROD220,75,822.57
SOITEM04382,SO01460,PROD298,89,301.61
SOITEM04383,SO01460,PROD453,66,159.85
SOITEM04384,SO01461,PROD162,46,28.52
SOITEM04385,SO01461,PROD176,123,66.66
SOITEM04386,SO01461,PROD153,39,1158.97
SOITEM04387,SO01462,PROD389,146,939.57
SOITEM04388,SO01462,PROD104,119,517.35
SOITEM04389,SO01463,PROD018,77,671.51
SOITEM04390,SO01463,PROD046,137,646.5
SOITEM04391,SO01464,PROD102,128,1028.11
SOITEM04392,SO01464,PROD495,51,114.6
SOITEM04393,SO01465,PROD274,87,356.83
SOITEM04394,SO01465,PROD211,7,1148.88
SOITEM04395,SO01465,PROD498,102,1441.23
SOITEM04396,SO01465,PROD342,111,753.8
SOITEM04397,SO01466,PROD177,107,297.71
SOITEM04398,SO01466,PROD173,95,45.46
SOITEM04399,SO01466,PROD270,29,155.77
SOITEM04400,SO01466,PROD479,25,710.31
SOITEM04401,SO01467,PROD166,146,590.1
SOITEM04402,SO01467,PROD187,31,1251.4
SOITEM04403,SO01467,PROD190,144,1394.38
SOITEM04404,SO01468,PROD205,12,383.51
SOITEM04405,SO01469,PROD338,52,679.07
SOITEM04406,SO01469,PROD409,31,578.39
SOITEM04407,SO01470,PROD276,74,254.24
SOITEM04408,SO01470,PROD407,59,1046.72
SOITEM04409,SO01471,PROD218,64,1120.53
SOITEM04410,SO01471,PROD500,131,790.4
SOITEM04411,SO01471,PROD126,140,374.01
SOITEM04412,SO01471,PROD369,40,751.92
SOITEM04413,SO01471,PROD312,67,448.06
SOITEM04414,SO01472,PROD309,132,656.43
SOITEM04415,SO01473,PROD296,6,1262.57
SOITEM04416,SO01473,PROD051,33,643.38
SOITEM04417,SO01473,PROD416,115,1288.06
SOITEM04418,SO01473,PROD197,89,1098.89
SOITEM04419,SO01473,PROD102,28,1028.11
SOITEM04420,SO01474,PROD423,52,1272.27
SOITEM04421,SO01474,PROD247,31,1575.9
SOITEM04422,SO01475,PROD017,58,704.27
SOITEM04423,SO01475,PROD011,89,1380.35
SOITEM04424,SO01475,PROD314,135,1602.76
SOITEM04425,SO01476,PROD461,18,210.86
SOITEM04426,SO01476,PROD096,94,1145.68
SOITEM04427,SO01476,PROD006,88,1039.67
SOITEM04428,SO01477,PROD454,32,72.36
SOITEM04429,SO01478,PROD007,88,139.72
SOITEM04430,SO01478,PROD465,52,945.03
SOITEM04431,SO01478,PROD030,72,144.7
SOITEM04432,SO01478,PROD335,41,545.76
SOITEM04433,SO01479,PROD136,56,486.56
SOITEM04434,SO01479,PROD451,55,1215.34
SOITEM04435,SO01480,PROD331,26,825.64
SOITEM04436,SO01480,PROD401,49,127.69
SOITEM04437,SO01481,PROD170,56,1202.0
SOITEM04438,SO01481,PROD264,68,576.49
SOITEM04439,SO01482,PROD038,130,1340.93
SOITEM04440,SO01482,PROD123,113,471.66
SOITEM04441,SO01482,PROD070,8,401.23
SOITEM04442,SO01482,PROD072,70,1040.98
SOITEM04443,SO01483,PROD135,132,939.41
SOITEM04444,SO01483,PROD153,63,1158.97
SOITEM04445,SO01484,PROD062,12,364.93
SOITEM04446,SO01484,PROD430,118,1060.12
SOITEM04447,SO01485,PROD414,147,1110.59
SOITEM04448,SO01486,PROD271,83,854.18
SOITEM04449,SO01487,PROD327,53,117.75
SOITEM04450,SO01488,PROD153,61,1158.97
SOITEM04451,SO01489,PROD038,16,1340.93
SOITEM04452,SO01489,PROD260,55,685.07
SOITEM04453,SO01489,PROD390,55,979.43
SOITEM04454,SO01489,PROD486,107,81.21
SOITEM04455,SO01490,PROD247,11,1575.9
SOITEM04456,SO01490,PROD362,112,1010.26
SOITEM04457,SO01490,PROD168,10,852.73
SOITEM04458,SO01491,PROD476,33,1357.77
SOITEM04459,SO01491,PROD192,106,1361.16
SOITEM04460,SO01491,PROD050,65,1340.67
SOITEM04461,SO01491,PROD460,127,139.11
SOITEM04462,SO01491,PROD483,147,672.5
SOITEM04463,SO01491,PROD403,78,964.43
SOITEM04464,SO01492,PROD489,110,924.46
SOITEM04465,SO01492,PROD121,48,953.07
SOITEM04466,SO01493,PROD126,37,374.01
SOITEM04467,SO01493,PROD137,115,1053.76
SOITEM04468,SO01493,PROD340,5,1164.05
SOITEM04469,SO01494,PROD474,38,828.38
SOITEM04470,SO01494,PROD066,120,147.63
SOITEM04471,SO01494,PROD206,39,1118.26
SOITEM04472,SO01494,PROD456,137,653.87
SOITEM04473,SO01495,PROD155,130,194.11
SOITEM04474,SO01495,PROD382,89,439.42
SOITEM04475,SO01495,PROD008,25,1090.21
SOITEM04476,SO01495,PROD009,22,446.24
SOITEM04477,SO01495,PROD301,5,258.38
SOITEM04478,SO01495,PROD367,52,698.04
SOITEM04479,SO01496,PROD295,110,226.63
SOITEM04480,SO01496,PROD399,95,194.51
SOITEM04481,SO01497,PROD471,95,434.22
SOITEM04482,SO01497,PROD184,139,43.16
SOITEM04483,SO01497,PROD324,28,366.94
SOITEM04484,SO01497,PROD195,118,740.95
SOITEM04485,SO01497,PROD141,21,1138.72
SOITEM04486,SO01497,PROD460,58,139.11
SOITEM04487,SO01497,PROD380,14,886.05
SOITEM04488,SO01498,PROD402,49,456.95
SOITEM04489,SO01498,PROD288,47,1233.87
SOITEM04490,SO01498,PROD150,32,1019.28
SOITEM04491,SO01498,PROD153,59,1158.97
SOITEM04492,SO01499,PROD066,63,147.63
SOITEM04493,SO01499,PROD048,14,100.51
SOITEM04494,SO01499,PROD395,20,314.97
SOITEM04495,SO01499,PROD125,17,791.95
SOITEM04496,SO01500,PROD170,5,1202.0
SOITEM04497,SO01500,PROD193,53,424.1
SOITEM04498,SO01501,PROD350,133,605.73
SOITEM04499,SO01501,PROD001,130,1065.76
SOITEM04500,SO01501,PROD298,51,301.61
SOITEM04501,SO01501,PROD174,11,60.34
SOITEM04502,SO01502,PROD079,10,1070.31
SOITEM04503,SO01502,PROD026,49,693.39
SOITEM04504,SO01503,PROD043,6,627.93
SOITEM04505,SO01503,PROD262,116,87.94
SOITEM04506,SO01503,PROD222,46,444.32
SOITEM04507,SO01504,PROD124,127,658.32
SOITEM04508,SO01504,PROD270,77,155.77
SOITEM04509,SO01505,PROD180,63,941.04
SOITEM04510,SO01506,PROD484,110,1421.85
SOITEM04511,SO01506,PROD250,65,976.03
SOITEM04512,SO01507,PROD196,63,967.84
SOITEM04513,SO01507,PROD392,52,1608.86
SOITEM04514,SO01508,PROD226,103,551.23
SOITEM04515,SO01508,PROD463,129,606.23
SOITEM04516,SO01509,PROD046,29,646.5
SOITEM04517,SO01509,PROD119,75,106.06
SOITEM04518,SO01510,PROD186,105,360.48
SOITEM04519,SO01510,PROD398,84,1174.48
SOITEM04520,SO01511,PROD429,12,101.2
SOITEM04521,SO01511,PROD153,31,1158.97
SOITEM04522,SO01512,PROD358,84,769.81
SOITEM04523,SO01512,PROD288,46,1233.87
SOITEM04524,SO01513,PROD400,31,733.96
SOITEM04525,SO01513,PROD104,136,517.35
SOITEM04526,SO01513,PROD369,70,751.92
SOITEM04527,SO01513,PROD472,52,887.42
SOITEM04528,SO01513,PROD237,142,1026.87
SOITEM04529,SO01514,PROD322,134,975.89
SOITEM04530,SO01514,PROD273,98,145.43
SOITEM04531,SO01515,PROD094,144,248.06
SOITEM04532,SO01515,PROD338,90,679.07
SOITEM04533,SO01516,PROD423,28,1272.27
SOITEM04534,SO01516,PROD147,108,623.69
SOITEM04535,SO01516,PROD329,73,344.07
SOITEM04536,SO01517,PROD048,99,100.51
SOITEM04537,SO01518,PROD277,127,1103.6
SOITEM04538,SO01518,PROD471,13,434.22
SOITEM04539,SO01519,PROD266,8,1288.39
SOITEM04540,SO01519,PROD238,66,88.48
SOITEM04541,SO01520,PROD342,145,753.8
SOITEM04542,SO01520,PROD281,145,882.78
SOITEM04543,SO01521,PROD437,7,1348.75
SOITEM04544,SO01521,PROD186,39,360.48
SOITEM04545,SO01521,PROD317,22,1115.3
SOITEM04546,SO01521,PROD136,110,486.56
SOITEM04547,SO01522,PROD283,63,922.05
SOITEM04548,SO01522,PROD036,92,685.85
SOITEM04549,SO01523,PROD074,78,1276.05
SOITEM04550,SO01523,PROD139,115,241.64
SOITEM04551,SO01524,PROD187,98,1251.4
SOITEM04552,SO01524,PROD211,130,1148.88
SOITEM04553,SO01524,PROD063,120,1079.94
SOITEM04554,SO01525,PROD338,26,679.07
SOITEM04555,SO01525,PROD177,127,297.71
SOITEM04556,SO01525,PROD436,38,618.73
SOITEM04557,SO01526,PROD234,52,929.92
SOITEM04558,SO01526,PROD476,124,1357.77
SOITEM04559,SO01527,PROD136,76,486.56
SOITEM04560,SO01528,PROD116,133,1088.55
SOITEM04561,SO01528,PROD206,78,1118.26
SOITEM04562,SO01528,PROD029,79,419.03
SOITEM04563,SO01528,PROD215,132,846.19
SOITEM04564,SO01529,PROD357,21,1000.2
SOITEM04565,SO01529,PROD251,45,1241.42
SOITEM04566,SO01529,PROD158,103,1327.01
SOITEM04567,SO01529,PROD003,12,470.16
SOITEM04568,SO01530,PROD028,119,1322.93
SOITEM04569,SO01530,PROD012,21,1613.13
SOITEM04570,SO01530,PROD372,32,630.0
SOITEM04571,SO01530,PROD500,11,790.4
SOITEM04572,SO01531,PROD457,135,1199.55
SOITEM04573,SO01531,PROD392,106,1608.86
SOITEM04574,SO01531,PROD075,149,908.01
SOITEM04575,SO01531,PROD398,135,1174.48
SOITEM04576,SO01531,PROD100,9,653.66
SOITEM04577,SO01531,PROD485,20,1226.75
SOITEM04578,SO01531,PROD183,143,1162.93
SOITEM04579,SO01532,PROD269,143,952.08
SOITEM04580,SO01532,PROD154,84,1628.8
SOITEM04581,SO01533,PROD038,75,1340.93
SOITEM04582,SO01533,PROD359,49,948.38
SOITEM04583,SO01533,PROD035,41,985.83
SOITEM04584,SO01533,PROD093,110,787.77
SOITEM04585,SO01534,PROD128,51,405.49
SOITEM04586,SO01534,PROD403,35,964.43
SOITEM04587,SO01534,PROD285,126,653.85
SOITEM04588,SO01535,PROD422,24,1631.47
SOITEM04589,SO01535,PROD074,147,1276.05
SOITEM04590,SO01535,PROD353,110,506.01
SOITEM04591,SO01536,PROD409,109,578.39
SOITEM04592,SO01537,PROD363,147,790.74
SOITEM04593,SO01537,PROD190,106,1394.38
SOITEM04594,SO01537,PROD300,62,731.42
SOITEM04595,SO01537,PROD149,120,175.78
SOITEM04596,SO01537,PROD351,147,407.92
SOITEM04597,SO01537,PROD456,125,653.87
SOITEM04598,SO01538,PROD172,33,415.49
SOITEM04599,SO01538,PROD302,25,268.83
SOITEM04600,SO01538,PROD371,138,548.86
SOITEM04601,SO01538,PROD228,128,1114.81
SOITEM04602,SO01538,PROD474,38,828.38
SOITEM04603,SO01539,PROD375,9,1156.42
SOITEM04604,SO01539,PROD228,115,1114.81
SOITEM04605,SO01540,PROD134,110,332.59
SOITEM04606,SO01540,PROD487,118,541.19
SOITEM04607,SO01540,PROD228,59,1114.81
SOITEM04608,SO01540,PROD079,47,1070.31
SOITEM04609,SO01541,PROD120,21,158.19
SOITEM04610,SO01541,PROD214,91,759.99
SOITEM04611,SO01542,PROD205,17,383.51
SOITEM04612,SO01542,PROD158,128,1327.01
SOITEM04613,SO01543,PROD500,50,790.4
SOITEM04614,SO01543,PROD323,142,536.07
SOITEM04615,SO01543,PROD423,44,1272.27
SOITEM04616,SO01544,PROD158,87,1327.01
SOITEM04617,SO01545,PROD433,76,938.56
SOITEM04618,SO01546,PROD176,32,66.66
SOITEM04619,SO01546,PROD308,38,698.97
SOITEM04620,SO01547,PROD339,74,804.84
SOITEM04621,SO01547,PROD350,48,605.73
SOITEM04622,SO01547,PROD043,25,627.93
SOITEM04623,SO01548,PROD436,92,618.73
SOITEM04624,SO01548,PROD438,35,981.89
SOITEM04625,SO01548,PROD131,69,582.87
SOITEM04626,SO01549,PROD177,19,297.71
SOITEM04627,SO01549,PROD032,139,445.25
SOITEM04628,SO01550,PROD302,37,268.83
SOITEM04629,SO01551,PROD129,82,726.96
SOITEM04630,SO01551,PROD355,40,437.91
SOITEM04631,SO01551,PROD398,144,1174.48
SOITEM04632,SO01551,PROD039,53,455.23
SOITEM04633,SO01551,PROD185,77,78.88
SOITEM04634,SO01552,PROD181,39,994.75
SOITEM04635,SO01552,PROD426,118,546.15
SOITEM04636,SO01553,PROD332,24,138.49
SOITEM04637,SO01553,PROD373,75,1408.52
SOITEM04638,SO01554,PROD074,106,1276.05
SOITEM04639,SO01554,PROD119,32,106.06
SOITEM04640,SO01555,PROD400,84,733.96
SOITEM04641,SO01555,PROD446,49,167.07
SOITEM04642,SO01555,PROD068,51,1350.64
SOITEM04643,SO01556,PROD235,25,1700.42
SOITEM04644,SO01556,PROD301,31,258.38
SOITEM04645,SO01556,PROD495,122,114.6
SOITEM04646,SO01556,PROD366,20,1065.87
SOITEM04647,SO01556,PROD395,14,314.97
SOITEM04648,SO01556,PROD078,98,1530.22
SOITEM04649,SO01557,PROD007,11,139.72
SOITEM04650,SO01557,PROD319,29,70.29
SOITEM04651,SO01558,PROD088,14,1348.83
SOITEM04652,SO01558,PROD431,149,448.84
SOITEM04653,SO01559,PROD228,74,1114.81
SOITEM04654,SO01559,PROD397,55,72.85
SOITEM04655,SO01559,PROD018,28,671.51
SOITEM04656,SO01560,PROD407,130,1046.72
SOITEM04657,SO01560,PROD312,36,448.06
SOITEM04658,SO01560,PROD418,125,651.35
SOITEM04659,SO01561,PROD458,28,671.32
SOITEM04660,SO01561,PROD335,99,545.76
SOITEM04661,SO01561,PROD498,109,1441.23
SOITEM04662,SO01561,PROD206,66,1118.26
SOITEM04663,SO01561,PROD356,113,85.93
SOITEM04664,SO01562,PROD343,91,580.3
SOITEM04665,SO01562,PROD198,9,220.57
SOITEM04666,SO01562,PROD326,77,68.46
SOITEM04667,SO01563,PROD003,111,470.16
SOITEM04668,SO01563,PROD393,45,663.76
SOITEM04669,SO01564,PROD324,129,366.94
SOITEM04670,SO01564,PROD338,84,679.07
SOITEM04671,SO01565,PROD491,24,136.1
SOITEM04672,SO01565,PROD494,23,806.62
SOITEM04673,SO01565,PROD241,56,876.44
SOITEM04674,SO01566,PROD395,78,314.97
SOITEM04675,SO01567,PROD487,41,541.19
SOITEM04676,SO01567,PROD061,130,862.09
SOITEM04677,SO01567,PROD048,18,100.51
SOITEM04678,SO01567,PROD356,116,85.93
SOITEM04679,SO01568,PROD246,140,1511.76
SOITEM04680,SO01568,PROD453,57,159.85
SOITEM04681,SO01568,PROD451,150,1215.34
SOITEM04682,SO01569,PROD311,15,776.52
SOITEM04683,SO01569,PROD366,58,1065.87
SOITEM04684,SO01569,PROD046,62,646.5
SOITEM04685,SO01569,PROD010,126,158.98
SOITEM04686,SO01569,PROD123,34,471.66
SOITEM04687,SO01570,PROD367,107,698.04
SOITEM04688,SO01570,PROD001,117,1065.76
SOITEM04689,SO01570,PROD083,18,874.47
SOITEM04690,SO01570,PROD316,114,756.92
SOITEM04691,SO01570,PROD237,70,1026.87
SOITEM04692,SO01571,PROD389,86,939.57
SOITEM04693,SO01571,PROD016,128,1166.68
SOITEM04694,SO01571,PROD360,117,17.56
SOITEM04695,SO01572,PROD493,44,314.62
SOITEM04696,SO01572,PROD007,105,139.72
SOITEM04697,SO01572,PROD197,10,1098.89
SOITEM04698,SO01572,PROD300,16,731.42
SOITEM04699,SO01572,PROD380,93,886.05
SOITEM04700,SO01573,PROD178,14,251.85
SOITEM04701,SO01573,PROD251,147,1241.42
SOITEM04702,SO01573,PROD144,133,1097.61
SOITEM04703,SO01574,PROD158,81,1327.01
SOITEM04704,SO01574,PROD136,79,486.56
SOITEM04705,SO01575,PROD430,143,1060.12
SOITEM04706,SO01575,PROD067,51,1491.41
SOITEM04707,SO01575,PROD162,67,28.52
SOITEM04708,SO01576,PROD201,57,258.6
SOITEM04709,SO01576,PROD117,67,276.44
SOITEM04710,SO01576,PROD236,142,801.25
SOITEM04711,SO01577,PROD052,136,594.73
SOITEM04712,SO01577,PROD254,149,775.1
SOITEM04713,SO01577,PROD246,16,1511.76
SOITEM04714,SO01577,PROD317,77,1115.3
SOITEM04715,SO01578,PROD045,18,157.89
SOITEM04716,SO01579,PROD162,95,28.52
SOITEM04717,SO01579,PROD483,12,672.5
SOITEM04718,SO01579,PROD306,123,456.87
SOITEM04719,SO01580,PROD344,114,1487.38
SOITEM04720,SO01580,PROD135,134,939.41
SOITEM04721,SO01580,PROD264,124,576.49
SOITEM04722,SO01581,PROD031,128,1253.99
SOITEM04723,SO01582,PROD075,32,908.01
SOITEM04724,SO01582,PROD410,19,97.05
SOITEM04725,SO01583,PROD056,139,904.05
SOITEM04726,SO01583,PROD060,40,670.1
SOITEM04727,SO01583,PROD143,34,280.77
SOITEM04728,SO01584,PROD294,135,442.63
SOITEM04729,SO01584,PROD496,76,782.95
SOITEM04730,SO01584,PROD463,123,606.23
SOITEM04731,SO01584,PROD493,54,314.62
SOITEM04732,SO01585,PROD198,70,220.57
SOITEM04733,SO01585,PROD470,105,973.75
SOITEM04734,SO01585,PROD498,7,1441.23
SOITEM04735,SO01586,PROD314,64,1602.76
SOITEM04736,SO01586,PROD219,138,610.84
SOITEM04737,SO01586,PROD019,44,158.03
SOITEM04738,SO01586,PROD114,42,272.02
SOITEM04739,SO01586,PROD459,58,671.8
SOITEM04740,SO01587,PROD123,88,471.66
SOITEM04741,SO01587,PROD192,132,1361.16
SOITEM04742,SO01587,PROD109,39,294.07
SOITEM04743,SO01587,PROD235,124,1700.42
SOITEM04744,SO01587,PROD163,14,1343.1
SOITEM04745,SO01588,PROD334,142,920.42
SOITEM04746,SO01588,PROD034,118,710.46
SOITEM04747,SO01588,PROD487,43,541.19
SOITEM04748,SO01588,PROD279,16,328.09
SOITEM04749,SO01588,PROD437,109,1348.75
SOITEM04750,SO01589,PROD208,124,1030.06
SOITEM04751,SO01589,PROD250,144,976.03
SOITEM04752,SO01589,PROD483,134,672.5
SOITEM04753,SO01590,PROD321,133,1229.41
SOITEM04754,SO01590,PROD131,58,582.87
SOITEM04755,SO01590,PROD419,132,462.74
SOITEM04756,SO01590,PROD488,38,817.03
SOITEM04757,SO01591,PROD218,90,1120.53
SOITEM04758,SO01591,PROD109,114,294.07
SOITEM04759,SO01591,PROD067,135,1491.41
SOITEM04760,SO01592,PROD225,133,1254.65
SOITEM04761,SO01592,PROD159,67,1098.12
SOITEM04762,SO01593,PROD384,131,1361.99
SOITEM04763,SO01593,PROD034,96,710.46
SOITEM04764,SO01593,PROD291,7,348.49
SOITEM04765,SO01594,PROD369,81,751.92
SOITEM04766,SO01594,PROD452,19,614.75
SOITEM04767,SO01595,PROD002,95,1680.23
SOITEM04768,SO01595,PROD046,57,646.5
SOITEM04769,SO01596,PROD386,53,559.89
SOITEM04770,SO01596,PROD185,82,78.88
SOITEM04771,SO01596,PROD356,143,85.93
SOITEM04772,SO01596,PROD273,87,145.43
SOITEM04773,SO01596,PROD108,147,38.13
SOITEM04774,SO01596,PROD190,80,1394.38
SOITEM04775,SO01597,PROD036,21,685.85
SOITEM04776,SO01597,PROD142,118,1235.3
SOITEM04777,SO01597,PROD469,138,1205.87
SOITEM04778,SO01597,PROD470,82,973.75
SOITEM04779,SO01598,PROD015,138,351.11
SOITEM04780,SO01598,PROD051,55,643.38
SOITEM04781,SO01598,PROD397,52,72.85
SOITEM04782,SO01599,PROD497,103,982.67
SOITEM04783,SO01599,PROD061,95,862.09
SOITEM04784,SO01599,PROD495,64,114.6
SOITEM04785,SO01599,PROD359,98,948.38
SOITEM04786,SO01600,PROD424,114,446.5
SOITEM04787,SO01600,PROD304,18,340.83
SOITEM04788,SO01600,PROD098,71,839.21
SOITEM04789,SO01601,PROD478,6,852.64
SOITEM04790,SO01601,PROD298,22,301.61
SOITEM04791,SO01601,PROD011,66,1380.35
SOITEM04792,SO01601,PROD133,85,593.57
SOITEM04793,SO01601,PROD380,148,886.05
SOITEM04794,SO01601,PROD411,135,1278.66
SOITEM04795,SO01601,PROD349,25,1436.79
SOITEM04796,SO01602,PROD367,76,698.04
SOITEM04797,SO01602,PROD096,83,1145.68
SOITEM04798,SO01603,PROD160,84,746.32
SOITEM04799,SO01603,PROD424,51,446.5
SOITEM04800,SO01603,PROD120,85,158.19
SOITEM04801,SO01604,PROD482,90,261.56
SOITEM04802,SO01604,PROD080,41,923.6
SOITEM04803,SO01604,PROD286,61,1182.9
SOITEM04804,SO01604,PROD207,133,764.66
SOITEM04805,SO01605,PROD079,93,1070.31
SOITEM04806,SO01605,PROD276,39,254.24
SOITEM04807,SO01605,PROD196,30,967.84
SOITEM04808,SO01605,PROD283,15,922.05
SOITEM04809,SO01606,PROD306,95,456.87
SOITEM04810,SO01606,PROD017,123,704.27
SOITEM04811,SO01606,PROD040,10,695.59
SOITEM04812,SO01606,PROD104,82,517.35
SOITEM04813,SO01606,PROD094,78,248.06
SOITEM04814,SO01606,PROD376,26,736.67
SOITEM04815,SO01606,PROD419,71,462.74
SOITEM04816,SO01607,PROD108,9,38.13
SOITEM04817,SO01607,PROD408,51,1109.12
SOITEM04818,SO01608,PROD268,98,1114.89
SOITEM04819,SO01608,PROD286,88,1182.9
SOITEM04820,SO01609,PROD311,73,776.52
SOITEM04821,SO01609,PROD251,48,1241.42
SOITEM04822,SO01610,PROD184,39,43.16
SOITEM04823,SO01610,PROD182,105,345.97
SOITEM04824,SO01610,PROD023,45,218.64
SOITEM04825,SO01611,PROD057,65,1187.66
SOITEM04826,SO01611,PROD137,86,1053.76
SOITEM04827,SO01611,PROD389,60,939.57
SOITEM04828,SO01611,PROD347,97,89.12
SOITEM04829,SO01612,PROD309,8,656.43
SOITEM04830,SO01612,PROD431,125,448.84
SOITEM04831,SO01612,PROD063,20,1079.94
SOITEM04832,SO01612,PROD239,68,694.49
SOITEM04833,SO01612,PROD083,116,874.47
SOITEM04834,SO01613,PROD258,126,461.24
SOITEM04835,SO01613,PROD308,54,698.97
SOITEM04836,SO01613,PROD401,104,127.69
SOITEM04837,SO01613,PROD105,61,454.18
SOITEM04838,SO01614,PROD458,128,671.32
SOITEM04839,SO01614,PROD334,56,920.42
SOITEM04840,SO01614,PROD094,124,248.06
SOITEM04841,SO01614,PROD242,77,651.23
SOITEM04842,SO01614,PROD470,143,973.75
SOITEM04843,SO01615,PROD155,141,194.11
SOITEM04844,SO01615,PROD141,9,1138.72
SOITEM04845,SO01615,PROD280,96,1166.65
SOITEM04846,SO01615,PROD254,43,775.1
SOITEM04847,SO01616,PROD026,20,693.39
SOITEM04848,SO01616,PROD292,47,346.04
SOITEM04849,SO01616,PROD012,92,1613.13
SOITEM04850,SO01617,PROD262,123,87.94
SOITEM04851,SO01617,PROD079,55,1070.31
SOITEM04852,SO01617,PROD166,33,590.1
SOITEM04853,SO01618,PROD016,64,1166.68
SOITEM04854,SO01619,PROD178,98,251.85
SOITEM04855,SO01619,PROD155,64,194.11
SOITEM04856,SO01619,PROD022,56,225.56
SOITEM04857,SO01619,PROD439,69,685.44
SOITEM04858,SO01619,PROD401,5,127.69
SOITEM04859,SO01620,PROD498,122,1441.23
SOITEM04860,SO01620,PROD408,144,1109.12
SOITEM04861,SO01620,PROD429,97,101.2
SOITEM04862,SO01621,PROD320,55,1145.37
SOITEM04863,SO01621,PROD458,132,671.32
SOITEM04864,SO01621,PROD369,22,751.92
SOITEM04865,SO01621,PROD118,142,405.84
SOITEM04866,SO01622,PROD011,22,1380.35
SOITEM04867,SO01622,PROD067,78,1491.41
SOITEM04868,SO01622,PROD364,107,49.06
SOITEM04869,SO01623,PROD414,49,1110.59
SOITEM04870,SO01623,PROD393,47,663.76
SOITEM04871,SO01623,PROD342,10,753.8
SOITEM04872,SO01623,PROD106,105,222.41
SOITEM04873,SO01624,PROD351,12,407.92
SOITEM04874,SO01624,PROD163,25,1343.1
SOITEM04875,SO01625,PROD309,135,656.43
SOITEM04876,SO01625,PROD474,118,828.38
SOITEM04877,SO01626,PROD328,107,1354.07
SOITEM04878,SO01626,PROD359,51,948.38
SOITEM04879,SO01626,PROD017,40,704.27
SOITEM04880,SO01626,PROD006,87,1039.67
SOITEM04881,SO01627,PROD480,90,967.75
SOITEM04882,SO01627,PROD232,24,224.33
SOITEM04883,SO01627,PROD417,124,1285.07
SOITEM04884,SO01627,PROD253,77,874.11
SOITEM04885,SO01628,PROD308,55,698.97
SOITEM04886,SO01628,PROD476,149,1357.77
SOITEM04887,SO01628,PROD092,61,392.62
SOITEM04888,SO01629,PROD144,9,1097.61
SOITEM04889,SO01629,PROD249,123,713.13
SOITEM04890,SO01630,PROD222,96,444.32
SOITEM04891,SO01630,PROD027,131,523.24
SOITEM04892,SO01631,PROD242,147,651.23
SOITEM04893,SO01631,PROD106,68,222.41
SOITEM04894,SO01631,PROD296,23,1262.57
SOITEM04895,SO01631,PROD434,29,1571.95
SOITEM04896,SO01632,PROD258,40,461.24
SOITEM04897,SO01632,PROD442,26,1012.49
SOITEM04898,SO01632,PROD082,136,1118.92
SOITEM04899,SO01633,PROD005,44,932.3
SOITEM04900,SO01633,PROD057,79,1187.66
SOITEM04901,SO01633,PROD222,70,444.32
SOITEM04902,SO01633,PROD488,73,817.03
SOITEM04903,SO01634,PROD043,8,627.93
SOITEM04904,SO01634,PROD111,67,1295.51
SOITEM04905,SO01634,PROD251,71,1241.42
SOITEM04906,SO01635,PROD244,62,128.7
SOITEM04907,SO01635,PROD267,36,693.98
SOITEM04908,SO01635,PROD166,86,590.1
SOITEM04909,SO01636,PROD234,66,929.92
SOITEM04910,SO01636,PROD326,149,68.46
SOITEM04911,SO01636,PROD150,67,1019.28
SOITEM04912,SO01637,PROD052,102,594.73
SOITEM04913,SO01638,PROD470,11,973.75
SOITEM04914,SO01638,PROD277,110,1103.6
SOITEM04915,SO01639,PROD068,106,1350.64
SOITEM04916,SO01639,PROD378,20,153.55
SOITEM04917,SO01639,PROD386,119,559.89
SOITEM04918,SO01639,PROD254,45,775.1
SOITEM04919,SO01639,PROD315,95,477.79
SOITEM04920,SO01639,PROD172,20,415.49
SOITEM04921,SO01639,PROD257,53,314.51
SOITEM04922,SO01639,PROD481,53,822.01
SOITEM04923,SO01639,PROD325,61,1272.26
SOITEM04924,SO01640,PROD416,52,1288.06
SOITEM04925,SO01640,PROD214,41,759.99
SOITEM04926,SO01640,PROD395,8,314.97
SOITEM04927,SO01640,PROD281,87,882.78
SOITEM04928,SO01641,PROD173,46,45.46
SOITEM04929,SO01641,PROD405,147,53.91
SOITEM04930,SO01642,PROD264,119,576.49
SOITEM04931,SO01642,PROD163,86,1343.1
SOITEM04932,SO01642,PROD422,43,1631.47
SOITEM04933,SO01642,PROD420,62,932.93
SOITEM04934,SO01643,PROD108,35,38.13
SOITEM04935,SO01643,PROD282,139,267.32
SOITEM04936,SO01643,PROD080,110,923.6
SOITEM04937,SO01643,PROD058,49,1345.87
SOITEM04938,SO01644,PROD066,100,147.63
SOITEM04939,SO01645,PROD025,105,389.26
SOITEM04940,SO01645,PROD451,49,1215.34
SOITEM04941,SO01645,PROD289,81,686.66
SOITEM04942,SO01645,PROD387,51,980.89
SOITEM04943,SO01646,PROD330,130,717.97
SOITEM04944,SO01646,PROD314,9,1602.76
SOITEM04945,SO01646,PROD256,126,641.32
SOITEM04946,SO01646,PROD391,10,1014.36
SOITEM04947,SO01647,PROD037,89,1311.32
SOITEM04948,SO01647,PROD183,39,1162.93
SOITEM04949,SO01647,PROD184,129,43.16
SOITEM04950,SO01648,PROD292,31,346.04
SOITEM04951,SO01649,PROD419,82,462.74
SOITEM04952,SO01649,PROD291,34,348.49
SOITEM04953,SO01650,PROD166,17,590.1
SOITEM04954,SO01650,PROD136,116,486.56
SOITEM04955,SO01650,PROD433,87,938.56
SOITEM04956,SO01651,PROD381,19,179.0
SOITEM04957,SO01651,PROD426,133,546.15
SOITEM04958,SO01651,PROD076,138,182.76
SOITEM04959,SO01651,PROD312,104,448.06
SOITEM04960,SO01651,PROD154,114,1628.8
SOITEM04961,SO01652,PROD445,19,910.8
SOITEM04962,SO01652,PROD437,8,1348.75
SOITEM04963,SO01652,PROD228,117,1114.81
SOITEM04964,SO01653,PROD415,8,291.45
SOITEM04965,SO01653,PROD007,111,139.72
SOITEM04966,SO01654,PROD468,100,568.43
SOITEM04967,SO01654,PROD098,99,839.21
SOITEM04968,SO01654,PROD059,115,745.03
SOITEM04969,SO01655,PROD059,55,745.03
SOITEM04970,SO01655,PROD451,99,1215.34
SOITEM04971,SO01655,PROD211,45,1148.88
SOITEM04972,SO01656,PROD497,12,982.67
SOITEM04973,SO01656,PROD400,120,733.96
SOITEM04974,SO01656,PROD182,116,345.97
SOITEM04975,SO01657,PROD296,86,1262.57
SOITEM04976,SO01657,PROD050,100,1340.67
SOITEM04977,SO01658,PROD239,97,694.49
SOITEM04978,SO01658,PROD252,35,1563.98
SOITEM04979,SO01658,PROD484,83,1421.85
SOITEM04980,SO01659,PROD255,80,91.9
SOITEM04981,SO01659,PROD381,42,179.0
SOITEM04982,SO01660,PROD099,125,370.78
SOITEM04983,SO01660,PROD400,59,733.96
SOITEM04984,SO01661,PROD155,66,194.11
SOITEM04985,SO01661,PROD165,50,668.55
SOITEM04986,SO01661,PROD096,67,1145.68
SOITEM04987,SO01662,PROD148,13,35.33
SOITEM04988,SO01662,PROD069,72,1166.98
SOITEM04989,SO01663,PROD368,61,1015.99
SOITEM04990,SO01663,PROD294,135,442.63
SOITEM04991,SO01663,PROD168,79,852.73
SOITEM04992,SO01664,PROD354,110,1247.88
SOITEM04993,SO01664,PROD262,115,87.94
SOITEM04994,SO01664,PROD156,7,862.99
SOITEM04995,SO01665,PROD333,58,559.55
SOITEM04996,SO01665,PROD138,60,995.03
SOITEM04997,SO01665,PROD306,64,456.87
SOITEM04998,SO01665,PROD027,29,523.24
SOITEM04999,SO01666,PROD019,96,158.03
SOITEM05000,SO01666,PROD465,126,945.03
SOITEM05001,SO01667,PROD231,27,1048.32
SOITEM05002,SO01667,PROD104,23,517.35
SOITEM05003,SO01668,PROD442,49,1012.49
SOITEM05004,SO01668,PROD496,65,782.95
SOITEM05005,SO01668,PROD212,133,427.61
SOITEM05006,SO01668,PROD351,114,407.92
SOITEM05007,SO01669,PROD485,101,1226.75
SOITEM05008,SO01669,PROD014,24,318.73
SOITEM05009,SO01669,PROD404,133,314.33
SOITEM05010,SO01669,PROD050,19,1340.67
SOITEM05011,SO01670,PROD225,75,1254.65
SOITEM05012,SO01670,PROD416,45,1288.06
SOITEM05013,SO01670,PROD298,106,301.61
SOITEM05014,SO01670,PROD390,59,979.43
SOITEM05015,SO01671,PROD182,131,345.97
SOITEM05016,SO01671,PROD151,96,179.05
SOITEM05017,SO01672,PROD267,45,693.98
SOITEM05018,SO01672,PROD116,52,1088.55
SOITEM05019,SO01673,PROD415,134,291.45
SOITEM05020,SO01673,PROD281,6,882.78
SOITEM05021,SO01673,PROD458,22,671.32
SOITEM05022,SO01673,PROD035,149,985.83
SOITEM05023,SO01673,PROD084,26,1195.1
SOITEM05024,SO01674,PROD295,139,226.63
SOITEM05025,SO01674,PROD432,52,690.84
SOITEM05026,SO01674,PROD353,129,506.01
SOITEM05027,SO01675,PROD303,108,845.11
SOITEM05028,SO01675,PROD173,132,45.46
SOITEM05029,SO01676,PROD419,25,462.74
SOITEM05030,SO01676,PROD204,120,134.39
SOITEM05031,SO01676,PROD224,130,67.1
SOITEM05032,SO01676,PROD063,77,1079.94
SOITEM05033,SO01676,PROD080,71,923.6
SOITEM05034,SO01677,PROD231,128,1048.32
SOITEM05035,SO01677,PROD147,90,623.69
SOITEM05036,SO01677,PROD110,140,930.88
SOITEM05037,SO01677,PROD486,52,81.21
SOITEM05038,SO01678,PROD075,34,908.01
SOITEM05039,SO01678,PROD474,134,828.38
SOITEM05040,SO01678,PROD276,8,254.24
SOITEM05041,SO01679,PROD352,74,1269.95
SOITEM05042,SO01679,PROD188,75,575.31
SOITEM05043,SO01679,PROD181,86,994.75
SOITEM05044,SO01679,PROD258,119,461.24
SOITEM05045,SO01680,PROD135,13,939.41
SOITEM05046,SO01681,PROD476,55,1357.77
SOITEM05047,SO01681,PROD293,32,921.24
SOITEM05048,SO01681,PROD043,15,627.93
SOITEM05049,SO01682,PROD256,84,641.32
SOITEM05050,SO01683,PROD222,87,444.32
SOITEM05051,SO01683,PROD129,76,726.96
SOITEM05052,SO01684,PROD029,50,419.03
SOITEM05053,SO01684,PROD122,113,1102.95
SOITEM05054,SO01684,PROD271,86,854.18
SOITEM05055,SO01685,PROD231,38,1048.32
SOITEM05056,SO01685,PROD095,108,200.83
SOITEM05057,SO01686,PROD463,94,606.23
SOITEM05058,SO01686,PROD336,36,1309.51
SOITEM05059,SO01686,PROD491,22,136.1
SOITEM05060,SO01686,PROD477,60,1211.96
SOITEM05061,SO01686,PROD018,26,671.51
SOITEM05062,SO01687,PROD226,30,551.23
SOITEM05063,SO01687,PROD369,94,751.92
SOITEM05064,SO01687,PROD487,146,541.19
SOITEM05065,SO01687,PROD222,70,444.32
SOITEM05066,SO01688,PROD466,143,1181.87
SOITEM05067,SO01688,PROD478,126,852.64
SOITEM05068,SO01689,PROD123,148,471.66
SOITEM05069,SO01689,PROD062,89,364.93
SOITEM05070,SO01690,PROD388,128,793.41
SOITEM05071,SO01690,PROD112,94,1586.71
SOITEM05072,SO01690,PROD088,130,1348.83
SOITEM05073,SO01691,PROD227,35,977.2
SOITEM05074,SO01692,PROD138,99,995.03
SOITEM05075,SO01692,PROD424,83,446.5
SOITEM05076,SO01692,PROD274,63,356.83
SOITEM05077,SO01693,PROD137,32,1053.76
SOITEM05078,SO01693,PROD267,148,693.98
SOITEM05079,SO01693,PROD433,123,938.56
SOITEM05080,SO01693,PROD490,53,1641.02
SOITEM05081,SO01694,PROD161,127,27.23
SOITEM05082,SO01694,PROD070,115,401.23
SOITEM05083,SO01695,PROD336,145,1309.51
SOITEM05084,SO01695,PROD442,86,1012.49
SOITEM05085,SO01695,PROD385,36,462.64
SOITEM05086,SO01695,PROD200,44,569.37
SOITEM05087,SO01696,PROD277,43,1103.6
SOITEM05088,SO01696,PROD417,120,1285.07
SOITEM05089,SO01696,PROD423,77,1272.27
SOITEM05090,SO01696,PROD205,46,383.51
SOITEM05091,SO01697,PROD318,40,738.15
SOITEM05092,SO01697,PROD436,136,618.73
SOITEM05093,SO01697,PROD062,25,364.93
SOITEM05094,SO01697,PROD201,32,258.6
SOITEM05095,SO01697,PROD063,32,1079.94
SOITEM05096,SO01697,PROD022,30,225.56
SOITEM05097,SO01698,PROD365,132,732.48
SOITEM05098,SO01698,PROD459,144,671.8
SOITEM05099,SO01699,PROD244,17,128.7
SOITEM05100,SO01699,PROD154,100,1628.8
SOITEM05101,SO01699,PROD262,39,87.94
SOITEM05102,SO01700,PROD002,16,1680.23
SOITEM05103,SO01700,PROD066,132,147.63
SOITEM05104,SO01701,PROD486,25,81.21
SOITEM05105,SO01701,PROD029,111,419.03
SOITEM05106,SO01702,PROD067,21,1491.41
SOITEM05107,SO01702,PROD297,18,213.96
SOITEM05108,SO01702,PROD162,120,28.52
SOITEM05109,SO01702,PROD264,127,576.49
SOITEM05110,SO01702,PROD484,33,1421.85
SOITEM05111,SO01703,PROD251,70,1241.42
SOITEM05112,SO01703,PROD445,21,910.8
SOITEM05113,SO01703,PROD383,108,541.16
SOITEM05114,SO01704,PROD137,145,1053.76
SOITEM05115,SO01704,PROD281,139,882.78
SOITEM05116,SO01704,PROD174,143,60.34
SOITEM05117,SO01705,PROD341,78,1669.85
SOITEM05118,SO01705,PROD070,92,401.23
SOITEM05119,SO01706,PROD260,79,685.07
SOITEM05120,SO01706,PROD262,95,87.94
SOITEM05121,SO01706,PROD207,61,764.66
SOITEM05122,SO01707,PROD055,111,615.27
SOITEM05123,SO01707,PROD089,89,708.42
SOITEM05124,SO01708,PROD486,118,81.21
SOITEM05125,SO01708,PROD494,65,806.62
SOITEM05126,SO01709,PROD162,74,28.52
SOITEM05127,SO01709,PROD430,28,1060.12
SOITEM05128,SO01710,PROD466,27,1181.87
SOITEM05129,SO01710,PROD094,25,248.06
SOITEM05130,SO01711,PROD284,137,1138.02
SOITEM05131,SO01711,PROD212,99,427.61
SOITEM05132,SO01712,PROD153,92,1158.97
SOITEM05133,SO01712,PROD167,111,1146.21
SOITEM05134,SO01712,PROD494,130,806.62
SOITEM05135,SO01712,PROD492,129,1562.48
SOITEM05136,SO01712,PROD270,21,155.77
SOITEM05137,SO01713,PROD429,146,101.2
SOITEM05138,SO01713,PROD384,51,1361.99
SOITEM05139,SO01714,PROD091,82,836.23
SOITEM05140,SO01715,PROD272,126,659.27
SOITEM05141,SO01715,PROD448,7,1205.41
SOITEM05142,SO01715,PROD267,9,693.98
SOITEM05143,SO01716,PROD108,50,38.13
SOITEM05144,SO01716,PROD202,88,976.76
SOITEM05145,SO01716,PROD094,141,248.06
SOITEM05146,SO01716,PROD244,108,128.7
SOITEM05147,SO01716,PROD472,35,887.42
SOITEM05148,SO01717,PROD132,145,1113.2
SOITEM05149,SO01717,PROD006,74,1039.67
SOITEM05150,SO01718,PROD133,84,593.57
SOITEM05151,SO01718,PROD080,124,923.6
SOITEM05152,SO01718,PROD212,34,427.61
SOITEM05153,SO01718,PROD059,48,745.03
SOITEM05154,SO01718,PROD178,22,251.85
SOITEM05155,SO01718,PROD324,101,366.94
SOITEM05156,SO01719,PROD323,66,536.07
SOITEM05157,SO01719,PROD099,52,370.78
SOITEM05158,SO01720,PROD444,62,692.28
SOITEM05159,SO01720,PROD331,116,825.64
SOITEM05160,SO01720,PROD347,146,89.12
SOITEM05161,SO01720,PROD314,93,1602.76
SOITEM05162,SO01721,PROD146,143,561.24
SOITEM05163,SO01722,PROD326,96,68.46
SOITEM05164,SO01722,PROD431,45,448.84
SOITEM05165,SO01723,PROD130,115,466.72
SOITEM05166,SO01723,PROD349,65,1436.79
SOITEM05167,SO01723,PROD192,147,1361.16
SOITEM05168,SO01724,PROD201,120,258.6
SOITEM05169,SO01724,PROD032,78,445.25
SOITEM05170,SO01725,PROD497,138,982.67
SOITEM05171,SO01725,PROD313,36,1083.11
SOITEM05172,SO01726,PROD100,114,653.66
SOITEM05173,SO01726,PROD406,18,455.97
SOITEM05174,SO01726,PROD312,84,448.06
SOITEM05175,SO01727,PROD004,79,1203.62
SOITEM05176,SO01728,PROD493,100,314.62
SOITEM05177,SO01728,PROD285,137,653.85
SOITEM05178,SO01728,PROD134,58,332.59
SOITEM05179,SO01728,PROD202,56,976.76
SOITEM05180,SO01729,PROD048,97,100.51
SOITEM05181,SO01729,PROD230,54,678.56
SOITEM05182,SO01729,PROD474,134,828.38
SOITEM05183,SO01729,PROD222,74,444.32
SOITEM05184,SO01729,PROD281,74,882.78
SOITEM05185,SO01729,PROD401,10,127.69
SOITEM05186,SO01729,PROD365,138,732.48
SOITEM05187,SO01730,PROD498,125,1441.23
SOITEM05188,SO01730,PROD076,120,182.76
SOITEM05189,SO01731,PROD255,23,91.9
SOITEM05190,SO01731,PROD500,81,790.4
SOITEM05191,SO01731,PROD235,5,1700.42
SOITEM05192,SO01731,PROD382,11,439.42
SOITEM05193,SO01731,PROD496,77,782.95
SOITEM05194,SO01732,PROD271,143,854.18
SOITEM05195,SO01732,PROD255,30,91.9
SOITEM05196,SO01733,PROD261,139,1709.04
SOITEM05197,SO01734,PROD139,98,241.64
SOITEM05198,SO01735,PROD461,13,210.86
SOITEM05199,SO01735,PROD085,28,816.42
SOITEM05200,SO01736,PROD087,88,382.43
SOITEM05201,SO01736,PROD397,69,72.85
SOITEM05202,SO01736,PROD352,148,1269.95
SOITEM05203,SO01737,PROD375,40,1156.42
SOITEM05204,SO01737,PROD483,33,672.5
SOITEM05205,SO01737,PROD469,98,1205.87
SOITEM05206,SO01737,PROD042,84,239.5
SOITEM05207,SO01738,PROD288,126,1233.87
SOITEM05208,SO01738,PROD055,150,615.27
SOITEM05209,SO01739,PROD216,16,202.05
SOITEM05210,SO01739,PROD465,30,945.03
SOITEM05211,SO01739,PROD304,124,340.83
SOITEM05212,SO01740,PROD330,89,717.97
SOITEM05213,SO01740,PROD027,63,523.24
SOITEM05214,SO01741,PROD064,65,1297.35
SOITEM05215,SO01741,PROD307,102,224.9
SOITEM05216,SO01741,PROD325,63,1272.26
SOITEM05217,SO01742,PROD413,109,887.22
SOITEM05218,SO01742,PROD404,91,314.33
SOITEM05219,SO01743,PROD462,60,334.33
SOITEM05220,SO01743,PROD463,109,606.23
SOITEM05221,SO01744,PROD366,19,1065.87
SOITEM05222,SO01744,PROD358,93,769.81
SOITEM05223,SO01745,PROD302,47,268.83
SOITEM05224,SO01745,PROD021,106,642.17
SOITEM05225,SO01745,PROD401,126,127.69
SOITEM05226,SO01746,PROD402,75,456.95
SOITEM05227,SO01746,PROD429,7,101.2
SOITEM05228,SO01747,PROD030,68,144.7
SOITEM05229,SO01747,PROD260,11,685.07
SOITEM05230,SO01748,PROD025,122,389.26
SOITEM05231,SO01748,PROD008,70,1090.21
SOITEM05232,SO01748,PROD381,20,179.0
SOITEM05233,SO01748,PROD250,125,976.03
SOITEM05234,SO01749,PROD389,71,939.57
SOITEM05235,SO01749,PROD196,43,967.84
SOITEM05236,SO01749,PROD139,85,241.64
SOITEM05237,SO01750,PROD127,141,160.45
SOITEM05238,SO01750,PROD130,133,466.72
SOITEM05239,SO01751,PROD280,6,1166.65
SOITEM05240,SO01751,PROD031,37,1253.99
SOITEM05241,SO01752,PROD217,97,487.55
SOITEM05242,SO01752,PROD141,56,1138.72
SOITEM05243,SO01752,PROD200,22,569.37
SOITEM05244,SO01753,PROD456,112,653.87
SOITEM05245,SO01753,PROD316,39,756.92
SOITEM05246,SO01753,PROD174,126,60.34
SOITEM05247,SO01753,PROD290,72,150.88
SOITEM05248,SO01754,PROD483,36,672.5
SOITEM05249,SO01755,PROD124,78,658.32
SOITEM05250,SO01756,PROD124,92,658.32
SOITEM05251,SO01756,PROD237,52,1026.87
SOITEM05252,SO01757,PROD192,63,1361.16
SOITEM05253,SO01757,PROD245,21,932.89
SOITEM05254,SO01757,PROD183,102,1162.93
SOITEM05255,SO01758,PROD135,64,939.41
SOITEM05256,SO01758,PROD195,65,740.95
SOITEM05257,SO01758,PROD283,37,922.05
SOITEM05258,SO01759,PROD492,76,1562.48
SOITEM05259,SO01759,PROD112,139,1586.71
SOITEM05260,SO01759,PROD319,31,70.29
SOITEM05261,SO01759,PROD257,35,314.51
SOITEM05262,SO01760,PROD061,128,862.09
SOITEM05263,SO01760,PROD090,83,604.66
SOITEM05264,SO01760,PROD410,137,97.05
SOITEM05265,SO01760,PROD167,35,1146.21
SOITEM05266,SO01761,PROD158,18,1327.01
SOITEM05267,SO01761,PROD222,101,444.32
SOITEM05268,SO01762,PROD321,6,1229.41
SOITEM05269,SO01762,PROD269,139,952.08
SOITEM05270,SO01763,PROD397,68,72.85
SOITEM05271,SO01763,PROD201,106,258.6
SOITEM05272,SO01763,PROD002,18,1680.23
SOITEM05273,SO01764,PROD382,59,439.42
SOITEM05274,SO01764,PROD133,91,593.57
SOITEM05275,SO01764,PROD296,6,1262.57
SOITEM05276,SO01764,PROD393,107,663.76
SOITEM05277,SO01765,PROD482,135,261.56
SOITEM05278,SO01765,PROD105,39,454.18
SOITEM05279,SO01766,PROD123,91,471.66
SOITEM05280,SO01766,PROD154,120,1628.8
SOITEM05281,SO01766,PROD287,112,206.98
SOITEM05282,SO01766,PROD397,147,72.85
SOITEM05283,SO01766,PROD221,33,494.14
SOITEM05284,SO01767,PROD084,5,1195.1
SOITEM05285,SO01767,PROD133,30,593.57
SOITEM05286,SO01768,PROD043,87,627.93
SOITEM05287,SO01768,PROD164,83,111.31
SOITEM05288,SO01768,PROD314,58,1602.76
SOITEM05289,SO01769,PROD209,7,857.85
SOITEM05290,SO01769,PROD251,6,1241.42
SOITEM05291,SO01769,PROD129,78,726.96
SOITEM05292,SO01770,PROD281,77,882.78
SOITEM05293,SO01770,PROD052,22,594.73
SOITEM05294,SO01770,PROD445,34,910.8
SOITEM05295,SO01771,PROD475,62,622.41
SOITEM05296,SO01771,PROD431,112,448.84
SOITEM05297,SO01772,PROD442,72,1012.49
SOITEM05298,SO01772,PROD119,15,106.06
SOITEM05299,SO01773,PROD019,123,158.03
SOITEM05300,SO01773,PROD024,52,649.2
SOITEM05301,SO01773,PROD179,64,587.83
SOITEM05302,SO01774,PROD500,34,790.4
SOITEM05303,SO01774,PROD290,134,150.88
SOITEM05304,SO01775,PROD249,111,713.13
SOITEM05305,SO01775,PROD061,145,862.09
SOITEM05306,SO01775,PROD215,21,846.19
SOITEM05307,SO01775,PROD071,124,915.07
SOITEM05308,SO01775,PROD307,90,224.9
SOITEM05309,SO01776,PROD151,38,179.05
SOITEM05310,SO01776,PROD419,68,462.74
SOITEM05311,SO01777,PROD051,60,643.38
SOITEM05312,SO01777,PROD162,48,28.52
SOITEM05313,SO01777,PROD208,82,1030.06
SOITEM05314,SO01777,PROD026,131,693.39
SOITEM05315,SO01777,PROD073,83,800.29
SOITEM05316,SO01778,PROD497,150,982.67
SOITEM05317,SO01779,PROD180,23,941.04
SOITEM05318,SO01779,PROD182,63,345.97
SOITEM05319,SO01779,PROD378,124,153.55
SOITEM05320,SO01780,PROD414,122,1110.59
SOITEM05321,SO01780,PROD378,143,153.55
SOITEM05322,SO01780,PROD298,9,301.61
SOITEM05323,SO01780,PROD232,148,224.33
SOITEM05324,SO01781,PROD235,62,1700.42
SOITEM05325,SO01781,PROD263,60,963.97
SOITEM05326,SO01781,PROD215,116,846.19
SOITEM05327,SO01781,PROD458,61,671.32
SOITEM05328,SO01781,PROD242,82,651.23
SOITEM05329,SO01781,PROD317,89,1115.3
SOITEM05330,SO01781,PROD333,130,559.55
SOITEM05331,SO01781,PROD401,52,127.69
SOITEM05332,SO01782,PROD084,20,1195.1
SOITEM05333,SO01782,PROD063,82,1079.94
SOITEM05334,SO01783,PROD426,71,546.15
SOITEM05335,SO01783,PROD420,111,932.93
SOITEM05336,SO01784,PROD435,63,1222.59
SOITEM05337,SO01785,PROD102,78,1028.11
SOITEM05338,SO01786,PROD345,39,782.66
SOITEM05339,SO01786,PROD355,76,437.91
SOITEM05340,SO01787,PROD466,76,1181.87
SOITEM05341,SO01788,PROD471,147,434.22
SOITEM05342,SO01789,PROD128,23,405.49
SOITEM05343,SO01789,PROD333,110,559.55
SOITEM05344,SO01789,PROD004,75,1203.62
SOITEM05345,SO01790,PROD117,107,276.44
SOITEM05346,SO01790,PROD315,38,477.79
SOITEM05347,SO01790,PROD358,34,769.81
SOITEM05348,SO01790,PROD240,33,1692.13
SOITEM05349,SO01791,PROD314,14,1602.76
SOITEM05350,SO01792,PROD041,82,1345.28
SOITEM05351,SO01792,PROD056,136,904.05
SOITEM05352,SO01793,PROD058,42,1345.87
SOITEM05353,SO01793,PROD087,69,382.43
SOITEM05354,SO01793,PROD001,78,1065.76
SOITEM05355,SO01793,PROD193,21,424.1
SOITEM05356,SO01794,PROD343,25,580.3
SOITEM05357,SO01794,PROD463,92,606.23
SOITEM05358,SO01794,PROD214,9,759.99
SOITEM05359,SO01794,PROD400,99,733.96
SOITEM05360,SO01794,PROD215,131,846.19
SOITEM05361,SO01794,PROD375,89,1156.42
SOITEM05362,SO01794,PROD150,103,1019.28
SOITEM05363,SO01795,PROD118,69,405.84
SOITEM05364,SO01796,PROD308,29,698.97
SOITEM05365,SO01796,PROD114,71,272.02
SOITEM05366,SO01796,PROD432,64,690.84
SOITEM05367,SO01797,PROD080,107,923.6
SOITEM05368,SO01797,PROD399,67,194.51
SOITEM05369,SO01797,PROD081,75,746.49
SOITEM05370,SO01797,PROD107,127,760.64
SOITEM05371,SO01797,PROD188,47,575.31
SOITEM05372,SO01798,PROD139,118,241.64
SOITEM05373,SO01798,PROD429,31,101.2
SOITEM05374,SO01799,PROD049,47,1093.93
SOITEM05375,SO01799,PROD216,118,202.05
SOITEM05376,SO01799,PROD163,118,1343.1
SOITEM05377,SO01799,PROD457,55,1199.55
SOITEM05378,SO01800,PROD130,7,466.72
SOITEM05379,SO01800,PROD450,64,699.65
SOITEM05380,SO01801,PROD454,95,72.36
SOITEM05381,SO01801,PROD353,78,506.01
SOITEM05382,SO01801,PROD085,7,816.42
SOITEM05383,SO01802,PROD474,98,828.38
SOITEM05384,SO01802,PROD233,21,1163.32
SOITEM05385,SO01802,PROD217,130,487.55
SOITEM05386,SO01803,PROD161,45,27.23
SOITEM05387,SO01803,PROD387,33,980.89
SOITEM05388,SO01803,PROD113,38,216.05
SOITEM05389,SO01804,PROD171,32,1035.14
SOITEM05390,SO01804,PROD223,71,230.59
SOITEM05391,SO01804,PROD150,55,1019.28
SOITEM05392,SO01804,PROD133,6,593.57
SOITEM05393,SO01805,PROD001,148,1065.76
SOITEM05394,SO01805,PROD112,51,1586.71
SOITEM05395,SO01806,PROD300,40,731.42
SOITEM05396,SO01806,PROD085,134,816.42
SOITEM05397,SO01807,PROD140,99,949.14
SOITEM05398,SO01807,PROD494,103,806.62
SOITEM05399,SO01807,PROD154,113,1628.8
SOITEM05400,SO01808,PROD219,78,610.84
SOITEM05401,SO01808,PROD293,74,921.24
SOITEM05402,SO01808,PROD161,9,27.23
SOITEM05403,SO01808,PROD282,105,267.32
SOITEM05404,SO01808,PROD028,109,1322.93
SOITEM05405,SO01809,PROD436,22,618.73
SOITEM05406,SO01809,PROD189,89,383.37
SOITEM05407,SO01810,PROD356,8,85.93
SOITEM05408,SO01810,PROD119,40,106.06
SOITEM05409,SO01810,PROD026,139,693.39
SOITEM05410,SO01811,PROD337,37,1315.07
SOITEM05411,SO01812,PROD168,15,852.73
SOITEM05412,SO01812,PROD387,126,980.89
SOITEM05413,SO01812,PROD449,84,1451.26
SOITEM05414,SO01813,PROD348,144,788.76
SOITEM05415,SO01813,PROD264,10,576.49
SOITEM05416,SO01813,PROD073,55,800.29
SOITEM05417,SO01814,PROD141,12,1138.72
SOITEM05418,SO01814,PROD138,18,995.03
SOITEM05419,SO01815,PROD272,128,659.27
SOITEM05420,SO01816,PROD222,101,444.32
SOITEM05421,SO01816,PROD426,82,546.15
SOITEM05422,SO01816,PROD132,82,1113.2
SOITEM05423,SO01817,PROD422,109,1631.47
SOITEM05424,SO01817,PROD207,138,764.66
SOITEM05425,SO01818,PROD289,121,686.66
SOITEM05426,SO01818,PROD250,64,976.03
SOITEM05427,SO01818,PROD299,80,529.69
SOITEM05428,SO01818,PROD415,133,291.45
SOITEM05429,SO01819,PROD496,126,782.95
SOITEM05430,SO01819,PROD455,37,1079.54
SOITEM05431,SO01819,PROD097,37,1356.93
SOITEM05432,SO01819,PROD437,56,1348.75
SOITEM05433,SO01819,PROD185,26,78.88
SOITEM05434,SO01820,PROD185,122,78.88
SOITEM05435,SO01820,PROD353,78,506.01
SOITEM05436,SO01821,PROD272,14,659.27
SOITEM05437,SO01821,PROD062,24,364.93
SOITEM05438,SO01821,PROD013,99,1004.23
SOITEM05439,SO01822,PROD092,127,392.62
SOITEM05440,SO01822,PROD134,150,332.59
SOITEM05441,SO01822,PROD191,143,1024.15
SOITEM05442,SO01822,PROD252,73,1563.98
SOITEM05443,SO01822,PROD121,135,953.07
SOITEM05444,SO01823,PROD411,62,1278.66
SOITEM05445,SO01823,PROD003,48,470.16
SOITEM05446,SO01823,PROD414,137,1110.59
SOITEM05447,SO01824,PROD486,103,81.21
SOITEM05448,SO01824,PROD268,22,1114.89
SOITEM05449,SO01825,PROD077,39,862.64
SOITEM05450,SO01825,PROD340,100,1164.05
SOITEM05451,SO01826,PROD189,97,383.37
SOITEM05452,SO01827,PROD095,39,200.83
SOITEM05453,SO01827,PROD125,107,791.95
SOITEM05454,SO01827,PROD360,14,17.56
SOITEM05455,SO01828,PROD074,140,1276.05
SOITEM05456,SO01828,PROD202,138,976.76
SOITEM05457,SO01828,PROD320,57,1145.37
SOITEM05458,SO01829,PROD423,25,1272.27
SOITEM05459,SO01830,PROD283,14,922.05
SOITEM05460,SO01830,PROD097,112,1356.93
SOITEM05461,SO01830,PROD335,25,545.76
SOITEM05462,SO01830,PROD318,137,738.15
SOITEM05463,SO01831,PROD361,117,1008.28
SOITEM05464,SO01831,PROD248,135,913.36
SOITEM05465,SO01831,PROD074,94,1276.05
SOITEM05466,SO01832,PROD480,58,967.75
SOITEM05467,SO01833,PROD150,73,1019.28
SOITEM05468,SO01833,PROD246,105,1511.76
SOITEM05469,SO01833,PROD358,125,769.81
SOITEM05470,SO01833,PROD227,64,977.2
SOITEM05471,SO01833,PROD041,57,1345.28
SOITEM05472,SO01834,PROD079,67,1070.31
SOITEM05473,SO01834,PROD063,118,1079.94
SOITEM05474,SO01835,PROD249,34,713.13
SOITEM05475,SO01835,PROD135,116,939.41
SOITEM05476,SO01835,PROD006,78,1039.67
SOITEM05477,SO01835,PROD466,127,1181.87
SOITEM05478,SO01835,PROD477,73,1211.96
SOITEM05479,SO01835,PROD411,66,1278.66
SOITEM05480,SO01835,PROD100,71,653.66
SOITEM05481,SO01836,PROD386,119,559.89
SOITEM05482,SO01836,PROD185,114,78.88
SOITEM05483,SO01837,PROD192,29,1361.16
SOITEM05484,SO01837,PROD463,135,606.23
SOITEM05485,SO01837,PROD032,107,445.25
SOITEM05486,SO01837,PROD073,71,800.29
SOITEM05487,SO01838,PROD045,82,157.89
SOITEM05488,SO01838,PROD295,34,226.63
SOITEM05489,SO01839,PROD496,11,782.95
SOITEM05490,SO01839,PROD126,145,374.01
SOITEM05491,SO01839,PROD262,94,87.94
SOITEM05492,SO01839,PROD210,82,1031.08
SOITEM05493,SO01839,PROD046,7,646.5
SOITEM05494,SO01839,PROD283,62,922.05
SOITEM05495,SO01840,PROD114,99,272.02
SOITEM05496,SO01841,PROD185,51,78.88
SOITEM05497,SO01841,PROD101,7,579.34
SOITEM05498,SO01841,PROD306,88,456.87
SOITEM05499,SO01841,PROD230,110,678.56
SOITEM05500,SO01842,PROD386,80,559.89
SOITEM05501,SO01842,PROD492,40,1562.48
SOITEM05502,SO01843,PROD291,111,348.49
SOITEM05503,SO01843,PROD252,123,1563.98
SOITEM05504,SO01843,PROD415,17,291.45
SOITEM05505,SO01843,PROD127,119,160.45
SOITEM05506,SO01844,PROD200,10,569.37
SOITEM05507,SO01844,PROD362,30,1010.26
SOITEM05508,SO01844,PROD413,26,887.22
SOITEM05509,SO01845,PROD070,45,401.23
SOITEM05510,SO01845,PROD084,68,1195.1
SOITEM05511,SO01845,PROD109,95,294.07
SOITEM05512,SO01846,PROD253,71,874.11
SOITEM05513,SO01846,PROD370,86,305.22
SOITEM05514,SO01846,PROD468,58,568.43
SOITEM05515,SO01847,PROD020,104,710.42
SOITEM05516,SO01847,PROD405,126,53.91
SOITEM05517,SO01847,PROD071,84,915.07
SOITEM05518,SO01848,PROD435,61,1222.59
SOITEM05519,SO01848,PROD203,135,294.21
SOITEM05520,SO01849,PROD471,52,434.22
SOITEM05521,SO01850,PROD326,41,68.46
SOITEM05522,SO01850,PROD250,76,976.03
SOITEM05523,SO01851,PROD293,17,921.24
SOITEM05524,SO01851,PROD219,102,610.84
SOITEM05525,SO01851,PROD371,18,548.86
SOITEM05526,SO01851,PROD378,122,153.55
SOITEM05527,SO01852,PROD180,12,941.04
SOITEM05528,SO01852,PROD488,122,817.03
SOITEM05529,SO01852,PROD049,22,1093.93
SOITEM05530,SO01852,PROD181,20,994.75
SOITEM05531,SO01853,PROD388,99,793.41
SOITEM05532,SO01854,PROD362,98,1010.26
SOITEM05533,SO01854,PROD339,56,804.84
SOITEM05534,SO01854,PROD273,44,145.43
SOITEM05535,SO01854,PROD186,20,360.48
SOITEM05536,SO01854,PROD375,48,1156.42
SOITEM05537,SO01854,PROD033,147,811.2
SOITEM05538,SO01854,PROD397,63,72.85
SOITEM05539,SO01855,PROD334,7,920.42
SOITEM05540,SO01855,PROD141,25,1138.72
SOITEM05541,SO01855,PROD328,86,1354.07
SOITEM05542,SO01855,PROD310,48,1114.33
SOITEM05543,SO01855,PROD170,141,1202.0
SOITEM05544,SO01856,PROD429,36,101.2
SOITEM05545,SO01856,PROD270,85,155.77
SOITEM05546,SO01856,PROD472,119,887.42
SOITEM05547,SO01856,PROD210,121,1031.08
SOITEM05548,SO01857,PROD095,108,200.83
SOITEM05549,SO01857,PROD138,107,995.03
SOITEM05550,SO01858,PROD471,115,434.22
SOITEM05551,SO01858,PROD302,56,268.83
SOITEM05552,SO01859,PROD211,7,1148.88
SOITEM05553,SO01859,PROD261,31,1709.04
SOITEM05554,SO01860,PROD370,18,305.22
SOITEM05555,SO01860,PROD314,13,1602.76
SOITEM05556,SO01860,PROD099,86,370.78
SOITEM05557,SO01860,PROD426,84,546.15
SOITEM05558,SO01861,PROD148,74,35.33
SOITEM05559,SO01862,PROD431,54,448.84
SOITEM05560,SO01862,PROD277,44,1103.6
SOITEM05561,SO01862,PROD047,91,117.41
SOITEM05562,SO01862,PROD460,98,139.11
SOITEM05563,SO01862,PROD264,26,576.49
SOITEM05564,SO01862,PROD457,45,1199.55
SOITEM05565,SO01863,PROD248,51,913.36
SOITEM05566,SO01863,PROD332,117,138.49
SOITEM05567,SO01863,PROD275,45,491.51
SOITEM05568,SO01864,PROD123,10,471.66
SOITEM05569,SO01864,PROD223,147,230.59
SOITEM05570,SO01864,PROD316,105,756.92
SOITEM05571,SO01865,PROD206,23,1118.26
SOITEM05572,SO01865,PROD118,110,405.84
SOITEM05573,SO01866,PROD093,20,787.77
SOITEM05574,SO01866,PROD141,80,1138.72
SOITEM05575,SO01867,PROD461,111,210.86
SOITEM05576,SO01867,PROD050,6,1340.67
SOITEM05577,SO01867,PROD455,129,1079.54
SOITEM05578,SO01867,PROD246,34,1511.76
SOITEM05579,SO01868,PROD432,60,690.84
SOITEM05580,SO01868,PROD320,138,1145.37
SOITEM05581,SO01869,PROD421,43,1053.38
SOITEM05582,SO01869,PROD016,16,1166.68
SOITEM05583,SO01869,PROD140,144,949.14
SOITEM05584,SO01869,PROD422,113,1631.47
SOITEM05585,SO01869,PROD474,108,828.38
SOITEM05586,SO01870,PROD097,8,1356.93
SOITEM05587,SO01870,PROD187,24,1251.4
SOITEM05588,SO01870,PROD358,43,769.81
SOITEM05589,SO01870,PROD304,38,340.83
SOITEM05590,SO01870,PROD352,104,1269.95
SOITEM05591,SO01870,PROD138,82,995.03
SOITEM05592,SO01870,PROD128,35,405.49
SOITEM05593,SO01871,PROD417,36,1285.07
SOITEM05594,SO01871,PROD102,134,1028.11
SOITEM05595,SO01872,PROD491,93,136.1
SOITEM05596,SO01872,PROD332,15,138.49
SOITEM05597,SO01873,PROD034,40,710.46
SOITEM05598,SO01873,PROD387,100,980.89
SOITEM05599,SO01873,PROD209,61,857.85
SOITEM05600,SO01874,PROD362,138,1010.26
SOITEM05601,SO01874,PROD400,80,733.96
SOITEM05602,SO01874,PROD454,9,72.36
SOITEM05603,SO01875,PROD102,72,1028.11
SOITEM05604,SO01875,PROD272,25,659.27
SOITEM05605,SO01875,PROD125,109,791.95
SOITEM05606,SO01876,PROD332,39,138.49
SOITEM05607,SO01876,PROD387,135,980.89
SOITEM05608,SO01877,PROD292,58,346.04
SOITEM05609,SO01877,PROD058,39,1345.87
SOITEM05610,SO01877,PROD486,43,81.21
SOITEM05611,SO01877,PROD101,127,579.34
SOITEM05612,SO01878,PROD491,51,136.1
SOITEM05613,SO01879,PROD410,14,97.05
SOITEM05614,SO01879,PROD168,104,852.73
SOITEM05615,SO01879,PROD257,71,314.51
SOITEM05616,SO01880,PROD191,89,1024.15
SOITEM05617,SO01881,PROD260,108,685.07
SOITEM05618,SO01881,PROD218,65,1120.53
SOITEM05619,SO01882,PROD261,7,1709.04
SOITEM05620,SO01882,PROD126,120,374.01
SOITEM05621,SO01882,PROD411,105,1278.66
SOITEM05622,SO01882,PROD435,12,1222.59
SOITEM05623,SO01883,PROD429,126,101.2
SOITEM05624,SO01883,PROD162,64,28.52
SOITEM05625,SO01883,PROD012,32,1613.13
SOITEM05626,SO01883,PROD255,145,91.9
SOITEM05627,SO01884,PROD441,124,433.21
SOITEM05628,SO01885,PROD305,85,404.92
SOITEM05629,SO01885,PROD343,67,580.3
SOITEM05630,SO01885,PROD356,54,85.93
SOITEM05631,SO01885,PROD132,48,1113.2
SOITEM05632,SO01885,PROD327,73,117.75
SOITEM05633,SO01885,PROD023,68,218.64
SOITEM05634,SO01885,PROD292,55,346.04
SOITEM05635,SO01885,PROD483,88,672.5
SOITEM05636,SO01885,PROD414,9,1110.59
SOITEM05637,SO01886,PROD149,82,175.78
SOITEM05638,SO01887,PROD011,87,1380.35
SOITEM05639,SO01887,PROD083,73,874.47
SOITEM05640,SO01888,PROD500,144,790.4
SOITEM05641,SO01889,PROD129,84,726.96
SOITEM05642,SO01889,PROD386,146,559.89
SOITEM05643,SO01890,PROD248,101,913.36
SOITEM05644,SO01890,PROD406,136,455.97
SOITEM05645,SO01890,PROD281,48,882.78
SOITEM05646,SO01891,PROD367,42,698.04
SOITEM05647,SO01891,PROD162,127,28.52
SOITEM05648,SO01891,PROD057,18,1187.66
SOITEM05649,SO01892,PROD105,19,454.18
SOITEM05650,SO01892,PROD216,106,202.05
SOITEM05651,SO01893,PROD403,87,964.43
SOITEM05652,SO01893,PROD358,91,769.81
SOITEM05653,SO01893,PROD336,83,1309.51
SOITEM05654,SO01893,PROD474,96,828.38
SOITEM05655,SO01893,PROD373,109,1408.52
SOITEM05656,SO01894,PROD321,50,1229.41
SOITEM05657,SO01894,PROD046,61,646.5
SOITEM05658,SO01894,PROD429,142,101.2
SOITEM05659,SO01894,PROD143,112,280.77
SOITEM05660,SO01895,PROD312,147,448.06
SOITEM05661,SO01895,PROD157,48,122.44
SOITEM05662,SO01895,PROD064,44,1297.35
SOITEM05663,SO01895,PROD116,95,1088.55
SOITEM05664,SO01896,PROD018,7,671.51
SOITEM05665,SO01896,PROD044,32,798.58
SOITEM05666,SO01897,PROD018,82,671.51
SOITEM05667,SO01897,PROD340,83,1164.05
SOITEM05668,SO01898,PROD215,86,846.19
SOITEM05669,SO01898,PROD157,134,122.44
SOITEM05670,SO01898,PROD489,13,924.46
SOITEM05671,SO01899,PROD325,106,1272.26
SOITEM05672,SO01900,PROD052,41,594.73
SOITEM05673,SO01900,PROD297,107,213.96
SOITEM05674,SO01900,PROD252,53,1563.98
SOITEM05675,SO01901,PROD214,146,759.99
SOITEM05676,SO01901,PROD191,45,1024.15
SOITEM05677,SO01902,PROD354,85,1247.88
SOITEM05678,SO01902,PROD369,141,751.92
SOITEM05679,SO01902,PROD432,69,690.84
SOITEM05680,SO01903,PROD025,26,389.26
SOITEM05681,SO01903,PROD190,103,1394.38
SOITEM05682,SO01903,PROD023,10,218.64
SOITEM05683,SO01903,PROD062,10,364.93
SOITEM05684,SO01904,PROD300,122,731.42
SOITEM05685,SO01904,PROD224,131,67.1
SOITEM05686,SO01904,PROD244,115,128.7
SOITEM05687,SO01905,PROD068,124,1350.64
SOITEM05688,SO01905,PROD297,107,213.96
SOITEM05689,SO01905,PROD419,68,462.74
SOITEM05690,SO01906,PROD340,81,1164.05
SOITEM05691,SO01906,PROD399,64,194.51
SOITEM05692,SO01906,PROD227,31,977.2
SOITEM05693,SO01907,PROD196,118,967.84
SOITEM05694,SO01908,PROD415,50,291.45
SOITEM05695,SO01908,PROD184,39,43.16
SOITEM05696,SO01908,PROD104,63,517.35
SOITEM05697,SO01908,PROD172,148,415.49
SOITEM05698,SO01909,PROD042,142,239.5
SOITEM05699,SO01910,PROD380,124,886.05
SOITEM05700,SO01910,PROD329,92,344.07
SOITEM05701,SO01910,PROD351,68,407.92
SOITEM05702,SO01911,PROD182,88,345.97
SOITEM05703,SO01911,PROD495,138,114.6
SOITEM05704,SO01911,PROD051,102,643.38
SOITEM05705,SO01911,PROD111,41,1295.51
SOITEM05706,SO01911,PROD040,10,695.59
SOITEM05707,SO01912,PROD293,69,921.24
SOITEM05708,SO01912,PROD468,126,568.43
SOITEM05709,SO01913,PROD154,118,1628.8
SOITEM05710,SO01913,PROD326,71,68.46
SOITEM05711,SO01913,PROD325,93,1272.26
SOITEM05712,SO01913,PROD027,68,523.24
SOITEM05713,SO01914,PROD095,109,200.83
SOITEM05714,SO01914,PROD487,81,541.19
SOITEM05715,SO01914,PROD112,109,1586.71
SOITEM05716,SO01915,PROD026,107,693.39
SOITEM05717,SO01915,PROD193,121,424.1
SOITEM05718,SO01915,PROD294,44,442.63
SOITEM05719,SO01916,PROD433,83,938.56
SOITEM05720,SO01916,PROD137,6,1053.76
SOITEM05721,SO01916,PROD236,92,801.25
SOITEM05722,SO01917,PROD162,109,28.52
SOITEM05723,SO01917,PROD007,5,139.72
SOITEM05724,SO01917,PROD064,87,1297.35
SOITEM05725,SO01918,PROD436,119,618.73
SOITEM05726,SO01918,PROD246,21,1511.76
SOITEM05727,SO01918,PROD261,38,1709.04
SOITEM05728,SO01919,PROD241,107,876.44
SOITEM05729,SO01919,PROD363,137,790.74
SOITEM05730,SO01919,PROD122,96,1102.95
SOITEM05731,SO01919,PROD186,116,360.48
SOITEM05732,SO01919,PROD251,69,1241.42
SOITEM05733,SO01920,PROD388,20,793.41
SOITEM05734,SO01920,PROD403,85,964.43
SOITEM05735,SO01920,PROD317,77,1115.3
SOITEM05736,SO01920,PROD438,125,981.89
SOITEM05737,SO01920,PROD297,25,213.96
SOITEM05738,SO01921,PROD050,139,1340.67
SOITEM05739,SO01921,PROD217,113,487.55
SOITEM05740,SO01922,PROD290,35,150.88
SOITEM05741,SO01922,PROD318,91,738.15
SOITEM05742,SO01922,PROD202,31,976.76
SOITEM05743,SO01923,PROD285,57,653.85
SOITEM05744,SO01923,PROD007,98,139.72
SOITEM05745,SO01923,PROD131,142,582.87
SOITEM05746,SO01923,PROD146,63,561.24
SOITEM05747,SO01924,PROD025,125,389.26
SOITEM05748,SO01924,PROD214,13,759.99
SOITEM05749,SO01925,PROD222,68,444.32
SOITEM05750,SO01925,PROD013,72,1004.23
SOITEM05751,SO01926,PROD017,122,704.27
SOITEM05752,SO01926,PROD336,53,1309.51
SOITEM05753,SO01927,PROD142,44,1235.3
SOITEM05754,SO01927,PROD388,26,793.41
SOITEM05755,SO01928,PROD490,20,1641.02
SOITEM05756,SO01929,PROD481,19,822.01
SOITEM05757,SO01929,PROD270,35,155.77
SOITEM05758,SO01930,PROD252,53,1563.98
SOITEM05759,SO01930,PROD448,121,1205.41
SOITEM05760,SO01930,PROD362,81,1010.26
SOITEM05761,SO01930,PROD181,32,994.75
SOITEM05762,SO01930,PROD395,49,314.97
SOITEM05763,SO01931,PROD497,113,982.67
SOITEM05764,SO01931,PROD473,117,352.49
SOITEM05765,SO01932,PROD038,138,1340.93
SOITEM05766,SO01932,PROD422,150,1631.47
SOITEM05767,SO01933,PROD388,103,793.41
SOITEM05768,SO01933,PROD016,43,1166.68
SOITEM05769,SO01934,PROD234,12,929.92
SOITEM05770,SO01934,PROD258,46,461.24
SOITEM05771,SO01934,PROD067,148,1491.41
SOITEM05772,SO01934,PROD455,41,1079.54
SOITEM05773,SO01935,PROD408,53,1109.12
SOITEM05774,SO01935,PROD163,142,1343.1
SOITEM05775,SO01935,PROD077,78,862.64
SOITEM05776,SO01935,PROD080,139,923.6
SOITEM05777,SO01935,PROD012,20,1613.13
SOITEM05778,SO01935,PROD161,64,27.23
SOITEM05779,SO01936,PROD177,21,297.71
SOITEM05780,SO01936,PROD239,91,694.49
SOITEM05781,SO01936,PROD398,81,1174.48
SOITEM05782,SO01936,PROD060,109,670.1
SOITEM05783,SO01936,PROD201,122,258.6
SOITEM05784,SO01937,PROD337,32,1315.07
SOITEM05785,SO01937,PROD452,144,614.75
SOITEM05786,SO01937,PROD148,98,35.33
SOITEM05787,SO01937,PROD491,14,136.1
SOITEM05788,SO01937,PROD156,118,862.99
SOITEM05789,SO01938,PROD258,93,461.24
SOITEM05790,SO01938,PROD498,22,1441.23
SOITEM05791,SO01938,PROD103,71,420.13
SOITEM05792,SO01939,PROD205,142,383.51
SOITEM05793,SO01939,PROD189,75,383.37
SOITEM05794,SO01940,PROD395,81,314.97
SOITEM05795,SO01940,PROD166,122,590.1
SOITEM05796,SO01941,PROD423,77,1272.27
SOITEM05797,SO01941,PROD119,135,106.06
SOITEM05798,SO01941,PROD362,104,1010.26
SOITEM05799,SO01941,PROD332,129,138.49
SOITEM05800,SO01941,PROD472,59,887.42
SOITEM05801,SO01942,PROD362,127,1010.26
SOITEM05802,SO01942,PROD306,105,456.87
SOITEM05803,SO01943,PROD071,82,915.07
SOITEM05804,SO01943,PROD406,26,455.97
SOITEM05805,SO01943,PROD216,128,202.05
SOITEM05806,SO01944,PROD186,94,360.48
SOITEM05807,SO01944,PROD062,146,364.93
SOITEM05808,SO01944,PROD150,135,1019.28
SOITEM05809,SO01945,PROD300,7,731.42
SOITEM05810,SO01945,PROD292,32,346.04
SOITEM05811,SO01945,PROD008,19,1090.21
SOITEM05812,SO01945,PROD314,48,1602.76
SOITEM05813,SO01945,PROD048,101,100.51
SOITEM05814,SO01946,PROD021,31,642.17
SOITEM05815,SO01946,PROD007,12,139.72
SOITEM05816,SO01946,PROD342,119,753.8
SOITEM05817,SO01946,PROD473,64,352.49
SOITEM05818,SO01946,PROD440,150,754.74
SOITEM05819,SO01947,PROD157,14,122.44
SOITEM05820,SO01947,PROD001,113,1065.76
SOITEM05821,SO01947,PROD442,5,1012.49
SOITEM05822,SO01947,PROD109,120,294.07
SOITEM05823,SO01948,PROD480,129,967.75
SOITEM05824,SO01948,PROD419,17,462.74
SOITEM05825,SO01948,PROD237,53,1026.87
SOITEM05826,SO01948,PROD091,71,836.23
SOITEM05827,SO01948,PROD416,85,1288.06
SOITEM05828,SO01949,PROD323,133,536.07
SOITEM05829,SO01950,PROD129,107,726.96
SOITEM05830,SO01950,PROD130,77,466.72
SOITEM05831,SO01950,PROD465,58,945.03
SOITEM05832,SO01951,PROD093,43,787.77
SOITEM05833,SO01952,PROD262,84,87.94
SOITEM05834,SO01952,PROD114,38,272.02
SOITEM05835,SO01952,PROD005,31,932.3
SOITEM05836,SO01953,PROD476,66,1357.77
SOITEM05837,SO01953,PROD412,48,1313.15
SOITEM05838,SO01953,PROD101,28,579.34
SOITEM05839,SO01954,PROD433,103,938.56
SOITEM05840,SO01954,PROD304,136,340.83
SOITEM05841,SO01954,PROD112,46,1586.71
SOITEM05842,SO01954,PROD282,39,267.32
SOITEM05843,SO01954,PROD397,106,72.85
SOITEM05844,SO01955,PROD216,21,202.05
SOITEM05845,SO01955,PROD052,78,594.73
SOITEM05846,SO01956,PROD417,104,1285.07
SOITEM05847,SO01956,PROD168,40,852.73
SOITEM05848,SO01957,PROD127,58,160.45
SOITEM05849,SO01957,PROD183,23,1162.93
SOITEM05850,SO01957,PROD174,141,60.34
SOITEM05851,SO01958,PROD448,83,1205.41
SOITEM05852,SO01959,PROD154,105,1628.8
SOITEM05853,SO01959,PROD264,56,576.49
SOITEM05854,SO01959,PROD270,77,155.77
SOITEM05855,SO01959,PROD103,130,420.13
SOITEM05856,SO01959,PROD172,30,415.49
SOITEM05857,SO01960,PROD270,32,155.77
SOITEM05858,SO01960,PROD030,125,144.7
SOITEM05859,SO01961,PROD222,98,444.32
SOITEM05860,SO01961,PROD305,71,404.92
SOITEM05861,SO01961,PROD201,15,258.6
SOITEM05862,SO01962,PROD075,99,908.01
SOITEM05863,SO01962,PROD102,108,1028.11
SOITEM05864,SO01963,PROD391,125,1014.36
SOITEM05865,SO01963,PROD018,121,671.51
SOITEM05866,SO01964,PROD364,83,49.06
SOITEM05867,SO01964,PROD012,67,1613.13
SOITEM05868,SO01964,PROD163,89,1343.1
SOITEM05869,SO01965,PROD227,64,977.2
SOITEM05870,SO01965,PROD052,71,594.73
SOITEM05871,SO01965,PROD260,130,685.07
SOITEM05872,SO01966,PROD079,20,1070.31
SOITEM05873,SO01966,PROD313,144,1083.11
SOITEM05874,SO01966,PROD053,15,626.38
SOITEM05875,SO01967,PROD260,87,685.07
SOITEM05876,SO01967,PROD486,26,81.21
SOITEM05877,SO01968,PROD346,123,1325.55
SOITEM05878,SO01968,PROD347,116,89.12
SOITEM05879,SO01968,PROD077,114,862.64
SOITEM05880,SO01968,PROD061,19,862.09
SOITEM05881,SO01969,PROD134,139,332.59
SOITEM05882,SO01969,PROD252,115,1563.98
SOITEM05883,SO01970,PROD043,35,627.93
SOITEM05884,SO01970,PROD370,89,305.22
SOITEM05885,SO01970,PROD203,18,294.21
SOITEM05886,SO01971,PROD007,8,139.72
SOITEM05887,SO01971,PROD122,132,1102.95
SOITEM05888,SO01971,PROD168,141,852.73
SOITEM05889,SO01971,PROD018,108,671.51
SOITEM05890,SO01971,PROD453,22,159.85
SOITEM05891,SO01972,PROD351,123,407.92
SOITEM05892,SO01973,PROD492,134,1562.48
SOITEM05893,SO01973,PROD337,38,1315.07
SOITEM05894,SO01973,PROD238,106,88.48
SOITEM05895,SO01973,PROD011,53,1380.35
SOITEM05896,SO01973,PROD018,128,671.51
SOITEM05897,SO01974,PROD145,39,414.97
SOITEM05898,SO01974,PROD193,93,424.1
SOITEM05899,SO01974,PROD078,16,1530.22
SOITEM05900,SO01975,PROD086,67,999.94
SOITEM05901,SO01975,PROD048,144,100.51
SOITEM05902,SO01975,PROD289,60,686.66
SOITEM05903,SO01975,PROD281,86,882.78
SOITEM05904,SO01976,PROD260,118,685.07
SOITEM05905,SO01976,PROD402,20,456.95
SOITEM05906,SO01976,PROD131,118,582.87
SOITEM05907,SO01976,PROD290,21,150.88
SOITEM05908,SO01977,PROD168,122,852.73
SOITEM05909,SO01977,PROD062,24,364.93
SOITEM05910,SO01977,PROD053,69,626.38
SOITEM05911,SO01978,PROD147,86,623.69
SOITEM05912,SO01978,PROD092,108,392.62
SOITEM05913,SO01978,PROD275,118,491.51
SOITEM05914,SO01978,PROD417,56,1285.07
SOITEM05915,SO01978,PROD234,33,929.92
SOITEM05916,SO01979,PROD239,51,694.49
SOITEM05917,SO01979,PROD197,117,1098.89
SOITEM05918,SO01979,PROD198,28,220.57
SOITEM05919,SO01979,PROD002,38,1680.23
SOITEM05920,SO01980,PROD485,98,1226.75
SOITEM05921,SO01980,PROD318,107,738.15
SOITEM05922,SO01980,PROD263,26,963.97
SOITEM05923,SO01981,PROD287,53,206.98
SOITEM05924,SO01981,PROD063,84,1079.94
SOITEM05925,SO01981,PROD030,92,144.7
SOITEM05926,SO01981,PROD031,58,1253.99
SOITEM05927,SO01981,PROD125,53,791.95
SOITEM05928,SO01982,PROD067,41,1491.41
SOITEM05929,SO01983,PROD050,97,1340.67
SOITEM05930,SO01983,PROD044,127,798.58
SOITEM05931,SO01984,PROD047,55,117.41
SOITEM05932,SO01985,PROD268,92,1114.89
SOITEM05933,SO01985,PROD335,68,545.76
SOITEM05934,SO01985,PROD307,118,224.9
SOITEM05935,SO01986,PROD200,102,569.37
SOITEM05936,SO01986,PROD455,144,1079.54
SOITEM05937,SO01986,PROD124,39,658.32
SOITEM05938,SO01986,PROD317,71,1115.3
SOITEM05939,SO01987,PROD253,88,874.11
SOITEM05940,SO01987,PROD054,136,1320.94
SOITEM05941,SO01987,PROD112,48,1586.71
SOITEM05942,SO01987,PROD035,88,985.83
SOITEM05943,SO01987,PROD048,17,100.51
SOITEM05944,SO01988,PROD341,35,1669.85
SOITEM05945,SO01988,PROD095,45,200.83
SOITEM05946,SO01988,PROD048,29,100.51
SOITEM05947,SO01989,PROD269,48,952.08
SOITEM05948,SO01989,PROD383,29,541.16
SOITEM05949,SO01990,PROD331,77,825.64
SOITEM05950,SO01990,PROD339,68,804.84
SOITEM05951,SO01990,PROD164,58,111.31
SOITEM05952,SO01991,PROD360,80,17.56
SOITEM05953,SO01991,PROD184,54,43.16
SOITEM05954,SO01992,PROD363,51,790.74
SOITEM05955,SO01992,PROD111,49,1295.51
SOITEM05956,SO01992,PROD379,20,1377.02
SOITEM05957,SO01993,PROD170,145,1202.0
SOITEM05958,SO01993,PROD371,147,548.86
SOITEM05959,SO01993,PROD457,74,1199.55
SOITEM05960,SO01993,PROD016,18,1166.68
SOITEM05961,SO01993,PROD430,143,1060.12
SOITEM05962,SO01994,PROD237,46,1026.87
SOITEM05963,SO01995,PROD300,16,731.42
SOITEM05964,SO01995,PROD126,123,374.01
SOITEM05965,SO01995,PROD191,60,1024.15
SOITEM05966,SO01995,PROD052,136,594.73
SOITEM05967,SO01996,PROD322,113,975.89
SOITEM05968,SO01996,PROD109,127,294.07
SOITEM05969,SO01996,PROD186,78,360.48
SOITEM05970,SO01997,PROD155,75,194.11
SOITEM05971,SO01997,PROD215,99,846.19
SOITEM05972,SO01997,PROD049,86,1093.93
SOITEM05973,SO01997,PROD228,109,1114.81
SOITEM05974,SO01998,PROD020,138,710.42
SOITEM05975,SO01998,PROD062,129,364.93
SOITEM05976,SO01999,PROD117,6,276.44
SOITEM05977,SO01999,PROD416,106,1288.06
SOITEM05978,SO01999,PROD446,53,167.07
SOITEM05979,SO01999,PROD005,80,932.3
SOITEM05980,SO02000,PROD450,47,699.65
SOITEM05981,SO02000,PROD331,101,825.64
SOITEM05982,SO02000,PROD474,43,828.38
SOITEM05983,SO02000,PROD301,63,258.38
SOITEM05984,SO02001,PROD394,33,1287.33
SOITEM05985,SO02002,PROD209,78,857.85
SOITEM05986,SO02003,PROD366,14,1065.87
SOITEM05987,SO02003,PROD257,120,314.51
SOITEM05988,SO02003,PROD162,149,28.52
SOITEM05989,SO02004,PROD192,55,1361.16
SOITEM05990,SO02004,PROD179,7,587.83
SOITEM05991,SO02004,PROD081,67,746.49
SOITEM05992,SO02005,PROD451,50,1215.34
SOITEM05993,SO02005,PROD011,63,1380.35
SOITEM05994,SO02005,PROD054,47,1320.94
SOITEM05995,SO02006,PROD053,46,626.38
SOITEM05996,SO02006,PROD386,73,559.89
SOITEM05997,SO02006,PROD060,65,670.1
SOITEM05998,SO02007,PROD260,43,685.07
SOITEM05999,SO02007,PROD466,40,1181.87
SOITEM06000,SO02007,PROD467,26,642.67
SOITEM06001,SO02008,PROD190,146,1394.38
SOITEM06002,SO02008,PROD039,143,455.23
SOITEM06003,SO02008,PROD053,5,626.38
SOITEM06004,SO02008,PROD023,143,218.64
SOITEM06005,SO02009,PROD209,62,857.85
SOITEM06006,SO02009,PROD411,92,1278.66
SOITEM06007,SO02009,PROD191,106,1024.15
SOITEM06008,SO02009,PROD308,29,698.97
SOITEM06009,SO02010,PROD281,146,882.78
SOITEM06010,SO02010,PROD371,105,548.86
SOITEM06011,SO02010,PROD051,7,643.38
SOITEM06012,SO02010,PROD155,108,194.11
SOITEM06013,SO02010,PROD346,142,1325.55
SOITEM06014,SO02010,PROD180,44,941.04
SOITEM06015,SO02010,PROD067,27,1491.41
SOITEM06016,SO02011,PROD371,128,548.86
SOITEM06017,SO02011,PROD009,69,446.24
SOITEM06018,SO02012,PROD072,72,1040.98
SOITEM06019,SO02012,PROD152,144,1109.49
SOITEM06020,SO02012,PROD311,118,776.52
SOITEM06021,SO02012,PROD478,107,852.64
SOITEM06022,SO02012,PROD317,63,1115.3
SOITEM06023,SO02013,PROD230,150,678.56
SOITEM06024,SO02013,PROD203,78,294.21
SOITEM06025,SO02014,PROD286,94,1182.9
SOITEM06026,SO02014,PROD238,18,88.48
SOITEM06027,SO02014,PROD014,111,318.73
SOITEM06028,SO02014,PROD384,67,1361.99
SOITEM06029,SO02014,PROD457,91,1199.55
SOITEM06030,SO02014,PROD038,81,1340.93
SOITEM06031,SO02014,PROD179,33,587.83
SOITEM06032,SO02014,PROD065,115,595.07
SOITEM06033,SO02015,PROD014,75,318.73
SOITEM06034,SO02016,PROD453,136,159.85
SOITEM06035,SO02016,PROD456,21,653.87
SOITEM06036,SO02016,PROD457,147,1199.55
SOITEM06037,SO02016,PROD177,108,297.71
SOITEM06038,SO02016,PROD331,67,825.64
SOITEM06039,SO02017,PROD369,7,751.92
SOITEM06040,SO02017,PROD108,142,38.13
SOITEM06041,SO02017,PROD102,95,1028.11
SOITEM06042,SO02017,PROD164,27,111.31
SOITEM06043,SO02018,PROD464,30,1205.08
SOITEM06044,SO02018,PROD263,103,963.97
SOITEM06045,SO02018,PROD473,41,352.49
SOITEM06046,SO02018,PROD334,112,920.42
SOITEM06047,SO02019,PROD089,11,708.42
SOITEM06048,SO02019,PROD468,91,568.43
SOITEM06049,SO02020,PROD356,149,85.93
SOITEM06050,SO02020,PROD295,54,226.63
SOITEM06051,SO02021,PROD237,107,1026.87
SOITEM06052,SO02021,PROD394,100,1287.33
SOITEM06053,SO02021,PROD140,105,949.14
SOITEM06054,SO02022,PROD191,16,1024.15
SOITEM06055,SO02022,PROD210,45,1031.08
SOITEM06056,SO02022,PROD307,139,224.9
SOITEM06057,SO02023,PROD358,110,769.81
SOITEM06058,SO02023,PROD319,142,70.29
SOITEM06059,SO02023,PROD225,28,1254.65
SOITEM06060,SO02023,PROD366,61,1065.87
SOITEM06061,SO02024,PROD067,132,1491.41
SOITEM06062,SO02024,PROD332,84,138.49
SOITEM06063,SO02024,PROD021,13,642.17
SOITEM06064,SO02024,PROD279,49,328.09
SOITEM06065,SO02025,PROD429,68,101.2
SOITEM06066,SO02025,PROD215,21,846.19
SOITEM06067,SO02025,PROD171,10,1035.14
SOITEM06068,SO02025,PROD331,141,825.64
SOITEM06069,SO02025,PROD371,85,548.86
SOITEM06070,SO02025,PROD010,121,158.98
SOITEM06071,SO02025,PROD022,147,225.56
SOITEM06072,SO02026,PROD269,41,952.08
SOITEM06073,SO02026,PROD139,52,241.64
SOITEM06074,SO02027,PROD065,121,595.07
SOITEM06075,SO02027,PROD413,132,887.22
SOITEM06076,SO02027,PROD028,79,1322.93
SOITEM06077,SO02028,PROD093,64,787.77
SOITEM06078,SO02028,PROD182,126,345.97
SOITEM06079,SO02028,PROD385,135,462.64
SOITEM06080,SO02028,PROD209,28,857.85
SOITEM06081,SO02028,PROD458,27,671.32
SOITEM06082,SO02029,PROD028,117,1322.93
SOITEM06083,SO02030,PROD336,99,1309.51
SOITEM06084,SO02030,PROD257,100,314.51
SOITEM06085,SO02031,PROD449,126,1451.26
SOITEM06086,SO02032,PROD439,97,685.44
SOITEM06087,SO02032,PROD001,47,1065.76
SOITEM06088,SO02032,PROD268,51,1114.89
SOITEM06089,SO02033,PROD065,109,595.07
SOITEM06090,SO02033,PROD225,6,1254.65
SOITEM06091,SO02033,PROD076,101,182.76
SOITEM06092,SO02034,PROD394,116,1287.33
SOITEM06093,SO02035,PROD054,123,1320.94
SOITEM06094,SO02035,PROD419,133,462.74
SOITEM06095,SO02036,PROD135,139,939.41
SOITEM06096,SO02036,PROD087,142,382.43
SOITEM06097,SO02037,PROD168,139,852.73
SOITEM06098,SO02037,PROD412,106,1313.15
SOITEM06099,SO02037,PROD292,117,346.04
SOITEM06100,SO02038,PROD462,98,334.33
SOITEM06101,SO02038,PROD311,126,776.52
SOITEM06102,SO02038,PROD184,22,43.16
SOITEM06103,SO02038,PROD148,126,35.33
SOITEM06104,SO02038,PROD476,116,1357.77
SOITEM06105,SO02038,PROD064,48,1297.35
SOITEM06106,SO02039,PROD414,149,1110.59
SOITEM06107,SO02039,PROD274,40,356.83
SOITEM06108,SO02040,PROD438,115,981.89
SOITEM06109,SO02040,PROD173,97,45.46
SOITEM06110,SO02040,PROD464,134,1205.08
SOITEM06111,SO02040,PROD034,63,710.46
SOITEM06112,SO02040,PROD135,21,939.41
SOITEM06113,SO02041,PROD474,93,828.38
SOITEM06114,SO02041,PROD305,63,404.92
SOITEM06115,SO02042,PROD055,97,615.27
SOITEM06116,SO02042,PROD447,68,972.98
SOITEM06117,SO02043,PROD475,72,622.41
SOITEM06118,SO02043,PROD195,144,740.95
SOITEM06119,SO02043,PROD393,58,663.76
SOITEM06120,SO02043,PROD408,64,1109.12
SOITEM06121,SO02043,PROD189,133,383.37
SOITEM06122,SO02044,PROD310,77,1114.33
SOITEM06123,SO02044,PROD054,49,1320.94
SOITEM06124,SO02044,PROD253,98,874.11
SOITEM06125,SO02045,PROD239,110,694.49
SOITEM06126,SO02045,PROD382,101,439.42
SOITEM06127,SO02045,PROD169,126,916.57
SOITEM06128,SO02046,PROD187,37,1251.4
SOITEM06129,SO02046,PROD444,81,692.28
SOITEM06130,SO02046,PROD376,16,736.67
SOITEM06131,SO02047,PROD193,149,424.1
SOITEM06132,SO02047,PROD056,63,904.05
SOITEM06133,SO02047,PROD491,75,136.1
SOITEM06134,SO02047,PROD407,125,1046.72
SOITEM06135,SO02047,PROD127,71,160.45
SOITEM06136,SO02047,PROD336,98,1309.51
SOITEM06137,SO02047,PROD400,15,733.96
SOITEM06138,SO02048,PROD433,19,938.56
SOITEM06139,SO02048,PROD184,7,43.16
SOITEM06140,SO02049,PROD005,137,932.3
SOITEM06141,SO02049,PROD495,83,114.6
SOITEM06142,SO02049,PROD256,66,641.32
SOITEM06143,SO02049,PROD484,101,1421.85
SOITEM06144,SO02050,PROD043,86,627.93
SOITEM06145,SO02050,PROD166,144,590.1
SOITEM06146,SO02050,PROD369,135,751.92
SOITEM06147,SO02050,PROD220,126,822.57
SOITEM06148,SO02051,PROD421,70,1053.38
SOITEM06149,SO02051,PROD016,146,1166.68
SOITEM06150,SO02052,PROD364,56,49.06
SOITEM06151,SO02052,PROD136,126,486.56
SOITEM06152,SO02052,PROD037,9,1311.32
SOITEM06153,SO02053,PROD443,18,556.93
SOITEM06154,SO02053,PROD338,27,679.07
SOITEM06155,SO02053,PROD098,76,839.21
SOITEM06156,SO02053,PROD421,21,1053.38
SOITEM06157,SO02054,PROD029,16,419.03
SOITEM06158,SO02054,PROD221,104,494.14
SOITEM06159,SO02054,PROD355,140,437.91
SOITEM06160,SO02055,PROD318,107,738.15
SOITEM06161,SO02055,PROD226,132,551.23
SOITEM06162,SO02055,PROD460,10,139.11
SOITEM06163,SO02055,PROD215,92,846.19
SOITEM06164,SO02055,PROD140,132,949.14
SOITEM06165,SO02056,PROD177,13,297.71
SOITEM06166,SO02057,PROD491,21,136.1
SOITEM06167,SO02057,PROD019,140,158.03
SOITEM06168,SO02058,PROD205,35,383.51
SOITEM06169,SO02058,PROD095,36,200.83
SOITEM06170,SO02058,PROD032,7,445.25
SOITEM06171,SO02059,PROD246,6,1511.76
SOITEM06172,SO02059,PROD453,15,159.85
SOITEM06173,SO02060,PROD126,109,374.01
SOITEM06174,SO02060,PROD077,110,862.64
SOITEM06175,SO02060,PROD488,62,817.03
SOITEM06176,SO02061,PROD174,13,60.34
SOITEM06177,SO02061,PROD019,127,158.03
SOITEM06178,SO02061,PROD325,80,1272.26
SOITEM06179,SO02061,PROD321,42,1229.41
SOITEM06180,SO02061,PROD136,94,486.56
SOITEM06181,SO02062,PROD086,63,999.94
SOITEM06182,SO02062,PROD033,88,811.2
SOITEM06183,SO02063,PROD462,68,334.33
SOITEM06184,SO02063,PROD135,92,939.41
SOITEM06185,SO02063,PROD488,150,817.03
SOITEM06186,SO02064,PROD473,56,352.49
SOITEM06187,SO02064,PROD330,125,717.97
SOITEM06188,SO02064,PROD261,15,1709.04
SOITEM06189,SO02064,PROD401,36,127.69
SOITEM06190,SO02064,PROD440,92,754.74
SOITEM06191,SO02065,PROD160,112,746.32
SOITEM06192,SO02065,PROD044,113,798.58
SOITEM06193,SO02065,PROD328,43,1354.07
SOITEM06194,SO02066,PROD289,73,686.66
SOITEM06195,SO02066,PROD264,127,576.49
SOITEM06196,SO02066,PROD157,25,122.44
SOITEM06197,SO02066,PROD348,114,788.76
SOITEM06198,SO02066,PROD336,62,1309.51
SOITEM06199,SO02066,PROD265,112,1219.88
SOITEM06200,SO02067,PROD165,146,668.55
SOITEM06201,SO02067,PROD193,48,424.1
SOITEM06202,SO02068,PROD434,21,1571.95
SOITEM06203,SO02068,PROD393,71,663.76
SOITEM06204,SO02069,PROD338,80,679.07
SOITEM06205,SO02069,PROD016,90,1166.68
SOITEM06206,SO02069,PROD471,121,434.22
SOITEM06207,SO02069,PROD045,8,157.89
SOITEM06208,SO02070,PROD249,53,713.13
SOITEM06209,SO02071,PROD485,28,1226.75
SOITEM06210,SO02072,PROD216,24,202.05
SOITEM06211,SO02072,PROD359,63,948.38
SOITEM06212,SO02073,PROD108,119,38.13
SOITEM06213,SO02073,PROD313,14,1083.11
SOITEM06214,SO02073,PROD174,28,60.34
SOITEM06215,SO02073,PROD169,112,916.57
SOITEM06216,SO02074,PROD313,99,1083.11
SOITEM06217,SO02075,PROD355,88,437.91
SOITEM06218,SO02075,PROD128,40,405.49
SOITEM06219,SO02076,PROD314,81,1602.76
SOITEM06220,SO02077,PROD320,87,1145.37
SOITEM06221,SO02077,PROD425,76,237.61
SOITEM06222,SO02077,PROD300,75,731.42
SOITEM06223,SO02077,PROD301,5,258.38
SOITEM06224,SO02077,PROD462,145,334.33
SOITEM06225,SO02078,PROD287,44,206.98
SOITEM06226,SO02079,PROD331,114,825.64
SOITEM06227,SO02079,PROD172,53,415.49
SOITEM06228,SO02079,PROD409,7,578.39
SOITEM06229,SO02079,PROD157,134,122.44
SOITEM06230,SO02079,PROD439,65,685.44
SOITEM06231,SO02079,PROD416,127,1288.06
SOITEM06232,SO02079,PROD297,127,213.96
SOITEM06233,SO02080,PROD278,90,364.44
SOITEM06234,SO02080,PROD467,67,642.67
SOITEM06235,SO02080,PROD257,82,314.51
SOITEM06236,SO02080,PROD118,25,405.84
SOITEM06237,SO02080,PROD100,13,653.66
SOITEM06238,SO02080,PROD288,50,1233.87
SOITEM06239,SO02081,PROD378,111,153.55
SOITEM06240,SO02082,PROD133,8,593.57
SOITEM06241,SO02082,PROD304,119,340.83
SOITEM06242,SO02082,PROD317,91,1115.3
SOITEM06243,SO02082,PROD332,86,138.49
SOITEM06244,SO02082,PROD249,79,713.13
SOITEM06245,SO02083,PROD080,74,923.6
SOITEM06246,SO02083,PROD124,12,658.32
SOITEM06247,SO02084,PROD258,129,461.24
SOITEM06248,SO02084,PROD356,83,85.93
SOITEM06249,SO02084,PROD290,59,150.88
SOITEM06250,SO02084,PROD165,139,668.55
SOITEM06251,SO02085,PROD287,137,206.98
SOITEM06252,SO02085,PROD082,120,1118.92
SOITEM06253,SO02085,PROD226,101,551.23
SOITEM06254,SO02085,PROD181,139,994.75
SOITEM06255,SO02085,PROD298,16,301.61
SOITEM06256,SO02086,PROD429,32,101.2
SOITEM06257,SO02086,PROD183,83,1162.93
SOITEM06258,SO02086,PROD063,116,1079.94
SOITEM06259,SO02086,PROD355,45,437.91
SOITEM06260,SO02086,PROD119,61,106.06
SOITEM06261,SO02087,PROD381,60,179.0
SOITEM06262,SO02087,PROD346,72,1325.55
SOITEM06263,SO02088,PROD197,101,1098.89
SOITEM06264,SO02088,PROD403,43,964.43
SOITEM06265,SO02088,PROD128,139,405.49
SOITEM06266,SO02089,PROD458,144,671.32
SOITEM06267,SO02089,PROD331,23,825.64
SOITEM06268,SO02090,PROD250,122,976.03
SOITEM06269,SO02090,PROD185,62,78.88
SOITEM06270,SO02090,PROD271,141,854.18
SOITEM06271,SO02091,PROD016,17,1166.68
SOITEM06272,SO02091,PROD188,122,575.31
SOITEM06273,SO02092,PROD092,139,392.62
SOITEM06274,SO02092,PROD151,117,179.05
SOITEM06275,SO02092,PROD237,26,1026.87
SOITEM06276,SO02092,PROD418,9,651.35
SOITEM06277,SO02092,PROD039,14,455.23
SOITEM06278,SO02093,PROD126,92,374.01
SOITEM06279,SO02094,PROD498,49,1441.23
SOITEM06280,SO02094,PROD051,140,643.38
SOITEM06281,SO02094,PROD238,105,88.48
SOITEM06282,SO02095,PROD409,134,578.39
SOITEM06283,SO02095,PROD431,66,448.84
SOITEM06284,SO02095,PROD282,113,267.32
SOITEM06285,SO02095,PROD253,14,874.11
SOITEM06286,SO02095,PROD450,15,699.65
SOITEM06287,SO02096,PROD369,96,751.92
SOITEM06288,SO02096,PROD330,144,717.97
SOITEM06289,SO02096,PROD359,52,948.38
SOITEM06290,SO02096,PROD189,134,383.37
SOITEM06291,SO02097,PROD052,47,594.73
SOITEM06292,SO02097,PROD239,125,694.49
SOITEM06293,SO02098,PROD108,131,38.13
SOITEM06294,SO02098,PROD264,37,576.49
SOITEM06295,SO02098,PROD286,34,1182.9
SOITEM06296,SO02099,PROD207,5,764.66
SOITEM06297,SO02100,PROD259,74,1293.76
SOITEM06298,SO02100,PROD385,69,462.64
SOITEM06299,SO02100,PROD393,144,663.76
SOITEM06300,SO02101,PROD045,54,157.89
SOITEM06301,SO02101,PROD232,55,224.33
SOITEM06302,SO02102,PROD436,146,618.73
SOITEM06303,SO02102,PROD090,12,604.66
SOITEM06304,SO02102,PROD143,123,280.77
SOITEM06305,SO02103,PROD172,135,415.49
SOITEM06306,SO02103,PROD429,98,101.2
SOITEM06307,SO02104,PROD496,72,782.95
SOITEM06308,SO02104,PROD251,67,1241.42
SOITEM06309,SO02104,PROD381,79,179.0
SOITEM06310,SO02104,PROD470,40,973.75
SOITEM06311,SO02104,PROD499,18,197.97
SOITEM06312,SO02105,PROD147,6,623.69
SOITEM06313,SO02105,PROD029,95,419.03
SOITEM06314,SO02105,PROD418,15,651.35
SOITEM06315,SO02106,PROD030,120,144.7
SOITEM06316,SO02106,PROD101,64,579.34
SOITEM06317,SO02107,PROD197,49,1098.89
SOITEM06318,SO02107,PROD467,92,642.67
SOITEM06319,SO02107,PROD399,46,194.51
SOITEM06320,SO02107,PROD291,114,348.49
SOITEM06321,SO02108,PROD435,27,1222.59
SOITEM06322,SO02108,PROD131,138,582.87
SOITEM06323,SO02109,PROD092,13,392.62
SOITEM06324,SO02109,PROD478,19,852.64
SOITEM06325,SO02109,PROD352,41,1269.95
SOITEM06326,SO02109,PROD260,22,685.07
SOITEM06327,SO02109,PROD232,60,224.33
SOITEM06328,SO02110,PROD309,48,656.43
SOITEM06329,SO02110,PROD297,58,213.96
SOITEM06330,SO02110,PROD291,44,348.49
SOITEM06331,SO02110,PROD402,60,456.95
SOITEM06332,SO02111,PROD144,89,1097.61
SOITEM06333,SO02111,PROD497,29,982.67
SOITEM06334,SO02111,PROD347,46,89.12
SOITEM06335,SO02111,PROD330,42,717.97
SOITEM06336,SO02111,PROD149,124,175.78
SOITEM06337,SO02112,PROD417,112,1285.07
SOITEM06338,SO02112,PROD274,114,356.83
SOITEM06339,SO02113,PROD148,37,35.33
SOITEM06340,SO02113,PROD333,5,559.55
SOITEM06341,SO02114,PROD053,99,626.38
SOITEM06342,SO02114,PROD119,44,106.06
SOITEM06343,SO02115,PROD090,85,604.66
SOITEM06344,SO02115,PROD281,34,882.78
SOITEM06345,SO02115,PROD318,27,738.15
SOITEM06346,SO02115,PROD299,135,529.69
SOITEM06347,SO02115,PROD257,115,314.51
SOITEM06348,SO02116,PROD138,24,995.03
SOITEM06349,SO02116,PROD066,30,147.63
SOITEM06350,SO02116,PROD103,47,420.13
SOITEM06351,SO02117,PROD231,136,1048.32
SOITEM06352,SO02117,PROD139,76,241.64
SOITEM06353,SO02117,PROD495,106,114.6
SOITEM06354,SO02118,PROD367,92,698.04
SOITEM06355,SO02118,PROD167,11,1146.21
SOITEM06356,SO02119,PROD137,37,1053.76
SOITEM06357,SO02119,PROD119,91,106.06
SOITEM06358,SO02119,PROD131,75,582.87
SOITEM06359,SO02120,PROD005,21,932.3
SOITEM06360,SO02120,PROD485,25,1226.75
SOITEM06361,SO02120,PROD275,97,491.51
SOITEM06362,SO02120,PROD187,83,1251.4
SOITEM06363,SO02121,PROD354,100,1247.88
SOITEM06364,SO02121,PROD426,7,546.15
SOITEM06365,SO02121,PROD429,80,101.2
SOITEM06366,SO02122,PROD132,81,1113.2
SOITEM06367,SO02122,PROD432,44,690.84
SOITEM06368,SO02122,PROD088,43,1348.83
SOITEM06369,SO02122,PROD175,133,365.38
SOITEM06370,SO02123,PROD079,48,1070.31
SOITEM06371,SO02123,PROD216,150,202.05
SOITEM06372,SO02123,PROD002,127,1680.23
SOITEM06373,SO02124,PROD288,87,1233.87
SOITEM06374,SO02124,PROD013,121,1004.23
SOITEM06375,SO02124,PROD417,113,1285.07
SOITEM06376,SO02125,PROD343,55,580.3
SOITEM06377,SO02125,PROD421,58,1053.38
SOITEM06378,SO02126,PROD267,106,693.98
SOITEM06379,SO02126,PROD282,28,267.32
SOITEM06380,SO02126,PROD310,26,1114.33
SOITEM06381,SO02126,PROD233,18,1163.32
SOITEM06382,SO02127,PROD499,14,197.97
SOITEM06383,SO02127,PROD103,46,420.13
SOITEM06384,SO02128,PROD447,93,972.98
SOITEM06385,SO02128,PROD369,67,751.92
SOITEM06386,SO02128,PROD423,98,1272.27
SOITEM06387,SO02129,PROD426,145,546.15
SOITEM06388,SO02129,PROD435,95,1222.59
SOITEM06389,SO02129,PROD297,123,213.96
SOITEM06390,SO02130,PROD042,72,239.5
SOITEM06391,SO02131,PROD326,96,68.46
SOITEM06392,SO02131,PROD121,93,953.07
SOITEM06393,SO02131,PROD285,35,653.85
SOITEM06394,SO02131,PROD363,93,790.74
SOITEM06395,SO02132,PROD458,108,671.32
SOITEM06396,SO02132,PROD130,113,466.72
SOITEM06397,SO02133,PROD482,6,261.56
SOITEM06398,SO02133,PROD004,140,1203.62
SOITEM06399,SO02133,PROD134,28,332.59
SOITEM06400,SO02133,PROD278,49,364.44
SOITEM06401,SO02134,PROD357,115,1000.2
SOITEM06402,SO02134,PROD143,8,280.77
SOITEM06403,SO02135,PROD188,111,575.31
SOITEM06404,SO02135,PROD223,65,230.59
SOITEM06405,SO02135,PROD473,35,352.49
SOITEM06406,SO02135,PROD469,21,1205.87
SOITEM06407,SO02136,PROD279,92,328.09
SOITEM06408,SO02136,PROD190,121,1394.38
SOITEM06409,SO02137,PROD352,62,1269.95
SOITEM06410,SO02137,PROD403,137,964.43
SOITEM06411,SO02138,PROD054,130,1320.94
SOITEM06412,SO02138,PROD408,108,1109.12
SOITEM06413,SO02138,PROD147,103,623.69
SOITEM06414,SO02139,PROD136,89,486.56
SOITEM06415,SO02139,PROD221,32,494.14
SOITEM06416,SO02139,PROD045,11,157.89
SOITEM06417,SO02140,PROD476,31,1357.77
SOITEM06418,SO02140,PROD227,121,977.2
SOITEM06419,SO02141,PROD097,22,1356.93
SOITEM06420,SO02141,PROD345,53,782.66
SOITEM06421,SO02141,PROD472,134,887.42
SOITEM06422,SO02141,PROD051,118,643.38
SOITEM06423,SO02141,PROD476,87,1357.77
SOITEM06424,SO02142,PROD326,110,68.46
SOITEM06425,SO02142,PROD002,31,1680.23
SOITEM06426,SO02143,PROD468,130,568.43
SOITEM06427,SO02144,PROD081,102,746.49
SOITEM06428,SO02144,PROD442,78,1012.49
SOITEM06429,SO02144,PROD059,20,745.03
SOITEM06430,SO02144,PROD220,25,822.57
SOITEM06431,SO02145,PROD289,92,686.66
SOITEM06432,SO02146,PROD233,141,1163.32
SOITEM06433,SO02146,PROD314,12,1602.76
SOITEM06434,SO02146,PROD385,133,462.64
SOITEM06435,SO02146,PROD243,54,1157.77
SOITEM06436,SO02146,PROD072,131,1040.98
SOITEM06437,SO02147,PROD055,141,615.27
SOITEM06438,SO02147,PROD201,148,258.6
SOITEM06439,SO02147,PROD370,56,305.22
SOITEM06440,SO02148,PROD055,146,615.27
SOITEM06441,SO02148,PROD157,36,122.44
SOITEM06442,SO02149,PROD015,106,351.11
SOITEM06443,SO02149,PROD385,75,462.64
SOITEM06444,SO02149,PROD350,108,605.73
SOITEM06445,SO02149,PROD123,95,471.66
SOITEM06446,SO02150,PROD323,97,536.07
SOITEM06447,SO02150,PROD401,40,127.69
SOITEM06448,SO02150,PROD023,132,218.64
SOITEM06449,SO02151,PROD159,83,1098.12
SOITEM06450,SO02151,PROD469,125,1205.87
SOITEM06451,SO02151,PROD101,128,579.34
SOITEM06452,SO02151,PROD463,147,606.23
SOITEM06453,SO02151,PROD167,19,1146.21
SOITEM06454,SO02152,PROD006,103,1039.67
SOITEM06455,SO02152,PROD251,149,1241.42
SOITEM06456,SO02152,PROD152,60,1109.49
SOITEM06457,SO02152,PROD274,91,356.83
SOITEM06458,SO02153,PROD249,73,713.13
SOITEM06459,SO02153,PROD369,119,751.92
SOITEM06460,SO02153,PROD283,33,922.05
SOITEM06461,SO02154,PROD491,25,136.1
SOITEM06462,SO02154,PROD166,77,590.1
SOITEM06463,SO02154,PROD293,82,921.24
SOITEM06464,SO02155,PROD364,36,49.06
SOITEM06465,SO02155,PROD101,43,579.34
SOITEM06466,SO02156,PROD391,45,1014.36
SOITEM06467,SO02156,PROD131,130,582.87
SOITEM06468,SO02156,PROD422,72,1631.47
SOITEM06469,SO02157,PROD289,102,686.66
SOITEM06470,SO02157,PROD053,87,626.38
SOITEM06471,SO02157,PROD185,81,78.88
SOITEM06472,SO02158,PROD412,60,1313.15
SOITEM06473,SO02158,PROD247,122,1575.9
SOITEM06474,SO02158,PROD484,52,1421.85
SOITEM06475,SO02159,PROD413,56,887.22
SOITEM06476,SO02160,PROD062,86,364.93
SOITEM06477,SO02160,PROD269,9,952.08
SOITEM06478,SO02160,PROD448,79,1205.41
SOITEM06479,SO02161,PROD199,131,77.66
SOITEM06480,SO02161,PROD011,8,1380.35
SOITEM06481,SO02161,PROD203,139,294.21
SOITEM06482,SO02162,PROD138,37,995.03
SOITEM06483,SO02162,PROD016,148,1166.68
SOITEM06484,SO02162,PROD261,60,1709.04
SOITEM06485,SO02163,PROD345,51,782.66
SOITEM06486,SO02163,PROD296,125,1262.57
SOITEM06487,SO02164,PROD286,86,1182.9
SOITEM06488,SO02164,PROD458,131,671.32
SOITEM06489,SO02164,PROD308,11,698.97
SOITEM06490,SO02164,PROD431,41,448.84
SOITEM06491,SO02164,PROD092,107,392.62
SOITEM06492,SO02165,PROD086,130,999.94
SOITEM06493,SO02165,PROD181,24,994.75
SOITEM06494,SO02166,PROD371,36,548.86
SOITEM06495,SO02167,PROD208,142,1030.06
SOITEM06496,SO02167,PROD117,102,276.44
SOITEM06497,SO02167,PROD312,15,448.06
SOITEM06498,SO02167,PROD228,61,1114.81
SOITEM06499,SO02168,PROD123,109,471.66
SOITEM06500,SO02168,PROD315,142,477.79
SOITEM06501,SO02168,PROD371,47,548.86
SOITEM06502,SO02169,PROD097,110,1356.93
SOITEM06503,SO02169,PROD496,23,782.95
SOITEM06504,SO02169,PROD107,91,760.64
SOITEM06505,SO02170,PROD006,54,1039.67
SOITEM06506,SO02170,PROD027,12,523.24
SOITEM06507,SO02171,PROD042,108,239.5
SOITEM06508,SO02171,PROD165,145,668.55
SOITEM06509,SO02171,PROD284,129,1138.02
SOITEM06510,SO02172,PROD420,121,932.93
SOITEM06511,SO02172,PROD280,86,1166.65
SOITEM06512,SO02173,PROD350,144,605.73
SOITEM06513,SO02173,PROD099,67,370.78
SOITEM06514,SO02173,PROD387,9,980.89
SOITEM06515,SO02173,PROD050,38,1340.67
SOITEM06516,SO02174,PROD252,44,1563.98
SOITEM06517,SO02174,PROD123,6,471.66
SOITEM06518,SO02174,PROD417,141,1285.07
SOITEM06519,SO02174,PROD327,58,117.75
SOITEM06520,SO02175,PROD194,52,956.58
SOITEM06521,SO02175,PROD360,41,17.56
SOITEM06522,SO02176,PROD120,27,158.19
SOITEM06523,SO02177,PROD259,37,1293.76
SOITEM06524,SO02177,PROD423,20,1272.27
SOITEM06525,SO02178,PROD049,21,1093.93
SOITEM06526,SO02179,PROD282,99,267.32
SOITEM06527,SO02179,PROD352,127,1269.95
SOITEM06528,SO02179,PROD418,20,651.35
SOITEM06529,SO02179,PROD378,31,153.55
SOITEM06530,SO02179,PROD424,100,446.5
SOITEM06531,SO02180,PROD209,32,857.85
SOITEM06532,SO02180,PROD242,150,651.23
SOITEM06533,SO02181,PROD123,7,471.66
SOITEM06534,SO02181,PROD437,47,1348.75
SOITEM06535,SO02182,PROD270,57,155.77
SOITEM06536,SO02182,PROD024,40,649.2
SOITEM06537,SO02182,PROD406,118,455.97
SOITEM06538,SO02183,PROD382,149,439.42
SOITEM06539,SO02183,PROD376,109,736.67
SOITEM06540,SO02183,PROD475,116,622.41
SOITEM06541,SO02184,PROD035,77,985.83
SOITEM06542,SO02184,PROD105,22,454.18
SOITEM06543,SO02184,PROD234,45,929.92
SOITEM06544,SO02185,PROD037,101,1311.32
SOITEM06545,SO02185,PROD337,129,1315.07
SOITEM06546,SO02185,PROD227,59,977.2
SOITEM06547,SO02185,PROD177,91,297.71
SOITEM06548,SO02185,PROD342,16,753.8
SOITEM06549,SO02186,PROD443,7,556.93
SOITEM06550,SO02187,PROD346,61,1325.55
SOITEM06551,SO02187,PROD353,10,506.01
SOITEM06552,SO02188,PROD345,140,782.66
SOITEM06553,SO02188,PROD015,50,351.11
SOITEM06554,SO02188,PROD435,76,1222.59
SOITEM06555,SO02188,PROD229,30,1354.19
SOITEM06556,SO02188,PROD144,145,1097.61
SOITEM06557,SO02188,PROD492,59,1562.48
SOITEM06558,SO02188,PROD262,60,87.94
SOITEM06559,SO02189,PROD243,21,1157.77
SOITEM06560,SO02189,PROD348,9,788.76
SOITEM06561,SO02190,PROD376,40,736.67
SOITEM06562,SO02190,PROD142,124,1235.3
SOITEM06563,SO02190,PROD380,49,886.05
SOITEM06564,SO02191,PROD293,99,921.24
SOITEM06565,SO02191,PROD416,142,1288.06
SOITEM06566,SO02192,PROD054,24,1320.94
SOITEM06567,SO02192,PROD185,123,78.88
SOITEM06568,SO02192,PROD408,77,1109.12
SOITEM06569,SO02193,PROD210,109,1031.08
SOITEM06570,SO02193,PROD068,142,1350.64
SOITEM06571,SO02193,PROD066,112,147.63
SOITEM06572,SO02193,PROD010,128,158.98
SOITEM06573,SO02194,PROD321,21,1229.41
SOITEM06574,SO02194,PROD274,100,356.83
SOITEM06575,SO02194,PROD306,46,456.87
SOITEM06576,SO02194,PROD137,68,1053.76
SOITEM06577,SO02195,PROD497,20,982.67
SOITEM06578,SO02195,PROD476,39,1357.77
SOITEM06579,SO02196,PROD202,99,976.76
SOITEM06580,SO02196,PROD367,32,698.04
SOITEM06581,SO02196,PROD392,97,1608.86
SOITEM06582,SO02196,PROD206,22,1118.26
SOITEM06583,SO02197,PROD388,58,793.41
SOITEM06584,SO02197,PROD082,115,1118.92
SOITEM06585,SO02197,PROD125,105,791.95
SOITEM06586,SO02197,PROD344,112,1487.38
SOITEM06587,SO02197,PROD145,77,414.97
SOITEM06588,SO02198,PROD221,6,494.14
SOITEM06589,SO02198,PROD466,60,1181.87
SOITEM06590,SO02198,PROD172,66,415.49
SOITEM06591,SO02199,PROD399,17,194.51
SOITEM06592,SO02200,PROD355,108,437.91
SOITEM06593,SO02200,PROD069,94,1166.98
SOITEM06594,SO02200,PROD230,14,678.56
SOITEM06595,SO02200,PROD408,105,1109.12
SOITEM06596,SO02201,PROD449,133,1451.26
SOITEM06597,SO02201,PROD356,92,85.93
SOITEM06598,SO02202,PROD357,111,1000.2
SOITEM06599,SO02202,PROD319,64,70.29
SOITEM06600,SO02202,PROD329,38,344.07
SOITEM06601,SO02203,PROD494,91,806.62
SOITEM06602,SO02203,PROD063,129,1079.94
SOITEM06603,SO02203,PROD312,101,448.06
SOITEM06604,SO02203,PROD133,65,593.57
SOITEM06605,SO02203,PROD370,70,305.22
SOITEM06606,SO02204,PROD396,22,858.34
SOITEM06607,SO02204,PROD255,49,91.9
SOITEM06608,SO02205,PROD061,118,862.09
SOITEM06609,SO02205,PROD311,124,776.52
SOITEM06610,SO02205,PROD115,20,1294.8
SOITEM06611,SO02205,PROD479,106,710.31
SOITEM06612,SO02206,PROD373,25,1408.52
SOITEM06613,SO02206,PROD025,145,389.26
SOITEM06614,SO02207,PROD451,150,1215.34
SOITEM06615,SO02207,PROD197,56,1098.89
SOITEM06616,SO02207,PROD336,73,1309.51
SOITEM06617,SO02207,PROD300,27,731.42
SOITEM06618,SO02208,PROD250,37,976.03
SOITEM06619,SO02208,PROD392,120,1608.86
SOITEM06620,SO02208,PROD347,75,89.12
SOITEM06621,SO02208,PROD085,38,816.42
SOITEM06622,SO02208,PROD136,13,486.56
SOITEM06623,SO02209,PROD263,50,963.97
SOITEM06624,SO02209,PROD462,123,334.33
SOITEM06625,SO02209,PROD152,35,1109.49
SOITEM06626,SO02210,PROD225,107,1254.65
SOITEM06627,SO02210,PROD433,83,938.56
SOITEM06628,SO02210,PROD176,147,66.66
SOITEM06629,SO02210,PROD451,112,1215.34
SOITEM06630,SO02211,PROD424,141,446.5
SOITEM06631,SO02211,PROD114,64,272.02
SOITEM06632,SO02211,PROD212,101,427.61
SOITEM06633,SO02211,PROD142,26,1235.3
SOITEM06634,SO02212,PROD452,8,614.75
SOITEM06635,SO02212,PROD257,20,314.51
SOITEM06636,SO02212,PROD263,44,963.97
SOITEM06637,SO02212,PROD321,99,1229.41
SOITEM06638,SO02212,PROD499,32,197.97
SOITEM06639,SO02212,PROD245,140,932.89
SOITEM06640,SO02213,PROD444,105,692.28
SOITEM06641,SO02213,PROD461,16,210.86
SOITEM06642,SO02214,PROD135,34,939.41
SOITEM06643,SO02214,PROD150,5,1019.28
SOITEM06644,SO02214,PROD036,48,685.85
SOITEM06645,SO02214,PROD436,49,618.73
SOITEM06646,SO02214,PROD446,13,167.07
SOITEM06647,SO02214,PROD499,23,197.97
SOITEM06648,SO02215,PROD013,40,1004.23
SOITEM06649,SO02215,PROD324,43,366.94
SOITEM06650,SO02215,PROD452,140,614.75
SOITEM06651,SO02215,PROD294,53,442.63
SOITEM06652,SO02216,PROD320,49,1145.37
SOITEM06653,SO02216,PROD447,112,972.98
SOITEM06654,SO02216,PROD250,67,976.03
SOITEM06655,SO02216,PROD475,66,622.41
SOITEM06656,SO02217,PROD462,57,334.33
SOITEM06657,SO02217,PROD027,48,523.24
SOITEM06658,SO02217,PROD431,143,448.84
SOITEM06659,SO02217,PROD007,87,139.72
SOITEM06660,SO02217,PROD079,46,1070.31
SOITEM06661,SO02218,PROD200,74,569.37
SOITEM06662,SO02218,PROD430,29,1060.12
SOITEM06663,SO02218,PROD071,128,915.07
SOITEM06664,SO02218,PROD067,82,1491.41
SOITEM06665,SO02219,PROD206,136,1118.26
SOITEM06666,SO02219,PROD138,133,995.03
SOITEM06667,SO02220,PROD223,48,230.59
SOITEM06668,SO02220,PROD312,8,448.06
SOITEM06669,SO02220,PROD013,49,1004.23
SOITEM06670,SO02221,PROD012,73,1613.13
SOITEM06671,SO02221,PROD424,85,446.5
SOITEM06672,SO02221,PROD405,16,53.91
SOITEM06673,SO02221,PROD421,147,1053.38
SOITEM06674,SO02222,PROD494,115,806.62
SOITEM06675,SO02223,PROD235,47,1700.42
SOITEM06676,SO02223,PROD283,130,922.05
SOITEM06677,SO02224,PROD296,130,1262.57
SOITEM06678,SO02224,PROD270,79,155.77
SOITEM06679,SO02224,PROD097,85,1356.93
SOITEM06680,SO02224,PROD358,62,769.81
SOITEM06681,SO02225,PROD096,14,1145.68
SOITEM06682,SO02225,PROD197,142,1098.89
SOITEM06683,SO02225,PROD278,93,364.44
SOITEM06684,SO02225,PROD137,111,1053.76
SOITEM06685,SO02225,PROD386,79,559.89
SOITEM06686,SO02225,PROD314,55,1602.76
SOITEM06687,SO02226,PROD480,63,967.75
SOITEM06688,SO02226,PROD170,35,1202.0
SOITEM06689,SO02227,PROD390,50,979.43
SOITEM06690,SO02227,PROD394,120,1287.33
SOITEM06691,SO02227,PROD273,17,145.43
SOITEM06692,SO02228,PROD431,82,448.84
SOITEM06693,SO02228,PROD397,91,72.85
SOITEM06694,SO02229,PROD169,60,916.57
SOITEM06695,SO02229,PROD140,39,949.14
SOITEM06696,SO02229,PROD061,64,862.09
SOITEM06697,SO02230,PROD094,99,248.06
SOITEM06698,SO02231,PROD306,54,456.87
SOITEM06699,SO02231,PROD343,72,580.3
SOITEM06700,SO02231,PROD237,81,1026.87
SOITEM06701,SO02231,PROD112,90,1586.71
SOITEM06702,SO02231,PROD351,42,407.92
SOITEM06703,SO02232,PROD076,20,182.76
SOITEM06704,SO02232,PROD144,95,1097.61
SOITEM06705,SO02232,PROD075,47,908.01
SOITEM06706,SO02233,PROD332,8,138.49
SOITEM06707,SO02233,PROD396,120,858.34
SOITEM06708,SO02233,PROD262,101,87.94
SOITEM06709,SO02233,PROD313,34,1083.11
SOITEM06710,SO02233,PROD485,68,1226.75
SOITEM06711,SO02234,PROD244,63,128.7
SOITEM06712,SO02234,PROD360,91,17.56
SOITEM06713,SO02234,PROD197,79,1098.89
SOITEM06714,SO02235,PROD005,45,932.3
SOITEM06715,SO02235,PROD362,116,1010.26
SOITEM06716,SO02236,PROD215,45,846.19
SOITEM06717,SO02236,PROD300,127,731.42
SOITEM06718,SO02236,PROD185,5,78.88
SOITEM06719,SO02236,PROD053,85,626.38
SOITEM06720,SO02237,PROD098,64,839.21
SOITEM06721,SO02237,PROD325,137,1272.26
SOITEM06722,SO02237,PROD011,51,1380.35
SOITEM06723,SO02237,PROD395,20,314.97
SOITEM06724,SO02238,PROD301,33,258.38
SOITEM06725,SO02238,PROD007,20,139.72
SOITEM06726,SO02238,PROD431,148,448.84
SOITEM06727,SO02238,PROD046,17,646.5
SOITEM06728,SO02239,PROD454,33,72.36
SOITEM06729,SO02239,PROD087,5,382.43
SOITEM06730,SO02240,PROD247,135,1575.9
SOITEM06731,SO02241,PROD239,46,694.49
SOITEM06732,SO02241,PROD258,113,461.24
SOITEM06733,SO02242,PROD041,105,1345.28
SOITEM06734,SO02242,PROD447,50,972.98
SOITEM06735,SO02242,PROD414,77,1110.59
SOITEM06736,SO02242,PROD464,40,1205.08
SOITEM06737,SO02243,PROD470,127,973.75
SOITEM06738,SO02243,PROD114,27,272.02
SOITEM06739,SO02243,PROD262,86,87.94
SOITEM06740,SO02243,PROD247,82,1575.9
SOITEM06741,SO02243,PROD026,45,693.39
SOITEM06742,SO02244,PROD282,56,267.32
SOITEM06743,SO02245,PROD241,21,876.44
SOITEM06744,SO02246,PROD169,108,916.57
SOITEM06745,SO02246,PROD160,59,746.32
SOITEM06746,SO02246,PROD131,51,582.87
SOITEM06747,SO02246,PROD405,72,53.91
SOITEM06748,SO02247,PROD208,84,1030.06
SOITEM06749,SO02247,PROD030,129,144.7
SOITEM06750,SO02248,PROD079,10,1070.31
SOITEM06751,SO02248,PROD095,8,200.83
SOITEM06752,SO02248,PROD460,32,139.11
SOITEM06753,SO02248,PROD013,79,1004.23
SOITEM06754,SO02248,PROD429,62,101.2
SOITEM06755,SO02249,PROD223,118,230.59
SOITEM06756,SO02249,PROD329,11,344.07
SOITEM06757,SO02249,PROD032,115,445.25
SOITEM06758,SO02249,PROD309,122,656.43
SOITEM06759,SO02250,PROD083,32,874.47
SOITEM06760,SO02250,PROD140,60,949.14
SOITEM06761,SO02251,PROD416,73,1288.06
SOITEM06762,SO02251,PROD007,49,139.72
SOITEM06763,SO02251,PROD190,57,1394.38
SOITEM06764,SO02252,PROD039,145,455.23
SOITEM06765,SO02252,PROD183,36,1162.93
SOITEM06766,SO02252,PROD062,65,364.93
SOITEM06767,SO02253,PROD278,33,364.44
SOITEM06768,SO02253,PROD328,97,1354.07
SOITEM06769,SO02253,PROD264,26,576.49
SOITEM06770,SO02254,PROD377,7,829.67
SOITEM06771,SO02255,PROD367,150,698.04
SOITEM06772,SO02256,PROD077,128,862.64
SOITEM06773,SO02256,PROD283,104,922.05
SOITEM06774,SO02256,PROD367,145,698.04
SOITEM06775,SO02257,PROD388,37,793.41
SOITEM06776,SO02257,PROD053,147,626.38
SOITEM06777,SO02257,PROD217,52,487.55
SOITEM06778,SO02258,PROD073,64,800.29
SOITEM06779,SO02258,PROD134,79,332.59
SOITEM06780,SO02259,PROD498,86,1441.23
SOITEM06781,SO02259,PROD344,149,1487.38
SOITEM06782,SO02259,PROD321,63,1229.41
SOITEM06783,SO02259,PROD102,43,1028.11
SOITEM06784,SO02259,PROD360,97,17.56
SOITEM06785,SO02260,PROD373,103,1408.52
SOITEM06786,SO02260,PROD164,65,111.31
SOITEM06787,SO02260,PROD138,40,995.03
SOITEM06788,SO02260,PROD399,27,194.51
SOITEM06789,SO02261,PROD441,40,433.21
SOITEM06790,SO02261,PROD391,114,1014.36
SOITEM06791,SO02261,PROD442,146,1012.49
SOITEM06792,SO02261,PROD385,112,462.64
SOITEM06793,SO02261,PROD201,29,258.6
SOITEM06794,SO02262,PROD444,14,692.28
SOITEM06795,SO02262,PROD242,130,651.23
SOITEM06796,SO02262,PROD215,131,846.19
SOITEM06797,SO02263,PROD289,110,686.66
SOITEM06798,SO02263,PROD198,132,220.57
SOITEM06799,SO02263,PROD351,79,407.92
SOITEM06800,SO02263,PROD443,60,556.93
SOITEM06801,SO02263,PROD081,64,746.49
SOITEM06802,SO02263,PROD267,55,693.98
SOITEM06803,SO02264,PROD310,138,1114.33
SOITEM06804,SO02265,PROD389,19,939.57
SOITEM06805,SO02265,PROD408,83,1109.12
SOITEM06806,SO02265,PROD285,106,653.85
SOITEM06807,SO02265,PROD263,46,963.97
SOITEM06808,SO02266,PROD016,33,1166.68
SOITEM06809,SO02266,PROD448,88,1205.41
SOITEM06810,SO02266,PROD127,61,160.45
SOITEM06811,SO02267,PROD373,54,1408.52
SOITEM06812,SO02268,PROD155,128,194.11
SOITEM06813,SO02268,PROD371,91,548.86
SOITEM06814,SO02268,PROD260,24,685.07
SOITEM06815,SO02268,PROD171,120,1035.14
SOITEM06816,SO02268,PROD339,73,804.84
SOITEM06817,SO02269,PROD422,110,1631.47
SOITEM06818,SO02269,PROD095,37,200.83
SOITEM06819,SO02270,PROD353,31,506.01
SOITEM06820,SO02270,PROD457,81,1199.55
SOITEM06821,SO02270,PROD127,98,160.45
SOITEM06822,SO02271,PROD096,136,1145.68
SOITEM06823,SO02271,PROD166,113,590.1
SOITEM06824,SO02272,PROD352,72,1269.95
SOITEM06825,SO02272,PROD473,107,352.49
SOITEM06826,SO02273,PROD001,34,1065.76
SOITEM06827,SO02273,PROD276,9,254.24
SOITEM06828,SO02274,PROD182,82,345.97
SOITEM06829,SO02275,PROD331,89,825.64
SOITEM06830,SO02275,PROD496,15,782.95
SOITEM06831,SO02275,PROD435,140,1222.59
SOITEM06832,SO02276,PROD441,142,433.21
SOITEM06833,SO02276,PROD325,9,1272.26
SOITEM06834,SO02277,PROD352,80,1269.95
SOITEM06835,SO02277,PROD060,127,670.1
SOITEM06836,SO02277,PROD178,28,251.85
SOITEM06837,SO02278,PROD239,20,694.49
SOITEM06838,SO02278,PROD493,68,314.62
SOITEM06839,SO02279,PROD057,84,1187.66
SOITEM06840,SO02279,PROD046,39,646.5
SOITEM06841,SO02279,PROD466,121,1181.87
SOITEM06842,SO02279,PROD391,24,1014.36
SOITEM06843,SO02279,PROD300,16,731.42
SOITEM06844,SO02280,PROD470,58,973.75
SOITEM06845,SO02280,PROD486,43,81.21
SOITEM06846,SO02280,PROD005,147,932.3
SOITEM06847,SO02280,PROD223,125,230.59
SOITEM06848,SO02281,PROD180,74,941.04
SOITEM06849,SO02281,PROD300,91,731.42
SOITEM06850,SO02282,PROD293,91,921.24
SOITEM06851,SO02282,PROD326,87,68.46
SOITEM06852,SO02283,PROD416,32,1288.06
SOITEM06853,SO02284,PROD243,20,1157.77
SOITEM06854,SO02284,PROD355,12,437.91
SOITEM06855,SO02284,PROD161,31,27.23
SOITEM06856,SO02285,PROD101,105,579.34
SOITEM06857,SO02285,PROD457,70,1199.55
SOITEM06858,SO02285,PROD321,76,1229.41
SOITEM06859,SO02286,PROD085,11,816.42
SOITEM06860,SO02286,PROD114,68,272.02
SOITEM06861,SO02286,PROD008,6,1090.21
SOITEM06862,SO02287,PROD333,16,559.55
SOITEM06863,SO02287,PROD088,139,1348.83
SOITEM06864,SO02287,PROD444,45,692.28
SOITEM06865,SO02287,PROD499,56,197.97
SOITEM06866,SO02288,PROD263,136,963.97
SOITEM06867,SO02288,PROD274,145,356.83
SOITEM06868,SO02288,PROD489,63,924.46
SOITEM06869,SO02289,PROD102,135,1028.11
SOITEM06870,SO02290,PROD467,21,642.67
SOITEM06871,SO02290,PROD424,43,446.5
SOITEM06872,SO02290,PROD136,33,486.56
SOITEM06873,SO02290,PROD141,22,1138.72
SOITEM06874,SO02291,PROD446,33,167.07
SOITEM06875,SO02291,PROD074,132,1276.05
SOITEM06876,SO02292,PROD464,110,1205.08
SOITEM06877,SO02292,PROD392,5,1608.86
SOITEM06878,SO02293,PROD369,10,751.92
SOITEM06879,SO02293,PROD457,45,1199.55
SOITEM06880,SO02293,PROD109,34,294.07
SOITEM06881,SO02293,PROD340,90,1164.05
SOITEM06882,SO02293,PROD293,84,921.24
SOITEM06883,SO02294,PROD079,134,1070.31
SOITEM06884,SO02295,PROD057,34,1187.66
SOITEM06885,SO02295,PROD073,13,800.29
SOITEM06886,SO02296,PROD096,43,1145.68
SOITEM06887,SO02296,PROD351,55,407.92
SOITEM06888,SO02296,PROD134,106,332.59
SOITEM06889,SO02296,PROD346,6,1325.55
SOITEM06890,SO02296,PROD144,41,1097.61
SOITEM06891,SO02297,PROD358,120,769.81
SOITEM06892,SO02297,PROD087,31,382.43
SOITEM06893,SO02297,PROD306,47,456.87
SOITEM06894,SO02297,PROD063,68,1079.94
SOITEM06895,SO02298,PROD492,83,1562.48
SOITEM06896,SO02298,PROD166,5,590.1
SOITEM06897,SO02298,PROD424,54,446.5
SOITEM06898,SO02298,PROD170,76,1202.0
SOITEM06899,SO02298,PROD453,63,159.85
SOITEM06900,SO02299,PROD397,32,72.85
SOITEM06901,SO02299,PROD277,76,1103.6
SOITEM06902,SO02299,PROD214,145,759.99
SOITEM06903,SO02300,PROD210,106,1031.08
SOITEM06904,SO02300,PROD191,55,1024.15
SOITEM06905,SO02301,PROD127,86,160.45
SOITEM06906,SO02301,PROD261,89,1709.04
SOITEM06907,SO02301,PROD346,111,1325.55
SOITEM06908,SO02301,PROD247,120,1575.9
SOITEM06909,SO02302,PROD094,64,248.06
SOITEM06910,SO02302,PROD285,54,653.85
SOITEM06911,SO02302,PROD067,75,1491.41
SOITEM06912,SO02303,PROD356,28,85.93
SOITEM06913,SO02303,PROD129,83,726.96
SOITEM06914,SO02303,PROD244,49,128.7
SOITEM06915,SO02304,PROD042,96,239.5
SOITEM06916,SO02304,PROD377,77,829.67
SOITEM06917,SO02304,PROD420,30,932.93
SOITEM06918,SO02304,PROD099,79,370.78
SOITEM06919,SO02305,PROD330,27,717.97
SOITEM06920,SO02305,PROD375,25,1156.42
SOITEM06921,SO02306,PROD472,110,887.42
SOITEM06922,SO02306,PROD433,28,938.56
SOITEM06923,SO02307,PROD393,108,663.76
SOITEM06924,SO02307,PROD069,141,1166.98
SOITEM06925,SO02307,PROD326,112,68.46
SOITEM06926,SO02308,PROD245,126,932.89
SOITEM06927,SO02308,PROD074,106,1276.05
SOITEM06928,SO02309,PROD184,136,43.16
SOITEM06929,SO02309,PROD308,77,698.97
SOITEM06930,SO02309,PROD006,137,1039.67
SOITEM06931,SO02309,PROD445,57,910.8
SOITEM06932,SO02310,PROD210,60,1031.08
SOITEM06933,SO02310,PROD305,19,404.92
SOITEM06934,SO02310,PROD137,120,1053.76
SOITEM06935,SO02311,PROD353,17,506.01
SOITEM06936,SO02311,PROD090,126,604.66
SOITEM06937,SO02312,PROD039,124,455.23
SOITEM06938,SO02312,PROD075,136,908.01
SOITEM06939,SO02313,PROD458,42,671.32
SOITEM06940,SO02313,PROD385,108,462.64
SOITEM06941,SO02313,PROD035,149,985.83
SOITEM06942,SO02313,PROD329,95,344.07
SOITEM06943,SO02313,PROD092,27,392.62
SOITEM06944,SO02314,PROD087,82,382.43
SOITEM06945,SO02314,PROD311,82,776.52
SOITEM06946,SO02314,PROD388,41,793.41
SOITEM06947,SO02315,PROD020,91,710.42
SOITEM06948,SO02315,PROD217,129,487.55
SOITEM06949,SO02315,PROD377,31,829.67
SOITEM06950,SO02316,PROD368,60,1015.99
SOITEM06951,SO02316,PROD107,78,760.64
SOITEM06952,SO02317,PROD010,55,158.98
SOITEM06953,SO02317,PROD038,116,1340.93
SOITEM06954,SO02318,PROD151,38,179.05
SOITEM06955,SO02318,PROD254,35,775.1
SOITEM06956,SO02318,PROD133,75,593.57
SOITEM06957,SO02318,PROD367,50,698.04
SOITEM06958,SO02318,PROD402,91,456.95
SOITEM06959,SO02319,PROD233,147,1163.32
SOITEM06960,SO02319,PROD051,12,643.38
SOITEM06961,SO02319,PROD287,80,206.98
SOITEM06962,SO02320,PROD092,149,392.62
SOITEM06963,SO02320,PROD087,114,382.43
SOITEM06964,SO02321,PROD445,126,910.8
SOITEM06965,SO02321,PROD153,9,1158.97
SOITEM06966,SO02321,PROD390,128,979.43
SOITEM06967,SO02322,PROD417,98,1285.07
SOITEM06968,SO02322,PROD305,19,404.92
SOITEM06969,SO02322,PROD479,95,710.31
SOITEM06970,SO02323,PROD114,124,272.02
SOITEM06971,SO02323,PROD395,81,314.97
SOITEM06972,SO02323,PROD429,19,101.2
SOITEM06973,SO02323,PROD045,105,157.89
SOITEM06974,SO02324,PROD318,127,738.15
SOITEM06975,SO02324,PROD026,5,693.39
SOITEM06976,SO02325,PROD032,66,445.25
SOITEM06977,SO02325,PROD240,150,1692.13
SOITEM06978,SO02325,PROD451,129,1215.34
SOITEM06979,SO02325,PROD126,60,374.01
SOITEM06980,SO02326,PROD297,56,213.96
SOITEM06981,SO02326,PROD004,58,1203.62
SOITEM06982,SO02327,PROD342,139,753.8
SOITEM06983,SO02327,PROD299,87,529.69
SOITEM06984,SO02328,PROD197,67,1098.89
SOITEM06985,SO02329,PROD299,17,529.69
SOITEM06986,SO02329,PROD035,15,985.83
SOITEM06987,SO02329,PROD347,35,89.12
SOITEM06988,SO02329,PROD281,133,882.78
SOITEM06989,SO02330,PROD322,95,975.89
SOITEM06990,SO02330,PROD083,36,874.47
SOITEM06991,SO02330,PROD394,74,1287.33
SOITEM06992,SO02330,PROD049,21,1093.93
SOITEM06993,SO02330,PROD266,130,1288.39
SOITEM06994,SO02331,PROD017,27,704.27
SOITEM06995,SO02331,PROD232,121,224.33
SOITEM06996,SO02331,PROD350,129,605.73
SOITEM06997,SO02332,PROD327,97,117.75
SOITEM06998,SO02332,PROD374,106,337.05
SOITEM06999,SO02332,PROD479,133,710.31
SOITEM07000,SO02333,PROD399,18,194.51
SOITEM07001,SO02333,PROD251,19,1241.42
SOITEM07002,SO02333,PROD255,27,91.9
SOITEM07003,SO02333,PROD479,53,710.31
SOITEM07004,SO02333,PROD358,148,769.81
SOITEM07005,SO02333,PROD467,141,642.67
SOITEM07006,SO02334,PROD478,23,852.64
SOITEM07007,SO02335,PROD319,35,70.29
SOITEM07008,SO02335,PROD096,129,1145.68
SOITEM07009,SO02335,PROD033,19,811.2
SOITEM07010,SO02336,PROD193,104,424.1
SOITEM07011,SO02336,PROD302,32,268.83
SOITEM07012,SO02337,PROD421,121,1053.38
SOITEM07013,SO02338,PROD071,139,915.07
SOITEM07014,SO02338,PROD201,28,258.6
SOITEM07015,SO02338,PROD306,62,456.87
SOITEM07016,SO02338,PROD137,68,1053.76
SOITEM07017,SO02339,PROD342,76,753.8
SOITEM07018,SO02339,PROD182,19,345.97
SOITEM07019,SO02339,PROD378,12,153.55
SOITEM07020,SO02340,PROD015,78,351.11
SOITEM07021,SO02340,PROD159,66,1098.12
SOITEM07022,SO02340,PROD069,26,1166.98
SOITEM07023,SO02340,PROD452,112,614.75
SOITEM07024,SO02340,PROD056,109,904.05
SOITEM07025,SO02341,PROD396,70,858.34
SOITEM07026,SO02341,PROD471,11,434.22
SOITEM07027,SO02341,PROD473,55,352.49
SOITEM07028,SO02342,PROD072,143,1040.98
SOITEM07029,SO02343,PROD466,147,1181.87
SOITEM07030,SO02343,PROD426,60,546.15
SOITEM07031,SO02344,PROD010,10,158.98
SOITEM07032,SO02345,PROD261,38,1709.04
SOITEM07033,SO02345,PROD315,149,477.79
SOITEM07034,SO02345,PROD137,35,1053.76
SOITEM07035,SO02345,PROD244,89,128.7
SOITEM07036,SO02346,PROD302,140,268.83
SOITEM07037,SO02347,PROD468,12,568.43
SOITEM07038,SO02348,PROD364,9,49.06
SOITEM07039,SO02348,PROD204,128,134.39
SOITEM07040,SO02349,PROD026,105,693.39
SOITEM07041,SO02349,PROD159,143,1098.12
SOITEM07042,SO02349,PROD133,39,593.57
SOITEM07043,SO02349,PROD039,20,455.23
SOITEM07044,SO02349,PROD171,125,1035.14
SOITEM07045,SO02350,PROD319,76,70.29
SOITEM07046,SO02350,PROD326,19,68.46
SOITEM07047,SO02350,PROD292,35,346.04
SOITEM07048,SO02350,PROD151,137,179.05
SOITEM07049,SO02350,PROD293,138,921.24
SOITEM07050,SO02351,PROD093,63,787.77
SOITEM07051,SO02351,PROD457,102,1199.55
SOITEM07052,SO02351,PROD469,120,1205.87
SOITEM07053,SO02351,PROD393,69,663.76
SOITEM07054,SO02351,PROD452,19,614.75
SOITEM07055,SO02351,PROD409,134,578.39
SOITEM07056,SO02352,PROD020,12,710.42
SOITEM07057,SO02353,PROD176,130,66.66
SOITEM07058,SO02353,PROD387,11,980.89
SOITEM07059,SO02353,PROD361,62,1008.28
SOITEM07060,SO02353,PROD466,81,1181.87
SOITEM07061,SO02354,PROD383,59,541.16
SOITEM07062,SO02354,PROD192,74,1361.16
SOITEM07063,SO02355,PROD307,138,224.9
SOITEM07064,SO02355,PROD455,130,1079.54
SOITEM07065,SO02356,PROD455,146,1079.54
SOITEM07066,SO02356,PROD215,36,846.19
SOITEM07067,SO02357,PROD301,83,258.38
SOITEM07068,SO02357,PROD434,101,1571.95
SOITEM07069,SO02357,PROD272,67,659.27
SOITEM07070,SO02358,PROD132,81,1113.2
SOITEM07071,SO02358,PROD054,114,1320.94
SOITEM07072,SO02358,PROD178,55,251.85
SOITEM07073,SO02358,PROD437,60,1348.75
SOITEM07074,SO02359,PROD019,50,158.03
SOITEM07075,SO02359,PROD045,146,157.89
SOITEM07076,SO02360,PROD156,71,862.99
SOITEM07077,SO02360,PROD103,42,420.13
SOITEM07078,SO02360,PROD425,18,237.61
SOITEM07079,SO02361,PROD035,90,985.83
SOITEM07080,SO02362,PROD178,39,251.85
SOITEM07081,SO02362,PROD198,48,220.57
SOITEM07082,SO02362,PROD161,121,27.23
SOITEM07083,SO02363,PROD215,145,846.19
SOITEM07084,SO02363,PROD323,9,536.07
SOITEM07085,SO02364,PROD028,122,1322.93
SOITEM07086,SO02364,PROD293,6,921.24
SOITEM07087,SO02364,PROD199,136,77.66
SOITEM07088,SO02365,PROD488,139,817.03
SOITEM07089,SO02365,PROD363,7,790.74
SOITEM07090,SO02365,PROD483,114,672.5
SOITEM07091,SO02366,PROD427,37,566.06
SOITEM07092,SO02366,PROD102,134,1028.11
SOITEM07093,SO02366,PROD272,128,659.27
SOITEM07094,SO02367,PROD041,55,1345.28
SOITEM07095,SO02367,PROD351,91,407.92
SOITEM07096,SO02367,PROD496,51,782.95
SOITEM07097,SO02367,PROD227,147,977.2
SOITEM07098,SO02367,PROD078,142,1530.22
SOITEM07099,SO02368,PROD222,30,444.32
SOITEM07100,SO02368,PROD306,11,456.87
SOITEM07101,SO02368,PROD398,11,1174.48
SOITEM07102,SO02368,PROD311,50,776.52
SOITEM07103,SO02368,PROD087,58,382.43
SOITEM07104,SO02368,PROD259,125,1293.76
SOITEM07105,SO02368,PROD256,120,641.32
SOITEM07106,SO02369,PROD107,99,760.64
SOITEM07107,SO02369,PROD150,21,1019.28
SOITEM07108,SO02369,PROD182,109,345.97
SOITEM07109,SO02369,PROD402,57,456.95
SOITEM07110,SO02369,PROD397,140,72.85
SOITEM07111,SO02370,PROD125,118,791.95
SOITEM07112,SO02370,PROD092,34,392.62
SOITEM07113,SO02370,PROD259,15,1293.76
SOITEM07114,SO02370,PROD313,99,1083.11
SOITEM07115,SO02371,PROD415,8,291.45
SOITEM07116,SO02371,PROD040,148,695.59
SOITEM07117,SO02371,PROD060,28,670.1
SOITEM07118,SO02371,PROD039,109,455.23
SOITEM07119,SO02371,PROD388,116,793.41
SOITEM07120,SO02371,PROD274,7,356.83
SOITEM07121,SO02372,PROD499,32,197.97
SOITEM07122,SO02373,PROD154,30,1628.8
SOITEM07123,SO02373,PROD494,73,806.62
SOITEM07124,SO02373,PROD248,65,913.36
SOITEM07125,SO02374,PROD402,77,456.95
SOITEM07126,SO02374,PROD047,12,117.41
SOITEM07127,SO02374,PROD174,56,60.34
SOITEM07128,SO02375,PROD430,20,1060.12
SOITEM07129,SO02375,PROD299,122,529.69
SOITEM07130,SO02375,PROD029,15,419.03
SOITEM07131,SO02376,PROD220,130,822.57
SOITEM07132,SO02376,PROD449,119,1451.26
SOITEM07133,SO02376,PROD069,26,1166.98
SOITEM07134,SO02376,PROD374,146,337.05
SOITEM07135,SO02377,PROD450,20,699.65
SOITEM07136,SO02377,PROD102,33,1028.11
SOITEM07137,SO02378,PROD028,42,1322.93
SOITEM07138,SO02378,PROD314,127,1602.76
SOITEM07139,SO02378,PROD345,83,782.66
SOITEM07140,SO02378,PROD130,99,466.72
SOITEM07141,SO02379,PROD331,111,825.64
SOITEM07142,SO02379,PROD206,145,1118.26
SOITEM07143,SO02380,PROD207,9,764.66
SOITEM07144,SO02380,PROD310,83,1114.33
SOITEM07145,SO02380,PROD074,35,1276.05
SOITEM07146,SO02380,PROD288,120,1233.87
SOITEM07147,SO02380,PROD421,100,1053.38
SOITEM07148,SO02381,PROD122,11,1102.95
SOITEM07149,SO02381,PROD115,60,1294.8
SOITEM07150,SO02381,PROD175,118,365.38
SOITEM07151,SO02381,PROD027,103,523.24
SOITEM07152,SO02382,PROD445,76,910.8
SOITEM07153,SO02382,PROD161,117,27.23
SOITEM07154,SO02382,PROD168,25,852.73
SOITEM07155,SO02382,PROD031,6,1253.99
SOITEM07156,SO02382,PROD107,112,760.64
SOITEM07157,SO02382,PROD285,137,653.85
SOITEM07158,SO02383,PROD100,124,653.66
SOITEM07159,SO02383,PROD399,68,194.51
SOITEM07160,SO02383,PROD039,115,455.23
SOITEM07161,SO02384,PROD357,35,1000.2
SOITEM07162,SO02384,PROD041,12,1345.28
SOITEM07163,SO02384,PROD030,79,144.7
SOITEM07164,SO02384,PROD477,95,1211.96
SOITEM07165,SO02384,PROD345,123,782.66
SOITEM07166,SO02385,PROD056,7,904.05
SOITEM07167,SO02385,PROD085,132,816.42
SOITEM07168,SO02386,PROD193,78,424.1
SOITEM07169,SO02386,PROD103,133,420.13
SOITEM07170,SO02386,PROD496,34,782.95
SOITEM07171,SO02387,PROD069,123,1166.98
SOITEM07172,SO02387,PROD396,47,858.34
SOITEM07173,SO02388,PROD225,49,1254.65
SOITEM07174,SO02388,PROD408,115,1109.12
SOITEM07175,SO02388,PROD452,26,614.75
SOITEM07176,SO02388,PROD234,86,929.92
SOITEM07177,SO02388,PROD494,141,806.62
SOITEM07178,SO02389,PROD058,132,1345.87
SOITEM07179,SO02389,PROD359,53,948.38
SOITEM07180,SO02389,PROD084,94,1195.1
SOITEM07181,SO02389,PROD495,148,114.6
SOITEM07182,SO02390,PROD100,44,653.66
SOITEM07183,SO02390,PROD153,41,1158.97
SOITEM07184,SO02390,PROD270,139,155.77
SOITEM07185,SO02391,PROD230,48,678.56
SOITEM07186,SO02391,PROD195,59,740.95
SOITEM07187,SO02391,PROD489,103,924.46
SOITEM07188,SO02392,PROD367,68,698.04
SOITEM07189,SO02392,PROD054,91,1320.94
SOITEM07190,SO02392,PROD401,5,127.69
SOITEM07191,SO02393,PROD401,50,127.69
SOITEM07192,SO02393,PROD388,91,793.41
SOITEM07193,SO02394,PROD410,18,97.05
SOITEM07194,SO02395,PROD425,94,237.61
SOITEM07195,SO02395,PROD106,127,222.41
SOITEM07196,SO02396,PROD421,42,1053.38
SOITEM07197,SO02396,PROD322,16,975.89
SOITEM07198,SO02396,PROD307,93,224.9
SOITEM07199,SO02396,PROD282,83,267.32
SOITEM07200,SO02397,PROD092,29,392.62
SOITEM07201,SO02397,PROD315,50,477.79
SOITEM07202,SO02398,PROD057,90,1187.66
SOITEM07203,SO02398,PROD322,145,975.89
SOITEM07204,SO02398,PROD206,20,1118.26
SOITEM07205,SO02398,PROD318,20,738.15
SOITEM07206,SO02399,PROD390,24,979.43
SOITEM07207,SO02399,PROD351,114,407.92
SOITEM07208,SO02400,PROD470,42,973.75
SOITEM07209,SO02400,PROD033,32,811.2
SOITEM07210,SO02400,PROD087,40,382.43
SOITEM07211,SO02401,PROD409,130,578.39
SOITEM07212,SO02402,PROD416,136,1288.06
SOITEM07213,SO02402,PROD160,78,746.32
SOITEM07214,SO02403,PROD332,134,138.49
SOITEM07215,SO02403,PROD210,8,1031.08
SOITEM07216,SO02404,PROD289,124,686.66
SOITEM07217,SO02404,PROD054,148,1320.94
SOITEM07218,SO02404,PROD112,28,1586.71
SOITEM07219,SO02404,PROD192,60,1361.16
SOITEM07220,SO02404,PROD339,125,804.84
SOITEM07221,SO02405,PROD404,125,314.33
SOITEM07222,SO02405,PROD041,10,1345.28
SOITEM07223,SO02405,PROD163,150,1343.1
SOITEM07224,SO02406,PROD388,6,793.41
SOITEM07225,SO02406,PROD137,92,1053.76
SOITEM07226,SO02406,PROD207,142,764.66
SOITEM07227,SO02406,PROD409,149,578.39
SOITEM07228,SO02407,PROD345,129,782.66
SOITEM07229,SO02407,PROD153,110,1158.97
SOITEM07230,SO02407,PROD425,32,237.61
SOITEM07231,SO02407,PROD149,78,175.78
SOITEM07232,SO02408,PROD007,20,139.72
SOITEM07233,SO02408,PROD178,25,251.85
SOITEM07234,SO02409,PROD052,99,594.73
SOITEM07235,SO02409,PROD426,121,546.15
SOITEM07236,SO02409,PROD309,85,656.43
SOITEM07237,SO02409,PROD157,70,122.44
SOITEM07238,SO02410,PROD162,136,28.52
SOITEM07239,SO02410,PROD190,124,1394.38
SOITEM07240,SO02411,PROD002,98,1680.23
SOITEM07241,SO02411,PROD180,42,941.04
SOITEM07242,SO02411,PROD420,76,932.93
SOITEM07243,SO02412,PROD330,88,717.97
SOITEM07244,SO02412,PROD444,83,692.28
SOITEM07245,SO02412,PROD045,7,157.89
SOITEM07246,SO02413,PROD089,54,708.42
SOITEM07247,SO02414,PROD231,45,1048.32
SOITEM07248,SO02415,PROD115,99,1294.8
SOITEM07249,SO02415,PROD181,86,994.75
SOITEM07250,SO02415,PROD141,121,1138.72
SOITEM07251,SO02415,PROD407,52,1046.72
SOITEM07252,SO02416,PROD192,7,1361.16
SOITEM07253,SO02416,PROD416,17,1288.06
SOITEM07254,SO02416,PROD464,44,1205.08
SOITEM07255,SO02416,PROD424,68,446.5
SOITEM07256,SO02416,PROD172,12,415.49
SOITEM07257,SO02416,PROD339,123,804.84
SOITEM07258,SO02417,PROD234,142,929.92
SOITEM07259,SO02418,PROD041,134,1345.28
SOITEM07260,SO02418,PROD294,40,442.63
SOITEM07261,SO02419,PROD138,18,995.03
SOITEM07262,SO02419,PROD022,150,225.56
SOITEM07263,SO02419,PROD215,83,846.19
SOITEM07264,SO02419,PROD066,61,147.63
SOITEM07265,SO02420,PROD424,9,446.5
SOITEM07266,SO02420,PROD120,32,158.19
SOITEM07267,SO02421,PROD057,22,1187.66
SOITEM07268,SO02421,PROD408,67,1109.12
SOITEM07269,SO02422,PROD307,146,224.9
SOITEM07270,SO02422,PROD276,109,254.24
SOITEM07271,SO02423,PROD214,128,759.99
SOITEM07272,SO02423,PROD272,56,659.27
SOITEM07273,SO02423,PROD208,75,1030.06
SOITEM07274,SO02424,PROD123,27,471.66
SOITEM07275,SO02424,PROD462,51,334.33
SOITEM07276,SO02425,PROD008,70,1090.21
SOITEM07277,SO02426,PROD467,19,642.67
SOITEM07278,SO02426,PROD163,73,1343.1
SOITEM07279,SO02426,PROD215,65,846.19
SOITEM07280,SO02426,PROD293,110,921.24
SOITEM07281,SO02427,PROD376,102,736.67
SOITEM07282,SO02427,PROD131,71,582.87
SOITEM07283,SO02427,PROD132,82,1113.2
SOITEM07284,SO02427,PROD371,40,548.86
SOITEM07285,SO02428,PROD211,16,1148.88
SOITEM07286,SO02428,PROD227,97,977.2
SOITEM07287,SO02428,PROD008,58,1090.21
SOITEM07288,SO02429,PROD210,27,1031.08
SOITEM07289,SO02429,PROD397,91,72.85
SOITEM07290,SO02430,PROD053,13,626.38
SOITEM07291,SO02431,PROD477,107,1211.96
SOITEM07292,SO02431,PROD220,63,822.57
SOITEM07293,SO02431,PROD134,141,332.59
SOITEM07294,SO02432,PROD265,84,1219.88
SOITEM07295,SO02433,PROD132,129,1113.2
SOITEM07296,SO02433,PROD378,16,153.55
SOITEM07297,SO02434,PROD253,90,874.11
SOITEM07298,SO02434,PROD490,73,1641.02
SOITEM07299,SO02434,PROD329,33,344.07
SOITEM07300,SO02434,PROD113,115,216.05
SOITEM07301,SO02434,PROD167,67,1146.21
SOITEM07302,SO02434,PROD260,31,685.07
SOITEM07303,SO02434,PROD032,135,445.25
SOITEM07304,SO02435,PROD020,5,710.42
SOITEM07305,SO02435,PROD392,110,1608.86
SOITEM07306,SO02436,PROD172,53,415.49
SOITEM07307,SO02437,PROD471,111,434.22
SOITEM07308,SO02437,PROD013,128,1004.23
SOITEM07309,SO02437,PROD363,78,790.74
SOITEM07310,SO02438,PROD485,142,1226.75
SOITEM07311,SO02438,PROD417,150,1285.07
SOITEM07312,SO02438,PROD229,19,1354.19
SOITEM07313,SO02438,PROD315,56,477.79
SOITEM07314,SO02439,PROD452,65,614.75
SOITEM07315,SO02439,PROD304,128,340.83
SOITEM07316,SO02440,PROD398,30,1174.48
SOITEM07317,SO02440,PROD111,39,1295.51
SOITEM07318,SO02440,PROD360,27,17.56
SOITEM07319,SO02440,PROD001,122,1065.76
SOITEM07320,SO02441,PROD302,87,268.83
SOITEM07321,SO02442,PROD106,34,222.41
SOITEM07322,SO02442,PROD131,20,582.87
SOITEM07323,SO02443,PROD061,104,862.09
SOITEM07324,SO02443,PROD461,150,210.86
SOITEM07325,SO02444,PROD473,59,352.49
SOITEM07326,SO02444,PROD452,111,614.75
SOITEM07327,SO02444,PROD489,24,924.46
SOITEM07328,SO02444,PROD171,19,1035.14
SOITEM07329,SO02445,PROD447,128,972.98
SOITEM07330,SO02445,PROD302,6,268.83
SOITEM07331,SO02445,PROD194,52,956.58
SOITEM07332,SO02446,PROD434,125,1571.95
SOITEM07333,SO02446,PROD067,128,1491.41
SOITEM07334,SO02446,PROD244,67,128.7
SOITEM07335,SO02446,PROD413,45,887.22
SOITEM07336,SO02446,PROD054,106,1320.94
SOITEM07337,SO02447,PROD392,20,1608.86
SOITEM07338,SO02447,PROD445,93,910.8
SOITEM07339,SO02447,PROD037,37,1311.32
SOITEM07340,SO02448,PROD418,146,651.35
SOITEM07341,SO02449,PROD257,96,314.51
SOITEM07342,SO02449,PROD492,100,1562.48
SOITEM07343,SO02450,PROD194,129,956.58
SOITEM07344,SO02450,PROD361,143,1008.28
SOITEM07345,SO02451,PROD461,81,210.86
SOITEM07346,SO02451,PROD380,36,886.05
SOITEM07347,SO02452,PROD459,96,671.8
SOITEM07348,SO02452,PROD048,58,100.51
SOITEM07349,SO02452,PROD045,78,157.89
SOITEM07350,SO02453,PROD393,110,663.76
SOITEM07351,SO02453,PROD156,115,862.99
SOITEM07352,SO02453,PROD072,150,1040.98
SOITEM07353,SO02453,PROD218,119,1120.53
SOITEM07354,SO02454,PROD293,7,921.24
SOITEM07355,SO02455,PROD258,35,461.24
SOITEM07356,SO02455,PROD413,107,887.22
SOITEM07357,SO02456,PROD391,113,1014.36
SOITEM07358,SO02456,PROD125,74,791.95
SOITEM07359,SO02456,PROD254,15,775.1
SOITEM07360,SO02456,PROD303,79,845.11
SOITEM07361,SO02456,PROD444,149,692.28
SOITEM07362,SO02457,PROD108,83,38.13
SOITEM07363,SO02457,PROD283,29,922.05
SOITEM07364,SO02457,PROD121,5,953.07
SOITEM07365,SO02458,PROD190,129,1394.38
SOITEM07366,SO02458,PROD183,128,1162.93
SOITEM07367,SO02459,PROD477,134,1211.96
SOITEM07368,SO02459,PROD352,83,1269.95
SOITEM07369,SO02459,PROD338,10,679.07
SOITEM07370,SO02459,PROD242,134,651.23
SOITEM07371,SO02460,PROD008,79,1090.21
SOITEM07372,SO02460,PROD351,64,407.92
SOITEM07373,SO02460,PROD430,43,1060.12
SOITEM07374,SO02460,PROD362,11,1010.26
SOITEM07375,SO02461,PROD405,55,53.91
SOITEM07376,SO02461,PROD422,150,1631.47
SOITEM07377,SO02461,PROD407,68,1046.72
SOITEM07378,SO02461,PROD066,93,147.63
SOITEM07379,SO02462,PROD042,55,239.5
SOITEM07380,SO02462,PROD120,148,158.19
SOITEM07381,SO02463,PROD083,124,874.47
SOITEM07382,SO02463,PROD321,146,1229.41
SOITEM07383,SO02464,PROD200,85,569.37
SOITEM07384,SO02464,PROD466,127,1181.87
SOITEM07385,SO02465,PROD337,150,1315.07
SOITEM07386,SO02465,PROD481,102,822.01
SOITEM07387,SO02465,PROD148,17,35.33
SOITEM07388,SO02466,PROD361,73,1008.28
SOITEM07389,SO02466,PROD223,129,230.59
SOITEM07390,SO02466,PROD210,28,1031.08
SOITEM07391,SO02467,PROD378,148,153.55
SOITEM07392,SO02467,PROD208,61,1030.06
SOITEM07393,SO02467,PROD329,72,344.07
SOITEM07394,SO02467,PROD420,139,932.93
SOITEM07395,SO02467,PROD419,88,462.74
SOITEM07396,SO02468,PROD352,138,1269.95
SOITEM07397,SO02468,PROD169,15,916.57
SOITEM07398,SO02468,PROD429,11,101.2
SOITEM07399,SO02468,PROD251,85,1241.42
SOITEM07400,SO02469,PROD329,125,344.07
SOITEM07401,SO02469,PROD300,65,731.42
SOITEM07402,SO02470,PROD462,138,334.33
SOITEM07403,SO02470,PROD031,44,1253.99
SOITEM07404,SO02470,PROD037,28,1311.32
SOITEM07405,SO02470,PROD225,15,1254.65
SOITEM07406,SO02471,PROD284,64,1138.02
SOITEM07407,SO02471,PROD495,50,114.6
SOITEM07408,SO02471,PROD125,141,791.95
SOITEM07409,SO02471,PROD455,90,1079.54
SOITEM07410,SO02471,PROD367,101,698.04
SOITEM07411,SO02471,PROD377,148,829.67
SOITEM07412,SO02472,PROD039,24,455.23
SOITEM07413,SO02472,PROD219,19,610.84
SOITEM07414,SO02473,PROD335,29,545.76
SOITEM07415,SO02474,PROD213,55,915.33
SOITEM07416,SO02474,PROD079,102,1070.31
SOITEM07417,SO02474,PROD315,91,477.79
SOITEM07418,SO02475,PROD449,103,1451.26
SOITEM07419,SO02475,PROD316,17,756.92
SOITEM07420,SO02475,PROD474,89,828.38
SOITEM07421,SO02476,PROD279,86,328.09
SOITEM07422,SO02476,PROD073,42,800.29
SOITEM07423,SO02476,PROD455,102,1079.54
SOITEM07424,SO02477,PROD378,134,153.55
SOITEM07425,SO02477,PROD099,133,370.78
SOITEM07426,SO02478,PROD296,14,1262.57
SOITEM07427,SO02478,PROD146,81,561.24
SOITEM07428,SO02479,PROD271,40,854.18
SOITEM07429,SO02479,PROD272,25,659.27
SOITEM07430,SO02480,PROD255,105,91.9
SOITEM07431,SO02480,PROD456,112,653.87
SOITEM07432,SO02481,PROD361,114,1008.28
SOITEM07433,SO02481,PROD266,31,1288.39
SOITEM07434,SO02481,PROD378,138,153.55
SOITEM07435,SO02481,PROD005,117,932.3
SOITEM07436,SO02481,PROD337,18,1315.07
SOITEM07437,SO02482,PROD161,7,27.23
SOITEM07438,SO02482,PROD036,21,685.85
SOITEM07439,SO02482,PROD076,112,182.76
SOITEM07440,SO02482,PROD095,56,200.83
SOITEM07441,SO02483,PROD123,51,471.66
SOITEM07442,SO02483,PROD208,89,1030.06
SOITEM07443,SO02483,PROD159,145,1098.12
SOITEM07444,SO02483,PROD331,96,825.64
SOITEM07445,SO02483,PROD229,102,1354.19
SOITEM07446,SO02484,PROD088,136,1348.83
SOITEM07447,SO02484,PROD067,140,1491.41
SOITEM07448,SO02485,PROD419,31,462.74
SOITEM07449,SO02486,PROD471,69,434.22
SOITEM07450,SO02486,PROD411,50,1278.66
SOITEM07451,SO02486,PROD295,106,226.63
SOITEM07452,SO02487,PROD099,43,370.78
SOITEM07453,SO02488,PROD122,16,1102.95
SOITEM07454,SO02488,PROD047,72,117.41
SOITEM07455,SO02489,PROD150,61,1019.28
SOITEM07456,SO02489,PROD165,27,668.55
SOITEM07457,SO02490,PROD313,119,1083.11
SOITEM07458,SO02490,PROD024,100,649.2
SOITEM07459,SO02490,PROD152,80,1109.49
SOITEM07460,SO02491,PROD045,124,157.89
SOITEM07461,SO02492,PROD165,134,668.55
SOITEM07462,SO02492,PROD035,76,985.83
SOITEM07463,SO02492,PROD329,110,344.07
SOITEM07464,SO02493,PROD077,135,862.64
SOITEM07465,SO02494,PROD232,43,224.33
SOITEM07466,SO02494,PROD058,130,1345.87
SOITEM07467,SO02494,PROD313,48,1083.11
SOITEM07468,SO02494,PROD491,82,136.1
SOITEM07469,SO02494,PROD308,26,698.97
SOITEM07470,SO02495,PROD432,66,690.84
SOITEM07471,SO02495,PROD103,64,420.13
SOITEM07472,SO02495,PROD417,59,1285.07
SOITEM07473,SO02496,PROD318,106,738.15
SOITEM07474,SO02496,PROD473,22,352.49
SOITEM07475,SO02496,PROD412,66,1313.15
SOITEM07476,SO02496,PROD409,96,578.39
SOITEM07477,SO02496,PROD231,92,1048.32
SOITEM07478,SO02496,PROD395,38,314.97
SOITEM07479,SO02497,PROD472,130,887.42
SOITEM07480,SO02497,PROD431,121,448.84
SOITEM07481,SO02497,PROD228,12,1114.81
SOITEM07482,SO02497,PROD318,13,738.15
SOITEM07483,SO02497,PROD223,27,230.59
SOITEM07484,SO02497,PROD051,49,643.38
SOITEM07485,SO02497,PROD338,141,679.07
SOITEM07486,SO02498,PROD035,51,985.83
SOITEM07487,SO02498,PROD232,74,224.33
SOITEM07488,SO02499,PROD127,34,160.45
SOITEM07489,SO02499,PROD114,28,272.02
SOITEM07490,SO02499,PROD361,149,1008.28
SOITEM07491,SO02500,PROD186,13,360.48
SOITEM07492,SO02500,PROD155,99,194.11
SOITEM07493,SO02501,PROD131,103,582.87
SOITEM07494,SO02501,PROD011,11,1380.35
SOITEM07495,SO02501,PROD380,92,886.05
SOITEM07496,SO02501,PROD452,106,614.75
SOITEM07497,SO02502,PROD006,135,1039.67
SOITEM07498,SO02502,PROD026,145,693.39
SOITEM07499,SO02503,PROD295,90,226.63
SOITEM07500,SO02503,PROD036,132,685.85
SOITEM07501,SO02504,PROD392,115,1608.86
SOITEM07502,SO02505,PROD079,142,1070.31
SOITEM07503,SO02505,PROD309,50,656.43
SOITEM07504,SO02506,PROD177,67,297.71
SOITEM07505,SO02507,PROD067,148,1491.41
SOITEM07506,SO02507,PROD101,73,579.34
SOITEM07507,SO02507,PROD162,137,28.52
SOITEM07508,SO02508,PROD136,74,486.56
SOITEM07509,SO02508,PROD048,80,100.51
SOITEM07510,SO02508,PROD269,75,952.08
SOITEM07511,SO02509,PROD023,52,218.64
SOITEM07512,SO02509,PROD138,83,995.03
SOITEM07513,SO02509,PROD439,91,685.44
SOITEM07514,SO02510,PROD096,119,1145.68
SOITEM07515,SO02511,PROD437,46,1348.75
SOITEM07516,SO02512,PROD261,45,1709.04
SOITEM07517,SO02512,PROD018,61,671.51
SOITEM07518,SO02512,PROD262,143,87.94
SOITEM07519,SO02512,PROD444,14,692.28
SOITEM07520,SO02512,PROD397,122,72.85
SOITEM07521,SO02512,PROD492,75,1562.48
SOITEM07522,SO02513,PROD331,16,825.64
SOITEM07523,SO02513,PROD235,64,1700.42
SOITEM07524,SO02513,PROD428,39,1043.62
SOITEM07525,SO02513,PROD089,26,708.42
SOITEM07526,SO02513,PROD312,115,448.06
SOITEM07527,SO02514,PROD451,121,1215.34
SOITEM07528,SO02514,PROD188,65,575.31
SOITEM07529,SO02514,PROD219,53,610.84
SOITEM07530,SO02515,PROD071,117,915.07
SOITEM07531,SO02516,PROD360,111,17.56
SOITEM07532,SO02516,PROD249,89,713.13
SOITEM07533,SO02516,PROD373,130,1408.52
SOITEM07534,SO02517,PROD189,14,383.37
SOITEM07535,SO02517,PROD340,94,1164.05
SOITEM07536,SO02517,PROD244,9,128.7
SOITEM07537,SO02518,PROD307,7,224.9
SOITEM07538,SO02518,PROD071,99,915.07
SOITEM07539,SO02518,PROD170,135,1202.0
SOITEM07540,SO02519,PROD365,89,732.48
SOITEM07541,SO02519,PROD267,21,693.98
SOITEM07542,SO02519,PROD444,122,692.28
SOITEM07543,SO02519,PROD087,17,382.43
SOITEM07544,SO02520,PROD371,42,548.86
SOITEM07545,SO02520,PROD496,101,782.95
SOITEM07546,SO02520,PROD190,121,1394.38
SOITEM07547,SO02520,PROD333,70,559.55
SOITEM07548,SO02521,PROD156,50,862.99
SOITEM07549,SO02521,PROD098,38,839.21
SOITEM07550,SO02522,PROD424,7,446.5
SOITEM07551,SO02522,PROD039,52,455.23
SOITEM07552,SO02522,PROD476,131,1357.77
SOITEM07553,SO02522,PROD101,58,579.34
SOITEM07554,SO02523,PROD156,78,862.99
SOITEM07555,SO02523,PROD281,7,882.78
SOITEM07556,SO02524,PROD111,81,1295.51
SOITEM07557,SO02525,PROD256,39,641.32
SOITEM07558,SO02525,PROD493,133,314.62
SOITEM07559,SO02525,PROD372,23,630.0
SOITEM07560,SO02526,PROD396,72,858.34
SOITEM07561,SO02526,PROD125,124,791.95
SOITEM07562,SO02526,PROD102,119,1028.11
SOITEM07563,SO02527,PROD406,72,455.97
SOITEM07564,SO02527,PROD361,78,1008.28
SOITEM07565,SO02528,PROD466,43,1181.87
SOITEM07566,SO02528,PROD413,91,887.22
SOITEM07567,SO02528,PROD075,99,908.01
SOITEM07568,SO02528,PROD327,83,117.75
SOITEM07569,SO02528,PROD283,147,922.05
SOITEM07570,SO02529,PROD296,146,1262.57
SOITEM07571,SO02529,PROD199,131,77.66
SOITEM07572,SO02529,PROD187,116,1251.4
SOITEM07573,SO02529,PROD189,69,383.37
SOITEM07574,SO02530,PROD002,117,1680.23
SOITEM07575,SO02530,PROD260,28,685.07
SOITEM07576,SO02530,PROD410,18,97.05
SOITEM07577,SO02530,PROD392,113,1608.86
SOITEM07578,SO02530,PROD349,42,1436.79
SOITEM07579,SO02530,PROD407,61,1046.72
SOITEM07580,SO02531,PROD289,32,686.66
SOITEM07581,SO02531,PROD110,134,930.88
SOITEM07582,SO02531,PROD392,52,1608.86
SOITEM07583,SO02532,PROD449,78,1451.26
SOITEM07584,SO02532,PROD198,87,220.57
SOITEM07585,SO02532,PROD345,107,782.66
SOITEM07586,SO02533,PROD358,7,769.81
SOITEM07587,SO02533,PROD213,52,915.33
SOITEM07588,SO02534,PROD073,85,800.29
SOITEM07589,SO02534,PROD144,25,1097.61
SOITEM07590,SO02535,PROD209,41,857.85
SOITEM07591,SO02535,PROD058,122,1345.87
SOITEM07592,SO02535,PROD437,62,1348.75
SOITEM07593,SO02535,PROD386,79,559.89
SOITEM07594,SO02536,PROD413,84,887.22
SOITEM07595,SO02536,PROD307,81,224.9
SOITEM07596,SO02536,PROD394,24,1287.33
SOITEM07597,SO02536,PROD337,147,1315.07
SOITEM07598,SO02537,PROD165,75,668.55
SOITEM07599,SO02538,PROD479,94,710.31
SOITEM07600,SO02538,PROD021,74,642.17
SOITEM07601,SO02538,PROD189,80,383.37
SOITEM07602,SO02538,PROD242,26,651.23
SOITEM07603,SO02539,PROD306,92,456.87
SOITEM07604,SO02539,PROD063,8,1079.94
SOITEM07605,SO02540,PROD035,100,985.83
SOITEM07606,SO02540,PROD380,148,886.05
SOITEM07607,SO02540,PROD279,117,328.09
SOITEM07608,SO02540,PROD379,101,1377.02
SOITEM07609,SO02541,PROD162,138,28.52
SOITEM07610,SO02541,PROD181,33,994.75
SOITEM07611,SO02541,PROD003,84,470.16
SOITEM07612,SO02542,PROD217,100,487.55
SOITEM07613,SO02542,PROD310,124,1114.33
SOITEM07614,SO02542,PROD289,76,686.66
SOITEM07615,SO02542,PROD061,146,862.09
SOITEM07616,SO02543,PROD374,114,337.05
SOITEM07617,SO02543,PROD259,16,1293.76
SOITEM07618,SO02544,PROD420,136,932.93
SOITEM07619,SO02544,PROD255,41,91.9
SOITEM07620,SO02544,PROD373,46,1408.52
SOITEM07621,SO02545,PROD122,84,1102.95
SOITEM07622,SO02546,PROD463,87,606.23
SOITEM07623,SO02546,PROD309,48,656.43
SOITEM07624,SO02546,PROD231,47,1048.32
SOITEM07625,SO02546,PROD259,134,1293.76
SOITEM07626,SO02546,PROD152,21,1109.49
SOITEM07627,SO02546,PROD235,99,1700.42
SOITEM07628,SO02547,PROD428,81,1043.62
SOITEM07629,SO02547,PROD327,64,117.75
SOITEM07630,SO02548,PROD162,39,28.52
SOITEM07631,SO02548,PROD412,13,1313.15
SOITEM07632,SO02548,PROD466,74,1181.87
SOITEM07633,SO02548,PROD372,57,630.0
SOITEM07634,SO02549,PROD072,111,1040.98
SOITEM07635,SO02549,PROD427,63,566.06
SOITEM07636,SO02550,PROD308,127,698.97
SOITEM07637,SO02551,PROD157,137,122.44
SOITEM07638,SO02551,PROD200,97,569.37
SOITEM07639,SO02551,PROD322,135,975.89
SOITEM07640,SO02552,PROD493,87,314.62
SOITEM07641,SO02552,PROD016,125,1166.68
SOITEM07642,SO02552,PROD190,98,1394.38
SOITEM07643,SO02552,PROD009,125,446.24
SOITEM07644,SO02553,PROD419,26,462.74
SOITEM07645,SO02553,PROD292,141,346.04
SOITEM07646,SO02554,PROD131,69,582.87
SOITEM07647,SO02554,PROD021,110,642.17
SOITEM07648,SO02554,PROD177,96,297.71
SOITEM07649,SO02554,PROD144,49,1097.61
SOITEM07650,SO02554,PROD257,25,314.51
SOITEM07651,SO02554,PROD431,141,448.84
SOITEM07652,SO02555,PROD027,55,523.24
SOITEM07653,SO02555,PROD188,17,575.31
SOITEM07654,SO02555,PROD280,118,1166.65
SOITEM07655,SO02556,PROD421,69,1053.38
SOITEM07656,SO02556,PROD001,39,1065.76
SOITEM07657,SO02556,PROD463,107,606.23
SOITEM07658,SO02556,PROD163,11,1343.1
SOITEM07659,SO02557,PROD362,128,1010.26
SOITEM07660,SO02557,PROD062,63,364.93
SOITEM07661,SO02557,PROD048,133,100.51
SOITEM07662,SO02558,PROD231,110,1048.32
SOITEM07663,SO02558,PROD135,148,939.41
SOITEM07664,SO02558,PROD128,83,405.49
SOITEM07665,SO02558,PROD366,143,1065.87
SOITEM07666,SO02559,PROD123,82,471.66
SOITEM07667,SO02559,PROD484,40,1421.85
SOITEM07668,SO02560,PROD163,11,1343.1
SOITEM07669,SO02560,PROD382,100,439.42
SOITEM07670,SO02560,PROD013,132,1004.23
SOITEM07671,SO02560,PROD142,33,1235.3
SOITEM07672,SO02560,PROD157,18,122.44
SOITEM07673,SO02560,PROD357,115,1000.2
SOITEM07674,SO02561,PROD002,31,1680.23
SOITEM07675,SO02561,PROD059,18,745.03
SOITEM07676,SO02562,PROD483,134,672.5
SOITEM07677,SO02562,PROD476,110,1357.77
SOITEM07678,SO02563,PROD202,46,976.76
SOITEM07679,SO02563,PROD001,85,1065.76
SOITEM07680,SO02563,PROD070,16,401.23
SOITEM07681,SO02563,PROD330,47,717.97
SOITEM07682,SO02564,PROD316,133,756.92
SOITEM07683,SO02564,PROD278,88,364.44
SOITEM07684,SO02565,PROD072,39,1040.98
SOITEM07685,SO02565,PROD265,130,1219.88
SOITEM07686,SO02565,PROD398,15,1174.48
SOITEM07687,SO02566,PROD192,149,1361.16
SOITEM07688,SO02567,PROD455,16,1079.54
SOITEM07689,SO02567,PROD208,51,1030.06
SOITEM07690,SO02567,PROD476,120,1357.77
SOITEM07691,SO02567,PROD003,33,470.16
SOITEM07692,SO02567,PROD129,141,726.96
SOITEM07693,SO02568,PROD008,7,1090.21
SOITEM07694,SO02568,PROD406,17,455.97
SOITEM07695,SO02568,PROD060,136,670.1
SOITEM07696,SO02569,PROD076,71,182.76
SOITEM07697,SO02569,PROD176,14,66.66
SOITEM07698,SO02570,PROD343,33,580.3
SOITEM07699,SO02570,PROD457,146,1199.55
SOITEM07700,SO02571,PROD142,85,1235.3
SOITEM07701,SO02572,PROD154,134,1628.8
SOITEM07702,SO02572,PROD227,121,977.2
SOITEM07703,SO02573,PROD037,108,1311.32
SOITEM07704,SO02573,PROD043,25,627.93
SOITEM07705,SO02574,PROD196,116,967.84
SOITEM07706,SO02574,PROD202,115,976.76
SOITEM07707,SO02574,PROD344,62,1487.38
SOITEM07708,SO02574,PROD322,25,975.89
SOITEM07709,SO02574,PROD111,136,1295.51
SOITEM07710,SO02574,PROD095,143,200.83
SOITEM07711,SO02575,PROD421,122,1053.38
SOITEM07712,SO02575,PROD329,102,344.07
SOITEM07713,SO02576,PROD190,138,1394.38
SOITEM07714,SO02577,PROD202,51,976.76
SOITEM07715,SO02577,PROD221,114,494.14
SOITEM07716,SO02577,PROD455,62,1079.54
SOITEM07717,SO02578,PROD355,135,437.91
SOITEM07718,SO02579,PROD016,33,1166.68
SOITEM07719,SO02579,PROD424,110,446.5
SOITEM07720,SO02579,PROD178,142,251.85
SOITEM07721,SO02579,PROD137,55,1053.76
SOITEM07722,SO02580,PROD059,83,745.03
SOITEM07723,SO02580,PROD343,124,580.3
SOITEM07724,SO02580,PROD368,50,1015.99
SOITEM07725,SO02581,PROD444,45,692.28
SOITEM07726,SO02581,PROD098,120,839.21
SOITEM07727,SO02582,PROD143,80,280.77
SOITEM07728,SO02582,PROD005,28,932.3
SOITEM07729,SO02582,PROD087,49,382.43
SOITEM07730,SO02582,PROD249,69,713.13
SOITEM07731,SO02583,PROD170,140,1202.0
SOITEM07732,SO02584,PROD383,8,541.16
SOITEM07733,SO02584,PROD244,71,128.7
SOITEM07734,SO02584,PROD313,43,1083.11
SOITEM07735,SO02584,PROD431,103,448.84
SOITEM07736,SO02585,PROD348,67,788.76
SOITEM07737,SO02586,PROD158,138,1327.01
SOITEM07738,SO02586,PROD321,97,1229.41
SOITEM07739,SO02587,PROD490,85,1641.02
SOITEM07740,SO02587,PROD075,136,908.01
SOITEM07741,SO02587,PROD312,6,448.06
SOITEM07742,SO02588,PROD014,48,318.73
SOITEM07743,SO02588,PROD057,128,1187.66
SOITEM07744,SO02588,PROD117,106,276.44
SOITEM07745,SO02588,PROD380,136,886.05
SOITEM07746,SO02589,PROD208,45,1030.06
SOITEM07747,SO02589,PROD165,24,668.55
SOITEM07748,SO02589,PROD324,27,366.94
SOITEM07749,SO02590,PROD006,19,1039.67
SOITEM07750,SO02590,PROD086,86,999.94
SOITEM07751,SO02590,PROD257,149,314.51
SOITEM07752,SO02590,PROD058,59,1345.87
SOITEM07753,SO02591,PROD194,36,956.58
SOITEM07754,SO02591,PROD160,101,746.32
SOITEM07755,SO02591,PROD411,132,1278.66
SOITEM07756,SO02592,PROD043,149,627.93
SOITEM07757,SO02592,PROD155,52,194.11
SOITEM07758,SO02593,PROD408,53,1109.12
SOITEM07759,SO02593,PROD240,75,1692.13
SOITEM07760,SO02593,PROD263,5,963.97
SOITEM07761,SO02594,PROD069,8,1166.98
SOITEM07762,SO02594,PROD180,38,941.04
SOITEM07763,SO02595,PROD478,60,852.64
SOITEM07764,SO02595,PROD174,19,60.34
SOITEM07765,SO02596,PROD140,42,949.14
SOITEM07766,SO02596,PROD101,28,579.34
SOITEM07767,SO02596,PROD261,67,1709.04
SOITEM07768,SO02597,PROD423,28,1272.27
SOITEM07769,SO02597,PROD140,35,949.14
SOITEM07770,SO02597,PROD440,136,754.74
SOITEM07771,SO02598,PROD240,54,1692.13
SOITEM07772,SO02598,PROD140,64,949.14
SOITEM07773,SO02598,PROD090,26,604.66
SOITEM07774,SO02598,PROD487,124,541.19
SOITEM07775,SO02599,PROD222,34,444.32
SOITEM07776,SO02599,PROD102,34,1028.11
SOITEM07777,SO02599,PROD438,97,981.89
SOITEM07778,SO02600,PROD179,82,587.83
SOITEM07779,SO02600,PROD322,24,975.89
SOITEM07780,SO02600,PROD185,122,78.88
SOITEM07781,SO02601,PROD176,105,66.66
SOITEM07782,SO02601,PROD467,65,642.67
SOITEM07783,SO02601,PROD253,72,874.11
SOITEM07784,SO02602,PROD192,114,1361.16
SOITEM07785,SO02602,PROD115,73,1294.8
SOITEM07786,SO02602,PROD057,12,1187.66
SOITEM07787,SO02603,PROD119,18,106.06
SOITEM07788,SO02603,PROD294,73,442.63
SOITEM07789,SO02603,PROD112,99,1586.71
SOITEM07790,SO02604,PROD050,147,1340.67
SOITEM07791,SO02604,PROD345,114,782.66
SOITEM07792,SO02604,PROD065,10,595.07
SOITEM07793,SO02604,PROD315,68,477.79
SOITEM07794,SO02605,PROD015,71,351.11
SOITEM07795,SO02605,PROD438,44,981.89
SOITEM07796,SO02605,PROD172,86,415.49
SOITEM07797,SO02606,PROD326,11,68.46
SOITEM07798,SO02607,PROD089,30,708.42
SOITEM07799,SO02608,PROD264,130,576.49
SOITEM07800,SO02608,PROD288,44,1233.87
SOITEM07801,SO02608,PROD336,143,1309.51
SOITEM07802,SO02608,PROD462,121,334.33
SOITEM07803,SO02609,PROD005,57,932.3
SOITEM07804,SO02609,PROD025,25,389.26
SOITEM07805,SO02610,PROD446,136,167.07
SOITEM07806,SO02610,PROD146,64,561.24
SOITEM07807,SO02611,PROD317,145,1115.3
SOITEM07808,SO02611,PROD193,58,424.1
SOITEM07809,SO02611,PROD252,42,1563.98
SOITEM07810,SO02611,PROD058,60,1345.87
SOITEM07811,SO02612,PROD037,91,1311.32
SOITEM07812,SO02612,PROD175,150,365.38
SOITEM07813,SO02613,PROD304,64,340.83
SOITEM07814,SO02613,PROD444,32,692.28
SOITEM07815,SO02613,PROD322,91,975.89
SOITEM07816,SO02614,PROD183,144,1162.93
SOITEM07817,SO02614,PROD357,90,1000.2
SOITEM07818,SO02614,PROD048,15,100.51
SOITEM07819,SO02615,PROD403,30,964.43
SOITEM07820,SO02615,PROD065,17,595.07
SOITEM07821,SO02615,PROD084,147,1195.1
SOITEM07822,SO02615,PROD261,33,1709.04
SOITEM07823,SO02616,PROD455,17,1079.54
SOITEM07824,SO02616,PROD265,15,1219.88
SOITEM07825,SO02616,PROD308,17,698.97
SOITEM07826,SO02616,PROD287,61,206.98
SOITEM07827,SO02616,PROD171,140,1035.14
SOITEM07828,SO02617,PROD052,37,594.73
SOITEM07829,SO02617,PROD382,13,439.42
SOITEM07830,SO02617,PROD114,64,272.02
SOITEM07831,SO02618,PROD098,149,839.21
SOITEM07832,SO02618,PROD117,107,276.44
SOITEM07833,SO02618,PROD253,23,874.11
SOITEM07834,SO02618,PROD142,48,1235.3
SOITEM07835,SO02619,PROD068,125,1350.64
SOITEM07836,SO02619,PROD406,68,455.97
SOITEM07837,SO02619,PROD372,78,630.0
SOITEM07838,SO02619,PROD258,79,461.24
SOITEM07839,SO02619,PROD031,114,1253.99
SOITEM07840,SO02619,PROD474,101,828.38
SOITEM07841,SO02620,PROD025,60,389.26
SOITEM07842,SO02620,PROD081,25,746.49
SOITEM07843,SO02621,PROD375,134,1156.42
SOITEM07844,SO02621,PROD426,20,546.15
SOITEM07845,SO02621,PROD327,74,117.75
SOITEM07846,SO02621,PROD384,73,1361.99
SOITEM07847,SO02622,PROD295,69,226.63
SOITEM07848,SO02622,PROD457,48,1199.55
SOITEM07849,SO02622,PROD042,60,239.5
SOITEM07850,SO02622,PROD451,89,1215.34
SOITEM07851,SO02622,PROD310,45,1114.33
SOITEM07852,SO02623,PROD406,84,455.97
SOITEM07853,SO02623,PROD028,150,1322.93
SOITEM07854,SO02623,PROD405,130,53.91
SOITEM07855,SO02624,PROD394,76,1287.33
SOITEM07856,SO02624,PROD024,61,649.2
SOITEM07857,SO02624,PROD055,5,615.27
SOITEM07858,SO02624,PROD153,30,1158.97
SOITEM07859,SO02624,PROD473,31,352.49
SOITEM07860,SO02624,PROD463,22,606.23
SOITEM07861,SO02625,PROD404,23,314.33
SOITEM07862,SO02625,PROD177,19,297.71
SOITEM07863,SO02625,PROD453,126,159.85
SOITEM07864,SO02625,PROD054,85,1320.94
SOITEM07865,SO02625,PROD071,67,915.07
SOITEM07866,SO02626,PROD348,80,788.76
SOITEM07867,SO02626,PROD492,47,1562.48
SOITEM07868,SO02627,PROD108,100,38.13
SOITEM07869,SO02627,PROD476,141,1357.77
SOITEM07870,SO02627,PROD393,72,663.76
SOITEM07871,SO02627,PROD246,29,1511.76
SOITEM07872,SO02627,PROD179,37,587.83
SOITEM07873,SO02628,PROD423,83,1272.27
SOITEM07874,SO02628,PROD159,150,1098.12
SOITEM07875,SO02628,PROD094,25,248.06
SOITEM07876,SO02629,PROD205,80,383.51
SOITEM07877,SO02629,PROD059,108,745.03
SOITEM07878,SO02629,PROD260,87,685.07
SOITEM07879,SO02630,PROD376,62,736.67
SOITEM07880,SO02630,PROD226,146,551.23
SOITEM07881,SO02631,PROD495,50,114.6
SOITEM07882,SO02631,PROD219,125,610.84
SOITEM07883,SO02631,PROD061,41,862.09
SOITEM07884,SO02631,PROD498,81,1441.23
SOITEM07885,SO02632,PROD034,10,710.46
SOITEM07886,SO02632,PROD423,119,1272.27
SOITEM07887,SO02632,PROD165,35,668.55
SOITEM07888,SO02633,PROD075,26,908.01
SOITEM07889,SO02633,PROD397,76,72.85
SOITEM07890,SO02633,PROD390,101,979.43
SOITEM07891,SO02633,PROD061,123,862.09
SOITEM07892,SO02633,PROD459,86,671.8
SOITEM07893,SO02633,PROD250,58,976.03
SOITEM07894,SO02633,PROD058,13,1345.87
SOITEM07895,SO02634,PROD170,31,1202.0
SOITEM07896,SO02634,PROD182,75,345.97
SOITEM07897,SO02634,PROD230,67,678.56
SOITEM07898,SO02634,PROD378,10,153.55
SOITEM07899,SO02634,PROD019,42,158.03
SOITEM07900,SO02635,PROD335,135,545.76
SOITEM07901,SO02635,PROD318,37,738.15
SOITEM07902,SO02635,PROD337,75,1315.07
SOITEM07903,SO02635,PROD472,75,887.42
SOITEM07904,SO02635,PROD293,7,921.24
SOITEM07905,SO02635,PROD064,76,1297.35
SOITEM07906,SO02636,PROD066,11,147.63
SOITEM07907,SO02636,PROD130,15,466.72
SOITEM07908,SO02636,PROD087,89,382.43
SOITEM07909,SO02637,PROD465,124,945.03
SOITEM07910,SO02637,PROD151,109,179.05
SOITEM07911,SO02637,PROD065,126,595.07
SOITEM07912,SO02638,PROD370,58,305.22
SOITEM07913,SO02638,PROD118,36,405.84
SOITEM07914,SO02639,PROD044,124,798.58
SOITEM07915,SO02639,PROD451,75,1215.34
SOITEM07916,SO02639,PROD089,26,708.42
SOITEM07917,SO02640,PROD364,99,49.06
SOITEM07918,SO02640,PROD171,30,1035.14
SOITEM07919,SO02641,PROD310,43,1114.33
SOITEM07920,SO02641,PROD240,22,1692.13
SOITEM07921,SO02641,PROD468,108,568.43
SOITEM07922,SO02642,PROD113,76,216.05
SOITEM07923,SO02642,PROD477,111,1211.96
SOITEM07924,SO02642,PROD442,27,1012.49
SOITEM07925,SO02643,PROD281,133,882.78
SOITEM07926,SO02643,PROD232,52,224.33
SOITEM07927,SO02643,PROD321,19,1229.41
SOITEM07928,SO02643,PROD366,125,1065.87
SOITEM07929,SO02643,PROD431,89,448.84
SOITEM07930,SO02644,PROD256,125,641.32
SOITEM07931,SO02644,PROD174,9,60.34
SOITEM07932,SO02645,PROD273,123,145.43
SOITEM07933,SO02645,PROD347,25,89.12
SOITEM07934,SO02645,PROD104,86,517.35
SOITEM07935,SO02645,PROD453,58,159.85
SOITEM07936,SO02646,PROD098,33,839.21
SOITEM07937,SO02646,PROD348,129,788.76
SOITEM07938,SO02647,PROD368,122,1015.99
SOITEM07939,SO02647,PROD493,69,314.62
SOITEM07940,SO02647,PROD210,62,1031.08
SOITEM07941,SO02648,PROD377,143,829.67
SOITEM07942,SO02649,PROD436,80,618.73
SOITEM07943,SO02649,PROD215,132,846.19
SOITEM07944,SO02649,PROD233,86,1163.32
SOITEM07945,SO02649,PROD115,53,1294.8
SOITEM07946,SO02650,PROD357,25,1000.2
SOITEM07947,SO02650,PROD434,113,1571.95
SOITEM07948,SO02651,PROD174,101,60.34
SOITEM07949,SO02651,PROD378,10,153.55
SOITEM07950,SO02652,PROD240,75,1692.13
SOITEM07951,SO02652,PROD374,31,337.05
SOITEM07952,SO02652,PROD353,100,506.01
SOITEM07953,SO02652,PROD189,121,383.37
SOITEM07954,SO02653,PROD078,148,1530.22
SOITEM07955,SO02654,PROD359,117,948.38
SOITEM07956,SO02654,PROD281,139,882.78
SOITEM07957,SO02654,PROD087,133,382.43
SOITEM07958,SO02654,PROD031,113,1253.99
SOITEM07959,SO02654,PROD318,37,738.15
SOITEM07960,SO02655,PROD438,35,981.89
SOITEM07961,SO02655,PROD142,62,1235.3
SOITEM07962,SO02655,PROD372,44,630.0
SOITEM07963,SO02655,PROD092,147,392.62
SOITEM07964,SO02655,PROD077,112,862.64
SOITEM07965,SO02656,PROD462,47,334.33
SOITEM07966,SO02656,PROD255,88,91.9
SOITEM07967,SO02656,PROD112,150,1586.71
SOITEM07968,SO02657,PROD027,67,523.24
SOITEM07969,SO02657,PROD313,77,1083.11
SOITEM07970,SO02657,PROD296,131,1262.57
SOITEM07971,SO02658,PROD493,82,314.62
SOITEM07972,SO02658,PROD311,71,776.52
SOITEM07973,SO02658,PROD126,66,374.01
SOITEM07974,SO02659,PROD453,30,159.85
SOITEM07975,SO02659,PROD440,70,754.74
SOITEM07976,SO02660,PROD038,10,1340.93
SOITEM07977,SO02660,PROD225,32,1254.65
SOITEM07978,SO02660,PROD233,130,1163.32
SOITEM07979,SO02661,PROD300,86,731.42
SOITEM07980,SO02661,PROD135,18,939.41
SOITEM07981,SO02661,PROD290,100,150.88
SOITEM07982,SO02662,PROD473,118,352.49
SOITEM07983,SO02662,PROD123,111,471.66
SOITEM07984,SO02662,PROD221,147,494.14
SOITEM07985,SO02662,PROD344,46,1487.38
SOITEM07986,SO02662,PROD008,115,1090.21
SOITEM07987,SO02663,PROD258,150,461.24
SOITEM07988,SO02663,PROD431,116,448.84
SOITEM07989,SO02663,PROD368,69,1015.99
SOITEM07990,SO02663,PROD440,110,754.74
SOITEM07991,SO02663,PROD167,98,1146.21
SOITEM07992,SO02664,PROD444,42,692.28
SOITEM07993,SO02664,PROD248,78,913.36
SOITEM07994,SO02665,PROD202,76,976.76
SOITEM07995,SO02665,PROD167,113,1146.21
SOITEM07996,SO02665,PROD492,77,1562.48
SOITEM07997,SO02666,PROD300,60,731.42
SOITEM07998,SO02666,PROD241,6,876.44
SOITEM07999,SO02666,PROD352,117,1269.95
SOITEM08000,SO02667,PROD204,97,134.39
SOITEM08001,SO02667,PROD210,46,1031.08
SOITEM08002,SO02667,PROD214,39,759.99
SOITEM08003,SO02667,PROD031,110,1253.99
SOITEM08004,SO02668,PROD154,55,1628.8
SOITEM08005,SO02668,PROD249,10,713.13
SOITEM08006,SO02668,PROD058,89,1345.87
SOITEM08007,SO02669,PROD014,149,318.73
SOITEM08008,SO02669,PROD489,21,924.46
SOITEM08009,SO02670,PROD455,8,1079.54
SOITEM08010,SO02671,PROD152,32,1109.49
SOITEM08011,SO02671,PROD262,10,87.94
SOITEM08012,SO02671,PROD312,46,448.06
SOITEM08013,SO02672,PROD376,27,736.67
SOITEM08014,SO02672,PROD015,85,351.11
SOITEM08015,SO02672,PROD450,85,699.65
SOITEM08016,SO02672,PROD302,141,268.83
SOITEM08017,SO02673,PROD111,121,1295.51
SOITEM08018,SO02673,PROD119,5,106.06
SOITEM08019,SO02674,PROD100,86,653.66
SOITEM08020,SO02675,PROD244,22,128.7
SOITEM08021,SO02675,PROD241,61,876.44
SOITEM08022,SO02675,PROD025,43,389.26
SOITEM08023,SO02675,PROD110,134,930.88
SOITEM08024,SO02675,PROD208,134,1030.06
SOITEM08025,SO02676,PROD452,86,614.75
SOITEM08026,SO02676,PROD071,124,915.07
SOITEM08027,SO02677,PROD179,51,587.83
SOITEM08028,SO02677,PROD477,108,1211.96
SOITEM08029,SO02678,PROD255,130,91.9
SOITEM08030,SO02678,PROD472,91,887.42
SOITEM08031,SO02679,PROD483,35,672.5
SOITEM08032,SO02679,PROD236,111,801.25
SOITEM08033,SO02679,PROD047,139,117.41
SOITEM08034,SO02679,PROD392,73,1608.86
SOITEM08035,SO02680,PROD286,101,1182.9
SOITEM08036,SO02680,PROD473,60,352.49
SOITEM08037,SO02680,PROD088,84,1348.83
SOITEM08038,SO02681,PROD487,15,541.19
SOITEM08039,SO02682,PROD403,74,964.43
SOITEM08040,SO02682,PROD399,149,194.51
SOITEM08041,SO02682,PROD330,19,717.97
SOITEM08042,SO02682,PROD499,75,197.97
SOITEM08043,SO02682,PROD345,91,782.66
SOITEM08044,SO02683,PROD131,33,582.87
SOITEM08045,SO02684,PROD316,141,756.92
SOITEM08046,SO02685,PROD293,9,921.24
SOITEM08047,SO02686,PROD050,131,1340.67
SOITEM08048,SO02686,PROD103,54,420.13
SOITEM08049,SO02687,PROD196,100,967.84
SOITEM08050,SO02687,PROD218,135,1120.53
SOITEM08051,SO02688,PROD242,6,651.23
SOITEM08052,SO02689,PROD114,32,272.02
SOITEM08053,SO02690,PROD424,16,446.5
SOITEM08054,SO02690,PROD144,131,1097.61
SOITEM08055,SO02690,PROD319,94,70.29
SOITEM08056,SO02690,PROD254,29,775.1
SOITEM08057,SO02691,PROD254,20,775.1
SOITEM08058,SO02691,PROD159,19,1098.12
SOITEM08059,SO02692,PROD129,111,726.96
SOITEM08060,SO02692,PROD375,12,1156.42
SOITEM08061,SO02692,PROD049,121,1093.93
SOITEM08062,SO02693,PROD185,74,78.88
SOITEM08063,SO02693,PROD024,126,649.2
SOITEM08064,SO02694,PROD198,143,220.57
SOITEM08065,SO02694,PROD352,47,1269.95
SOITEM08066,SO02694,PROD216,81,202.05
SOITEM08067,SO02694,PROD054,17,1320.94
SOITEM08068,SO02694,PROD095,138,200.83
SOITEM08069,SO02695,PROD485,38,1226.75
SOITEM08070,SO02695,PROD387,118,980.89
SOITEM08071,SO02696,PROD160,16,746.32
SOITEM08072,SO02696,PROD256,141,641.32
SOITEM08073,SO02697,PROD294,109,442.63
SOITEM08074,SO02697,PROD042,10,239.5
SOITEM08075,SO02698,PROD078,97,1530.22
SOITEM08076,SO02698,PROD246,141,1511.76
SOITEM08077,SO02698,PROD357,132,1000.2
SOITEM08078,SO02698,PROD469,70,1205.87
SOITEM08079,SO02699,PROD006,14,1039.67
SOITEM08080,SO02699,PROD184,73,43.16
SOITEM08081,SO02699,PROD024,60,649.2
SOITEM08082,SO02699,PROD016,104,1166.68
SOITEM08083,SO02700,PROD173,93,45.46
SOITEM08084,SO02700,PROD143,72,280.77
SOITEM08085,SO02700,PROD402,52,456.95
SOITEM08086,SO02701,PROD214,69,759.99
SOITEM08087,SO02701,PROD393,54,663.76
SOITEM08088,SO02701,PROD359,81,948.38
SOITEM08089,SO02702,PROD353,61,506.01
SOITEM08090,SO02702,PROD339,45,804.84
SOITEM08091,SO02703,PROD294,106,442.63
SOITEM08092,SO02703,PROD360,25,17.56
SOITEM08093,SO02703,PROD297,120,213.96
SOITEM08094,SO02703,PROD185,14,78.88
SOITEM08095,SO02703,PROD446,135,167.07
SOITEM08096,SO02704,PROD377,33,829.67
SOITEM08097,SO02705,PROD310,8,1114.33
SOITEM08098,SO02706,PROD360,51,17.56
SOITEM08099,SO02707,PROD153,57,1158.97
SOITEM08100,SO02707,PROD218,59,1120.53
SOITEM08101,SO02708,PROD276,78,254.24
SOITEM08102,SO02708,PROD355,6,437.91
SOITEM08103,SO02708,PROD374,75,337.05
SOITEM08104,SO02709,PROD127,116,160.45
SOITEM08105,SO02710,PROD441,14,433.21
SOITEM08106,SO02710,PROD345,90,782.66
SOITEM08107,SO02711,PROD488,35,817.03
SOITEM08108,SO02711,PROD297,62,213.96
SOITEM08109,SO02711,PROD293,16,921.24
SOITEM08110,SO02711,PROD205,116,383.51
SOITEM08111,SO02712,PROD064,12,1297.35
SOITEM08112,SO02712,PROD115,44,1294.8
SOITEM08113,SO02712,PROD010,135,158.98
SOITEM08114,SO02712,PROD382,127,439.42
SOITEM08115,SO02712,PROD258,140,461.24
SOITEM08116,SO02713,PROD137,84,1053.76
SOITEM08117,SO02714,PROD173,99,45.46
SOITEM08118,SO02714,PROD099,23,370.78
SOITEM08119,SO02715,PROD284,24,1138.02
SOITEM08120,SO02715,PROD261,68,1709.04
SOITEM08121,SO02715,PROD066,35,147.63
SOITEM08122,SO02715,PROD074,118,1276.05
SOITEM08123,SO02716,PROD065,144,595.07
SOITEM08124,SO02717,PROD054,81,1320.94
SOITEM08125,SO02717,PROD308,6,698.97
SOITEM08126,SO02717,PROD172,138,415.49
SOITEM08127,SO02717,PROD312,126,448.06
SOITEM08128,SO02718,PROD105,118,454.18
SOITEM08129,SO02718,PROD131,12,582.87
SOITEM08130,SO02718,PROD212,99,427.61
SOITEM08131,SO02719,PROD344,77,1487.38
SOITEM08132,SO02719,PROD137,20,1053.76
SOITEM08133,SO02719,PROD058,49,1345.87
SOITEM08134,SO02720,PROD413,49,887.22
SOITEM08135,SO02721,PROD429,105,101.2
SOITEM08136,SO02721,PROD146,25,561.24
SOITEM08137,SO02721,PROD361,147,1008.28
SOITEM08138,SO02722,PROD410,79,97.05
SOITEM08139,SO02722,PROD112,54,1586.71
SOITEM08140,SO02722,PROD289,126,686.66
SOITEM08141,SO02722,PROD257,125,314.51
SOITEM08142,SO02722,PROD277,37,1103.6
SOITEM08143,SO02723,PROD324,22,366.94
SOITEM08144,SO02724,PROD360,128,17.56
SOITEM08145,SO02725,PROD329,47,344.07
SOITEM08146,SO02725,PROD246,9,1511.76
SOITEM08147,SO02726,PROD430,30,1060.12
SOITEM08148,SO02726,PROD417,145,1285.07
SOITEM08149,SO02726,PROD276,43,254.24
SOITEM08150,SO02727,PROD496,40,782.95
SOITEM08151,SO02728,PROD285,65,653.85
SOITEM08152,SO02728,PROD331,50,825.64
SOITEM08153,SO02729,PROD331,98,825.64
SOITEM08154,SO02729,PROD357,112,1000.2
SOITEM08155,SO02729,PROD142,147,1235.3
SOITEM08156,SO02730,PROD159,129,1098.12
SOITEM08157,SO02730,PROD210,6,1031.08
SOITEM08158,SO02730,PROD488,75,817.03
SOITEM08159,SO02730,PROD285,25,653.85
SOITEM08160,SO02730,PROD436,29,618.73
SOITEM08161,SO02731,PROD174,39,60.34
SOITEM08162,SO02731,PROD161,26,27.23
SOITEM08163,SO02731,PROD102,142,1028.11
SOITEM08164,SO02732,PROD070,138,401.23
SOITEM08165,SO02732,PROD495,147,114.6
SOITEM08166,SO02732,PROD148,17,35.33
SOITEM08167,SO02732,PROD426,120,546.15
SOITEM08168,SO02732,PROD202,142,976.76
SOITEM08169,SO02732,PROD129,142,726.96
SOITEM08170,SO02733,PROD407,65,1046.72
SOITEM08171,SO02733,PROD238,10,88.48
SOITEM08172,SO02733,PROD253,148,874.11
SOITEM08173,SO02734,PROD093,42,787.77
SOITEM08174,SO02734,PROD270,35,155.77
SOITEM08175,SO02735,PROD061,55,862.09
SOITEM08176,SO02735,PROD442,73,1012.49
SOITEM08177,SO02735,PROD180,139,941.04
SOITEM08178,SO02735,PROD476,83,1357.77
SOITEM08179,SO02735,PROD077,36,862.64
SOITEM08180,SO02736,PROD121,46,953.07
SOITEM08181,SO02736,PROD065,89,595.07
SOITEM08182,SO02736,PROD452,119,614.75
SOITEM08183,SO02736,PROD442,28,1012.49
SOITEM08184,SO02737,PROD182,107,345.97
SOITEM08185,SO02737,PROD022,83,225.56
SOITEM08186,SO02738,PROD255,62,91.9
SOITEM08187,SO02739,PROD453,34,159.85
SOITEM08188,SO02739,PROD246,79,1511.76
SOITEM08189,SO02740,PROD020,120,710.42
SOITEM08190,SO02740,PROD427,140,566.06
SOITEM08191,SO02740,PROD105,72,454.18
SOITEM08192,SO02741,PROD369,109,751.92
SOITEM08193,SO02741,PROD471,124,434.22
SOITEM08194,SO02742,PROD384,30,1361.99
SOITEM08195,SO02742,PROD145,49,414.97
SOITEM08196,SO02742,PROD062,58,364.93
SOITEM08197,SO02742,PROD360,52,17.56
SOITEM08198,SO02742,PROD107,50,760.64
SOITEM08199,SO02743,PROD253,141,874.11
SOITEM08200,SO02743,PROD399,14,194.51
SOITEM08201,SO02743,PROD341,15,1669.85
SOITEM08202,SO02744,PROD059,101,745.03
SOITEM08203,SO02744,PROD185,108,78.88
SOITEM08204,SO02745,PROD265,20,1219.88
SOITEM08205,SO02745,PROD270,21,155.77
SOITEM08206,SO02745,PROD341,14,1669.85
SOITEM08207,SO02746,PROD252,141,1563.98
SOITEM08208,SO02746,PROD398,52,1174.48
SOITEM08209,SO02746,PROD106,17,222.41
SOITEM08210,SO02746,PROD135,75,939.41
SOITEM08211,SO02747,PROD109,55,294.07
SOITEM08212,SO02747,PROD066,20,147.63
SOITEM08213,SO02747,PROD379,96,1377.02
SOITEM08214,SO02747,PROD210,111,1031.08
SOITEM08215,SO02747,PROD325,43,1272.26
SOITEM08216,SO02747,PROD203,96,294.21
SOITEM08217,SO02748,PROD438,29,981.89
SOITEM08218,SO02748,PROD478,73,852.64
SOITEM08219,SO02748,PROD105,84,454.18
SOITEM08220,SO02748,PROD245,45,932.89
SOITEM08221,SO02748,PROD013,142,1004.23
SOITEM08222,SO02749,PROD459,28,671.8
SOITEM08223,SO02749,PROD109,114,294.07
SOITEM08224,SO02750,PROD459,15,671.8
SOITEM08225,SO02750,PROD339,32,804.84
SOITEM08226,SO02751,PROD088,105,1348.83
SOITEM08227,SO02751,PROD449,40,1451.26
SOITEM08228,SO02752,PROD028,64,1322.93
SOITEM08229,SO02752,PROD475,42,622.41
SOITEM08230,SO02752,PROD152,140,1109.49
SOITEM08231,SO02752,PROD184,40,43.16
SOITEM08232,SO02753,PROD414,136,1110.59
SOITEM08233,SO02754,PROD208,146,1030.06
SOITEM08234,SO02754,PROD320,100,1145.37
SOITEM08235,SO02754,PROD299,136,529.69
SOITEM08236,SO02754,PROD356,54,85.93
SOITEM08237,SO02755,PROD053,12,626.38
SOITEM08238,SO02755,PROD389,142,939.57
SOITEM08239,SO02756,PROD238,144,88.48
SOITEM08240,SO02756,PROD087,145,382.43
SOITEM08241,SO02757,PROD487,88,541.19
SOITEM08242,SO02757,PROD290,63,150.88
SOITEM08243,SO02757,PROD189,76,383.37
SOITEM08244,SO02758,PROD107,139,760.64
SOITEM08245,SO02758,PROD424,98,446.5
SOITEM08246,SO02758,PROD451,48,1215.34
SOITEM08247,SO02759,PROD470,19,973.75
SOITEM08248,SO02759,PROD366,99,1065.87
SOITEM08249,SO02759,PROD041,93,1345.28
SOITEM08250,SO02760,PROD366,48,1065.87
SOITEM08251,SO02760,PROD144,68,1097.61
SOITEM08252,SO02760,PROD095,75,200.83
SOITEM08253,SO02761,PROD212,135,427.61
SOITEM08254,SO02761,PROD354,142,1247.88
SOITEM08255,SO02761,PROD466,59,1181.87
SOITEM08256,SO02761,PROD085,101,816.42
SOITEM08257,SO02762,PROD166,96,590.1
SOITEM08258,SO02762,PROD367,109,698.04
SOITEM08259,SO02762,PROD142,6,1235.3
SOITEM08260,SO02763,PROD319,101,70.29
SOITEM08261,SO02763,PROD253,71,874.11
SOITEM08262,SO02763,PROD099,21,370.78
SOITEM08263,SO02763,PROD295,127,226.63
SOITEM08264,SO02764,PROD321,91,1229.41
SOITEM08265,SO02764,PROD376,124,736.67
SOITEM08266,SO02765,PROD136,49,486.56
SOITEM08267,SO02765,PROD298,5,301.61
SOITEM08268,SO02765,PROD050,17,1340.67
SOITEM08269,SO02766,PROD195,128,740.95
SOITEM08270,SO02766,PROD193,12,424.1
SOITEM08271,SO02766,PROD100,50,653.66
SOITEM08272,SO02767,PROD266,21,1288.39
SOITEM08273,SO02767,PROD244,43,128.7
SOITEM08274,SO02767,PROD015,116,351.11
SOITEM08275,SO02767,PROD289,111,686.66
SOITEM08276,SO02768,PROD284,57,1138.02
SOITEM08277,SO02768,PROD070,125,401.23
SOITEM08278,SO02768,PROD111,130,1295.51
SOITEM08279,SO02769,PROD472,128,887.42
SOITEM08280,SO02769,PROD409,23,578.39
SOITEM08281,SO02769,PROD082,95,1118.92
SOITEM08282,SO02770,PROD222,15,444.32
SOITEM08283,SO02770,PROD300,28,731.42
SOITEM08284,SO02771,PROD216,50,202.05
SOITEM08285,SO02771,PROD126,128,374.01
SOITEM08286,SO02771,PROD255,81,91.9
SOITEM08287,SO02771,PROD193,46,424.1
SOITEM08288,SO02771,PROD425,17,237.61
SOITEM08289,SO02772,PROD092,43,392.62
SOITEM08290,SO02772,PROD053,81,626.38
SOITEM08291,SO02772,PROD319,24,70.29
SOITEM08292,SO02772,PROD057,108,1187.66
SOITEM08293,SO02772,PROD470,77,973.75
SOITEM08294,SO02773,PROD482,138,261.56
SOITEM08295,SO02773,PROD210,142,1031.08
SOITEM08296,SO02774,PROD068,55,1350.64
SOITEM08297,SO02775,PROD362,72,1010.26
SOITEM08298,SO02775,PROD155,33,194.11
SOITEM08299,SO02775,PROD350,100,605.73
SOITEM08300,SO02775,PROD259,41,1293.76
SOITEM08301,SO02775,PROD241,8,876.44
SOITEM08302,SO02775,PROD370,58,305.22
SOITEM08303,SO02776,PROD499,137,197.97
SOITEM08304,SO02776,PROD159,138,1098.12
SOITEM08305,SO02777,PROD156,106,862.99
SOITEM08306,SO02777,PROD251,113,1241.42
SOITEM08307,SO02777,PROD126,77,374.01
SOITEM08308,SO02777,PROD264,129,576.49
SOITEM08309,SO02777,PROD123,33,471.66
SOITEM08310,SO02778,PROD316,140,756.92
SOITEM08311,SO02779,PROD080,98,923.6
SOITEM08312,SO02779,PROD182,68,345.97
SOITEM08313,SO02780,PROD368,99,1015.99
SOITEM08314,SO02780,PROD412,85,1313.15
SOITEM08315,SO02780,PROD440,105,754.74
SOITEM08316,SO02780,PROD351,6,407.92
SOITEM08317,SO02781,PROD091,40,836.23
SOITEM08318,SO02781,PROD098,86,839.21
SOITEM08319,SO02781,PROD104,32,517.35
SOITEM08320,SO02781,PROD266,112,1288.39
SOITEM08321,SO02781,PROD298,36,301.61
SOITEM08322,SO02782,PROD278,31,364.44
SOITEM08323,SO02782,PROD491,51,136.1
SOITEM08324,SO02782,PROD116,40,1088.55
SOITEM08325,SO02783,PROD131,26,582.87
SOITEM08326,SO02783,PROD418,54,651.35
SOITEM08327,SO02784,PROD382,124,439.42
SOITEM08328,SO02784,PROD024,27,649.2
SOITEM08329,SO02784,PROD441,96,433.21
SOITEM08330,SO02784,PROD201,27,258.6
SOITEM08331,SO02785,PROD430,145,1060.12
SOITEM08332,SO02785,PROD361,103,1008.28
SOITEM08333,SO02785,PROD364,51,49.06
SOITEM08334,SO02785,PROD393,33,663.76
SOITEM08335,SO02786,PROD259,134,1293.76
SOITEM08336,SO02786,PROD241,22,876.44
SOITEM08337,SO02786,PROD474,54,828.38
SOITEM08338,SO02787,PROD049,33,1093.93
SOITEM08339,SO02787,PROD432,33,690.84
SOITEM08340,SO02788,PROD405,144,53.91
SOITEM08341,SO02788,PROD236,82,801.25
SOITEM08342,SO02789,PROD252,64,1563.98
SOITEM08343,SO02790,PROD494,95,806.62
SOITEM08344,SO02790,PROD457,145,1199.55
SOITEM08345,SO02790,PROD268,141,1114.89
SOITEM08346,SO02790,PROD197,50,1098.89
SOITEM08347,SO02791,PROD407,73,1046.72
SOITEM08348,SO02791,PROD093,86,787.77
SOITEM08349,SO02792,PROD321,29,1229.41
SOITEM08350,SO02793,PROD486,58,81.21
SOITEM08351,SO02793,PROD369,93,751.92
SOITEM08352,SO02793,PROD427,143,566.06
SOITEM08353,SO02793,PROD122,87,1102.95
SOITEM08354,SO02794,PROD068,50,1350.64
SOITEM08355,SO02794,PROD446,94,167.07
SOITEM08356,SO02794,PROD455,56,1079.54
SOITEM08357,SO02795,PROD159,145,1098.12
SOITEM08358,SO02795,PROD268,42,1114.89
SOITEM08359,SO02795,PROD074,71,1276.05
SOITEM08360,SO02795,PROD457,28,1199.55
SOITEM08361,SO02796,PROD009,28,446.24
SOITEM08362,SO02796,PROD338,15,679.07
SOITEM08363,SO02796,PROD229,27,1354.19
SOITEM08364,SO02797,PROD114,30,272.02
SOITEM08365,SO02797,PROD298,138,301.61
SOITEM08366,SO02798,PROD359,76,948.38
SOITEM08367,SO02798,PROD321,78,1229.41
SOITEM08368,SO02798,PROD255,57,91.9
SOITEM08369,SO02798,PROD493,49,314.62
SOITEM08370,SO02798,PROD196,42,967.84
SOITEM08371,SO02798,PROD330,55,717.97
SOITEM08372,SO02799,PROD084,43,1195.1
SOITEM08373,SO02799,PROD457,145,1199.55
SOITEM08374,SO02799,PROD098,67,839.21
SOITEM08375,SO02800,PROD294,18,442.63
SOITEM08376,SO02800,PROD391,112,1014.36
SOITEM08377,SO02800,PROD475,149,622.41
SOITEM08378,SO02800,PROD288,81,1233.87
SOITEM08379,SO02800,PROD278,74,364.44
SOITEM08380,SO02801,PROD071,59,915.07
SOITEM08381,SO02801,PROD040,115,695.59
SOITEM08382,SO02802,PROD191,49,1024.15
SOITEM08383,SO02803,PROD302,46,268.83
SOITEM08384,SO02803,PROD222,98,444.32
SOITEM08385,SO02803,PROD126,101,374.01
SOITEM08386,SO02803,PROD268,117,1114.89
SOITEM08387,SO02804,PROD233,86,1163.32
SOITEM08388,SO02805,PROD111,99,1295.51
SOITEM08389,SO02805,PROD017,22,704.27
SOITEM08390,SO02805,PROD264,22,576.49
SOITEM08391,SO02805,PROD056,63,904.05
SOITEM08392,SO02806,PROD171,33,1035.14
SOITEM08393,SO02806,PROD283,32,922.05
SOITEM08394,SO02806,PROD323,69,536.07
SOITEM08395,SO02807,PROD388,40,793.41
SOITEM08396,SO02807,PROD406,69,455.97
SOITEM08397,SO02807,PROD328,74,1354.07
SOITEM08398,SO02807,PROD370,22,305.22
SOITEM08399,SO02808,PROD099,97,370.78
SOITEM08400,SO02809,PROD101,135,579.34
SOITEM08401,SO02809,PROD289,122,686.66
SOITEM08402,SO02809,PROD009,91,446.24
SOITEM08403,SO02809,PROD226,116,551.23
SOITEM08404,SO02809,PROD100,85,653.66
SOITEM08405,SO02810,PROD431,80,448.84
SOITEM08406,SO02810,PROD048,6,100.51
SOITEM08407,SO02810,PROD401,80,127.69
SOITEM08408,SO02810,PROD089,15,708.42
SOITEM08409,SO02811,PROD351,131,407.92
SOITEM08410,SO02811,PROD058,95,1345.87
SOITEM08411,SO02811,PROD315,12,477.79
SOITEM08412,SO02811,PROD492,43,1562.48
SOITEM08413,SO02812,PROD125,21,791.95
SOITEM08414,SO02812,PROD284,118,1138.02
SOITEM08415,SO02813,PROD359,110,948.38
SOITEM08416,SO02813,PROD182,51,345.97
SOITEM08417,SO02814,PROD498,123,1441.23
SOITEM08418,SO02814,PROD231,146,1048.32
SOITEM08419,SO02815,PROD327,103,117.75
SOITEM08420,SO02815,PROD377,120,829.67
SOITEM08421,SO02815,PROD445,57,910.8
SOITEM08422,SO02815,PROD270,57,155.77
SOITEM08423,SO02815,PROD381,118,179.0
SOITEM08424,SO02816,PROD270,120,155.77
SOITEM08425,SO02816,PROD103,48,420.13
SOITEM08426,SO02817,PROD034,105,710.46
SOITEM08427,SO02817,PROD412,99,1313.15
SOITEM08428,SO02818,PROD168,143,852.73
SOITEM08429,SO02818,PROD036,42,685.85
SOITEM08430,SO02818,PROD241,117,876.44
SOITEM08431,SO02818,PROD485,64,1226.75
SOITEM08432,SO02819,PROD096,30,1145.68
SOITEM08433,SO02819,PROD059,129,745.03
SOITEM08434,SO02819,PROD157,39,122.44
SOITEM08435,SO02819,PROD084,27,1195.1
SOITEM08436,SO02820,PROD067,40,1491.41
SOITEM08437,SO02820,PROD113,43,216.05
SOITEM08438,SO02820,PROD357,70,1000.2
SOITEM08439,SO02820,PROD429,38,101.2
SOITEM08440,SO02820,PROD227,135,977.2
SOITEM08441,SO02821,PROD379,19,1377.02
SOITEM08442,SO02821,PROD413,117,887.22
SOITEM08443,SO02821,PROD073,35,800.29
SOITEM08444,SO02821,PROD319,49,70.29
SOITEM08445,SO02822,PROD081,59,746.49
SOITEM08446,SO02822,PROD400,8,733.96
SOITEM08447,SO02822,PROD174,5,60.34
SOITEM08448,SO02823,PROD413,77,887.22
SOITEM08449,SO02823,PROD076,144,182.76
SOITEM08450,SO02824,PROD143,20,280.77
SOITEM08451,SO02825,PROD426,144,546.15
SOITEM08452,SO02825,PROD230,142,678.56
SOITEM08453,SO02825,PROD446,119,167.07
SOITEM08454,SO02825,PROD145,19,414.97
SOITEM08455,SO02825,PROD324,96,366.94
SOITEM08456,SO02826,PROD024,51,649.2
SOITEM08457,SO02826,PROD184,89,43.16
SOITEM08458,SO02826,PROD240,44,1692.13
SOITEM08459,SO02826,PROD380,69,886.05
SOITEM08460,SO02827,PROD360,46,17.56
SOITEM08461,SO02827,PROD292,55,346.04
SOITEM08462,SO02827,PROD266,55,1288.39
SOITEM08463,SO02828,PROD179,47,587.83
SOITEM08464,SO02828,PROD106,137,222.41
SOITEM08465,SO02828,PROD465,51,945.03
SOITEM08466,SO02828,PROD341,60,1669.85
SOITEM08467,SO02829,PROD259,101,1293.76
SOITEM08468,SO02829,PROD213,48,915.33
SOITEM08469,SO02829,PROD365,106,732.48
SOITEM08470,SO02829,PROD056,78,904.05
SOITEM08471,SO02829,PROD485,94,1226.75
SOITEM08472,SO02830,PROD235,138,1700.42
SOITEM08473,SO02831,PROD115,146,1294.8
SOITEM08474,SO02831,PROD336,82,1309.51
SOITEM08475,SO02831,PROD407,129,1046.72
SOITEM08476,SO02832,PROD094,47,248.06
SOITEM08477,SO02832,PROD421,129,1053.38
SOITEM08478,SO02832,PROD409,72,578.39
SOITEM08479,SO02833,PROD435,18,1222.59
SOITEM08480,SO02834,PROD341,99,1669.85
SOITEM08481,SO02834,PROD084,99,1195.1
SOITEM08482,SO02834,PROD407,62,1046.72
SOITEM08483,SO02834,PROD440,102,754.74
SOITEM08484,SO02835,PROD409,123,578.39
SOITEM08485,SO02835,PROD403,65,964.43
SOITEM08486,SO02836,PROD366,118,1065.87
SOITEM08487,SO02836,PROD275,37,491.51
SOITEM08488,SO02836,PROD174,111,60.34
SOITEM08489,SO02836,PROD231,5,1048.32
SOITEM08490,SO02837,PROD441,149,433.21
SOITEM08491,SO02837,PROD400,12,733.96
SOITEM08492,SO02837,PROD014,103,318.73
SOITEM08493,SO02837,PROD217,117,487.55
SOITEM08494,SO02837,PROD100,8,653.66
SOITEM08495,SO02837,PROD177,39,297.71
SOITEM08496,SO02838,PROD170,139,1202.0
SOITEM08497,SO02838,PROD024,30,649.2
SOITEM08498,SO02838,PROD451,9,1215.34
SOITEM08499,SO02839,PROD223,50,230.59
SOITEM08500,SO02839,PROD492,37,1562.48
SOITEM08501,SO02839,PROD488,109,817.03
SOITEM08502,SO02840,PROD407,140,1046.72
SOITEM08503,SO02840,PROD057,112,1187.66
SOITEM08504,SO02840,PROD488,84,817.03
SOITEM08505,SO02841,PROD117,45,276.44
SOITEM08506,SO02841,PROD143,30,280.77
SOITEM08507,SO02841,PROD044,101,798.58
SOITEM08508,SO02841,PROD266,143,1288.39
SOITEM08509,SO02841,PROD056,107,904.05
SOITEM08510,SO02842,PROD167,111,1146.21
SOITEM08511,SO02842,PROD435,23,1222.59
SOITEM08512,SO02842,PROD110,57,930.88
SOITEM08513,SO02843,PROD264,102,576.49
SOITEM08514,SO02843,PROD232,132,224.33
SOITEM08515,SO02843,PROD270,125,155.77
SOITEM08516,SO02843,PROD409,123,578.39
SOITEM08517,SO02844,PROD349,55,1436.79
SOITEM08518,SO02844,PROD300,46,731.42
SOITEM08519,SO02844,PROD125,7,791.95
SOITEM08520,SO02845,PROD187,43,1251.4
SOITEM08521,SO02845,PROD436,146,618.73
SOITEM08522,SO02845,PROD247,87,1575.9
SOITEM08523,SO02845,PROD110,149,930.88
SOITEM08524,SO02845,PROD045,26,157.89
SOITEM08525,SO02845,PROD198,108,220.57
SOITEM08526,SO02845,PROD310,22,1114.33
SOITEM08527,SO02845,PROD190,96,1394.38
SOITEM08528,SO02845,PROD221,144,494.14
SOITEM08529,SO02845,PROD479,43,710.31
SOITEM08530,SO02846,PROD463,114,606.23
SOITEM08531,SO02846,PROD006,115,1039.67
SOITEM08532,SO02846,PROD121,124,953.07
SOITEM08533,SO02846,PROD411,88,1278.66
SOITEM08534,SO02847,PROD478,130,852.64
SOITEM08535,SO02847,PROD245,121,932.89
SOITEM08536,SO02847,PROD118,120,405.84
SOITEM08537,SO02847,PROD113,57,216.05
SOITEM08538,SO02848,PROD370,88,305.22
SOITEM08539,SO02848,PROD098,125,839.21
SOITEM08540,SO02848,PROD208,77,1030.06
SOITEM08541,SO02849,PROD267,91,693.98
SOITEM08542,SO02850,PROD095,80,200.83
SOITEM08543,SO02850,PROD188,84,575.31
SOITEM08544,SO02850,PROD244,63,128.7
SOITEM08545,SO02851,PROD445,53,910.8
SOITEM08546,SO02851,PROD080,69,923.6
SOITEM08547,SO02851,PROD492,31,1562.48
SOITEM08548,SO02852,PROD296,32,1262.57
SOITEM08549,SO02852,PROD315,25,477.79
SOITEM08550,SO02852,PROD343,112,580.3
SOITEM08551,SO02852,PROD475,133,622.41
SOITEM08552,SO02853,PROD050,130,1340.67
SOITEM08553,SO02853,PROD442,98,1012.49
SOITEM08554,SO02853,PROD463,114,606.23
SOITEM08555,SO02853,PROD122,77,1102.95
SOITEM08556,SO02854,PROD194,47,956.58
SOITEM08557,SO02854,PROD255,56,91.9
SOITEM08558,SO02854,PROD311,148,776.52
SOITEM08559,SO02854,PROD450,77,699.65
SOITEM08560,SO02854,PROD239,44,694.49
SOITEM08561,SO02855,PROD204,98,134.39
SOITEM08562,SO02855,PROD491,78,136.1
SOITEM08563,SO02856,PROD380,62,886.05
SOITEM08564,SO02856,PROD015,139,351.11
SOITEM08565,SO02856,PROD460,8,139.11
SOITEM08566,SO02856,PROD453,30,159.85
SOITEM08567,SO02857,PROD459,79,671.8
SOITEM08568,SO02857,PROD132,108,1113.2
SOITEM08569,SO02858,PROD293,63,921.24
SOITEM08570,SO02858,PROD229,92,1354.19
SOITEM08571,SO02859,PROD251,16,1241.42
SOITEM08572,SO02859,PROD384,56,1361.99
SOITEM08573,SO02859,PROD157,63,122.44
SOITEM08574,SO02860,PROD078,15,1530.22
SOITEM08575,SO02860,PROD270,110,155.77
SOITEM08576,SO02860,PROD107,141,760.64
SOITEM08577,SO02860,PROD428,71,1043.62
SOITEM08578,SO02861,PROD164,88,111.31
SOITEM08579,SO02861,PROD047,103,117.41
SOITEM08580,SO02862,PROD419,83,462.74
SOITEM08581,SO02862,PROD122,150,1102.95
SOITEM08582,SO02862,PROD001,40,1065.76
SOITEM08583,SO02862,PROD120,15,158.19
SOITEM08584,SO02863,PROD097,17,1356.93
SOITEM08585,SO02863,PROD335,57,545.76
SOITEM08586,SO02864,PROD278,90,364.44
SOITEM08587,SO02865,PROD383,79,541.16
SOITEM08588,SO02865,PROD084,62,1195.1
SOITEM08589,SO02866,PROD008,78,1090.21
SOITEM08590,SO02866,PROD364,145,49.06
SOITEM08591,SO02867,PROD450,97,699.65
SOITEM08592,SO02867,PROD393,97,663.76
SOITEM08593,SO02867,PROD476,112,1357.77
SOITEM08594,SO02868,PROD462,107,334.33
SOITEM08595,SO02868,PROD100,94,653.66
SOITEM08596,SO02869,PROD175,124,365.38
SOITEM08597,SO02869,PROD245,127,932.89
SOITEM08598,SO02869,PROD158,99,1327.01
SOITEM08599,SO02869,PROD126,112,374.01
SOITEM08600,SO02869,PROD154,80,1628.8
SOITEM08601,SO02870,PROD101,102,579.34
SOITEM08602,SO02870,PROD079,19,1070.31
SOITEM08603,SO02870,PROD417,76,1285.07
SOITEM08604,SO02870,PROD299,66,529.69
SOITEM08605,SO02871,PROD407,35,1046.72
SOITEM08606,SO02871,PROD047,121,117.41
SOITEM08607,SO02871,PROD079,7,1070.31
SOITEM08608,SO02872,PROD216,147,202.05
SOITEM08609,SO02872,PROD391,77,1014.36
SOITEM08610,SO02872,PROD180,56,941.04
SOITEM08611,SO02872,PROD014,53,318.73
SOITEM08612,SO02873,PROD055,120,615.27
SOITEM08613,SO02874,PROD282,110,267.32
SOITEM08614,SO02874,PROD084,144,1195.1
SOITEM08615,SO02874,PROD248,30,913.36
SOITEM08616,SO02875,PROD215,129,846.19
SOITEM08617,SO02875,PROD148,69,35.33
SOITEM08618,SO02875,PROD075,62,908.01
SOITEM08619,SO02875,PROD028,124,1322.93
SOITEM08620,SO02876,PROD416,83,1288.06
SOITEM08621,SO02876,PROD244,38,128.7
SOITEM08622,SO02876,PROD252,98,1563.98
SOITEM08623,SO02876,PROD261,35,1709.04
SOITEM08624,SO02877,PROD174,128,60.34
SOITEM08625,SO02877,PROD334,148,920.42
SOITEM08626,SO02877,PROD258,118,461.24
SOITEM08627,SO02877,PROD280,24,1166.65
SOITEM08628,SO02878,PROD341,121,1669.85
SOITEM08629,SO02878,PROD252,92,1563.98
SOITEM08630,SO02878,PROD440,60,754.74
SOITEM08631,SO02879,PROD479,127,710.31
SOITEM08632,SO02879,PROD401,15,127.69
SOITEM08633,SO02879,PROD240,115,1692.13
SOITEM08634,SO02880,PROD306,94,456.87
SOITEM08635,SO02880,PROD371,26,548.86
SOITEM08636,SO02880,PROD190,91,1394.38
SOITEM08637,SO02881,PROD475,43,622.41
SOITEM08638,SO02881,PROD078,116,1530.22
SOITEM08639,SO02881,PROD283,43,922.05
SOITEM08640,SO02882,PROD209,110,857.85
SOITEM08641,SO02883,PROD286,83,1182.9
SOITEM08642,SO02884,PROD188,100,575.31
SOITEM08643,SO02884,PROD163,23,1343.1
SOITEM08644,SO02884,PROD140,33,949.14
SOITEM08645,SO02885,PROD400,99,733.96
SOITEM08646,SO02885,PROD298,136,301.61
SOITEM08647,SO02886,PROD048,94,100.51
SOITEM08648,SO02886,PROD497,117,982.67
SOITEM08649,SO02887,PROD216,83,202.05
SOITEM08650,SO02888,PROD498,52,1441.23
SOITEM08651,SO02888,PROD207,59,764.66
SOITEM08652,SO02888,PROD225,5,1254.65
SOITEM08653,SO02889,PROD495,110,114.6
SOITEM08654,SO02889,PROD151,81,179.05
SOITEM08655,SO02889,PROD113,76,216.05
SOITEM08656,SO02889,PROD376,62,736.67
SOITEM08657,SO02890,PROD007,134,139.72
SOITEM08658,SO02890,PROD355,126,437.91
SOITEM08659,SO02890,PROD286,114,1182.9
SOITEM08660,SO02891,PROD388,74,793.41
SOITEM08661,SO02892,PROD249,106,713.13
SOITEM08662,SO02892,PROD062,41,364.93
SOITEM08663,SO02892,PROD381,148,179.0
SOITEM08664,SO02892,PROD188,82,575.31
SOITEM08665,SO02892,PROD225,147,1254.65
SOITEM08666,SO02893,PROD111,27,1295.51
SOITEM08667,SO02893,PROD173,139,45.46
SOITEM08668,SO02893,PROD373,112,1408.52
SOITEM08669,SO02894,PROD413,148,887.22
SOITEM08670,SO02894,PROD251,145,1241.42
SOITEM08671,SO02895,PROD426,116,546.15
SOITEM08672,SO02895,PROD444,121,692.28
SOITEM08673,SO02896,PROD090,47,604.66
SOITEM08674,SO02896,PROD032,63,445.25
SOITEM08675,SO02896,PROD323,33,536.07
SOITEM08676,SO02896,PROD327,65,117.75
SOITEM08677,SO02896,PROD013,16,1004.23
SOITEM08678,SO02897,PROD394,76,1287.33
SOITEM08679,SO02897,PROD443,85,556.93
SOITEM08680,SO02898,PROD145,81,414.97
SOITEM08681,SO02898,PROD470,83,973.75
SOITEM08682,SO02899,PROD017,38,704.27
SOITEM08683,SO02899,PROD117,82,276.44
SOITEM08684,SO02899,PROD240,122,1692.13
SOITEM08685,SO02899,PROD066,46,147.63
SOITEM08686,SO02900,PROD028,111,1322.93
SOITEM08687,SO02900,PROD181,10,994.75
SOITEM08688,SO02900,PROD205,86,383.51
SOITEM08689,SO02900,PROD457,142,1199.55
SOITEM08690,SO02900,PROD301,20,258.38
SOITEM08691,SO02901,PROD015,107,351.11
SOITEM08692,SO02902,PROD258,89,461.24
SOITEM08693,SO02902,PROD147,91,623.69
SOITEM08694,SO02902,PROD202,92,976.76
SOITEM08695,SO02902,PROD103,102,420.13
SOITEM08696,SO02902,PROD297,69,213.96
SOITEM08697,SO02903,PROD484,141,1421.85
SOITEM08698,SO02903,PROD438,34,981.89
SOITEM08699,SO02904,PROD237,5,1026.87
SOITEM08700,SO02904,PROD360,34,17.56
SOITEM08701,SO02905,PROD003,76,470.16
SOITEM08702,SO02905,PROD259,122,1293.76
SOITEM08703,SO02905,PROD022,81,225.56
SOITEM08704,SO02905,PROD430,16,1060.12
SOITEM08705,SO02905,PROD442,95,1012.49
SOITEM08706,SO02906,PROD265,134,1219.88
SOITEM08707,SO02906,PROD465,22,945.03
SOITEM08708,SO02906,PROD268,52,1114.89
SOITEM08709,SO02906,PROD260,19,685.07
SOITEM08710,SO02906,PROD067,52,1491.41
SOITEM08711,SO02906,PROD458,124,671.32
SOITEM08712,SO02906,PROD191,46,1024.15
SOITEM08713,SO02907,PROD330,23,717.97
SOITEM08714,SO02908,PROD175,108,365.38
SOITEM08715,SO02908,PROD020,94,710.42
SOITEM08716,SO02908,PROD393,118,663.76
SOITEM08717,SO02909,PROD276,91,254.24
SOITEM08718,SO02910,PROD239,138,694.49
SOITEM08719,SO02910,PROD136,105,486.56
SOITEM08720,SO02910,PROD321,110,1229.41
SOITEM08721,SO02910,PROD068,126,1350.64
SOITEM08722,SO02911,PROD089,54,708.42
SOITEM08723,SO02912,PROD077,119,862.64
SOITEM08724,SO02912,PROD283,140,922.05
SOITEM08725,SO02912,PROD401,20,127.69
SOITEM08726,SO02913,PROD013,132,1004.23
SOITEM08727,SO02914,PROD465,39,945.03
SOITEM08728,SO02914,PROD028,27,1322.93
SOITEM08729,SO02914,PROD176,131,66.66
SOITEM08730,SO02914,PROD463,123,606.23
SOITEM08731,SO02914,PROD479,95,710.31
SOITEM08732,SO02915,PROD424,122,446.5
SOITEM08733,SO02915,PROD318,106,738.15
SOITEM08734,SO02915,PROD074,148,1276.05
SOITEM08735,SO02915,PROD255,69,91.9
SOITEM08736,SO02916,PROD085,16,816.42
SOITEM08737,SO02916,PROD147,143,623.69
SOITEM08738,SO02916,PROD324,104,366.94
SOITEM08739,SO02917,PROD129,140,726.96
SOITEM08740,SO02917,PROD126,149,374.01
SOITEM08741,SO02917,PROD205,87,383.51
SOITEM08742,SO02917,PROD213,131,915.33
SOITEM08743,SO02918,PROD189,113,383.37
SOITEM08744,SO02918,PROD117,69,276.44
SOITEM08745,SO02918,PROD168,37,852.73
SOITEM08746,SO02919,PROD091,36,836.23
SOITEM08747,SO02919,PROD353,116,506.01
SOITEM08748,SO02919,PROD396,67,858.34
SOITEM08749,SO02920,PROD005,144,932.3
SOITEM08750,SO02920,PROD347,119,89.12
SOITEM08751,SO02921,PROD013,111,1004.23
SOITEM08752,SO02921,PROD229,65,1354.19
SOITEM08753,SO02921,PROD275,143,491.51
SOITEM08754,SO02922,PROD165,44,668.55
SOITEM08755,SO02922,PROD246,103,1511.76
SOITEM08756,SO02922,PROD366,146,1065.87
SOITEM08757,SO02922,PROD393,40,663.76
SOITEM08758,SO02923,PROD122,27,1102.95
SOITEM08759,SO02923,PROD242,106,651.23
SOITEM08760,SO02923,PROD404,18,314.33
SOITEM08761,SO02923,PROD172,105,415.49
SOITEM08762,SO02924,PROD024,59,649.2
SOITEM08763,SO02924,PROD446,88,167.07
SOITEM08764,SO02924,PROD498,25,1441.23
SOITEM08765,SO02925,PROD020,126,710.42
SOITEM08766,SO02925,PROD001,79,1065.76
SOITEM08767,SO02926,PROD143,81,280.77
SOITEM08768,SO02926,PROD267,143,693.98
SOITEM08769,SO02926,PROD119,54,106.06
SOITEM08770,SO02927,PROD190,107,1394.38
SOITEM08771,SO02927,PROD009,84,446.24
SOITEM08772,SO02928,PROD442,88,1012.49
SOITEM08773,SO02928,PROD432,109,690.84
SOITEM08774,SO02928,PROD305,43,404.92
SOITEM08775,SO02929,PROD265,91,1219.88
SOITEM08776,SO02929,PROD493,148,314.62
SOITEM08777,SO02929,PROD496,115,782.95
SOITEM08778,SO02929,PROD447,72,972.98
SOITEM08779,SO02930,PROD452,8,614.75
SOITEM08780,SO02930,PROD402,134,456.95
SOITEM08781,SO02931,PROD279,82,328.09
SOITEM08782,SO02931,PROD473,136,352.49
SOITEM08783,SO02931,PROD085,128,816.42
SOITEM08784,SO02932,PROD115,47,1294.8
SOITEM08785,SO02932,PROD212,134,427.61
SOITEM08786,SO02933,PROD170,89,1202.0
SOITEM08787,SO02934,PROD458,13,671.32
SOITEM08788,SO02934,PROD428,101,1043.62
SOITEM08789,SO02935,PROD424,6,446.5
SOITEM08790,SO02935,PROD027,104,523.24
SOITEM08791,SO02935,PROD008,126,1090.21
SOITEM08792,SO02936,PROD313,43,1083.11
SOITEM08793,SO02936,PROD037,13,1311.32
SOITEM08794,SO02936,PROD488,32,817.03
SOITEM08795,SO02937,PROD465,138,945.03
SOITEM08796,SO02937,PROD381,52,179.0
SOITEM08797,SO02937,PROD451,17,1215.34
SOITEM08798,SO02937,PROD075,94,908.01
SOITEM08799,SO02938,PROD448,6,1205.41
SOITEM08800,SO02938,PROD305,64,404.92
SOITEM08801,SO02938,PROD363,121,790.74
SOITEM08802,SO02938,PROD299,7,529.69
SOITEM08803,SO02938,PROD336,127,1309.51
SOITEM08804,SO02939,PROD314,8,1602.76
SOITEM08805,SO02939,PROD073,89,800.29
SOITEM08806,SO02939,PROD089,110,708.42
SOITEM08807,SO02939,PROD049,22,1093.93
SOITEM08808,SO02940,PROD326,128,68.46
SOITEM08809,SO02940,PROD289,94,686.66
SOITEM08810,SO02941,PROD344,143,1487.38
SOITEM08811,SO02941,PROD032,58,445.25
SOITEM08812,SO02941,PROD226,98,551.23
SOITEM08813,SO02941,PROD274,79,356.83
SOITEM08814,SO02942,PROD468,35,568.43
SOITEM08815,SO02942,PROD068,38,1350.64
SOITEM08816,SO02942,PROD358,10,769.81
SOITEM08817,SO02943,PROD450,150,699.65
SOITEM08818,SO02943,PROD165,8,668.55
SOITEM08819,SO02943,PROD003,127,470.16
SOITEM08820,SO02943,PROD299,14,529.69
SOITEM08821,SO02944,PROD189,143,383.37
SOITEM08822,SO02944,PROD322,82,975.89
SOITEM08823,SO02945,PROD133,63,593.57
SOITEM08824,SO02945,PROD062,104,364.93
SOITEM08825,SO02945,PROD164,29,111.31
SOITEM08826,SO02945,PROD055,44,615.27
SOITEM08827,SO02946,PROD218,36,1120.53
SOITEM08828,SO02946,PROD475,52,622.41
SOITEM08829,SO02946,PROD493,125,314.62
SOITEM08830,SO02946,PROD014,139,318.73
SOITEM08831,SO02947,PROD252,69,1563.98
SOITEM08832,SO02947,PROD219,7,610.84
SOITEM08833,SO02947,PROD024,38,649.2
SOITEM08834,SO02947,PROD085,108,816.42
SOITEM08835,SO02948,PROD217,145,487.55
SOITEM08836,SO02949,PROD082,29,1118.92
SOITEM08837,SO02949,PROD294,13,442.63
SOITEM08838,SO02950,PROD306,115,456.87
SOITEM08839,SO02950,PROD035,128,985.83
SOITEM08840,SO02950,PROD217,15,487.55
SOITEM08841,SO02950,PROD308,141,698.97
SOITEM08842,SO02951,PROD235,38,1700.42
SOITEM08843,SO02951,PROD284,95,1138.02
SOITEM08844,SO02952,PROD397,26,72.85
SOITEM08845,SO02952,PROD410,125,97.05
SOITEM08846,SO02952,PROD025,16,389.26
SOITEM08847,SO02953,PROD007,148,139.72
SOITEM08848,SO02953,PROD128,28,405.49
SOITEM08849,SO02954,PROD073,52,800.29
SOITEM08850,SO02954,PROD210,69,1031.08
SOITEM08851,SO02954,PROD047,71,117.41
SOITEM08852,SO02955,PROD432,93,690.84
SOITEM08853,SO02955,PROD292,112,346.04
SOITEM08854,SO02955,PROD479,134,710.31
SOITEM08855,SO02956,PROD085,62,816.42
SOITEM08856,SO02956,PROD247,70,1575.9
SOITEM08857,SO02957,PROD222,130,444.32
SOITEM08858,SO02957,PROD094,137,248.06
SOITEM08859,SO02957,PROD170,149,1202.0
SOITEM08860,SO02957,PROD319,114,70.29
SOITEM08861,SO02957,PROD309,139,656.43
SOITEM08862,SO02958,PROD430,12,1060.12
SOITEM08863,SO02958,PROD339,101,804.84
SOITEM08864,SO02958,PROD172,128,415.49
SOITEM08865,SO02959,PROD005,91,932.3
SOITEM08866,SO02959,PROD268,48,1114.89
SOITEM08867,SO02959,PROD121,53,953.07
SOITEM08868,SO02960,PROD310,112,1114.33
SOITEM08869,SO02960,PROD420,40,932.93
SOITEM08870,SO02960,PROD487,127,541.19
SOITEM08871,SO02960,PROD410,127,97.05
SOITEM08872,SO02960,PROD265,12,1219.88
SOITEM08873,SO02961,PROD394,49,1287.33
SOITEM08874,SO02962,PROD054,53,1320.94
SOITEM08875,SO02962,PROD405,25,53.91
SOITEM08876,SO02963,PROD313,29,1083.11
SOITEM08877,SO02963,PROD357,40,1000.2
SOITEM08878,SO02963,PROD407,66,1046.72
SOITEM08879,SO02964,PROD178,55,251.85
SOITEM08880,SO02964,PROD442,95,1012.49
SOITEM08881,SO02964,PROD099,31,370.78
SOITEM08882,SO02965,PROD194,104,956.58
SOITEM08883,SO02965,PROD357,143,1000.2
SOITEM08884,SO02965,PROD152,84,1109.49
SOITEM08885,SO02966,PROD309,63,656.43
SOITEM08886,SO02966,PROD146,100,561.24
SOITEM08887,SO02966,PROD234,28,929.92
SOITEM08888,SO02966,PROD452,111,614.75
SOITEM08889,SO02966,PROD054,34,1320.94
SOITEM08890,SO02966,PROD156,130,862.99
SOITEM08891,SO02967,PROD126,69,374.01
SOITEM08892,SO02967,PROD296,122,1262.57
SOITEM08893,SO02968,PROD116,56,1088.55
SOITEM08894,SO02968,PROD117,101,276.44
SOITEM08895,SO02969,PROD330,86,717.97
SOITEM08896,SO02970,PROD465,103,945.03
SOITEM08897,SO02971,PROD097,100,1356.93
SOITEM08898,SO02971,PROD303,127,845.11
SOITEM08899,SO02972,PROD107,70,760.64
SOITEM08900,SO02973,PROD156,103,862.99
SOITEM08901,SO02973,PROD439,47,685.44
SOITEM08902,SO02973,PROD395,17,314.97
SOITEM08903,SO02974,PROD436,76,618.73
SOITEM08904,SO02974,PROD020,40,710.42
SOITEM08905,SO02974,PROD040,127,695.59
SOITEM08906,SO02975,PROD121,90,953.07
SOITEM08907,SO02975,PROD188,132,575.31
SOITEM08908,SO02975,PROD134,12,332.59
SOITEM08909,SO02975,PROD028,26,1322.93
SOITEM08910,SO02975,PROD398,68,1174.48
SOITEM08911,SO02975,PROD429,110,101.2
SOITEM08912,SO02976,PROD116,74,1088.55
SOITEM08913,SO02976,PROD467,89,642.67
SOITEM08914,SO02976,PROD277,123,1103.6
SOITEM08915,SO02977,PROD211,25,1148.88
SOITEM08916,SO02977,PROD354,79,1247.88
SOITEM08917,SO02977,PROD291,145,348.49
SOITEM08918,SO02978,PROD041,127,1345.28
SOITEM08919,SO02978,PROD206,24,1118.26
SOITEM08920,SO02978,PROD055,60,615.27
SOITEM08921,SO02979,PROD408,130,1109.12
SOITEM08922,SO02979,PROD494,32,806.62
SOITEM08923,SO02979,PROD454,26,72.36
SOITEM08924,SO02980,PROD008,17,1090.21
SOITEM08925,SO02980,PROD215,109,846.19
SOITEM08926,SO02980,PROD289,116,686.66
SOITEM08927,SO02980,PROD486,26,81.21
SOITEM08928,SO02981,PROD066,137,147.63
SOITEM08929,SO02981,PROD443,122,556.93
SOITEM08930,SO02981,PROD298,70,301.61
SOITEM08931,SO02981,PROD285,111,653.85
SOITEM08932,SO02982,PROD166,102,590.1
SOITEM08933,SO02982,PROD053,25,626.38
SOITEM08934,SO02983,PROD417,114,1285.07
SOITEM08935,SO02983,PROD457,34,1199.55
SOITEM08936,SO02984,PROD106,54,222.41
SOITEM08937,SO02984,PROD305,14,404.92
SOITEM08938,SO02984,PROD389,14,939.57
SOITEM08939,SO02985,PROD332,148,138.49
SOITEM08940,SO02985,PROD073,63,800.29
SOITEM08941,SO02985,PROD078,6,1530.22
SOITEM08942,SO02986,PROD114,25,272.02
SOITEM08943,SO02986,PROD155,146,194.11
SOITEM08944,SO02986,PROD468,111,568.43
SOITEM08945,SO02986,PROD272,96,659.27
SOITEM08946,SO02987,PROD458,25,671.32
SOITEM08947,SO02987,PROD224,73,67.1
SOITEM08948,SO02987,PROD348,150,788.76
SOITEM08949,SO02987,PROD431,15,448.84
SOITEM08950,SO02987,PROD388,145,793.41
SOITEM08951,SO02987,PROD283,146,922.05
SOITEM08952,SO02988,PROD088,8,1348.83
SOITEM08953,SO02988,PROD432,146,690.84
SOITEM08954,SO02988,PROD014,49,318.73
SOITEM08955,SO02988,PROD104,122,517.35
SOITEM08956,SO02988,PROD381,60,179.0
SOITEM08957,SO02989,PROD196,110,967.84
SOITEM08958,SO02989,PROD174,125,60.34
SOITEM08959,SO02990,PROD181,13,994.75
SOITEM08960,SO02990,PROD396,88,858.34
SOITEM08961,SO02990,PROD132,146,1113.2
SOITEM08962,SO02990,PROD093,44,787.77
SOITEM08963,SO02991,PROD461,87,210.86
SOITEM08964,SO02991,PROD330,102,717.97
SOITEM08965,SO02991,PROD156,120,862.99
SOITEM08966,SO02991,PROD148,13,35.33
SOITEM08967,SO02991,PROD216,33,202.05
SOITEM08968,SO02992,PROD310,146,1114.33
SOITEM08969,SO02992,PROD433,133,938.56
SOITEM08970,SO02992,PROD470,96,973.75
SOITEM08971,SO02992,PROD463,144,606.23
SOITEM08972,SO02993,PROD408,81,1109.12
SOITEM08973,SO02993,PROD184,21,43.16
SOITEM08974,SO02993,PROD268,76,1114.89
SOITEM08975,SO02994,PROD010,117,158.98
SOITEM08976,SO02994,PROD178,61,251.85
SOITEM08977,SO02994,PROD093,75,787.77
SOITEM08978,SO02994,PROD182,149,345.97
SOITEM08979,SO02995,PROD111,57,1295.51
SOITEM08980,SO02995,PROD021,134,642.17
SOITEM08981,SO02995,PROD266,41,1288.39
SOITEM08982,SO02996,PROD423,21,1272.27
SOITEM08983,SO02996,PROD418,86,651.35
SOITEM08984,SO02996,PROD031,70,1253.99
SOITEM08985,SO02996,PROD005,45,932.3
SOITEM08986,SO02997,PROD155,45,194.11
SOITEM08987,SO02997,PROD102,58,1028.11
SOITEM08988,SO02997,PROD355,6,437.91
SOITEM08989,SO02997,PROD428,125,1043.62
SOITEM08990,SO02998,PROD148,94,35.33
SOITEM08991,SO02998,PROD435,53,1222.59
SOITEM08992,SO02998,PROD362,73,1010.26
SOITEM08993,SO02999,PROD029,79,419.03
SOITEM08994,SO02999,PROD425,150,237.61
SOITEM08995,SO02999,PROD343,17,580.3
SOITEM08996,SO02999,PROD490,42,1641.02
SOITEM08997,SO02999,PROD239,100,694.49
SOITEM08998,SO03000,PROD235,143,1700.42
SOITEM08999,SO03000,PROD322,20,975.89
SOITEM09000,SO03000,PROD084,82,1195.1
