shipment_item_id,shipment_id,product_id,quantity
SHIPITEM00001,SHIP00001,PROD021,64
SHIPITEM00002,SHIP00001,PROD155,134
SHIPITEM00003,SHIP00001,PROD073,125
SHIPITEM00004,SHIP00002,PROD301,6
SHIPITEM00005,SHIP00003,PROD379,122
SHIPITEM00006,SHIP00004,PROD236,121
SHIPITEM00007,SHIP00004,PROD449,13
SHIPITEM00008,SHIP00005,PROD189,67
SHIPITEM00009,SHIP00005,PROD077,21
SHIPITEM00010,SHIP00005,PROD192,53
SHIPITEM00011,SHIP00006,PROD116,122
SHIPITEM00012,SHIP00006,PROD063,71
SHIPITEM00013,SHIP00006,PROD442,69
SHIPITEM00014,SHIP00007,PROD358,96
SHIPITEM00015,SHIP00007,PROD063,69
SHIPITEM00016,SHIP00007,PROD408,76
SHIPITEM00017,SHIP00008,PROD134,100
SHIPITEM00018,SHIP00008,PROD131,147
SHIPITEM00019,SHIP00008,PROD022,134
SHIPITEM00020,SHIP00008,PROD090,97
SHIPITEM00021,SHIP00009,PROD270,31
SHIPITEM00022,SHIP00009,PROD269,118
SHIPITEM00023,SHIP00009,PROD311,29
SHIPITEM00024,SHIP00009,PROD078,5
SHIPITEM00025,SHIP00009,PROD325,138
SHIPITEM00026,SHIP00010,PROD125,91
SHIPITEM00027,SHIP00010,PROD042,115
SHIPITEM00028,SHIP00011,PROD006,119
SHIPITEM00029,SHIP00011,PROD287,39
SHIPITEM00030,SHIP00012,PROD443,132
SHIPITEM00031,SHIP00012,PROD254,89
SHIPITEM00032,SHIP00012,PROD499,65
SHIPITEM00033,SHIP00013,PROD382,120
SHIPITEM00034,SHIP00014,PROD098,25
SHIPITEM00035,SHIP00014,PROD067,33
SHIPITEM00036,SHIP00014,PROD141,7
SHIPITEM00037,SHIP00014,PROD242,35
SHIPITEM00038,SHIP00014,PROD269,114
SHIPITEM00039,SHIP00015,PROD292,70
SHIPITEM00040,SHIP00015,PROD446,77
SHIPITEM00041,SHIP00015,PROD405,112
SHIPITEM00042,SHIP00015,PROD246,56
SHIPITEM00043,SHIP00016,PROD497,93
SHIPITEM00044,SHIP00016,PROD447,23
SHIPITEM00045,SHIP00016,PROD453,104
SHIPITEM00046,SHIP00017,PROD253,17
SHIPITEM00047,SHIP00018,PROD060,101
SHIPITEM00048,SHIP00019,PROD384,21
SHIPITEM00049,SHIP00019,PROD013,8
SHIPITEM00050,SHIP00019,PROD195,34
SHIPITEM00051,SHIP00019,PROD356,127
SHIPITEM00052,SHIP00019,PROD490,74
SHIPITEM00053,SHIP00019,PROD218,137
SHIPITEM00054,SHIP00020,PROD497,46
SHIPITEM00055,SHIP00020,PROD164,73
SHIPITEM00056,SHIP00021,PROD307,60
SHIPITEM00057,SHIP00022,PROD468,11
SHIPITEM00058,SHIP00022,PROD102,140
SHIPITEM00059,SHIP00023,PROD335,46
SHIPITEM00060,SHIP00023,PROD289,74
SHIPITEM00061,SHIP00023,PROD287,58
SHIPITEM00062,SHIP00023,PROD105,89
SHIPITEM00063,SHIP00024,PROD121,109
SHIPITEM00064,SHIP00024,PROD098,100
SHIPITEM00065,SHIP00024,PROD116,73
SHIPITEM00066,SHIP00024,PROD036,55
SHIPITEM00067,SHIP00024,PROD463,39
SHIPITEM00068,SHIP00025,PROD113,36
SHIPITEM00069,SHIP00025,PROD180,112
SHIPITEM00070,SHIP00025,PROD183,132
SHIPITEM00071,SHIP00026,PROD476,126
SHIPITEM00072,SHIP00026,PROD255,128
SHIPITEM00073,SHIP00026,PROD416,45
SHIPITEM00074,SHIP00026,PROD422,18
SHIPITEM00075,SHIP00027,PROD439,35
SHIPITEM00076,SHIP00028,PROD239,33
SHIPITEM00077,SHIP00029,PROD162,95
SHIPITEM00078,SHIP00029,PROD214,97
SHIPITEM00079,SHIP00029,PROD145,60
SHIPITEM00080,SHIP00030,PROD134,57
SHIPITEM00081,SHIP00030,PROD010,73
SHIPITEM00082,SHIP00030,PROD448,129
SHIPITEM00083,SHIP00031,PROD380,83
SHIPITEM00084,SHIP00031,PROD190,5
SHIPITEM00085,SHIP00031,PROD356,111
SHIPITEM00086,SHIP00031,PROD137,105
SHIPITEM00087,SHIP00032,PROD154,60
SHIPITEM00088,SHIP00032,PROD077,46
SHIPITEM00089,SHIP00032,PROD175,136
SHIPITEM00090,SHIP00033,PROD445,23
SHIPITEM00091,SHIP00033,PROD321,30
SHIPITEM00092,SHIP00033,PROD486,143
SHIPITEM00093,SHIP00033,PROD284,130
SHIPITEM00094,SHIP00033,PROD016,49
SHIPITEM00095,SHIP00034,PROD373,53
SHIPITEM00096,SHIP00035,PROD356,95
SHIPITEM00097,SHIP00035,PROD015,114
SHIPITEM00098,SHIP00036,PROD341,36
SHIPITEM00099,SHIP00036,PROD104,109
SHIPITEM00100,SHIP00036,PROD275,17
SHIPITEM00101,SHIP00036,PROD220,24
SHIPITEM00102,SHIP00037,PROD056,67
SHIPITEM00103,SHIP00038,PROD139,110
SHIPITEM00104,SHIP00038,PROD500,90
SHIPITEM00105,SHIP00038,PROD031,143
SHIPITEM00106,SHIP00038,PROD354,13
SHIPITEM00107,SHIP00039,PROD420,16
SHIPITEM00108,SHIP00039,PROD159,80
SHIPITEM00109,SHIP00040,PROD182,35
SHIPITEM00110,SHIP00040,PROD019,136
SHIPITEM00111,SHIP00040,PROD121,140
SHIPITEM00112,SHIP00040,PROD414,82
SHIPITEM00113,SHIP00041,PROD199,139
SHIPITEM00114,SHIP00041,PROD115,85
SHIPITEM00115,SHIP00041,PROD094,95
SHIPITEM00116,SHIP00041,PROD085,109
SHIPITEM00117,SHIP00042,PROD217,6
SHIPITEM00118,SHIP00042,PROD209,52
SHIPITEM00119,SHIP00042,PROD423,62
SHIPITEM00120,SHIP00043,PROD323,39
SHIPITEM00121,SHIP00043,PROD294,32
SHIPITEM00122,SHIP00044,PROD294,87
SHIPITEM00123,SHIP00044,PROD036,23
SHIPITEM00124,SHIP00044,PROD127,10
SHIPITEM00125,SHIP00044,PROD015,44
SHIPITEM00126,SHIP00045,PROD461,138
SHIPITEM00127,SHIP00045,PROD329,27
SHIPITEM00128,SHIP00046,PROD215,90
SHIPITEM00129,SHIP00046,PROD342,101
SHIPITEM00130,SHIP00046,PROD027,40
SHIPITEM00131,SHIP00047,PROD303,120
SHIPITEM00132,SHIP00047,PROD131,108
SHIPITEM00133,SHIP00047,PROD235,136
SHIPITEM00134,SHIP00047,PROD296,139
SHIPITEM00135,SHIP00048,PROD406,103
SHIPITEM00136,SHIP00048,PROD330,75
SHIPITEM00137,SHIP00049,PROD133,57
SHIPITEM00138,SHIP00049,PROD207,127
SHIPITEM00139,SHIP00050,PROD115,6
SHIPITEM00140,SHIP00050,PROD374,74
SHIPITEM00141,SHIP00051,PROD452,65
SHIPITEM00142,SHIP00051,PROD078,77
SHIPITEM00143,SHIP00052,PROD331,37
SHIPITEM00144,SHIP00052,PROD426,139
SHIPITEM00145,SHIP00052,PROD024,27
SHIPITEM00146,SHIP00052,PROD062,78
SHIPITEM00147,SHIP00053,PROD070,39
SHIPITEM00148,SHIP00053,PROD301,18
SHIPITEM00149,SHIP00053,PROD177,129
SHIPITEM00150,SHIP00054,PROD254,79
SHIPITEM00151,SHIP00054,PROD376,30
SHIPITEM00152,SHIP00054,PROD337,82
SHIPITEM00153,SHIP00055,PROD122,131
SHIPITEM00154,SHIP00055,PROD231,14
SHIPITEM00155,SHIP00055,PROD023,71
SHIPITEM00156,SHIP00056,PROD392,121
SHIPITEM00157,SHIP00057,PROD192,87
SHIPITEM00158,SHIP00057,PROD492,94
SHIPITEM00159,SHIP00057,PROD123,72
SHIPITEM00160,SHIP00057,PROD441,114
SHIPITEM00161,SHIP00058,PROD275,81
SHIPITEM00162,SHIP00058,PROD453,122
SHIPITEM00163,SHIP00059,PROD029,129
SHIPITEM00164,SHIP00059,PROD313,83
SHIPITEM00165,SHIP00060,PROD295,28
SHIPITEM00166,SHIP00060,PROD487,44
SHIPITEM00167,SHIP00061,PROD285,29
SHIPITEM00168,SHIP00061,PROD051,144
SHIPITEM00169,SHIP00061,PROD189,99
SHIPITEM00170,SHIP00061,PROD052,81
SHIPITEM00171,SHIP00061,PROD153,19
SHIPITEM00172,SHIP00062,PROD412,116
SHIPITEM00173,SHIP00062,PROD206,6
SHIPITEM00174,SHIP00062,PROD172,146
SHIPITEM00175,SHIP00063,PROD344,74
SHIPITEM00176,SHIP00064,PROD359,124
SHIPITEM00177,SHIP00064,PROD464,123
SHIPITEM00178,SHIP00064,PROD290,97
SHIPITEM00179,SHIP00065,PROD126,9
SHIPITEM00180,SHIP00065,PROD150,16
SHIPITEM00181,SHIP00066,PROD092,80
SHIPITEM00182,SHIP00066,PROD314,11
SHIPITEM00183,SHIP00066,PROD014,27
SHIPITEM00184,SHIP00066,PROD452,96
SHIPITEM00185,SHIP00067,PROD368,48
SHIPITEM00186,SHIP00067,PROD415,10
SHIPITEM00187,SHIP00067,PROD139,30
SHIPITEM00188,SHIP00068,PROD398,81
SHIPITEM00189,SHIP00068,PROD095,61
SHIPITEM00190,SHIP00068,PROD022,70
SHIPITEM00191,SHIP00068,PROD304,49
SHIPITEM00192,SHIP00069,PROD495,26
SHIPITEM00193,SHIP00069,PROD443,145
SHIPITEM00194,SHIP00070,PROD263,59
SHIPITEM00195,SHIP00070,PROD244,78
SHIPITEM00196,SHIP00071,PROD077,58
SHIPITEM00197,SHIP00072,PROD162,59
SHIPITEM00198,SHIP00072,PROD253,104
SHIPITEM00199,SHIP00072,PROD051,22
SHIPITEM00200,SHIP00073,PROD255,97
SHIPITEM00201,SHIP00073,PROD264,58
SHIPITEM00202,SHIP00073,PROD466,98
SHIPITEM00203,SHIP00074,PROD164,86
SHIPITEM00204,SHIP00074,PROD445,87
SHIPITEM00205,SHIP00074,PROD127,92
SHIPITEM00206,SHIP00075,PROD128,66
SHIPITEM00207,SHIP00075,PROD216,145
SHIPITEM00208,SHIP00075,PROD476,131
SHIPITEM00209,SHIP00075,PROD028,37
SHIPITEM00210,SHIP00075,PROD148,78
SHIPITEM00211,SHIP00076,PROD151,114
SHIPITEM00212,SHIP00076,PROD286,72
SHIPITEM00213,SHIP00076,PROD388,35
SHIPITEM00214,SHIP00076,PROD208,81
SHIPITEM00215,SHIP00076,PROD375,81
SHIPITEM00216,SHIP00076,PROD017,44
SHIPITEM00217,SHIP00077,PROD444,102
SHIPITEM00218,SHIP00077,PROD347,54
SHIPITEM00219,SHIP00078,PROD249,17
SHIPITEM00220,SHIP00079,PROD271,114
SHIPITEM00221,SHIP00079,PROD280,56
SHIPITEM00222,SHIP00079,PROD001,91
SHIPITEM00223,SHIP00080,PROD004,51
SHIPITEM00224,SHIP00080,PROD322,104
SHIPITEM00225,SHIP00080,PROD165,93
SHIPITEM00226,SHIP00080,PROD460,66
SHIPITEM00227,SHIP00081,PROD211,146
SHIPITEM00228,SHIP00081,PROD372,95
SHIPITEM00229,SHIP00081,PROD258,106
SHIPITEM00230,SHIP00081,PROD454,145
SHIPITEM00231,SHIP00081,PROD032,65
SHIPITEM00232,SHIP00082,PROD422,83
SHIPITEM00233,SHIP00082,PROD270,12
SHIPITEM00234,SHIP00082,PROD122,51
SHIPITEM00235,SHIP00082,PROD142,122
SHIPITEM00236,SHIP00083,PROD028,75
SHIPITEM00237,SHIP00083,PROD064,50
SHIPITEM00238,SHIP00083,PROD467,91
SHIPITEM00239,SHIP00084,PROD295,144
SHIPITEM00240,SHIP00084,PROD126,62
SHIPITEM00241,SHIP00084,PROD195,81
SHIPITEM00242,SHIP00085,PROD015,93
SHIPITEM00243,SHIP00085,PROD138,81
SHIPITEM00244,SHIP00086,PROD321,78
SHIPITEM00245,SHIP00086,PROD427,104
SHIPITEM00246,SHIP00086,PROD483,11
SHIPITEM00247,SHIP00086,PROD399,106
SHIPITEM00248,SHIP00087,PROD297,110
SHIPITEM00249,SHIP00087,PROD110,116
SHIPITEM00250,SHIP00087,PROD011,55
SHIPITEM00251,SHIP00087,PROD318,84
SHIPITEM00252,SHIP00087,PROD217,36
SHIPITEM00253,SHIP00088,PROD381,15
SHIPITEM00254,SHIP00088,PROD166,71
SHIPITEM00255,SHIP00088,PROD253,96
SHIPITEM00256,SHIP00088,PROD231,91
SHIPITEM00257,SHIP00088,PROD494,80
SHIPITEM00258,SHIP00088,PROD098,54
SHIPITEM00259,SHIP00088,PROD436,111
SHIPITEM00260,SHIP00089,PROD308,59
SHIPITEM00261,SHIP00089,PROD321,23
SHIPITEM00262,SHIP00090,PROD024,15
SHIPITEM00263,SHIP00090,PROD285,60
SHIPITEM00264,SHIP00090,PROD064,143
SHIPITEM00265,SHIP00090,PROD061,130
SHIPITEM00266,SHIP00091,PROD455,119
SHIPITEM00267,SHIP00091,PROD018,132
SHIPITEM00268,SHIP00092,PROD421,137
SHIPITEM00269,SHIP00093,PROD397,7
SHIPITEM00270,SHIP00093,PROD473,111
SHIPITEM00271,SHIP00093,PROD232,103
SHIPITEM00272,SHIP00094,PROD477,55
SHIPITEM00273,SHIP00094,PROD103,27
SHIPITEM00274,SHIP00095,PROD110,21
SHIPITEM00275,SHIP00095,PROD116,51
SHIPITEM00276,SHIP00095,PROD461,130
SHIPITEM00277,SHIP00095,PROD273,40
SHIPITEM00278,SHIP00096,PROD433,97
SHIPITEM00279,SHIP00096,PROD468,83
SHIPITEM00280,SHIP00096,PROD138,56
SHIPITEM00281,SHIP00096,PROD028,63
SHIPITEM00282,SHIP00097,PROD308,67
SHIPITEM00283,SHIP00097,PROD267,136
SHIPITEM00284,SHIP00097,PROD136,77
SHIPITEM00285,SHIP00097,PROD245,68
SHIPITEM00286,SHIP00098,PROD092,137
SHIPITEM00287,SHIP00098,PROD189,8
SHIPITEM00288,SHIP00098,PROD370,28
SHIPITEM00289,SHIP00099,PROD480,110
SHIPITEM00290,SHIP00099,PROD189,44
SHIPITEM00291,SHIP00099,PROD267,9
SHIPITEM00292,SHIP00099,PROD145,14
SHIPITEM00293,SHIP00100,PROD084,7
SHIPITEM00294,SHIP00101,PROD195,107
SHIPITEM00295,SHIP00101,PROD337,20
SHIPITEM00296,SHIP00101,PROD275,33
SHIPITEM00297,SHIP00102,PROD354,17
SHIPITEM00298,SHIP00102,PROD187,93
SHIPITEM00299,SHIP00102,PROD182,29
SHIPITEM00300,SHIP00103,PROD474,101
SHIPITEM00301,SHIP00104,PROD198,40
SHIPITEM00302,SHIP00104,PROD406,80
SHIPITEM00303,SHIP00104,PROD215,83
SHIPITEM00304,SHIP00105,PROD362,70
SHIPITEM00305,SHIP00105,PROD002,27
SHIPITEM00306,SHIP00105,PROD424,27
SHIPITEM00307,SHIP00106,PROD455,105
SHIPITEM00308,SHIP00106,PROD092,75
SHIPITEM00309,SHIP00106,PROD330,31
SHIPITEM00310,SHIP00106,PROD444,56
SHIPITEM00311,SHIP00107,PROD133,139
SHIPITEM00312,SHIP00107,PROD433,96
SHIPITEM00313,SHIP00107,PROD489,108
SHIPITEM00314,SHIP00108,PROD174,22
SHIPITEM00315,SHIP00108,PROD382,6
SHIPITEM00316,SHIP00108,PROD110,97
SHIPITEM00317,SHIP00108,PROD047,64
SHIPITEM00318,SHIP00108,PROD227,118
SHIPITEM00319,SHIP00108,PROD251,49
SHIPITEM00320,SHIP00109,PROD458,55
SHIPITEM00321,SHIP00109,PROD107,70
SHIPITEM00322,SHIP00109,PROD255,54
SHIPITEM00323,SHIP00110,PROD038,20
SHIPITEM00324,SHIP00110,PROD317,11
SHIPITEM00325,SHIP00111,PROD087,10
SHIPITEM00326,SHIP00111,PROD129,23
SHIPITEM00327,SHIP00111,PROD091,38
SHIPITEM00328,SHIP00112,PROD493,39
SHIPITEM00329,SHIP00112,PROD204,100
SHIPITEM00330,SHIP00113,PROD242,133
SHIPITEM00331,SHIP00113,PROD152,84
SHIPITEM00332,SHIP00113,PROD153,133
SHIPITEM00333,SHIP00113,PROD057,78
SHIPITEM00334,SHIP00113,PROD050,49
SHIPITEM00335,SHIP00113,PROD067,28
SHIPITEM00336,SHIP00113,PROD375,128
SHIPITEM00337,SHIP00114,PROD394,43
SHIPITEM00338,SHIP00115,PROD029,78
SHIPITEM00339,SHIP00115,PROD338,126
SHIPITEM00340,SHIP00115,PROD380,147
SHIPITEM00341,SHIP00116,PROD222,116
SHIPITEM00342,SHIP00116,PROD246,22
SHIPITEM00343,SHIP00116,PROD057,111
SHIPITEM00344,SHIP00117,PROD435,150
SHIPITEM00345,SHIP00117,PROD258,24
SHIPITEM00346,SHIP00117,PROD322,44
SHIPITEM00347,SHIP00117,PROD384,103
SHIPITEM00348,SHIP00117,PROD462,65
SHIPITEM00349,SHIP00118,PROD451,83
SHIPITEM00350,SHIP00118,PROD305,27
SHIPITEM00351,SHIP00119,PROD303,59
SHIPITEM00352,SHIP00119,PROD239,55
SHIPITEM00353,SHIP00119,PROD123,16
SHIPITEM00354,SHIP00119,PROD448,138
SHIPITEM00355,SHIP00120,PROD361,144
SHIPITEM00356,SHIP00120,PROD141,97
SHIPITEM00357,SHIP00120,PROD431,44
SHIPITEM00358,SHIP00120,PROD088,132
SHIPITEM00359,SHIP00121,PROD341,64
SHIPITEM00360,SHIP00122,PROD451,80
SHIPITEM00361,SHIP00122,PROD108,103
SHIPITEM00362,SHIP00122,PROD413,71
SHIPITEM00363,SHIP00122,PROD338,128
SHIPITEM00364,SHIP00123,PROD063,8
SHIPITEM00365,SHIP00123,PROD128,23
SHIPITEM00366,SHIP00123,PROD051,100
SHIPITEM00367,SHIP00123,PROD043,37
SHIPITEM00368,SHIP00124,PROD272,94
SHIPITEM00369,SHIP00124,PROD048,95
SHIPITEM00370,SHIP00125,PROD101,148
SHIPITEM00371,SHIP00125,PROD218,139
SHIPITEM00372,SHIP00126,PROD283,65
SHIPITEM00373,SHIP00126,PROD089,100
SHIPITEM00374,SHIP00126,PROD119,30
SHIPITEM00375,SHIP00126,PROD076,23
SHIPITEM00376,SHIP00127,PROD085,49
SHIPITEM00377,SHIP00128,PROD408,120
SHIPITEM00378,SHIP00128,PROD147,9
SHIPITEM00379,SHIP00128,PROD186,58
SHIPITEM00380,SHIP00129,PROD053,19
SHIPITEM00381,SHIP00130,PROD335,45
SHIPITEM00382,SHIP00130,PROD110,76
SHIPITEM00383,SHIP00130,PROD426,125
SHIPITEM00384,SHIP00131,PROD262,25
SHIPITEM00385,SHIP00131,PROD051,76
SHIPITEM00386,SHIP00131,PROD150,51
SHIPITEM00387,SHIP00132,PROD487,92
SHIPITEM00388,SHIP00132,PROD142,75
SHIPITEM00389,SHIP00132,PROD363,100
SHIPITEM00390,SHIP00133,PROD485,64
SHIPITEM00391,SHIP00134,PROD209,72
SHIPITEM00392,SHIP00134,PROD174,134
SHIPITEM00393,SHIP00135,PROD047,149
SHIPITEM00394,SHIP00135,PROD491,23
SHIPITEM00395,SHIP00135,PROD428,112
SHIPITEM00396,SHIP00135,PROD191,105
SHIPITEM00397,SHIP00136,PROD326,28
SHIPITEM00398,SHIP00136,PROD345,117
SHIPITEM00399,SHIP00137,PROD079,18
SHIPITEM00400,SHIP00137,PROD040,34
SHIPITEM00401,SHIP00137,PROD394,127
SHIPITEM00402,SHIP00137,PROD111,28
SHIPITEM00403,SHIP00137,PROD223,82
SHIPITEM00404,SHIP00138,PROD418,77
SHIPITEM00405,SHIP00138,PROD346,89
SHIPITEM00406,SHIP00138,PROD065,56
SHIPITEM00407,SHIP00138,PROD311,30
SHIPITEM00408,SHIP00139,PROD197,79
SHIPITEM00409,SHIP00139,PROD145,30
SHIPITEM00410,SHIP00139,PROD406,145
SHIPITEM00411,SHIP00140,PROD439,12
SHIPITEM00412,SHIP00140,PROD006,137
SHIPITEM00413,SHIP00141,PROD414,8
SHIPITEM00414,SHIP00142,PROD082,124
SHIPITEM00415,SHIP00142,PROD010,106
SHIPITEM00416,SHIP00143,PROD020,143
SHIPITEM00417,SHIP00143,PROD441,114
SHIPITEM00418,SHIP00143,PROD323,89
SHIPITEM00419,SHIP00143,PROD316,25
SHIPITEM00420,SHIP00143,PROD238,62
SHIPITEM00421,SHIP00144,PROD500,138
SHIPITEM00422,SHIP00144,PROD434,122
SHIPITEM00423,SHIP00144,PROD340,137
SHIPITEM00424,SHIP00144,PROD473,24
SHIPITEM00425,SHIP00145,PROD300,35
SHIPITEM00426,SHIP00146,PROD452,115
SHIPITEM00427,SHIP00146,PROD165,125
SHIPITEM00428,SHIP00147,PROD221,144
SHIPITEM00429,SHIP00147,PROD253,141
SHIPITEM00430,SHIP00147,PROD416,89
SHIPITEM00431,SHIP00147,PROD426,35
SHIPITEM00432,SHIP00148,PROD104,147
SHIPITEM00433,SHIP00148,PROD495,99
SHIPITEM00434,SHIP00149,PROD314,20
SHIPITEM00435,SHIP00149,PROD154,21
SHIPITEM00436,SHIP00150,PROD043,99
SHIPITEM00437,SHIP00150,PROD342,9
SHIPITEM00438,SHIP00151,PROD175,144
SHIPITEM00439,SHIP00151,PROD046,146
SHIPITEM00440,SHIP00151,PROD055,28
SHIPITEM00441,SHIP00152,PROD251,74
SHIPITEM00442,SHIP00152,PROD103,135
SHIPITEM00443,SHIP00153,PROD358,108
SHIPITEM00444,SHIP00153,PROD130,110
SHIPITEM00445,SHIP00153,PROD315,120
SHIPITEM00446,SHIP00153,PROD459,100
SHIPITEM00447,SHIP00154,PROD163,40
SHIPITEM00448,SHIP00154,PROD149,54
SHIPITEM00449,SHIP00154,PROD013,29
SHIPITEM00450,SHIP00155,PROD352,103
SHIPITEM00451,SHIP00156,PROD317,29
SHIPITEM00452,SHIP00156,PROD177,61
SHIPITEM00453,SHIP00156,PROD237,95
SHIPITEM00454,SHIP00157,PROD281,42
SHIPITEM00455,SHIP00157,PROD150,48
SHIPITEM00456,SHIP00157,PROD178,74
SHIPITEM00457,SHIP00157,PROD034,20
SHIPITEM00458,SHIP00157,PROD321,49
SHIPITEM00459,SHIP00158,PROD479,53
SHIPITEM00460,SHIP00158,PROD275,16
SHIPITEM00461,SHIP00158,PROD315,56
SHIPITEM00462,SHIP00159,PROD239,75
SHIPITEM00463,SHIP00159,PROD201,5
SHIPITEM00464,SHIP00159,PROD486,106
SHIPITEM00465,SHIP00159,PROD423,52
SHIPITEM00466,SHIP00159,PROD027,113
SHIPITEM00467,SHIP00160,PROD179,96
SHIPITEM00468,SHIP00160,PROD400,56
SHIPITEM00469,SHIP00160,PROD487,118
SHIPITEM00470,SHIP00160,PROD291,114
SHIPITEM00471,SHIP00161,PROD290,38
SHIPITEM00472,SHIP00161,PROD282,117
SHIPITEM00473,SHIP00161,PROD439,39
SHIPITEM00474,SHIP00161,PROD185,15
SHIPITEM00475,SHIP00161,PROD103,115
SHIPITEM00476,SHIP00161,PROD093,106
SHIPITEM00477,SHIP00161,PROD367,123
SHIPITEM00478,SHIP00161,PROD228,99
SHIPITEM00479,SHIP00162,PROD008,132
SHIPITEM00480,SHIP00162,PROD187,59
SHIPITEM00481,SHIP00163,PROD342,70
SHIPITEM00482,SHIP00163,PROD124,100
SHIPITEM00483,SHIP00163,PROD242,20
SHIPITEM00484,SHIP00163,PROD397,134
SHIPITEM00485,SHIP00164,PROD368,40
SHIPITEM00486,SHIP00164,PROD206,149
SHIPITEM00487,SHIP00164,PROD288,71
SHIPITEM00488,SHIP00165,PROD143,112
SHIPITEM00489,SHIP00165,PROD483,129
SHIPITEM00490,SHIP00166,PROD369,26
SHIPITEM00491,SHIP00166,PROD318,22
SHIPITEM00492,SHIP00166,PROD392,114
SHIPITEM00493,SHIP00167,PROD356,12
SHIPITEM00494,SHIP00167,PROD316,14
SHIPITEM00495,SHIP00167,PROD268,73
SHIPITEM00496,SHIP00167,PROD400,119
SHIPITEM00497,SHIP00168,PROD286,48
SHIPITEM00498,SHIP00169,PROD250,148
SHIPITEM00499,SHIP00169,PROD002,117
SHIPITEM00500,SHIP00169,PROD393,126
SHIPITEM00501,SHIP00170,PROD087,81
SHIPITEM00502,SHIP00171,PROD128,16
SHIPITEM00503,SHIP00171,PROD045,37
SHIPITEM00504,SHIP00172,PROD012,59
SHIPITEM00505,SHIP00172,PROD459,108
SHIPITEM00506,SHIP00173,PROD019,92
SHIPITEM00507,SHIP00173,PROD302,72
SHIPITEM00508,SHIP00173,PROD095,42
SHIPITEM00509,SHIP00174,PROD111,136
SHIPITEM00510,SHIP00174,PROD056,36
SHIPITEM00511,SHIP00174,PROD355,144
SHIPITEM00512,SHIP00174,PROD442,20
SHIPITEM00513,SHIP00175,PROD469,121
SHIPITEM00514,SHIP00176,PROD282,60
SHIPITEM00515,SHIP00177,PROD158,38
SHIPITEM00516,SHIP00177,PROD177,131
SHIPITEM00517,SHIP00177,PROD013,96
SHIPITEM00518,SHIP00177,PROD405,144
SHIPITEM00519,SHIP00177,PROD443,106
SHIPITEM00520,SHIP00177,PROD282,137
SHIPITEM00521,SHIP00178,PROD492,81
SHIPITEM00522,SHIP00178,PROD253,111
SHIPITEM00523,SHIP00178,PROD144,117
SHIPITEM00524,SHIP00178,PROD260,71
SHIPITEM00525,SHIP00178,PROD283,144
SHIPITEM00526,SHIP00179,PROD405,70
SHIPITEM00527,SHIP00179,PROD276,47
SHIPITEM00528,SHIP00179,PROD205,90
SHIPITEM00529,SHIP00180,PROD048,129
SHIPITEM00530,SHIP00180,PROD478,79
SHIPITEM00531,SHIP00180,PROD357,40
SHIPITEM00532,SHIP00181,PROD460,18
SHIPITEM00533,SHIP00181,PROD411,109
SHIPITEM00534,SHIP00181,PROD153,116
SHIPITEM00535,SHIP00182,PROD177,26
SHIPITEM00536,SHIP00182,PROD014,22
SHIPITEM00537,SHIP00183,PROD410,34
SHIPITEM00538,SHIP00183,PROD327,146
SHIPITEM00539,SHIP00183,PROD139,31
SHIPITEM00540,SHIP00184,PROD204,10
SHIPITEM00541,SHIP00184,PROD092,107
SHIPITEM00542,SHIP00184,PROD379,46
SHIPITEM00543,SHIP00184,PROD052,109
SHIPITEM00544,SHIP00185,PROD139,9
SHIPITEM00545,SHIP00185,PROD241,45
SHIPITEM00546,SHIP00185,PROD093,17
SHIPITEM00547,SHIP00185,PROD375,102
SHIPITEM00548,SHIP00186,PROD413,38
SHIPITEM00549,SHIP00186,PROD018,76
SHIPITEM00550,SHIP00187,PROD383,81
SHIPITEM00551,SHIP00188,PROD360,104
SHIPITEM00552,SHIP00189,PROD202,75
SHIPITEM00553,SHIP00189,PROD382,122
SHIPITEM00554,SHIP00189,PROD064,40
SHIPITEM00555,SHIP00189,PROD363,130
SHIPITEM00556,SHIP00189,PROD474,58
SHIPITEM00557,SHIP00189,PROD252,22
SHIPITEM00558,SHIP00189,PROD089,139
SHIPITEM00559,SHIP00190,PROD223,73
SHIPITEM00560,SHIP00190,PROD469,104
SHIPITEM00561,SHIP00190,PROD025,41
SHIPITEM00562,SHIP00190,PROD159,9
SHIPITEM00563,SHIP00191,PROD182,24
SHIPITEM00564,SHIP00191,PROD244,116
SHIPITEM00565,SHIP00191,PROD038,127
SHIPITEM00566,SHIP00191,PROD296,56
SHIPITEM00567,SHIP00192,PROD131,28
SHIPITEM00568,SHIP00192,PROD075,30
SHIPITEM00569,SHIP00193,PROD040,102
SHIPITEM00570,SHIP00193,PROD443,84
SHIPITEM00571,SHIP00193,PROD119,38
SHIPITEM00572,SHIP00193,PROD495,7
SHIPITEM00573,SHIP00193,PROD224,131
SHIPITEM00574,SHIP00194,PROD150,61
SHIPITEM00575,SHIP00194,PROD089,72
SHIPITEM00576,SHIP00194,PROD237,41
SHIPITEM00577,SHIP00194,PROD059,81
SHIPITEM00578,SHIP00195,PROD343,39
SHIPITEM00579,SHIP00195,PROD292,37
SHIPITEM00580,SHIP00196,PROD417,112
SHIPITEM00581,SHIP00196,PROD389,79
SHIPITEM00582,SHIP00196,PROD050,17
SHIPITEM00583,SHIP00197,PROD293,72
SHIPITEM00584,SHIP00197,PROD185,35
SHIPITEM00585,SHIP00197,PROD422,73
SHIPITEM00586,SHIP00197,PROD084,61
SHIPITEM00587,SHIP00198,PROD158,109
SHIPITEM00588,SHIP00199,PROD041,28
SHIPITEM00589,SHIP00199,PROD417,40
SHIPITEM00590,SHIP00199,PROD257,16
SHIPITEM00591,SHIP00199,PROD022,103
SHIPITEM00592,SHIP00199,PROD431,58
SHIPITEM00593,SHIP00200,PROD326,127
SHIPITEM00594,SHIP00201,PROD459,108
SHIPITEM00595,SHIP00202,PROD338,113
SHIPITEM00596,SHIP00203,PROD131,28
SHIPITEM00597,SHIP00203,PROD494,61
SHIPITEM00598,SHIP00203,PROD295,82
SHIPITEM00599,SHIP00204,PROD392,76
SHIPITEM00600,SHIP00204,PROD402,8
SHIPITEM00601,SHIP00204,PROD372,59
SHIPITEM00602,SHIP00205,PROD057,70
SHIPITEM00603,SHIP00205,PROD217,95
SHIPITEM00604,SHIP00205,PROD360,56
SHIPITEM00605,SHIP00206,PROD147,35
SHIPITEM00606,SHIP00206,PROD354,83
SHIPITEM00607,SHIP00206,PROD325,107
SHIPITEM00608,SHIP00206,PROD069,29
SHIPITEM00609,SHIP00207,PROD099,15
SHIPITEM00610,SHIP00207,PROD162,18
SHIPITEM00611,SHIP00207,PROD484,90
SHIPITEM00612,SHIP00207,PROD318,133
SHIPITEM00613,SHIP00208,PROD217,79
SHIPITEM00614,SHIP00208,PROD188,107
SHIPITEM00615,SHIP00208,PROD039,19
SHIPITEM00616,SHIP00209,PROD465,128
SHIPITEM00617,SHIP00209,PROD117,110
SHIPITEM00618,SHIP00210,PROD385,122
SHIPITEM00619,SHIP00210,PROD017,142
SHIPITEM00620,SHIP00210,PROD019,60
SHIPITEM00621,SHIP00210,PROD165,70
SHIPITEM00622,SHIP00211,PROD184,89
SHIPITEM00623,SHIP00211,PROD019,20
SHIPITEM00624,SHIP00212,PROD140,100
SHIPITEM00625,SHIP00213,PROD020,37
SHIPITEM00626,SHIP00214,PROD496,16
SHIPITEM00627,SHIP00214,PROD373,148
SHIPITEM00628,SHIP00214,PROD077,90
SHIPITEM00629,SHIP00215,PROD052,29
SHIPITEM00630,SHIP00215,PROD075,97
SHIPITEM00631,SHIP00215,PROD406,91
SHIPITEM00632,SHIP00215,PROD388,96
SHIPITEM00633,SHIP00215,PROD358,99
SHIPITEM00634,SHIP00215,PROD429,49
SHIPITEM00635,SHIP00216,PROD225,60
SHIPITEM00636,SHIP00216,PROD057,102
SHIPITEM00637,SHIP00216,PROD222,16
SHIPITEM00638,SHIP00216,PROD201,35
SHIPITEM00639,SHIP00216,PROD174,144
SHIPITEM00640,SHIP00216,PROD166,27
SHIPITEM00641,SHIP00217,PROD067,16
SHIPITEM00642,SHIP00217,PROD281,68
SHIPITEM00643,SHIP00218,PROD103,23
SHIPITEM00644,SHIP00218,PROD204,78
SHIPITEM00645,SHIP00219,PROD241,23
SHIPITEM00646,SHIP00219,PROD297,112
SHIPITEM00647,SHIP00219,PROD080,91
SHIPITEM00648,SHIP00220,PROD448,80
SHIPITEM00649,SHIP00220,PROD033,109
SHIPITEM00650,SHIP00220,PROD051,146
SHIPITEM00651,SHIP00221,PROD061,65
SHIPITEM00652,SHIP00221,PROD253,127
SHIPITEM00653,SHIP00222,PROD280,70
SHIPITEM00654,SHIP00222,PROD427,94
SHIPITEM00655,SHIP00222,PROD392,15
SHIPITEM00656,SHIP00223,PROD300,62
SHIPITEM00657,SHIP00223,PROD307,27
SHIPITEM00658,SHIP00223,PROD204,55
SHIPITEM00659,SHIP00223,PROD475,32
SHIPITEM00660,SHIP00223,PROD237,43
SHIPITEM00661,SHIP00224,PROD460,55
SHIPITEM00662,SHIP00224,PROD440,70
SHIPITEM00663,SHIP00224,PROD095,102
SHIPITEM00664,SHIP00224,PROD159,102
SHIPITEM00665,SHIP00225,PROD492,101
SHIPITEM00666,SHIP00225,PROD104,50
SHIPITEM00667,SHIP00225,PROD473,25
SHIPITEM00668,SHIP00225,PROD356,90
SHIPITEM00669,SHIP00225,PROD413,63
SHIPITEM00670,SHIP00226,PROD391,5
SHIPITEM00671,SHIP00226,PROD197,24
SHIPITEM00672,SHIP00227,PROD058,146
SHIPITEM00673,SHIP00227,PROD357,75
SHIPITEM00674,SHIP00227,PROD068,147
SHIPITEM00675,SHIP00227,PROD005,77
SHIPITEM00676,SHIP00227,PROD176,70
SHIPITEM00677,SHIP00228,PROD103,20
SHIPITEM00678,SHIP00228,PROD218,12
SHIPITEM00679,SHIP00229,PROD436,53
SHIPITEM00680,SHIP00229,PROD351,99
SHIPITEM00681,SHIP00230,PROD466,118
SHIPITEM00682,SHIP00230,PROD319,94
SHIPITEM00683,SHIP00230,PROD141,33
SHIPITEM00684,SHIP00230,PROD033,133
SHIPITEM00685,SHIP00231,PROD180,142
SHIPITEM00686,SHIP00231,PROD198,41
SHIPITEM00687,SHIP00231,PROD189,91
SHIPITEM00688,SHIP00232,PROD123,101
SHIPITEM00689,SHIP00232,PROD260,27
SHIPITEM00690,SHIP00232,PROD219,41
SHIPITEM00691,SHIP00232,PROD286,55
SHIPITEM00692,SHIP00233,PROD267,91
SHIPITEM00693,SHIP00233,PROD250,6
SHIPITEM00694,SHIP00233,PROD313,127
SHIPITEM00695,SHIP00233,PROD002,57
SHIPITEM00696,SHIP00233,PROD473,15
SHIPITEM00697,SHIP00234,PROD444,149
SHIPITEM00698,SHIP00234,PROD066,69
SHIPITEM00699,SHIP00235,PROD198,68
SHIPITEM00700,SHIP00235,PROD408,104
SHIPITEM00701,SHIP00236,PROD468,108
SHIPITEM00702,SHIP00236,PROD473,50
SHIPITEM00703,SHIP00236,PROD110,137
SHIPITEM00704,SHIP00237,PROD235,83
SHIPITEM00705,SHIP00237,PROD172,130
SHIPITEM00706,SHIP00238,PROD043,53
SHIPITEM00707,SHIP00238,PROD148,63
SHIPITEM00708,SHIP00238,PROD101,150
SHIPITEM00709,SHIP00238,PROD435,71
SHIPITEM00710,SHIP00238,PROD364,46
SHIPITEM00711,SHIP00238,PROD184,118
SHIPITEM00712,SHIP00239,PROD273,35
SHIPITEM00713,SHIP00239,PROD455,94
SHIPITEM00714,SHIP00239,PROD262,111
SHIPITEM00715,SHIP00240,PROD151,123
SHIPITEM00716,SHIP00240,PROD028,77
SHIPITEM00717,SHIP00240,PROD090,83
SHIPITEM00718,SHIP00240,PROD285,122
SHIPITEM00719,SHIP00241,PROD278,57
SHIPITEM00720,SHIP00241,PROD041,66
SHIPITEM00721,SHIP00242,PROD434,44
SHIPITEM00722,SHIP00242,PROD302,73
SHIPITEM00723,SHIP00243,PROD456,16
SHIPITEM00724,SHIP00243,PROD167,108
SHIPITEM00725,SHIP00243,PROD397,144
SHIPITEM00726,SHIP00244,PROD303,104
SHIPITEM00727,SHIP00244,PROD410,11
SHIPITEM00728,SHIP00244,PROD115,105
SHIPITEM00729,SHIP00244,PROD342,42
SHIPITEM00730,SHIP00245,PROD076,33
SHIPITEM00731,SHIP00245,PROD118,40
SHIPITEM00732,SHIP00246,PROD337,70
SHIPITEM00733,SHIP00246,PROD242,97
SHIPITEM00734,SHIP00246,PROD143,112
SHIPITEM00735,SHIP00246,PROD182,8
SHIPITEM00736,SHIP00247,PROD326,143
SHIPITEM00737,SHIP00247,PROD430,110
SHIPITEM00738,SHIP00248,PROD299,126
SHIPITEM00739,SHIP00248,PROD094,84
SHIPITEM00740,SHIP00249,PROD329,77
SHIPITEM00741,SHIP00249,PROD212,138
SHIPITEM00742,SHIP00249,PROD151,38
SHIPITEM00743,SHIP00249,PROD165,122
SHIPITEM00744,SHIP00250,PROD042,36
SHIPITEM00745,SHIP00250,PROD488,72
SHIPITEM00746,SHIP00251,PROD153,84
SHIPITEM00747,SHIP00252,PROD050,77
SHIPITEM00748,SHIP00252,PROD062,84
SHIPITEM00749,SHIP00252,PROD278,16
SHIPITEM00750,SHIP00252,PROD258,34
SHIPITEM00751,SHIP00253,PROD091,55
SHIPITEM00752,SHIP00253,PROD496,27
SHIPITEM00753,SHIP00254,PROD242,41
SHIPITEM00754,SHIP00254,PROD333,95
SHIPITEM00755,SHIP00255,PROD340,137
SHIPITEM00756,SHIP00256,PROD499,134
SHIPITEM00757,SHIP00256,PROD061,12
SHIPITEM00758,SHIP00256,PROD328,72
SHIPITEM00759,SHIP00256,PROD413,97
SHIPITEM00760,SHIP00257,PROD475,143
SHIPITEM00761,SHIP00258,PROD060,32
SHIPITEM00762,SHIP00258,PROD083,127
SHIPITEM00763,SHIP00259,PROD228,100
SHIPITEM00764,SHIP00259,PROD477,113
SHIPITEM00765,SHIP00260,PROD176,133
SHIPITEM00766,SHIP00260,PROD064,60
SHIPITEM00767,SHIP00260,PROD437,125
SHIPITEM00768,SHIP00261,PROD084,36
SHIPITEM00769,SHIP00261,PROD099,46
SHIPITEM00770,SHIP00261,PROD443,97
SHIPITEM00771,SHIP00261,PROD233,10
SHIPITEM00772,SHIP00261,PROD391,101
SHIPITEM00773,SHIP00262,PROD490,40
SHIPITEM00774,SHIP00263,PROD264,66
SHIPITEM00775,SHIP00263,PROD062,118
SHIPITEM00776,SHIP00263,PROD400,89
SHIPITEM00777,SHIP00264,PROD094,43
SHIPITEM00778,SHIP00264,PROD360,72
SHIPITEM00779,SHIP00264,PROD136,13
SHIPITEM00780,SHIP00264,PROD192,98
SHIPITEM00781,SHIP00265,PROD120,97
SHIPITEM00782,SHIP00265,PROD421,21
SHIPITEM00783,SHIP00265,PROD392,150
SHIPITEM00784,SHIP00266,PROD398,96
SHIPITEM00785,SHIP00267,PROD314,128
SHIPITEM00786,SHIP00267,PROD225,13
SHIPITEM00787,SHIP00268,PROD283,86
SHIPITEM00788,SHIP00268,PROD146,85
SHIPITEM00789,SHIP00268,PROD182,77
SHIPITEM00790,SHIP00268,PROD287,39
SHIPITEM00791,SHIP00269,PROD374,120
SHIPITEM00792,SHIP00269,PROD258,50
SHIPITEM00793,SHIP00269,PROD372,33
SHIPITEM00794,SHIP00270,PROD230,98
SHIPITEM00795,SHIP00270,PROD123,65
SHIPITEM00796,SHIP00270,PROD128,121
SHIPITEM00797,SHIP00271,PROD111,57
SHIPITEM00798,SHIP00271,PROD075,18
SHIPITEM00799,SHIP00272,PROD312,96
SHIPITEM00800,SHIP00272,PROD500,127
SHIPITEM00801,SHIP00272,PROD441,115
SHIPITEM00802,SHIP00272,PROD377,53
SHIPITEM00803,SHIP00272,PROD182,38
SHIPITEM00804,SHIP00273,PROD438,23
SHIPITEM00805,SHIP00273,PROD212,94
SHIPITEM00806,SHIP00273,PROD065,113
SHIPITEM00807,SHIP00274,PROD408,101
SHIPITEM00808,SHIP00274,PROD286,57
SHIPITEM00809,SHIP00274,PROD379,132
SHIPITEM00810,SHIP00275,PROD330,105
SHIPITEM00811,SHIP00275,PROD009,67
SHIPITEM00812,SHIP00275,PROD109,137
SHIPITEM00813,SHIP00275,PROD212,114
SHIPITEM00814,SHIP00276,PROD321,34
SHIPITEM00815,SHIP00276,PROD262,121
SHIPITEM00816,SHIP00276,PROD233,90
SHIPITEM00817,SHIP00276,PROD424,133
SHIPITEM00818,SHIP00277,PROD116,22
SHIPITEM00819,SHIP00277,PROD496,141
SHIPITEM00820,SHIP00278,PROD167,125
SHIPITEM00821,SHIP00278,PROD094,104
SHIPITEM00822,SHIP00278,PROD096,36
SHIPITEM00823,SHIP00278,PROD260,119
SHIPITEM00824,SHIP00278,PROD264,45
SHIPITEM00825,SHIP00279,PROD006,28
SHIPITEM00826,SHIP00279,PROD126,5
SHIPITEM00827,SHIP00279,PROD450,100
SHIPITEM00828,SHIP00279,PROD151,148
SHIPITEM00829,SHIP00280,PROD271,12
SHIPITEM00830,SHIP00280,PROD231,65
SHIPITEM00831,SHIP00281,PROD302,149
SHIPITEM00832,SHIP00281,PROD138,118
SHIPITEM00833,SHIP00281,PROD344,71
SHIPITEM00834,SHIP00282,PROD245,114
SHIPITEM00835,SHIP00282,PROD026,73
SHIPITEM00836,SHIP00283,PROD411,23
SHIPITEM00837,SHIP00283,PROD495,49
SHIPITEM00838,SHIP00283,PROD355,87
SHIPITEM00839,SHIP00283,PROD243,63
SHIPITEM00840,SHIP00284,PROD050,89
SHIPITEM00841,SHIP00284,PROD167,90
SHIPITEM00842,SHIP00285,PROD016,52
SHIPITEM00843,SHIP00285,PROD406,18
SHIPITEM00844,SHIP00285,PROD071,34
SHIPITEM00845,SHIP00285,PROD486,97
SHIPITEM00846,SHIP00285,PROD225,146
SHIPITEM00847,SHIP00285,PROD287,21
SHIPITEM00848,SHIP00286,PROD499,63
SHIPITEM00849,SHIP00287,PROD394,87
SHIPITEM00850,SHIP00287,PROD223,36
SHIPITEM00851,SHIP00287,PROD327,95
SHIPITEM00852,SHIP00288,PROD168,19
SHIPITEM00853,SHIP00288,PROD406,145
SHIPITEM00854,SHIP00288,PROD395,149
SHIPITEM00855,SHIP00289,PROD039,60
SHIPITEM00856,SHIP00289,PROD463,129
SHIPITEM00857,SHIP00289,PROD380,103
SHIPITEM00858,SHIP00289,PROD440,103
SHIPITEM00859,SHIP00290,PROD197,18
SHIPITEM00860,SHIP00290,PROD391,92
SHIPITEM00861,SHIP00290,PROD006,20
SHIPITEM00862,SHIP00290,PROD220,112
SHIPITEM00863,SHIP00291,PROD277,75
SHIPITEM00864,SHIP00291,PROD118,10
SHIPITEM00865,SHIP00291,PROD092,29
SHIPITEM00866,SHIP00291,PROD283,80
SHIPITEM00867,SHIP00292,PROD011,56
SHIPITEM00868,SHIP00292,PROD140,137
SHIPITEM00869,SHIP00293,PROD116,115
SHIPITEM00870,SHIP00293,PROD052,32
SHIPITEM00871,SHIP00293,PROD233,94
SHIPITEM00872,SHIP00293,PROD098,96
SHIPITEM00873,SHIP00293,PROD379,45
SHIPITEM00874,SHIP00293,PROD075,44
SHIPITEM00875,SHIP00293,PROD443,79
SHIPITEM00876,SHIP00293,PROD149,25
SHIPITEM00877,SHIP00294,PROD151,31
SHIPITEM00878,SHIP00294,PROD450,40
SHIPITEM00879,SHIP00294,PROD283,111
SHIPITEM00880,SHIP00294,PROD422,145
SHIPITEM00881,SHIP00295,PROD277,49
SHIPITEM00882,SHIP00295,PROD357,125
SHIPITEM00883,SHIP00295,PROD113,66
SHIPITEM00884,SHIP00295,PROD168,142
SHIPITEM00885,SHIP00295,PROD485,57
SHIPITEM00886,SHIP00295,PROD326,109
SHIPITEM00887,SHIP00296,PROD014,109
SHIPITEM00888,SHIP00296,PROD367,73
SHIPITEM00889,SHIP00296,PROD475,88
SHIPITEM00890,SHIP00297,PROD027,60
SHIPITEM00891,SHIP00298,PROD291,114
SHIPITEM00892,SHIP00298,PROD341,89
SHIPITEM00893,SHIP00298,PROD302,149
SHIPITEM00894,SHIP00299,PROD383,70
SHIPITEM00895,SHIP00299,PROD130,60
SHIPITEM00896,SHIP00299,PROD446,6
SHIPITEM00897,SHIP00299,PROD132,123
SHIPITEM00898,SHIP00300,PROD233,133
SHIPITEM00899,SHIP00300,PROD440,72
SHIPITEM00900,SHIP00300,PROD426,69
SHIPITEM00901,SHIP00301,PROD413,64
SHIPITEM00902,SHIP00301,PROD087,19
SHIPITEM00903,SHIP00302,PROD450,84
SHIPITEM00904,SHIP00303,PROD017,43
SHIPITEM00905,SHIP00303,PROD335,147
SHIPITEM00906,SHIP00304,PROD260,68
SHIPITEM00907,SHIP00305,PROD017,144
SHIPITEM00908,SHIP00305,PROD262,143
SHIPITEM00909,SHIP00305,PROD038,29
SHIPITEM00910,SHIP00305,PROD402,61
SHIPITEM00911,SHIP00306,PROD023,77
SHIPITEM00912,SHIP00307,PROD358,69
SHIPITEM00913,SHIP00307,PROD404,70
SHIPITEM00914,SHIP00308,PROD432,94
SHIPITEM00915,SHIP00308,PROD345,108
SHIPITEM00916,SHIP00308,PROD069,125
SHIPITEM00917,SHIP00309,PROD349,89
SHIPITEM00918,SHIP00309,PROD403,24
SHIPITEM00919,SHIP00310,PROD140,38
SHIPITEM00920,SHIP00310,PROD186,107
SHIPITEM00921,SHIP00310,PROD372,95
SHIPITEM00922,SHIP00311,PROD209,49
SHIPITEM00923,SHIP00311,PROD175,7
SHIPITEM00924,SHIP00311,PROD183,5
SHIPITEM00925,SHIP00311,PROD046,6
SHIPITEM00926,SHIP00311,PROD154,141
SHIPITEM00927,SHIP00311,PROD413,136
SHIPITEM00928,SHIP00311,PROD223,143
SHIPITEM00929,SHIP00312,PROD216,32
SHIPITEM00930,SHIP00312,PROD153,83
SHIPITEM00931,SHIP00312,PROD382,66
SHIPITEM00932,SHIP00313,PROD092,88
SHIPITEM00933,SHIP00313,PROD260,114
SHIPITEM00934,SHIP00313,PROD189,53
SHIPITEM00935,SHIP00314,PROD119,78
SHIPITEM00936,SHIP00314,PROD182,142
SHIPITEM00937,SHIP00315,PROD477,56
SHIPITEM00938,SHIP00315,PROD253,41
SHIPITEM00939,SHIP00316,PROD346,15
SHIPITEM00940,SHIP00316,PROD312,65
SHIPITEM00941,SHIP00316,PROD370,119
SHIPITEM00942,SHIP00317,PROD050,48
SHIPITEM00943,SHIP00317,PROD005,86
SHIPITEM00944,SHIP00318,PROD164,61
SHIPITEM00945,SHIP00319,PROD059,22
SHIPITEM00946,SHIP00319,PROD356,80
SHIPITEM00947,SHIP00319,PROD178,75
SHIPITEM00948,SHIP00320,PROD473,115
SHIPITEM00949,SHIP00320,PROD420,126
SHIPITEM00950,SHIP00321,PROD319,138
SHIPITEM00951,SHIP00321,PROD417,142
SHIPITEM00952,SHIP00321,PROD427,25
SHIPITEM00953,SHIP00322,PROD050,17
SHIPITEM00954,SHIP00322,PROD388,117
SHIPITEM00955,SHIP00322,PROD478,101
SHIPITEM00956,SHIP00323,PROD342,98
SHIPITEM00957,SHIP00323,PROD393,86
SHIPITEM00958,SHIP00323,PROD296,142
SHIPITEM00959,SHIP00324,PROD024,62
SHIPITEM00960,SHIP00324,PROD129,117
SHIPITEM00961,SHIP00324,PROD074,124
SHIPITEM00962,SHIP00324,PROD189,109
SHIPITEM00963,SHIP00325,PROD367,100
SHIPITEM00964,SHIP00325,PROD128,74
SHIPITEM00965,SHIP00325,PROD068,105
SHIPITEM00966,SHIP00325,PROD431,102
SHIPITEM00967,SHIP00326,PROD004,145
SHIPITEM00968,SHIP00326,PROD091,125
SHIPITEM00969,SHIP00327,PROD108,97
SHIPITEM00970,SHIP00327,PROD282,121
SHIPITEM00971,SHIP00327,PROD015,34
SHIPITEM00972,SHIP00328,PROD498,116
SHIPITEM00973,SHIP00328,PROD418,51
SHIPITEM00974,SHIP00328,PROD461,103
SHIPITEM00975,SHIP00329,PROD394,63
SHIPITEM00976,SHIP00329,PROD353,72
SHIPITEM00977,SHIP00329,PROD093,48
SHIPITEM00978,SHIP00329,PROD245,139
SHIPITEM00979,SHIP00330,PROD204,105
SHIPITEM00980,SHIP00330,PROD278,5
SHIPITEM00981,SHIP00330,PROD167,108
SHIPITEM00982,SHIP00330,PROD379,134
SHIPITEM00983,SHIP00330,PROD352,139
SHIPITEM00984,SHIP00330,PROD150,89
SHIPITEM00985,SHIP00330,PROD149,134
SHIPITEM00986,SHIP00331,PROD037,63
SHIPITEM00987,SHIP00331,PROD320,53
SHIPITEM00988,SHIP00331,PROD040,13
SHIPITEM00989,SHIP00331,PROD344,76
SHIPITEM00990,SHIP00332,PROD167,141
SHIPITEM00991,SHIP00332,PROD108,93
SHIPITEM00992,SHIP00332,PROD154,111
SHIPITEM00993,SHIP00332,PROD491,69
SHIPITEM00994,SHIP00333,PROD160,84
SHIPITEM00995,SHIP00333,PROD213,79
SHIPITEM00996,SHIP00333,PROD087,29
SHIPITEM00997,SHIP00333,PROD133,108
SHIPITEM00998,SHIP00333,PROD013,60
SHIPITEM00999,SHIP00334,PROD386,129
SHIPITEM01000,SHIP00334,PROD148,19
SHIPITEM01001,SHIP00334,PROD432,18
SHIPITEM01002,SHIP00334,PROD049,20
SHIPITEM01003,SHIP00335,PROD132,117
SHIPITEM01004,SHIP00335,PROD500,73
SHIPITEM01005,SHIP00335,PROD429,37
SHIPITEM01006,SHIP00335,PROD452,34
SHIPITEM01007,SHIP00336,PROD412,100
SHIPITEM01008,SHIP00336,PROD448,133
SHIPITEM01009,SHIP00336,PROD345,11
SHIPITEM01010,SHIP00336,PROD203,142
SHIPITEM01011,SHIP00336,PROD011,88
SHIPITEM01012,SHIP00337,PROD068,29
SHIPITEM01013,SHIP00337,PROD371,132
SHIPITEM01014,SHIP00337,PROD287,18
SHIPITEM01015,SHIP00338,PROD225,20
SHIPITEM01016,SHIP00338,PROD415,127
SHIPITEM01017,SHIP00338,PROD073,89
SHIPITEM01018,SHIP00338,PROD142,65
SHIPITEM01019,SHIP00338,PROD077,9
SHIPITEM01020,SHIP00338,PROD487,148
SHIPITEM01021,SHIP00339,PROD078,113
SHIPITEM01022,SHIP00339,PROD195,105
SHIPITEM01023,SHIP00339,PROD428,118
SHIPITEM01024,SHIP00340,PROD357,116
SHIPITEM01025,SHIP00340,PROD492,20
SHIPITEM01026,SHIP00340,PROD403,27
SHIPITEM01027,SHIP00341,PROD271,100
SHIPITEM01028,SHIP00342,PROD035,104
SHIPITEM01029,SHIP00342,PROD365,94
SHIPITEM01030,SHIP00342,PROD150,22
SHIPITEM01031,SHIP00342,PROD354,116
SHIPITEM01032,SHIP00343,PROD492,21
SHIPITEM01033,SHIP00343,PROD057,86
SHIPITEM01034,SHIP00343,PROD074,41
SHIPITEM01035,SHIP00343,PROD226,108
SHIPITEM01036,SHIP00344,PROD241,115
SHIPITEM01037,SHIP00344,PROD031,134
SHIPITEM01038,SHIP00344,PROD341,66
SHIPITEM01039,SHIP00344,PROD300,126
SHIPITEM01040,SHIP00345,PROD224,143
SHIPITEM01041,SHIP00345,PROD131,85
SHIPITEM01042,SHIP00346,PROD113,88
SHIPITEM01043,SHIP00346,PROD069,146
SHIPITEM01044,SHIP00347,PROD130,28
SHIPITEM01045,SHIP00347,PROD284,63
SHIPITEM01046,SHIP00348,PROD496,66
SHIPITEM01047,SHIP00348,PROD492,103
SHIPITEM01048,SHIP00349,PROD472,34
SHIPITEM01049,SHIP00349,PROD201,90
SHIPITEM01050,SHIP00349,PROD291,67
SHIPITEM01051,SHIP00350,PROD123,25
SHIPITEM01052,SHIP00350,PROD004,142
SHIPITEM01053,SHIP00350,PROD176,132
SHIPITEM01054,SHIP00350,PROD285,102
SHIPITEM01055,SHIP00350,PROD404,47
SHIPITEM01056,SHIP00350,PROD488,77
SHIPITEM01057,SHIP00351,PROD048,12
SHIPITEM01058,SHIP00352,PROD467,21
SHIPITEM01059,SHIP00352,PROD480,93
SHIPITEM01060,SHIP00352,PROD360,134
SHIPITEM01061,SHIP00353,PROD271,56
SHIPITEM01062,SHIP00354,PROD167,33
SHIPITEM01063,SHIP00354,PROD099,81
SHIPITEM01064,SHIP00354,PROD220,96
SHIPITEM01065,SHIP00354,PROD198,9
SHIPITEM01066,SHIP00355,PROD246,19
SHIPITEM01067,SHIP00355,PROD287,63
SHIPITEM01068,SHIP00355,PROD186,123
SHIPITEM01069,SHIP00355,PROD448,82
SHIPITEM01070,SHIP00356,PROD039,21
SHIPITEM01071,SHIP00356,PROD091,77
SHIPITEM01072,SHIP00356,PROD174,47
SHIPITEM01073,SHIP00357,PROD494,139
SHIPITEM01074,SHIP00357,PROD483,25
SHIPITEM01075,SHIP00357,PROD472,38
SHIPITEM01076,SHIP00358,PROD080,66
SHIPITEM01077,SHIP00358,PROD042,59
SHIPITEM01078,SHIP00358,PROD407,144
SHIPITEM01079,SHIP00359,PROD198,134
SHIPITEM01080,SHIP00359,PROD020,118
SHIPITEM01081,SHIP00359,PROD408,96
SHIPITEM01082,SHIP00359,PROD121,123
SHIPITEM01083,SHIP00359,PROD333,63
SHIPITEM01084,SHIP00359,PROD082,124
SHIPITEM01085,SHIP00360,PROD487,80
SHIPITEM01086,SHIP00360,PROD380,31
SHIPITEM01087,SHIP00360,PROD381,10
SHIPITEM01088,SHIP00361,PROD071,127
SHIPITEM01089,SHIP00361,PROD017,37
SHIPITEM01090,SHIP00362,PROD382,131
SHIPITEM01091,SHIP00362,PROD004,103
SHIPITEM01092,SHIP00362,PROD099,72
SHIPITEM01093,SHIP00363,PROD122,136
SHIPITEM01094,SHIP00363,PROD482,70
SHIPITEM01095,SHIP00363,PROD012,86
SHIPITEM01096,SHIP00364,PROD166,70
SHIPITEM01097,SHIP00364,PROD149,37
SHIPITEM01098,SHIP00365,PROD047,65
SHIPITEM01099,SHIP00365,PROD458,105
SHIPITEM01100,SHIP00366,PROD271,32
SHIPITEM01101,SHIP00366,PROD397,65
SHIPITEM01102,SHIP00366,PROD221,59
SHIPITEM01103,SHIP00366,PROD439,53
SHIPITEM01104,SHIP00367,PROD219,30
SHIPITEM01105,SHIP00368,PROD040,67
SHIPITEM01106,SHIP00368,PROD064,131
SHIPITEM01107,SHIP00369,PROD368,18
SHIPITEM01108,SHIP00369,PROD353,135
SHIPITEM01109,SHIP00370,PROD380,50
SHIPITEM01110,SHIP00370,PROD445,43
SHIPITEM01111,SHIP00370,PROD190,24
SHIPITEM01112,SHIP00370,PROD372,35
SHIPITEM01113,SHIP00371,PROD484,17
SHIPITEM01114,SHIP00371,PROD294,134
SHIPITEM01115,SHIP00371,PROD282,128
SHIPITEM01116,SHIP00371,PROD111,150
SHIPITEM01117,SHIP00372,PROD308,53
SHIPITEM01118,SHIP00372,PROD335,137
SHIPITEM01119,SHIP00372,PROD422,26
SHIPITEM01120,SHIP00372,PROD033,148
SHIPITEM01121,SHIP00373,PROD083,9
SHIPITEM01122,SHIP00374,PROD288,134
SHIPITEM01123,SHIP00374,PROD289,35
SHIPITEM01124,SHIP00374,PROD209,144
SHIPITEM01125,SHIP00375,PROD163,137
SHIPITEM01126,SHIP00376,PROD453,99
SHIPITEM01127,SHIP00377,PROD278,139
SHIPITEM01128,SHIP00378,PROD257,109
SHIPITEM01129,SHIP00378,PROD019,147
SHIPITEM01130,SHIP00378,PROD235,131
SHIPITEM01131,SHIP00379,PROD215,56
SHIPITEM01132,SHIP00379,PROD134,93
SHIPITEM01133,SHIP00379,PROD140,140
SHIPITEM01134,SHIP00379,PROD082,102
SHIPITEM01135,SHIP00380,PROD372,52
SHIPITEM01136,SHIP00381,PROD296,129
SHIPITEM01137,SHIP00381,PROD021,100
SHIPITEM01138,SHIP00382,PROD135,146
SHIPITEM01139,SHIP00382,PROD284,14
SHIPITEM01140,SHIP00383,PROD296,58
SHIPITEM01141,SHIP00383,PROD282,107
SHIPITEM01142,SHIP00383,PROD398,53
SHIPITEM01143,SHIP00384,PROD459,135
SHIPITEM01144,SHIP00384,PROD319,101
SHIPITEM01145,SHIP00384,PROD201,111
SHIPITEM01146,SHIP00384,PROD183,139
SHIPITEM01147,SHIP00384,PROD392,32
SHIPITEM01148,SHIP00385,PROD276,92
SHIPITEM01149,SHIP00385,PROD436,75
SHIPITEM01150,SHIP00385,PROD130,88
SHIPITEM01151,SHIP00386,PROD334,49
SHIPITEM01152,SHIP00386,PROD387,111
SHIPITEM01153,SHIP00387,PROD228,19
SHIPITEM01154,SHIP00388,PROD184,101
SHIPITEM01155,SHIP00388,PROD427,109
SHIPITEM01156,SHIP00388,PROD453,27
SHIPITEM01157,SHIP00388,PROD304,79
SHIPITEM01158,SHIP00389,PROD266,20
SHIPITEM01159,SHIP00389,PROD342,139
SHIPITEM01160,SHIP00389,PROD138,94
SHIPITEM01161,SHIP00390,PROD197,70
SHIPITEM01162,SHIP00390,PROD060,8
SHIPITEM01163,SHIP00390,PROD050,50
SHIPITEM01164,SHIP00391,PROD214,94
SHIPITEM01165,SHIP00391,PROD006,138
SHIPITEM01166,SHIP00391,PROD194,90
SHIPITEM01167,SHIP00392,PROD301,97
SHIPITEM01168,SHIP00392,PROD401,10
SHIPITEM01169,SHIP00392,PROD411,82
SHIPITEM01170,SHIP00393,PROD377,78
SHIPITEM01171,SHIP00393,PROD139,141
SHIPITEM01172,SHIP00393,PROD274,106
SHIPITEM01173,SHIP00393,PROD264,21
SHIPITEM01174,SHIP00393,PROD416,141
SHIPITEM01175,SHIP00394,PROD383,108
SHIPITEM01176,SHIP00394,PROD162,138
SHIPITEM01177,SHIP00394,PROD226,38
SHIPITEM01178,SHIP00395,PROD358,8
SHIPITEM01179,SHIP00396,PROD338,64
SHIPITEM01180,SHIP00396,PROD244,17
SHIPITEM01181,SHIP00397,PROD441,124
SHIPITEM01182,SHIP00397,PROD391,75
SHIPITEM01183,SHIP00397,PROD018,113
SHIPITEM01184,SHIP00397,PROD239,117
SHIPITEM01185,SHIP00398,PROD153,150
SHIPITEM01186,SHIP00398,PROD478,121
SHIPITEM01187,SHIP00398,PROD004,18
SHIPITEM01188,SHIP00399,PROD356,56
SHIPITEM01189,SHIP00399,PROD499,57
SHIPITEM01190,SHIP00399,PROD345,54
SHIPITEM01191,SHIP00400,PROD383,129
SHIPITEM01192,SHIP00400,PROD046,78
SHIPITEM01193,SHIP00400,PROD393,113
SHIPITEM01194,SHIP00400,PROD241,62
SHIPITEM01195,SHIP00400,PROD372,29
SHIPITEM01196,SHIP00400,PROD069,133
SHIPITEM01197,SHIP00401,PROD391,105
SHIPITEM01198,SHIP00401,PROD075,36
SHIPITEM01199,SHIP00402,PROD382,86
SHIPITEM01200,SHIP00402,PROD267,43
SHIPITEM01201,SHIP00403,PROD471,26
SHIPITEM01202,SHIP00404,PROD322,91
SHIPITEM01203,SHIP00405,PROD215,41
SHIPITEM01204,SHIP00406,PROD010,27
SHIPITEM01205,SHIP00407,PROD089,16
SHIPITEM01206,SHIP00407,PROD241,25
SHIPITEM01207,SHIP00407,PROD085,135
SHIPITEM01208,SHIP00407,PROD205,144
SHIPITEM01209,SHIP00407,PROD117,28
SHIPITEM01210,SHIP00407,PROD381,77
SHIPITEM01211,SHIP00407,PROD156,149
SHIPITEM01212,SHIP00408,PROD132,24
SHIPITEM01213,SHIP00408,PROD056,133
SHIPITEM01214,SHIP00408,PROD282,37
SHIPITEM01215,SHIP00408,PROD467,123
SHIPITEM01216,SHIP00409,PROD100,33
SHIPITEM01217,SHIP00409,PROD385,74
SHIPITEM01218,SHIP00410,PROD392,61
SHIPITEM01219,SHIP00410,PROD072,74
SHIPITEM01220,SHIP00410,PROD240,58
SHIPITEM01221,SHIP00410,PROD213,72
SHIPITEM01222,SHIP00411,PROD054,140
SHIPITEM01223,SHIP00411,PROD273,107
SHIPITEM01224,SHIP00411,PROD409,142
SHIPITEM01225,SHIP00412,PROD495,124
SHIPITEM01226,SHIP00412,PROD119,78
SHIPITEM01227,SHIP00412,PROD429,90
SHIPITEM01228,SHIP00413,PROD230,72
SHIPITEM01229,SHIP00414,PROD473,36
SHIPITEM01230,SHIP00414,PROD104,143
SHIPITEM01231,SHIP00415,PROD098,42
SHIPITEM01232,SHIP00415,PROD218,32
SHIPITEM01233,SHIP00415,PROD227,89
SHIPITEM01234,SHIP00415,PROD263,95
SHIPITEM01235,SHIP00415,PROD053,74
SHIPITEM01236,SHIP00416,PROD225,120
SHIPITEM01237,SHIP00416,PROD126,120
SHIPITEM01238,SHIP00416,PROD302,10
SHIPITEM01239,SHIP00417,PROD173,141
SHIPITEM01240,SHIP00417,PROD470,110
SHIPITEM01241,SHIP00417,PROD492,26
SHIPITEM01242,SHIP00417,PROD277,60
SHIPITEM01243,SHIP00418,PROD189,13
SHIPITEM01244,SHIP00418,PROD289,107
SHIPITEM01245,SHIP00419,PROD232,91
SHIPITEM01246,SHIP00419,PROD165,71
SHIPITEM01247,SHIP00419,PROD388,133
SHIPITEM01248,SHIP00420,PROD077,129
SHIPITEM01249,SHIP00420,PROD035,138
SHIPITEM01250,SHIP00420,PROD413,137
SHIPITEM01251,SHIP00420,PROD002,90
SHIPITEM01252,SHIP00421,PROD348,111
SHIPITEM01253,SHIP00421,PROD293,104
SHIPITEM01254,SHIP00421,PROD208,118
SHIPITEM01255,SHIP00422,PROD380,142
SHIPITEM01256,SHIP00422,PROD096,54
SHIPITEM01257,SHIP00422,PROD253,104
SHIPITEM01258,SHIP00422,PROD473,13
SHIPITEM01259,SHIP00423,PROD266,15
SHIPITEM01260,SHIP00423,PROD306,150
SHIPITEM01261,SHIP00424,PROD323,132
SHIPITEM01262,SHIP00424,PROD094,135
SHIPITEM01263,SHIP00424,PROD417,65
SHIPITEM01264,SHIP00424,PROD009,67
SHIPITEM01265,SHIP00425,PROD464,53
SHIPITEM01266,SHIP00426,PROD260,25
SHIPITEM01267,SHIP00426,PROD381,90
SHIPITEM01268,SHIP00426,PROD098,43
SHIPITEM01269,SHIP00427,PROD397,106
SHIPITEM01270,SHIP00428,PROD211,54
SHIPITEM01271,SHIP00428,PROD354,50
SHIPITEM01272,SHIP00429,PROD188,124
SHIPITEM01273,SHIP00429,PROD157,138
SHIPITEM01274,SHIP00429,PROD333,138
SHIPITEM01275,SHIP00429,PROD196,78
SHIPITEM01276,SHIP00430,PROD425,89
SHIPITEM01277,SHIP00430,PROD459,72
SHIPITEM01278,SHIP00430,PROD192,127
SHIPITEM01279,SHIP00430,PROD296,78
SHIPITEM01280,SHIP00431,PROD292,82
SHIPITEM01281,SHIP00431,PROD377,61
SHIPITEM01282,SHIP00431,PROD077,120
SHIPITEM01283,SHIP00431,PROD115,29
SHIPITEM01284,SHIP00432,PROD146,136
SHIPITEM01285,SHIP00432,PROD099,20
SHIPITEM01286,SHIP00432,PROD347,36
SHIPITEM01287,SHIP00432,PROD258,67
SHIPITEM01288,SHIP00432,PROD338,123
SHIPITEM01289,SHIP00433,PROD081,80
SHIPITEM01290,SHIP00433,PROD275,13
SHIPITEM01291,SHIP00433,PROD283,108
SHIPITEM01292,SHIP00434,PROD115,91
SHIPITEM01293,SHIP00434,PROD271,64
SHIPITEM01294,SHIP00434,PROD352,124
SHIPITEM01295,SHIP00435,PROD479,8
SHIPITEM01296,SHIP00435,PROD078,129
SHIPITEM01297,SHIP00436,PROD293,17
SHIPITEM01298,SHIP00436,PROD348,89
SHIPITEM01299,SHIP00436,PROD279,103
SHIPITEM01300,SHIP00436,PROD325,6
SHIPITEM01301,SHIP00436,PROD477,50
SHIPITEM01302,SHIP00437,PROD334,48
SHIPITEM01303,SHIP00437,PROD019,26
SHIPITEM01304,SHIP00437,PROD119,65
SHIPITEM01305,SHIP00438,PROD274,9
SHIPITEM01306,SHIP00439,PROD316,109
SHIPITEM01307,SHIP00440,PROD421,148
SHIPITEM01308,SHIP00440,PROD119,97
SHIPITEM01309,SHIP00441,PROD301,6
SHIPITEM01310,SHIP00441,PROD097,14
SHIPITEM01311,SHIP00441,PROD090,140
SHIPITEM01312,SHIP00442,PROD349,36
SHIPITEM01313,SHIP00442,PROD403,61
SHIPITEM01314,SHIP00442,PROD368,15
SHIPITEM01315,SHIP00443,PROD263,99
SHIPITEM01316,SHIP00444,PROD144,53
SHIPITEM01317,SHIP00444,PROD063,109
SHIPITEM01318,SHIP00445,PROD051,36
SHIPITEM01319,SHIP00445,PROD192,135
SHIPITEM01320,SHIP00445,PROD431,39
SHIPITEM01321,SHIP00445,PROD056,51
SHIPITEM01322,SHIP00445,PROD496,48
SHIPITEM01323,SHIP00446,PROD376,24
SHIPITEM01324,SHIP00446,PROD296,11
SHIPITEM01325,SHIP00446,PROD191,37
SHIPITEM01326,SHIP00446,PROD032,67
SHIPITEM01327,SHIP00447,PROD498,35
SHIPITEM01328,SHIP00447,PROD386,60
SHIPITEM01329,SHIP00447,PROD416,150
SHIPITEM01330,SHIP00448,PROD277,134
SHIPITEM01331,SHIP00448,PROD162,35
SHIPITEM01332,SHIP00448,PROD475,77
SHIPITEM01333,SHIP00448,PROD455,52
SHIPITEM01334,SHIP00449,PROD071,26
SHIPITEM01335,SHIP00449,PROD052,105
SHIPITEM01336,SHIP00449,PROD366,28
SHIPITEM01337,SHIP00449,PROD138,18
SHIPITEM01338,SHIP00450,PROD174,41
SHIPITEM01339,SHIP00450,PROD115,28
SHIPITEM01340,SHIP00451,PROD329,50
SHIPITEM01341,SHIP00451,PROD153,143
SHIPITEM01342,SHIP00452,PROD166,35
SHIPITEM01343,SHIP00453,PROD362,124
SHIPITEM01344,SHIP00453,PROD063,142
SHIPITEM01345,SHIP00453,PROD320,27
SHIPITEM01346,SHIP00454,PROD055,31
SHIPITEM01347,SHIP00454,PROD305,32
SHIPITEM01348,SHIP00454,PROD418,94
SHIPITEM01349,SHIP00454,PROD336,75
SHIPITEM01350,SHIP00454,PROD383,58
SHIPITEM01351,SHIP00454,PROD437,34
SHIPITEM01352,SHIP00455,PROD041,5
SHIPITEM01353,SHIP00455,PROD342,82
SHIPITEM01354,SHIP00455,PROD150,148
SHIPITEM01355,SHIP00455,PROD057,138
SHIPITEM01356,SHIP00455,PROD484,40
SHIPITEM01357,SHIP00455,PROD474,12
SHIPITEM01358,SHIP00456,PROD488,12
SHIPITEM01359,SHIP00456,PROD075,11
SHIPITEM01360,SHIP00457,PROD254,99
SHIPITEM01361,SHIP00457,PROD098,42
SHIPITEM01362,SHIP00457,PROD222,149
SHIPITEM01363,SHIP00458,PROD192,37
SHIPITEM01364,SHIP00458,PROD327,18
SHIPITEM01365,SHIP00458,PROD374,85
SHIPITEM01366,SHIP00458,PROD360,101
SHIPITEM01367,SHIP00459,PROD367,113
SHIPITEM01368,SHIP00459,PROD049,118
SHIPITEM01369,SHIP00459,PROD451,23
SHIPITEM01370,SHIP00460,PROD489,74
SHIPITEM01371,SHIP00460,PROD456,9
SHIPITEM01372,SHIP00460,PROD316,29
SHIPITEM01373,SHIP00460,PROD160,63
SHIPITEM01374,SHIP00461,PROD067,68
SHIPITEM01375,SHIP00461,PROD165,47
SHIPITEM01376,SHIP00461,PROD409,84
SHIPITEM01377,SHIP00461,PROD104,121
SHIPITEM01378,SHIP00462,PROD203,147
SHIPITEM01379,SHIP00463,PROD494,116
SHIPITEM01380,SHIP00463,PROD283,34
SHIPITEM01381,SHIP00463,PROD431,51
SHIPITEM01382,SHIP00464,PROD345,39
SHIPITEM01383,SHIP00465,PROD177,41
SHIPITEM01384,SHIP00465,PROD148,108
SHIPITEM01385,SHIP00465,PROD024,28
SHIPITEM01386,SHIP00465,PROD138,114
SHIPITEM01387,SHIP00465,PROD008,104
SHIPITEM01388,SHIP00466,PROD352,86
SHIPITEM01389,SHIP00466,PROD032,115
SHIPITEM01390,SHIP00466,PROD052,38
SHIPITEM01391,SHIP00467,PROD266,9
SHIPITEM01392,SHIP00467,PROD059,109
SHIPITEM01393,SHIP00467,PROD319,8
SHIPITEM01394,SHIP00467,PROD388,79
SHIPITEM01395,SHIP00468,PROD096,21
SHIPITEM01396,SHIP00468,PROD362,77
SHIPITEM01397,SHIP00468,PROD225,126
SHIPITEM01398,SHIP00468,PROD282,14
SHIPITEM01399,SHIP00469,PROD314,128
SHIPITEM01400,SHIP00469,PROD398,42
SHIPITEM01401,SHIP00469,PROD237,36
SHIPITEM01402,SHIP00469,PROD347,48
SHIPITEM01403,SHIP00469,PROD050,107
SHIPITEM01404,SHIP00469,PROD432,149
SHIPITEM01405,SHIP00470,PROD139,144
SHIPITEM01406,SHIP00470,PROD489,81
SHIPITEM01407,SHIP00470,PROD184,58
SHIPITEM01408,SHIP00470,PROD116,10
SHIPITEM01409,SHIP00470,PROD099,40
SHIPITEM01410,SHIP00471,PROD334,55
SHIPITEM01411,SHIP00472,PROD483,17
SHIPITEM01412,SHIP00473,PROD330,91
SHIPITEM01413,SHIP00473,PROD186,139
SHIPITEM01414,SHIP00473,PROD205,7
SHIPITEM01415,SHIP00473,PROD133,53
SHIPITEM01416,SHIP00474,PROD414,96
SHIPITEM01417,SHIP00474,PROD184,98
SHIPITEM01418,SHIP00474,PROD224,25
SHIPITEM01419,SHIP00475,PROD125,93
SHIPITEM01420,SHIP00475,PROD398,13
SHIPITEM01421,SHIP00475,PROD311,69
SHIPITEM01422,SHIP00475,PROD395,80
SHIPITEM01423,SHIP00476,PROD359,40
SHIPITEM01424,SHIP00476,PROD289,9
SHIPITEM01425,SHIP00476,PROD375,100
SHIPITEM01426,SHIP00477,PROD045,58
SHIPITEM01427,SHIP00477,PROD094,23
SHIPITEM01428,SHIP00477,PROD387,30
SHIPITEM01429,SHIP00477,PROD270,120
SHIPITEM01430,SHIP00478,PROD151,74
SHIPITEM01431,SHIP00478,PROD463,38
SHIPITEM01432,SHIP00479,PROD320,133
SHIPITEM01433,SHIP00479,PROD326,122
SHIPITEM01434,SHIP00479,PROD294,80
SHIPITEM01435,SHIP00479,PROD172,44
SHIPITEM01436,SHIP00479,PROD342,117
SHIPITEM01437,SHIP00480,PROD380,76
SHIPITEM01438,SHIP00480,PROD113,87
SHIPITEM01439,SHIP00480,PROD002,92
SHIPITEM01440,SHIP00481,PROD273,102
SHIPITEM01441,SHIP00482,PROD280,48
SHIPITEM01442,SHIP00482,PROD284,134
SHIPITEM01443,SHIP00483,PROD173,46
SHIPITEM01444,SHIP00483,PROD369,94
SHIPITEM01445,SHIP00483,PROD429,31
SHIPITEM01446,SHIP00483,PROD289,47
SHIPITEM01447,SHIP00484,PROD373,77
SHIPITEM01448,SHIP00485,PROD223,99
SHIPITEM01449,SHIP00485,PROD458,99
SHIPITEM01450,SHIP00485,PROD193,104
SHIPITEM01451,SHIP00486,PROD001,17
SHIPITEM01452,SHIP00487,PROD164,15
SHIPITEM01453,SHIP00487,PROD298,25
SHIPITEM01454,SHIP00487,PROD437,94
SHIPITEM01455,SHIP00488,PROD342,98
SHIPITEM01456,SHIP00489,PROD207,150
SHIPITEM01457,SHIP00490,PROD500,118
SHIPITEM01458,SHIP00490,PROD373,58
SHIPITEM01459,SHIP00490,PROD466,92
SHIPITEM01460,SHIP00491,PROD259,103
SHIPITEM01461,SHIP00491,PROD100,43
SHIPITEM01462,SHIP00491,PROD370,99
SHIPITEM01463,SHIP00492,PROD359,105
SHIPITEM01464,SHIP00492,PROD052,36
SHIPITEM01465,SHIP00493,PROD214,85
SHIPITEM01466,SHIP00493,PROD352,123
SHIPITEM01467,SHIP00493,PROD202,107
SHIPITEM01468,SHIP00494,PROD197,119
SHIPITEM01469,SHIP00494,PROD184,34
SHIPITEM01470,SHIP00494,PROD175,26
SHIPITEM01471,SHIP00494,PROD261,19
SHIPITEM01472,SHIP00494,PROD201,113
SHIPITEM01473,SHIP00494,PROD059,109
SHIPITEM01474,SHIP00495,PROD316,76
SHIPITEM01475,SHIP00495,PROD454,109
SHIPITEM01476,SHIP00495,PROD497,44
SHIPITEM01477,SHIP00495,PROD095,63
SHIPITEM01478,SHIP00496,PROD470,85
SHIPITEM01479,SHIP00496,PROD089,26
SHIPITEM01480,SHIP00496,PROD258,93
SHIPITEM01481,SHIP00496,PROD466,111
SHIPITEM01482,SHIP00497,PROD307,77
SHIPITEM01483,SHIP00498,PROD256,60
SHIPITEM01484,SHIP00498,PROD378,62
SHIPITEM01485,SHIP00499,PROD028,125
SHIPITEM01486,SHIP00499,PROD490,142
SHIPITEM01487,SHIP00500,PROD350,99
SHIPITEM01488,SHIP00500,PROD024,59
SHIPITEM01489,SHIP00501,PROD105,145
SHIPITEM01490,SHIP00501,PROD169,30
SHIPITEM01491,SHIP00501,PROD477,114
SHIPITEM01492,SHIP00502,PROD313,143
SHIPITEM01493,SHIP00502,PROD370,19
SHIPITEM01494,SHIP00503,PROD434,102
SHIPITEM01495,SHIP00503,PROD160,82
SHIPITEM01496,SHIP00504,PROD004,138
SHIPITEM01497,SHIP00504,PROD495,99
SHIPITEM01498,SHIP00505,PROD220,11
SHIPITEM01499,SHIP00505,PROD410,57
SHIPITEM01500,SHIP00506,PROD087,77
SHIPITEM01501,SHIP00506,PROD452,38
SHIPITEM01502,SHIP00507,PROD074,41
SHIPITEM01503,SHIP00507,PROD256,27
SHIPITEM01504,SHIP00507,PROD051,121
SHIPITEM01505,SHIP00508,PROD215,64
SHIPITEM01506,SHIP00508,PROD235,19
SHIPITEM01507,SHIP00509,PROD463,45
SHIPITEM01508,SHIP00510,PROD342,100
SHIPITEM01509,SHIP00510,PROD100,119
SHIPITEM01510,SHIP00510,PROD212,110
SHIPITEM01511,SHIP00511,PROD222,110
SHIPITEM01512,SHIP00512,PROD061,12
SHIPITEM01513,SHIP00512,PROD214,45
SHIPITEM01514,SHIP00512,PROD131,45
SHIPITEM01515,SHIP00513,PROD131,70
SHIPITEM01516,SHIP00513,PROD441,91
SHIPITEM01517,SHIP00514,PROD135,74
SHIPITEM01518,SHIP00514,PROD305,142
SHIPITEM01519,SHIP00514,PROD045,52
SHIPITEM01520,SHIP00514,PROD234,113
SHIPITEM01521,SHIP00514,PROD221,29
SHIPITEM01522,SHIP00515,PROD297,92
SHIPITEM01523,SHIP00515,PROD305,127
SHIPITEM01524,SHIP00515,PROD464,136
SHIPITEM01525,SHIP00515,PROD472,23
SHIPITEM01526,SHIP00516,PROD327,61
SHIPITEM01527,SHIP00516,PROD390,66
SHIPITEM01528,SHIP00516,PROD009,34
SHIPITEM01529,SHIP00516,PROD252,94
SHIPITEM01530,SHIP00516,PROD007,105
SHIPITEM01531,SHIP00517,PROD175,15
SHIPITEM01532,SHIP00517,PROD099,141
SHIPITEM01533,SHIP00517,PROD423,89
SHIPITEM01534,SHIP00517,PROD128,27
SHIPITEM01535,SHIP00518,PROD198,106
SHIPITEM01536,SHIP00518,PROD030,150
SHIPITEM01537,SHIP00519,PROD281,98
SHIPITEM01538,SHIP00519,PROD487,111
SHIPITEM01539,SHIP00520,PROD432,117
SHIPITEM01540,SHIP00520,PROD100,96
SHIPITEM01541,SHIP00520,PROD007,140
SHIPITEM01542,SHIP00520,PROD484,103
SHIPITEM01543,SHIP00520,PROD278,59
SHIPITEM01544,SHIP00520,PROD426,147
SHIPITEM01545,SHIP00521,PROD029,80
SHIPITEM01546,SHIP00522,PROD203,108
SHIPITEM01547,SHIP00523,PROD410,106
SHIPITEM01548,SHIP00523,PROD002,56
SHIPITEM01549,SHIP00524,PROD294,112
SHIPITEM01550,SHIP00524,PROD480,27
SHIPITEM01551,SHIP00525,PROD402,10
SHIPITEM01552,SHIP00525,PROD264,136
SHIPITEM01553,SHIP00525,PROD403,148
SHIPITEM01554,SHIP00526,PROD446,138
SHIPITEM01555,SHIP00527,PROD363,18
SHIPITEM01556,SHIP00527,PROD130,48
SHIPITEM01557,SHIP00528,PROD236,142
SHIPITEM01558,SHIP00528,PROD035,41
SHIPITEM01559,SHIP00528,PROD424,122
SHIPITEM01560,SHIP00528,PROD111,150
SHIPITEM01561,SHIP00529,PROD443,72
SHIPITEM01562,SHIP00529,PROD425,73
SHIPITEM01563,SHIP00530,PROD450,92
SHIPITEM01564,SHIP00530,PROD399,117
SHIPITEM01565,SHIP00530,PROD317,56
SHIPITEM01566,SHIP00530,PROD012,20
SHIPITEM01567,SHIP00531,PROD068,75
SHIPITEM01568,SHIP00531,PROD203,95
SHIPITEM01569,SHIP00531,PROD039,118
SHIPITEM01570,SHIP00532,PROD376,63
SHIPITEM01571,SHIP00532,PROD328,116
SHIPITEM01572,SHIP00532,PROD206,59
SHIPITEM01573,SHIP00532,PROD218,17
SHIPITEM01574,SHIP00533,PROD211,117
SHIPITEM01575,SHIP00533,PROD101,116
SHIPITEM01576,SHIP00534,PROD101,55
SHIPITEM01577,SHIP00535,PROD283,90
SHIPITEM01578,SHIP00535,PROD323,119
SHIPITEM01579,SHIP00535,PROD128,15
SHIPITEM01580,SHIP00535,PROD202,20
SHIPITEM01581,SHIP00535,PROD293,34
SHIPITEM01582,SHIP00536,PROD105,114
SHIPITEM01583,SHIP00536,PROD062,44
SHIPITEM01584,SHIP00536,PROD435,50
SHIPITEM01585,SHIP00537,PROD064,66
SHIPITEM01586,SHIP00537,PROD437,99
SHIPITEM01587,SHIP00537,PROD123,119
SHIPITEM01588,SHIP00537,PROD135,27
SHIPITEM01589,SHIP00537,PROD418,49
SHIPITEM01590,SHIP00537,PROD100,9
SHIPITEM01591,SHIP00538,PROD316,141
SHIPITEM01592,SHIP00538,PROD066,113
SHIPITEM01593,SHIP00538,PROD420,5
SHIPITEM01594,SHIP00538,PROD036,102
SHIPITEM01595,SHIP00538,PROD113,134
SHIPITEM01596,SHIP00538,PROD328,52
SHIPITEM01597,SHIP00539,PROD342,119
SHIPITEM01598,SHIP00539,PROD340,13
SHIPITEM01599,SHIP00539,PROD262,41
SHIPITEM01600,SHIP00540,PROD353,64
SHIPITEM01601,SHIP00540,PROD168,35
SHIPITEM01602,SHIP00541,PROD328,127
SHIPITEM01603,SHIP00541,PROD300,12
SHIPITEM01604,SHIP00541,PROD360,8
SHIPITEM01605,SHIP00541,PROD029,103
SHIPITEM01606,SHIP00542,PROD157,63
SHIPITEM01607,SHIP00542,PROD136,87
SHIPITEM01608,SHIP00543,PROD187,131
SHIPITEM01609,SHIP00543,PROD488,23
SHIPITEM01610,SHIP00543,PROD336,109
SHIPITEM01611,SHIP00544,PROD330,67
SHIPITEM01612,SHIP00544,PROD430,104
SHIPITEM01613,SHIP00544,PROD218,9
SHIPITEM01614,SHIP00544,PROD106,109
SHIPITEM01615,SHIP00545,PROD357,67
SHIPITEM01616,SHIP00545,PROD345,46
SHIPITEM01617,SHIP00545,PROD041,59
SHIPITEM01618,SHIP00546,PROD456,114
SHIPITEM01619,SHIP00546,PROD205,133
SHIPITEM01620,SHIP00546,PROD255,77
SHIPITEM01621,SHIP00546,PROD082,117
SHIPITEM01622,SHIP00547,PROD045,55
SHIPITEM01623,SHIP00547,PROD211,92
SHIPITEM01624,SHIP00547,PROD305,12
SHIPITEM01625,SHIP00547,PROD022,58
SHIPITEM01626,SHIP00548,PROD205,92
SHIPITEM01627,SHIP00548,PROD075,139
SHIPITEM01628,SHIP00548,PROD260,7
SHIPITEM01629,SHIP00548,PROD369,75
SHIPITEM01630,SHIP00549,PROD417,30
SHIPITEM01631,SHIP00549,PROD499,24
SHIPITEM01632,SHIP00550,PROD115,45
SHIPITEM01633,SHIP00550,PROD300,23
SHIPITEM01634,SHIP00551,PROD127,101
SHIPITEM01635,SHIP00551,PROD325,131
SHIPITEM01636,SHIP00552,PROD100,72
SHIPITEM01637,SHIP00552,PROD499,103
SHIPITEM01638,SHIP00552,PROD411,101
SHIPITEM01639,SHIP00553,PROD478,107
SHIPITEM01640,SHIP00553,PROD377,140
SHIPITEM01641,SHIP00554,PROD379,58
SHIPITEM01642,SHIP00554,PROD250,125
SHIPITEM01643,SHIP00555,PROD408,131
SHIPITEM01644,SHIP00556,PROD260,139
SHIPITEM01645,SHIP00556,PROD340,137
SHIPITEM01646,SHIP00556,PROD175,47
SHIPITEM01647,SHIP00556,PROD009,100
SHIPITEM01648,SHIP00557,PROD461,91
SHIPITEM01649,SHIP00558,PROD126,136
SHIPITEM01650,SHIP00558,PROD189,143
SHIPITEM01651,SHIP00559,PROD050,73
SHIPITEM01652,SHIP00559,PROD025,64
SHIPITEM01653,SHIP00559,PROD298,144
SHIPITEM01654,SHIP00560,PROD403,72
SHIPITEM01655,SHIP00560,PROD234,135
SHIPITEM01656,SHIP00560,PROD432,135
SHIPITEM01657,SHIP00560,PROD411,64
SHIPITEM01658,SHIP00561,PROD425,142
SHIPITEM01659,SHIP00561,PROD218,12
SHIPITEM01660,SHIP00561,PROD422,124
SHIPITEM01661,SHIP00561,PROD026,99
SHIPITEM01662,SHIP00562,PROD118,146
SHIPITEM01663,SHIP00562,PROD338,97
SHIPITEM01664,SHIP00562,PROD361,101
SHIPITEM01665,SHIP00563,PROD005,12
SHIPITEM01666,SHIP00564,PROD246,110
SHIPITEM01667,SHIP00564,PROD021,90
SHIPITEM01668,SHIP00564,PROD303,79
SHIPITEM01669,SHIP00564,PROD264,139
SHIPITEM01670,SHIP00564,PROD123,81
SHIPITEM01671,SHIP00565,PROD392,136
SHIPITEM01672,SHIP00566,PROD477,64
SHIPITEM01673,SHIP00566,PROD460,69
SHIPITEM01674,SHIP00566,PROD211,118
SHIPITEM01675,SHIP00567,PROD199,118
SHIPITEM01676,SHIP00567,PROD254,146
SHIPITEM01677,SHIP00567,PROD258,20
SHIPITEM01678,SHIP00567,PROD021,93
SHIPITEM01679,SHIP00567,PROD132,84
SHIPITEM01680,SHIP00568,PROD088,52
SHIPITEM01681,SHIP00568,PROD190,72
SHIPITEM01682,SHIP00568,PROD264,32
SHIPITEM01683,SHIP00569,PROD133,49
SHIPITEM01684,SHIP00569,PROD168,29
SHIPITEM01685,SHIP00570,PROD397,15
SHIPITEM01686,SHIP00570,PROD365,93
SHIPITEM01687,SHIP00571,PROD267,70
SHIPITEM01688,SHIP00571,PROD205,102
SHIPITEM01689,SHIP00571,PROD414,21
SHIPITEM01690,SHIP00571,PROD308,145
SHIPITEM01691,SHIP00571,PROD374,76
SHIPITEM01692,SHIP00572,PROD256,31
SHIPITEM01693,SHIP00572,PROD033,132
SHIPITEM01694,SHIP00572,PROD134,146
SHIPITEM01695,SHIP00573,PROD344,35
SHIPITEM01696,SHIP00574,PROD451,50
SHIPITEM01697,SHIP00574,PROD067,75
SHIPITEM01698,SHIP00574,PROD211,113
SHIPITEM01699,SHIP00575,PROD481,92
SHIPITEM01700,SHIP00576,PROD378,64
SHIPITEM01701,SHIP00576,PROD213,90
SHIPITEM01702,SHIP00576,PROD173,128
SHIPITEM01703,SHIP00576,PROD434,146
SHIPITEM01704,SHIP00577,PROD219,12
SHIPITEM01705,SHIP00578,PROD327,75
SHIPITEM01706,SHIP00578,PROD347,87
SHIPITEM01707,SHIP00578,PROD368,148
SHIPITEM01708,SHIP00578,PROD086,114
SHIPITEM01709,SHIP00579,PROD313,134
SHIPITEM01710,SHIP00579,PROD296,81
SHIPITEM01711,SHIP00579,PROD490,72
SHIPITEM01712,SHIP00580,PROD179,110
SHIPITEM01713,SHIP00580,PROD034,136
SHIPITEM01714,SHIP00580,PROD307,57
SHIPITEM01715,SHIP00581,PROD405,19
SHIPITEM01716,SHIP00581,PROD425,135
SHIPITEM01717,SHIP00581,PROD470,41
SHIPITEM01718,SHIP00581,PROD447,61
SHIPITEM01719,SHIP00581,PROD426,129
SHIPITEM01720,SHIP00581,PROD273,33
SHIPITEM01721,SHIP00582,PROD499,135
SHIPITEM01722,SHIP00582,PROD085,10
SHIPITEM01723,SHIP00582,PROD102,75
SHIPITEM01724,SHIP00582,PROD116,119
SHIPITEM01725,SHIP00583,PROD403,37
SHIPITEM01726,SHIP00583,PROD492,74
SHIPITEM01727,SHIP00583,PROD094,53
SHIPITEM01728,SHIP00584,PROD492,30
SHIPITEM01729,SHIP00584,PROD277,31
SHIPITEM01730,SHIP00584,PROD381,114
SHIPITEM01731,SHIP00585,PROD315,119
SHIPITEM01732,SHIP00585,PROD430,21
SHIPITEM01733,SHIP00585,PROD382,133
SHIPITEM01734,SHIP00586,PROD465,35
SHIPITEM01735,SHIP00586,PROD227,103
SHIPITEM01736,SHIP00586,PROD239,56
SHIPITEM01737,SHIP00586,PROD428,34
SHIPITEM01738,SHIP00587,PROD026,123
SHIPITEM01739,SHIP00587,PROD305,135
SHIPITEM01740,SHIP00587,PROD407,105
SHIPITEM01741,SHIP00587,PROD206,33
SHIPITEM01742,SHIP00587,PROD073,28
SHIPITEM01743,SHIP00588,PROD085,76
SHIPITEM01744,SHIP00588,PROD286,73
SHIPITEM01745,SHIP00588,PROD119,14
SHIPITEM01746,SHIP00588,PROD352,38
SHIPITEM01747,SHIP00589,PROD263,147
SHIPITEM01748,SHIP00589,PROD455,143
SHIPITEM01749,SHIP00589,PROD463,150
SHIPITEM01750,SHIP00589,PROD116,123
SHIPITEM01751,SHIP00589,PROD171,77
SHIPITEM01752,SHIP00589,PROD339,59
SHIPITEM01753,SHIP00590,PROD261,145
SHIPITEM01754,SHIP00590,PROD407,79
SHIPITEM01755,SHIP00590,PROD162,45
SHIPITEM01756,SHIP00591,PROD186,50
SHIPITEM01757,SHIP00591,PROD322,133
SHIPITEM01758,SHIP00591,PROD129,131
SHIPITEM01759,SHIP00591,PROD473,104
SHIPITEM01760,SHIP00592,PROD232,63
SHIPITEM01761,SHIP00592,PROD162,138
SHIPITEM01762,SHIP00593,PROD160,59
SHIPITEM01763,SHIP00593,PROD497,38
SHIPITEM01764,SHIP00593,PROD176,83
SHIPITEM01765,SHIP00593,PROD331,27
SHIPITEM01766,SHIP00594,PROD455,130
SHIPITEM01767,SHIP00594,PROD104,57
SHIPITEM01768,SHIP00595,PROD156,18
SHIPITEM01769,SHIP00595,PROD430,138
SHIPITEM01770,SHIP00596,PROD147,20
SHIPITEM01771,SHIP00596,PROD288,42
SHIPITEM01772,SHIP00596,PROD293,11
SHIPITEM01773,SHIP00596,PROD493,138
SHIPITEM01774,SHIP00597,PROD183,32
SHIPITEM01775,SHIP00597,PROD313,37
SHIPITEM01776,SHIP00598,PROD419,70
SHIPITEM01777,SHIP00598,PROD475,75
SHIPITEM01778,SHIP00599,PROD484,47
SHIPITEM01779,SHIP00599,PROD222,8
SHIPITEM01780,SHIP00599,PROD041,85
SHIPITEM01781,SHIP00600,PROD015,17
SHIPITEM01782,SHIP00600,PROD019,101
SHIPITEM01783,SHIP00600,PROD062,45
SHIPITEM01784,SHIP00601,PROD464,37
SHIPITEM01785,SHIP00601,PROD034,43
SHIPITEM01786,SHIP00601,PROD322,95
SHIPITEM01787,SHIP00601,PROD341,108
SHIPITEM01788,SHIP00601,PROD403,44
SHIPITEM01789,SHIP00602,PROD410,44
SHIPITEM01790,SHIP00602,PROD079,14
SHIPITEM01791,SHIP00603,PROD188,112
SHIPITEM01792,SHIP00603,PROD470,131
SHIPITEM01793,SHIP00603,PROD213,18
SHIPITEM01794,SHIP00603,PROD452,53
SHIPITEM01795,SHIP00604,PROD035,149
SHIPITEM01796,SHIP00604,PROD423,100
SHIPITEM01797,SHIP00604,PROD027,98
SHIPITEM01798,SHIP00605,PROD466,140
SHIPITEM01799,SHIP00605,PROD260,38
SHIPITEM01800,SHIP00606,PROD131,126
SHIPITEM01801,SHIP00606,PROD353,23
SHIPITEM01802,SHIP00606,PROD106,147
SHIPITEM01803,SHIP00606,PROD235,94
SHIPITEM01804,SHIP00606,PROD048,108
SHIPITEM01805,SHIP00606,PROD500,32
SHIPITEM01806,SHIP00606,PROD053,21
SHIPITEM01807,SHIP00607,PROD257,148
SHIPITEM01808,SHIP00608,PROD046,97
SHIPITEM01809,SHIP00609,PROD323,57
SHIPITEM01810,SHIP00609,PROD463,124
SHIPITEM01811,SHIP00609,PROD220,137
SHIPITEM01812,SHIP00609,PROD072,73
SHIPITEM01813,SHIP00609,PROD121,19
SHIPITEM01814,SHIP00610,PROD187,127
SHIPITEM01815,SHIP00611,PROD390,32
SHIPITEM01816,SHIP00612,PROD463,22
SHIPITEM01817,SHIP00612,PROD250,79
SHIPITEM01818,SHIP00612,PROD362,16
SHIPITEM01819,SHIP00612,PROD402,116
SHIPITEM01820,SHIP00613,PROD174,118
SHIPITEM01821,SHIP00613,PROD412,6
SHIPITEM01822,SHIP00613,PROD303,143
SHIPITEM01823,SHIP00613,PROD020,111
SHIPITEM01824,SHIP00613,PROD415,21
SHIPITEM01825,SHIP00613,PROD029,82
SHIPITEM01826,SHIP00613,PROD100,113
SHIPITEM01827,SHIP00613,PROD462,57
SHIPITEM01828,SHIP00614,PROD441,49
SHIPITEM01829,SHIP00614,PROD236,60
SHIPITEM01830,SHIP00614,PROD325,125
SHIPITEM01831,SHIP00614,PROD151,134
SHIPITEM01832,SHIP00615,PROD462,75
SHIPITEM01833,SHIP00615,PROD122,125
SHIPITEM01834,SHIP00615,PROD057,6
SHIPITEM01835,SHIP00615,PROD371,28
SHIPITEM01836,SHIP00615,PROD445,42
SHIPITEM01837,SHIP00616,PROD463,37
SHIPITEM01838,SHIP00616,PROD362,108
SHIPITEM01839,SHIP00616,PROD360,104
SHIPITEM01840,SHIP00616,PROD465,46
SHIPITEM01841,SHIP00616,PROD081,64
SHIPITEM01842,SHIP00617,PROD149,41
SHIPITEM01843,SHIP00618,PROD224,133
SHIPITEM01844,SHIP00618,PROD118,105
SHIPITEM01845,SHIP00618,PROD016,38
SHIPITEM01846,SHIP00618,PROD076,133
SHIPITEM01847,SHIP00619,PROD062,138
SHIPITEM01848,SHIP00619,PROD302,144
SHIPITEM01849,SHIP00619,PROD201,89
SHIPITEM01850,SHIP00619,PROD353,54
SHIPITEM01851,SHIP00620,PROD179,114
SHIPITEM01852,SHIP00620,PROD475,68
SHIPITEM01853,SHIP00620,PROD259,132
SHIPITEM01854,SHIP00620,PROD096,77
SHIPITEM01855,SHIP00621,PROD272,81
SHIPITEM01856,SHIP00621,PROD462,89
SHIPITEM01857,SHIP00621,PROD073,36
SHIPITEM01858,SHIP00622,PROD371,150
SHIPITEM01859,SHIP00622,PROD111,35
SHIPITEM01860,SHIP00622,PROD110,130
SHIPITEM01861,SHIP00623,PROD266,62
SHIPITEM01862,SHIP00623,PROD081,51
SHIPITEM01863,SHIP00623,PROD330,122
SHIPITEM01864,SHIP00624,PROD242,100
SHIPITEM01865,SHIP00624,PROD026,86
SHIPITEM01866,SHIP00625,PROD475,129
SHIPITEM01867,SHIP00625,PROD172,87
SHIPITEM01868,SHIP00625,PROD353,95
SHIPITEM01869,SHIP00625,PROD153,54
SHIPITEM01870,SHIP00626,PROD216,15
SHIPITEM01871,SHIP00626,PROD428,127
SHIPITEM01872,SHIP00627,PROD329,35
SHIPITEM01873,SHIP00627,PROD154,76
SHIPITEM01874,SHIP00628,PROD242,146
SHIPITEM01875,SHIP00628,PROD419,122
SHIPITEM01876,SHIP00629,PROD183,7
SHIPITEM01877,SHIP00629,PROD379,5
SHIPITEM01878,SHIP00629,PROD105,75
SHIPITEM01879,SHIP00629,PROD353,85
SHIPITEM01880,SHIP00629,PROD196,82
SHIPITEM01881,SHIP00630,PROD255,99
SHIPITEM01882,SHIP00630,PROD442,63
SHIPITEM01883,SHIP00631,PROD463,93
SHIPITEM01884,SHIP00631,PROD204,56
SHIPITEM01885,SHIP00632,PROD292,35
SHIPITEM01886,SHIP00632,PROD487,46
SHIPITEM01887,SHIP00632,PROD244,45
SHIPITEM01888,SHIP00633,PROD149,66
SHIPITEM01889,SHIP00633,PROD333,111
SHIPITEM01890,SHIP00633,PROD455,46
SHIPITEM01891,SHIP00633,PROD327,16
SHIPITEM01892,SHIP00634,PROD368,65
SHIPITEM01893,SHIP00634,PROD413,84
SHIPITEM01894,SHIP00634,PROD262,18
SHIPITEM01895,SHIP00634,PROD192,39
SHIPITEM01896,SHIP00635,PROD473,125
SHIPITEM01897,SHIP00635,PROD295,10
SHIPITEM01898,SHIP00635,PROD182,116
SHIPITEM01899,SHIP00635,PROD121,71
SHIPITEM01900,SHIP00635,PROD260,13
SHIPITEM01901,SHIP00636,PROD284,105
SHIPITEM01902,SHIP00636,PROD295,132
SHIPITEM01903,SHIP00637,PROD464,37
SHIPITEM01904,SHIP00637,PROD252,72
SHIPITEM01905,SHIP00637,PROD195,106
SHIPITEM01906,SHIP00637,PROD312,22
SHIPITEM01907,SHIP00638,PROD308,67
SHIPITEM01908,SHIP00639,PROD342,129
SHIPITEM01909,SHIP00639,PROD154,77
SHIPITEM01910,SHIP00640,PROD053,8
SHIPITEM01911,SHIP00640,PROD171,109
SHIPITEM01912,SHIP00640,PROD300,20
SHIPITEM01913,SHIP00640,PROD140,67
SHIPITEM01914,SHIP00641,PROD006,97
SHIPITEM01915,SHIP00641,PROD457,15
SHIPITEM01916,SHIP00641,PROD198,19
SHIPITEM01917,SHIP00641,PROD039,30
SHIPITEM01918,SHIP00641,PROD010,129
SHIPITEM01919,SHIP00641,PROD337,31
SHIPITEM01920,SHIP00642,PROD226,29
SHIPITEM01921,SHIP00642,PROD077,123
SHIPITEM01922,SHIP00642,PROD285,128
SHIPITEM01923,SHIP00642,PROD454,72
SHIPITEM01924,SHIP00643,PROD160,118
SHIPITEM01925,SHIP00643,PROD243,98
SHIPITEM01926,SHIP00644,PROD378,79
SHIPITEM01927,SHIP00644,PROD440,87
SHIPITEM01928,SHIP00645,PROD154,59
SHIPITEM01929,SHIP00646,PROD067,123
SHIPITEM01930,SHIP00646,PROD267,5
SHIPITEM01931,SHIP00646,PROD274,15
SHIPITEM01932,SHIP00646,PROD121,121
SHIPITEM01933,SHIP00646,PROD198,69
SHIPITEM01934,SHIP00646,PROD433,31
SHIPITEM01935,SHIP00647,PROD283,146
SHIPITEM01936,SHIP00647,PROD402,130
SHIPITEM01937,SHIP00647,PROD071,95
SHIPITEM01938,SHIP00648,PROD278,122
SHIPITEM01939,SHIP00648,PROD280,52
SHIPITEM01940,SHIP00649,PROD352,126
SHIPITEM01941,SHIP00649,PROD225,145
SHIPITEM01942,SHIP00649,PROD175,109
SHIPITEM01943,SHIP00649,PROD356,29
SHIPITEM01944,SHIP00649,PROD474,102
SHIPITEM01945,SHIP00649,PROD178,86
SHIPITEM01946,SHIP00650,PROD410,6
SHIPITEM01947,SHIP00650,PROD101,14
SHIPITEM01948,SHIP00650,PROD428,57
SHIPITEM01949,SHIP00651,PROD150,50
SHIPITEM01950,SHIP00651,PROD206,10
SHIPITEM01951,SHIP00652,PROD316,133
SHIPITEM01952,SHIP00653,PROD322,26
SHIPITEM01953,SHIP00653,PROD157,12
SHIPITEM01954,SHIP00653,PROD366,51
SHIPITEM01955,SHIP00654,PROD207,6
SHIPITEM01956,SHIP00654,PROD104,50
SHIPITEM01957,SHIP00654,PROD370,116
SHIPITEM01958,SHIP00654,PROD385,84
SHIPITEM01959,SHIP00654,PROD262,44
SHIPITEM01960,SHIP00655,PROD119,32
SHIPITEM01961,SHIP00655,PROD039,46
SHIPITEM01962,SHIP00655,PROD178,48
SHIPITEM01963,SHIP00656,PROD359,52
SHIPITEM01964,SHIP00656,PROD402,93
SHIPITEM01965,SHIP00656,PROD227,124
SHIPITEM01966,SHIP00656,PROD237,140
SHIPITEM01967,SHIP00656,PROD090,55
SHIPITEM01968,SHIP00657,PROD055,88
SHIPITEM01969,SHIP00657,PROD066,61
SHIPITEM01970,SHIP00657,PROD114,43
SHIPITEM01971,SHIP00657,PROD009,88
SHIPITEM01972,SHIP00658,PROD326,143
SHIPITEM01973,SHIP00658,PROD046,32
SHIPITEM01974,SHIP00659,PROD246,139
SHIPITEM01975,SHIP00659,PROD109,148
SHIPITEM01976,SHIP00659,PROD269,20
SHIPITEM01977,SHIP00660,PROD045,55
SHIPITEM01978,SHIP00660,PROD070,111
SHIPITEM01979,SHIP00660,PROD136,94
SHIPITEM01980,SHIP00660,PROD321,37
SHIPITEM01981,SHIP00661,PROD017,50
SHIPITEM01982,SHIP00661,PROD227,17
SHIPITEM01983,SHIP00661,PROD411,94
SHIPITEM01984,SHIP00661,PROD328,18
SHIPITEM01985,SHIP00661,PROD140,13
SHIPITEM01986,SHIP00661,PROD171,25
SHIPITEM01987,SHIP00662,PROD165,135
SHIPITEM01988,SHIP00662,PROD259,100
SHIPITEM01989,SHIP00662,PROD015,36
SHIPITEM01990,SHIP00663,PROD012,32
SHIPITEM01991,SHIP00663,PROD341,47
SHIPITEM01992,SHIP00663,PROD359,46
SHIPITEM01993,SHIP00663,PROD156,92
SHIPITEM01994,SHIP00664,PROD464,121
SHIPITEM01995,SHIP00664,PROD258,89
SHIPITEM01996,SHIP00665,PROD240,15
SHIPITEM01997,SHIP00666,PROD127,7
SHIPITEM01998,SHIP00666,PROD286,117
SHIPITEM01999,SHIP00667,PROD489,32
SHIPITEM02000,SHIP00667,PROD124,28
SHIPITEM02001,SHIP00667,PROD253,13
SHIPITEM02002,SHIP00667,PROD467,75
SHIPITEM02003,SHIP00667,PROD458,99
SHIPITEM02004,SHIP00668,PROD361,133
SHIPITEM02005,SHIP00668,PROD276,35
SHIPITEM02006,SHIP00669,PROD022,149
SHIPITEM02007,SHIP00670,PROD371,66
SHIPITEM02008,SHIP00671,PROD240,111
SHIPITEM02009,SHIP00671,PROD172,52
SHIPITEM02010,SHIP00671,PROD449,82
SHIPITEM02011,SHIP00671,PROD117,126
SHIPITEM02012,SHIP00672,PROD094,63
SHIPITEM02013,SHIP00672,PROD392,54
SHIPITEM02014,SHIP00673,PROD173,22
SHIPITEM02015,SHIP00673,PROD007,128
SHIPITEM02016,SHIP00673,PROD413,145
SHIPITEM02017,SHIP00673,PROD397,54
SHIPITEM02018,SHIP00674,PROD194,74
SHIPITEM02019,SHIP00674,PROD477,13
SHIPITEM02020,SHIP00675,PROD482,23
SHIPITEM02021,SHIP00675,PROD170,30
SHIPITEM02022,SHIP00675,PROD260,144
SHIPITEM02023,SHIP00675,PROD283,100
SHIPITEM02024,SHIP00676,PROD012,120
SHIPITEM02025,SHIP00676,PROD227,97
SHIPITEM02026,SHIP00676,PROD432,125
SHIPITEM02027,SHIP00677,PROD467,23
SHIPITEM02028,SHIP00677,PROD237,19
SHIPITEM02029,SHIP00678,PROD485,68
SHIPITEM02030,SHIP00678,PROD018,10
SHIPITEM02031,SHIP00678,PROD146,126
SHIPITEM02032,SHIP00678,PROD089,57
SHIPITEM02033,SHIP00678,PROD399,94
SHIPITEM02034,SHIP00678,PROD390,64
SHIPITEM02035,SHIP00678,PROD017,148
SHIPITEM02036,SHIP00679,PROD165,124
SHIPITEM02037,SHIP00679,PROD319,142
SHIPITEM02038,SHIP00679,PROD425,10
SHIPITEM02039,SHIP00679,PROD491,7
SHIPITEM02040,SHIP00680,PROD456,114
SHIPITEM02041,SHIP00680,PROD060,5
SHIPITEM02042,SHIP00680,PROD471,20
SHIPITEM02043,SHIP00681,PROD366,124
SHIPITEM02044,SHIP00682,PROD495,81
SHIPITEM02045,SHIP00682,PROD269,83
SHIPITEM02046,SHIP00682,PROD051,65
SHIPITEM02047,SHIP00682,PROD133,72
SHIPITEM02048,SHIP00683,PROD205,60
SHIPITEM02049,SHIP00683,PROD090,93
SHIPITEM02050,SHIP00683,PROD213,29
SHIPITEM02051,SHIP00684,PROD366,64
SHIPITEM02052,SHIP00684,PROD423,53
SHIPITEM02053,SHIP00684,PROD117,76
SHIPITEM02054,SHIP00684,PROD274,82
SHIPITEM02055,SHIP00684,PROD451,25
SHIPITEM02056,SHIP00685,PROD380,123
SHIPITEM02057,SHIP00685,PROD433,123
SHIPITEM02058,SHIP00685,PROD436,125
SHIPITEM02059,SHIP00685,PROD317,121
SHIPITEM02060,SHIP00685,PROD082,27
SHIPITEM02061,SHIP00686,PROD494,110
SHIPITEM02062,SHIP00686,PROD424,35
SHIPITEM02063,SHIP00686,PROD332,105
SHIPITEM02064,SHIP00687,PROD060,131
SHIPITEM02065,SHIP00687,PROD125,133
SHIPITEM02066,SHIP00687,PROD421,118
SHIPITEM02067,SHIP00688,PROD338,139
SHIPITEM02068,SHIP00688,PROD311,47
SHIPITEM02069,SHIP00688,PROD403,66
SHIPITEM02070,SHIP00688,PROD237,19
SHIPITEM02071,SHIP00688,PROD341,19
SHIPITEM02072,SHIP00688,PROD363,120
SHIPITEM02073,SHIP00689,PROD153,18
SHIPITEM02074,SHIP00689,PROD025,6
SHIPITEM02075,SHIP00689,PROD418,111
SHIPITEM02076,SHIP00690,PROD300,74
SHIPITEM02077,SHIP00690,PROD395,109
SHIPITEM02078,SHIP00691,PROD172,111
SHIPITEM02079,SHIP00691,PROD453,137
SHIPITEM02080,SHIP00691,PROD469,150
SHIPITEM02081,SHIP00691,PROD444,11
SHIPITEM02082,SHIP00691,PROD001,51
SHIPITEM02083,SHIP00692,PROD081,121
SHIPITEM02084,SHIP00692,PROD442,55
SHIPITEM02085,SHIP00692,PROD259,122
SHIPITEM02086,SHIP00692,PROD267,148
SHIPITEM02087,SHIP00692,PROD394,72
SHIPITEM02088,SHIP00693,PROD453,11
SHIPITEM02089,SHIP00693,PROD059,49
SHIPITEM02090,SHIP00694,PROD398,131
SHIPITEM02091,SHIP00694,PROD486,119
SHIPITEM02092,SHIP00694,PROD054,39
SHIPITEM02093,SHIP00695,PROD226,63
SHIPITEM02094,SHIP00695,PROD390,13
SHIPITEM02095,SHIP00696,PROD415,54
SHIPITEM02096,SHIP00696,PROD431,19
SHIPITEM02097,SHIP00697,PROD064,114
SHIPITEM02098,SHIP00697,PROD435,77
SHIPITEM02099,SHIP00697,PROD433,119
SHIPITEM02100,SHIP00697,PROD270,10
SHIPITEM02101,SHIP00698,PROD088,26
SHIPITEM02102,SHIP00698,PROD105,68
SHIPITEM02103,SHIP00699,PROD139,35
SHIPITEM02104,SHIP00699,PROD430,93
SHIPITEM02105,SHIP00699,PROD251,101
SHIPITEM02106,SHIP00700,PROD166,12
SHIPITEM02107,SHIP00700,PROD495,7
SHIPITEM02108,SHIP00701,PROD457,43
SHIPITEM02109,SHIP00701,PROD262,116
SHIPITEM02110,SHIP00702,PROD074,41
SHIPITEM02111,SHIP00702,PROD018,32
SHIPITEM02112,SHIP00703,PROD480,49
SHIPITEM02113,SHIP00704,PROD242,98
SHIPITEM02114,SHIP00704,PROD294,131
SHIPITEM02115,SHIP00705,PROD388,115
SHIPITEM02116,SHIP00705,PROD259,119
SHIPITEM02117,SHIP00706,PROD435,67
SHIPITEM02118,SHIP00706,PROD305,113
SHIPITEM02119,SHIP00706,PROD239,92
SHIPITEM02120,SHIP00707,PROD368,71
SHIPITEM02121,SHIP00707,PROD330,42
SHIPITEM02122,SHIP00708,PROD324,32
SHIPITEM02123,SHIP00708,PROD178,33
SHIPITEM02124,SHIP00709,PROD413,89
SHIPITEM02125,SHIP00709,PROD253,122
SHIPITEM02126,SHIP00709,PROD263,23
SHIPITEM02127,SHIP00709,PROD102,20
SHIPITEM02128,SHIP00709,PROD041,55
SHIPITEM02129,SHIP00709,PROD117,109
SHIPITEM02130,SHIP00710,PROD185,134
SHIPITEM02131,SHIP00710,PROD260,26
SHIPITEM02132,SHIP00711,PROD239,101
SHIPITEM02133,SHIP00712,PROD068,95
SHIPITEM02134,SHIP00713,PROD277,34
SHIPITEM02135,SHIP00713,PROD136,127
SHIPITEM02136,SHIP00713,PROD294,142
SHIPITEM02137,SHIP00713,PROD101,45
SHIPITEM02138,SHIP00714,PROD487,145
SHIPITEM02139,SHIP00714,PROD030,55
SHIPITEM02140,SHIP00715,PROD107,137
SHIPITEM02141,SHIP00715,PROD141,138
SHIPITEM02142,SHIP00715,PROD032,90
SHIPITEM02143,SHIP00715,PROD094,85
SHIPITEM02144,SHIP00716,PROD262,85
SHIPITEM02145,SHIP00716,PROD234,116
SHIPITEM02146,SHIP00716,PROD232,101
SHIPITEM02147,SHIP00716,PROD056,68
SHIPITEM02148,SHIP00716,PROD251,85
SHIPITEM02149,SHIP00717,PROD260,138
SHIPITEM02150,SHIP00717,PROD036,56
SHIPITEM02151,SHIP00717,PROD276,46
SHIPITEM02152,SHIP00717,PROD218,20
SHIPITEM02153,SHIP00718,PROD376,79
SHIPITEM02154,SHIP00718,PROD351,64
SHIPITEM02155,SHIP00718,PROD202,118
SHIPITEM02156,SHIP00718,PROD169,5
SHIPITEM02157,SHIP00718,PROD455,32
SHIPITEM02158,SHIP00719,PROD305,122
SHIPITEM02159,SHIP00719,PROD300,39
SHIPITEM02160,SHIP00719,PROD092,39
SHIPITEM02161,SHIP00719,PROD269,72
SHIPITEM02162,SHIP00720,PROD489,61
SHIPITEM02163,SHIP00720,PROD313,84
SHIPITEM02164,SHIP00720,PROD400,141
SHIPITEM02165,SHIP00720,PROD348,131
SHIPITEM02166,SHIP00721,PROD050,10
SHIPITEM02167,SHIP00721,PROD114,141
SHIPITEM02168,SHIP00721,PROD053,114
SHIPITEM02169,SHIP00722,PROD471,131
SHIPITEM02170,SHIP00722,PROD064,32
SHIPITEM02171,SHIP00722,PROD468,144
SHIPITEM02172,SHIP00722,PROD161,40
SHIPITEM02173,SHIP00722,PROD387,104
SHIPITEM02174,SHIP00723,PROD355,108
SHIPITEM02175,SHIP00723,PROD005,140
SHIPITEM02176,SHIP00724,PROD440,143
SHIPITEM02177,SHIP00724,PROD214,69
SHIPITEM02178,SHIP00724,PROD188,13
SHIPITEM02179,SHIP00725,PROD331,120
SHIPITEM02180,SHIP00725,PROD032,54
SHIPITEM02181,SHIP00725,PROD111,113
SHIPITEM02182,SHIP00725,PROD423,81
SHIPITEM02183,SHIP00725,PROD227,97
SHIPITEM02184,SHIP00725,PROD137,111
SHIPITEM02185,SHIP00726,PROD360,146
SHIPITEM02186,SHIP00726,PROD083,119
SHIPITEM02187,SHIP00726,PROD154,115
SHIPITEM02188,SHIP00727,PROD181,39
SHIPITEM02189,SHIP00727,PROD243,36
SHIPITEM02190,SHIP00727,PROD425,68
SHIPITEM02191,SHIP00727,PROD444,21
SHIPITEM02192,SHIP00728,PROD299,66
SHIPITEM02193,SHIP00728,PROD194,17
SHIPITEM02194,SHIP00728,PROD270,48
SHIPITEM02195,SHIP00729,PROD232,129
SHIPITEM02196,SHIP00729,PROD222,50
SHIPITEM02197,SHIP00730,PROD489,24
SHIPITEM02198,SHIP00730,PROD044,60
SHIPITEM02199,SHIP00730,PROD395,98
SHIPITEM02200,SHIP00731,PROD209,137
SHIPITEM02201,SHIP00731,PROD212,78
SHIPITEM02202,SHIP00732,PROD254,126
SHIPITEM02203,SHIP00732,PROD287,128
SHIPITEM02204,SHIP00732,PROD106,76
SHIPITEM02205,SHIP00732,PROD219,80
SHIPITEM02206,SHIP00733,PROD232,89
SHIPITEM02207,SHIP00733,PROD059,98
SHIPITEM02208,SHIP00733,PROD487,74
SHIPITEM02209,SHIP00734,PROD130,45
SHIPITEM02210,SHIP00734,PROD244,121
SHIPITEM02211,SHIP00735,PROD471,49
SHIPITEM02212,SHIP00735,PROD375,144
SHIPITEM02213,SHIP00736,PROD047,78
SHIPITEM02214,SHIP00736,PROD198,74
SHIPITEM02215,SHIP00736,PROD300,84
SHIPITEM02216,SHIP00736,PROD303,52
SHIPITEM02217,SHIP00736,PROD499,148
SHIPITEM02218,SHIP00737,PROD140,15
SHIPITEM02219,SHIP00737,PROD253,7
SHIPITEM02220,SHIP00738,PROD482,74
SHIPITEM02221,SHIP00739,PROD019,117
SHIPITEM02222,SHIP00740,PROD285,148
SHIPITEM02223,SHIP00740,PROD022,51
SHIPITEM02224,SHIP00740,PROD275,74
SHIPITEM02225,SHIP00740,PROD023,41
SHIPITEM02226,SHIP00740,PROD195,67
SHIPITEM02227,SHIP00741,PROD225,86
SHIPITEM02228,SHIP00741,PROD201,55
SHIPITEM02229,SHIP00741,PROD356,37
SHIPITEM02230,SHIP00741,PROD247,150
SHIPITEM02231,SHIP00741,PROD496,150
SHIPITEM02232,SHIP00742,PROD246,97
SHIPITEM02233,SHIP00742,PROD360,133
SHIPITEM02234,SHIP00742,PROD175,140
SHIPITEM02235,SHIP00742,PROD311,81
SHIPITEM02236,SHIP00742,PROD294,34
SHIPITEM02237,SHIP00742,PROD027,84
SHIPITEM02238,SHIP00743,PROD350,34
SHIPITEM02239,SHIP00743,PROD469,22
SHIPITEM02240,SHIP00743,PROD454,140
SHIPITEM02241,SHIP00744,PROD139,16
SHIPITEM02242,SHIP00744,PROD206,9
SHIPITEM02243,SHIP00744,PROD232,113
SHIPITEM02244,SHIP00745,PROD277,72
SHIPITEM02245,SHIP00746,PROD390,132
SHIPITEM02246,SHIP00746,PROD354,6
SHIPITEM02247,SHIP00746,PROD203,117
SHIPITEM02248,SHIP00746,PROD126,48
SHIPITEM02249,SHIP00747,PROD066,107
SHIPITEM02250,SHIP00747,PROD071,68
SHIPITEM02251,SHIP00747,PROD202,83
SHIPITEM02252,SHIP00747,PROD034,16
SHIPITEM02253,SHIP00748,PROD260,10
SHIPITEM02254,SHIP00748,PROD499,33
SHIPITEM02255,SHIP00748,PROD168,126
SHIPITEM02256,SHIP00749,PROD358,23
SHIPITEM02257,SHIP00749,PROD005,121
SHIPITEM02258,SHIP00750,PROD341,88
SHIPITEM02259,SHIP00750,PROD122,120
SHIPITEM02260,SHIP00751,PROD491,129
SHIPITEM02261,SHIP00751,PROD242,11
SHIPITEM02262,SHIP00751,PROD483,24
SHIPITEM02263,SHIP00752,PROD100,138
SHIPITEM02264,SHIP00752,PROD492,131
SHIPITEM02265,SHIP00753,PROD431,48
SHIPITEM02266,SHIP00753,PROD301,36
SHIPITEM02267,SHIP00754,PROD345,36
SHIPITEM02268,SHIP00755,PROD143,16
SHIPITEM02269,SHIP00755,PROD457,19
SHIPITEM02270,SHIP00755,PROD335,131
SHIPITEM02271,SHIP00756,PROD085,69
SHIPITEM02272,SHIP00756,PROD275,59
SHIPITEM02273,SHIP00756,PROD462,47
SHIPITEM02274,SHIP00757,PROD022,59
SHIPITEM02275,SHIP00757,PROD491,86
SHIPITEM02276,SHIP00757,PROD373,101
SHIPITEM02277,SHIP00758,PROD141,78
SHIPITEM02278,SHIP00758,PROD464,128
SHIPITEM02279,SHIP00758,PROD075,49
SHIPITEM02280,SHIP00759,PROD478,68
SHIPITEM02281,SHIP00759,PROD246,67
SHIPITEM02282,SHIP00759,PROD077,61
SHIPITEM02283,SHIP00759,PROD257,83
SHIPITEM02284,SHIP00760,PROD396,60
SHIPITEM02285,SHIP00760,PROD454,51
SHIPITEM02286,SHIP00760,PROD474,39
SHIPITEM02287,SHIP00761,PROD052,95
SHIPITEM02288,SHIP00761,PROD256,140
SHIPITEM02289,SHIP00761,PROD334,59
SHIPITEM02290,SHIP00762,PROD113,134
SHIPITEM02291,SHIP00762,PROD013,26
SHIPITEM02292,SHIP00762,PROD320,136
SHIPITEM02293,SHIP00762,PROD417,26
SHIPITEM02294,SHIP00762,PROD413,41
SHIPITEM02295,SHIP00763,PROD057,116
SHIPITEM02296,SHIP00763,PROD416,62
SHIPITEM02297,SHIP00763,PROD436,96
SHIPITEM02298,SHIP00763,PROD088,131
SHIPITEM02299,SHIP00764,PROD261,43
SHIPITEM02300,SHIP00764,PROD117,12
SHIPITEM02301,SHIP00765,PROD394,14
SHIPITEM02302,SHIP00765,PROD135,11
SHIPITEM02303,SHIP00765,PROD317,50
SHIPITEM02304,SHIP00765,PROD281,64
SHIPITEM02305,SHIP00766,PROD426,74
SHIPITEM02306,SHIP00766,PROD043,84
SHIPITEM02307,SHIP00766,PROD142,77
SHIPITEM02308,SHIP00766,PROD481,74
SHIPITEM02309,SHIP00766,PROD179,83
SHIPITEM02310,SHIP00766,PROD176,41
SHIPITEM02311,SHIP00767,PROD251,148
SHIPITEM02312,SHIP00767,PROD076,53
SHIPITEM02313,SHIP00767,PROD220,46
SHIPITEM02314,SHIP00768,PROD110,129
SHIPITEM02315,SHIP00768,PROD104,95
SHIPITEM02316,SHIP00769,PROD324,61
SHIPITEM02317,SHIP00769,PROD435,131
SHIPITEM02318,SHIP00769,PROD421,143
SHIPITEM02319,SHIP00769,PROD444,92
SHIPITEM02320,SHIP00770,PROD462,32
SHIPITEM02321,SHIP00770,PROD040,104
SHIPITEM02322,SHIP00771,PROD130,101
SHIPITEM02323,SHIP00771,PROD178,118
SHIPITEM02324,SHIP00771,PROD481,95
SHIPITEM02325,SHIP00771,PROD196,118
SHIPITEM02326,SHIP00772,PROD048,97
SHIPITEM02327,SHIP00773,PROD466,62
SHIPITEM02328,SHIP00773,PROD118,64
SHIPITEM02329,SHIP00773,PROD405,98
SHIPITEM02330,SHIP00774,PROD009,146
SHIPITEM02331,SHIP00774,PROD063,83
SHIPITEM02332,SHIP00774,PROD106,33
SHIPITEM02333,SHIP00774,PROD172,19
SHIPITEM02334,SHIP00775,PROD040,117
SHIPITEM02335,SHIP00775,PROD459,54
SHIPITEM02336,SHIP00775,PROD120,40
SHIPITEM02337,SHIP00776,PROD017,121
SHIPITEM02338,SHIP00776,PROD043,63
SHIPITEM02339,SHIP00776,PROD500,143
SHIPITEM02340,SHIP00776,PROD483,49
SHIPITEM02341,SHIP00777,PROD497,106
SHIPITEM02342,SHIP00777,PROD021,142
SHIPITEM02343,SHIP00777,PROD493,105
SHIPITEM02344,SHIP00777,PROD410,147
SHIPITEM02345,SHIP00778,PROD118,110
SHIPITEM02346,SHIP00778,PROD001,77
SHIPITEM02347,SHIP00778,PROD385,144
SHIPITEM02348,SHIP00778,PROD247,143
SHIPITEM02349,SHIP00778,PROD009,109
SHIPITEM02350,SHIP00779,PROD313,120
SHIPITEM02351,SHIP00779,PROD261,85
SHIPITEM02352,SHIP00779,PROD438,114
SHIPITEM02353,SHIP00780,PROD320,25
SHIPITEM02354,SHIP00780,PROD292,27
SHIPITEM02355,SHIP00780,PROD390,9
SHIPITEM02356,SHIP00780,PROD170,37
SHIPITEM02357,SHIP00781,PROD333,139
SHIPITEM02358,SHIP00781,PROD107,53
SHIPITEM02359,SHIP00782,PROD075,99
SHIPITEM02360,SHIP00782,PROD479,53
SHIPITEM02361,SHIP00782,PROD227,37
SHIPITEM02362,SHIP00783,PROD435,53
SHIPITEM02363,SHIP00783,PROD257,37
SHIPITEM02364,SHIP00783,PROD382,19
SHIPITEM02365,SHIP00783,PROD203,25
SHIPITEM02366,SHIP00784,PROD429,55
SHIPITEM02367,SHIP00784,PROD166,56
SHIPITEM02368,SHIP00784,PROD400,48
SHIPITEM02369,SHIP00785,PROD037,147
SHIPITEM02370,SHIP00785,PROD423,101
SHIPITEM02371,SHIP00785,PROD051,102
SHIPITEM02372,SHIP00785,PROD339,84
SHIPITEM02373,SHIP00786,PROD174,103
SHIPITEM02374,SHIP00786,PROD048,80
SHIPITEM02375,SHIP00787,PROD409,42
SHIPITEM02376,SHIP00787,PROD171,54
SHIPITEM02377,SHIP00787,PROD310,111
SHIPITEM02378,SHIP00787,PROD448,100
SHIPITEM02379,SHIP00788,PROD078,9
SHIPITEM02380,SHIP00788,PROD222,18
SHIPITEM02381,SHIP00789,PROD002,52
SHIPITEM02382,SHIP00789,PROD102,46
SHIPITEM02383,SHIP00790,PROD259,141
SHIPITEM02384,SHIP00790,PROD396,83
SHIPITEM02385,SHIP00790,PROD441,53
SHIPITEM02386,SHIP00791,PROD137,35
SHIPITEM02387,SHIP00791,PROD318,10
SHIPITEM02388,SHIP00791,PROD236,98
SHIPITEM02389,SHIP00791,PROD126,59
SHIPITEM02390,SHIP00792,PROD052,46
SHIPITEM02391,SHIP00793,PROD140,133
SHIPITEM02392,SHIP00793,PROD083,42
SHIPITEM02393,SHIP00794,PROD018,10
SHIPITEM02394,SHIP00794,PROD392,130
SHIPITEM02395,SHIP00794,PROD044,42
SHIPITEM02396,SHIP00795,PROD324,141
SHIPITEM02397,SHIP00795,PROD486,48
SHIPITEM02398,SHIP00795,PROD106,22
SHIPITEM02399,SHIP00795,PROD365,37
SHIPITEM02400,SHIP00796,PROD050,111
SHIPITEM02401,SHIP00796,PROD496,17
SHIPITEM02402,SHIP00796,PROD186,130
SHIPITEM02403,SHIP00796,PROD388,136
SHIPITEM02404,SHIP00796,PROD051,82
SHIPITEM02405,SHIP00796,PROD003,149
SHIPITEM02406,SHIP00797,PROD328,13
SHIPITEM02407,SHIP00797,PROD080,117
SHIPITEM02408,SHIP00798,PROD208,114
SHIPITEM02409,SHIP00799,PROD026,84
SHIPITEM02410,SHIP00799,PROD309,90
SHIPITEM02411,SHIP00800,PROD069,59
SHIPITEM02412,SHIP00801,PROD243,128
SHIPITEM02413,SHIP00801,PROD041,50
SHIPITEM02414,SHIP00801,PROD133,93
SHIPITEM02415,SHIP00802,PROD079,63
SHIPITEM02416,SHIP00802,PROD101,37
SHIPITEM02417,SHIP00803,PROD298,84
SHIPITEM02418,SHIP00803,PROD340,71
SHIPITEM02419,SHIP00803,PROD140,136
SHIPITEM02420,SHIP00803,PROD465,61
SHIPITEM02421,SHIP00804,PROD298,59
SHIPITEM02422,SHIP00804,PROD450,111
SHIPITEM02423,SHIP00804,PROD436,7
SHIPITEM02424,SHIP00805,PROD224,103
SHIPITEM02425,SHIP00805,PROD366,62
SHIPITEM02426,SHIP00805,PROD263,12
SHIPITEM02427,SHIP00805,PROD243,129
SHIPITEM02428,SHIP00805,PROD485,56
SHIPITEM02429,SHIP00806,PROD191,71
SHIPITEM02430,SHIP00806,PROD280,140
SHIPITEM02431,SHIP00807,PROD228,31
SHIPITEM02432,SHIP00807,PROD423,59
SHIPITEM02433,SHIP00807,PROD017,136
SHIPITEM02434,SHIP00808,PROD074,87
SHIPITEM02435,SHIP00808,PROD292,118
SHIPITEM02436,SHIP00809,PROD107,64
SHIPITEM02437,SHIP00809,PROD478,91
SHIPITEM02438,SHIP00810,PROD443,38
SHIPITEM02439,SHIP00810,PROD073,63
SHIPITEM02440,SHIP00810,PROD337,79
SHIPITEM02441,SHIP00811,PROD155,24
SHIPITEM02442,SHIP00812,PROD073,54
SHIPITEM02443,SHIP00813,PROD402,120
SHIPITEM02444,SHIP00813,PROD173,112
SHIPITEM02445,SHIP00813,PROD387,8
SHIPITEM02446,SHIP00813,PROD225,108
SHIPITEM02447,SHIP00814,PROD064,71
SHIPITEM02448,SHIP00814,PROD249,65
SHIPITEM02449,SHIP00815,PROD160,142
SHIPITEM02450,SHIP00815,PROD121,136
SHIPITEM02451,SHIP00815,PROD316,149
SHIPITEM02452,SHIP00816,PROD128,30
SHIPITEM02453,SHIP00817,PROD222,43
SHIPITEM02454,SHIP00817,PROD485,105
SHIPITEM02455,SHIP00817,PROD265,147
SHIPITEM02456,SHIP00817,PROD006,126
SHIPITEM02457,SHIP00817,PROD393,79
SHIPITEM02458,SHIP00818,PROD321,113
SHIPITEM02459,SHIP00818,PROD053,114
SHIPITEM02460,SHIP00818,PROD229,34
SHIPITEM02461,SHIP00819,PROD283,121
SHIPITEM02462,SHIP00819,PROD167,101
SHIPITEM02463,SHIP00819,PROD403,113
SHIPITEM02464,SHIP00819,PROD354,82
SHIPITEM02465,SHIP00820,PROD189,15
SHIPITEM02466,SHIP00820,PROD307,51
SHIPITEM02467,SHIP00820,PROD347,145
SHIPITEM02468,SHIP00820,PROD457,45
SHIPITEM02469,SHIP00820,PROD327,126
SHIPITEM02470,SHIP00821,PROD315,76
SHIPITEM02471,SHIP00821,PROD500,144
SHIPITEM02472,SHIP00821,PROD386,51
SHIPITEM02473,SHIP00822,PROD195,80
SHIPITEM02474,SHIP00822,PROD125,80
SHIPITEM02475,SHIP00823,PROD021,32
SHIPITEM02476,SHIP00823,PROD025,54
SHIPITEM02477,SHIP00824,PROD186,138
SHIPITEM02478,SHIP00824,PROD475,24
SHIPITEM02479,SHIP00824,PROD461,65
SHIPITEM02480,SHIP00824,PROD443,129
SHIPITEM02481,SHIP00824,PROD082,38
SHIPITEM02482,SHIP00825,PROD215,85
SHIPITEM02483,SHIP00825,PROD383,45
SHIPITEM02484,SHIP00825,PROD188,22
SHIPITEM02485,SHIP00825,PROD117,131
SHIPITEM02486,SHIP00826,PROD435,39
SHIPITEM02487,SHIP00826,PROD423,101
SHIPITEM02488,SHIP00826,PROD244,131
SHIPITEM02489,SHIP00827,PROD414,17
SHIPITEM02490,SHIP00827,PROD436,54
SHIPITEM02491,SHIP00827,PROD025,14
SHIPITEM02492,SHIP00827,PROD075,73
SHIPITEM02493,SHIP00828,PROD290,12
SHIPITEM02494,SHIP00828,PROD431,28
SHIPITEM02495,SHIP00828,PROD010,38
SHIPITEM02496,SHIP00829,PROD093,144
SHIPITEM02497,SHIP00829,PROD127,84
SHIPITEM02498,SHIP00829,PROD258,20
SHIPITEM02499,SHIP00830,PROD174,114
SHIPITEM02500,SHIP00830,PROD006,46
SHIPITEM02501,SHIP00831,PROD197,141
SHIPITEM02502,SHIP00831,PROD103,98
SHIPITEM02503,SHIP00831,PROD037,77
SHIPITEM02504,SHIP00831,PROD306,75
SHIPITEM02505,SHIP00832,PROD231,102
SHIPITEM02506,SHIP00832,PROD457,74
SHIPITEM02507,SHIP00832,PROD374,115
SHIPITEM02508,SHIP00833,PROD446,112
SHIPITEM02509,SHIP00833,PROD500,87
SHIPITEM02510,SHIP00833,PROD397,21
SHIPITEM02511,SHIP00834,PROD164,69
SHIPITEM02512,SHIP00834,PROD446,126
SHIPITEM02513,SHIP00834,PROD445,55
SHIPITEM02514,SHIP00835,PROD333,21
SHIPITEM02515,SHIP00836,PROD121,120
SHIPITEM02516,SHIP00836,PROD285,117
SHIPITEM02517,SHIP00837,PROD409,6
SHIPITEM02518,SHIP00837,PROD031,150
SHIPITEM02519,SHIP00837,PROD393,140
SHIPITEM02520,SHIP00837,PROD014,92
SHIPITEM02521,SHIP00838,PROD327,92
SHIPITEM02522,SHIP00838,PROD306,126
SHIPITEM02523,SHIP00838,PROD106,107
SHIPITEM02524,SHIP00839,PROD060,81
SHIPITEM02525,SHIP00839,PROD096,54
SHIPITEM02526,SHIP00839,PROD100,59
SHIPITEM02527,SHIP00839,PROD455,115
SHIPITEM02528,SHIP00839,PROD166,16
SHIPITEM02529,SHIP00840,PROD253,19
SHIPITEM02530,SHIP00840,PROD212,38
SHIPITEM02531,SHIP00841,PROD229,106
SHIPITEM02532,SHIP00841,PROD127,112
SHIPITEM02533,SHIP00841,PROD241,142
SHIPITEM02534,SHIP00841,PROD122,16
SHIPITEM02535,SHIP00842,PROD227,116
SHIPITEM02536,SHIP00843,PROD138,103
SHIPITEM02537,SHIP00843,PROD460,115
SHIPITEM02538,SHIP00844,PROD389,65
SHIPITEM02539,SHIP00845,PROD294,22
SHIPITEM02540,SHIP00845,PROD097,104
SHIPITEM02541,SHIP00845,PROD141,26
SHIPITEM02542,SHIP00845,PROD138,98
SHIPITEM02543,SHIP00845,PROD314,16
SHIPITEM02544,SHIP00845,PROD364,52
SHIPITEM02545,SHIP00846,PROD288,111
SHIPITEM02546,SHIP00846,PROD452,49
SHIPITEM02547,SHIP00846,PROD078,40
SHIPITEM02548,SHIP00847,PROD455,32
SHIPITEM02549,SHIP00847,PROD156,71
SHIPITEM02550,SHIP00848,PROD325,14
SHIPITEM02551,SHIP00848,PROD488,116
SHIPITEM02552,SHIP00849,PROD137,8
SHIPITEM02553,SHIP00850,PROD467,111
SHIPITEM02554,SHIP00851,PROD128,79
SHIPITEM02555,SHIP00851,PROD194,87
SHIPITEM02556,SHIP00851,PROD103,49
SHIPITEM02557,SHIP00852,PROD092,70
SHIPITEM02558,SHIP00852,PROD380,76
SHIPITEM02559,SHIP00852,PROD389,73
SHIPITEM02560,SHIP00852,PROD198,100
SHIPITEM02561,SHIP00853,PROD300,111
SHIPITEM02562,SHIP00853,PROD499,29
SHIPITEM02563,SHIP00853,PROD140,89
SHIPITEM02564,SHIP00854,PROD283,88
SHIPITEM02565,SHIP00854,PROD059,32
SHIPITEM02566,SHIP00855,PROD385,69
SHIPITEM02567,SHIP00855,PROD010,29
SHIPITEM02568,SHIP00855,PROD323,117
SHIPITEM02569,SHIP00855,PROD250,12
SHIPITEM02570,SHIP00855,PROD354,113
SHIPITEM02571,SHIP00856,PROD072,117
SHIPITEM02572,SHIP00856,PROD177,20
SHIPITEM02573,SHIP00857,PROD370,72
SHIPITEM02574,SHIP00857,PROD085,145
SHIPITEM02575,SHIP00857,PROD487,117
SHIPITEM02576,SHIP00857,PROD076,22
SHIPITEM02577,SHIP00858,PROD179,89
SHIPITEM02578,SHIP00858,PROD312,13
SHIPITEM02579,SHIP00858,PROD201,9
SHIPITEM02580,SHIP00859,PROD432,150
SHIPITEM02581,SHIP00859,PROD058,120
SHIPITEM02582,SHIP00859,PROD348,119
SHIPITEM02583,SHIP00860,PROD408,84
SHIPITEM02584,SHIP00860,PROD331,147
SHIPITEM02585,SHIP00860,PROD228,109
SHIPITEM02586,SHIP00860,PROD004,12
SHIPITEM02587,SHIP00861,PROD073,110
SHIPITEM02588,SHIP00861,PROD159,39
SHIPITEM02589,SHIP00861,PROD224,90
SHIPITEM02590,SHIP00862,PROD073,22
SHIPITEM02591,SHIP00862,PROD434,113
SHIPITEM02592,SHIP00862,PROD191,39
SHIPITEM02593,SHIP00863,PROD196,75
SHIPITEM02594,SHIP00863,PROD465,50
SHIPITEM02595,SHIP00863,PROD056,43
SHIPITEM02596,SHIP00863,PROD403,139
SHIPITEM02597,SHIP00864,PROD147,36
SHIPITEM02598,SHIP00864,PROD197,58
SHIPITEM02599,SHIP00864,PROD301,113
SHIPITEM02600,SHIP00864,PROD250,140
SHIPITEM02601,SHIP00864,PROD267,23
SHIPITEM02602,SHIP00864,PROD177,75
SHIPITEM02603,SHIP00865,PROD141,101
SHIPITEM02604,SHIP00865,PROD137,64
SHIPITEM02605,SHIP00865,PROD376,91
SHIPITEM02606,SHIP00866,PROD382,39
SHIPITEM02607,SHIP00866,PROD327,120
SHIPITEM02608,SHIP00867,PROD229,73
SHIPITEM02609,SHIP00867,PROD053,36
SHIPITEM02610,SHIP00868,PROD021,138
SHIPITEM02611,SHIP00868,PROD500,133
SHIPITEM02612,SHIP00868,PROD178,133
SHIPITEM02613,SHIP00869,PROD325,48
SHIPITEM02614,SHIP00869,PROD324,101
SHIPITEM02615,SHIP00869,PROD370,58
SHIPITEM02616,SHIP00869,PROD475,28
SHIPITEM02617,SHIP00870,PROD131,136
SHIPITEM02618,SHIP00870,PROD218,22
SHIPITEM02619,SHIP00870,PROD015,135
SHIPITEM02620,SHIP00870,PROD239,45
SHIPITEM02621,SHIP00871,PROD491,65
SHIPITEM02622,SHIP00871,PROD302,144
SHIPITEM02623,SHIP00871,PROD340,92
SHIPITEM02624,SHIP00872,PROD063,21
SHIPITEM02625,SHIP00873,PROD041,128
SHIPITEM02626,SHIP00873,PROD186,120
SHIPITEM02627,SHIP00873,PROD447,7
SHIPITEM02628,SHIP00873,PROD160,70
SHIPITEM02629,SHIP00874,PROD293,63
SHIPITEM02630,SHIP00874,PROD394,25
SHIPITEM02631,SHIP00874,PROD274,49
SHIPITEM02632,SHIP00874,PROD340,9
SHIPITEM02633,SHIP00874,PROD262,101
SHIPITEM02634,SHIP00875,PROD176,84
SHIPITEM02635,SHIP00876,PROD142,24
SHIPITEM02636,SHIP00876,PROD178,38
SHIPITEM02637,SHIP00876,PROD431,149
SHIPITEM02638,SHIP00876,PROD330,58
SHIPITEM02639,SHIP00877,PROD139,5
SHIPITEM02640,SHIP00877,PROD104,117
SHIPITEM02641,SHIP00877,PROD040,79
SHIPITEM02642,SHIP00878,PROD231,76
SHIPITEM02643,SHIP00878,PROD213,50
SHIPITEM02644,SHIP00879,PROD086,30
SHIPITEM02645,SHIP00879,PROD027,141
SHIPITEM02646,SHIP00879,PROD427,148
SHIPITEM02647,SHIP00880,PROD428,42
SHIPITEM02648,SHIP00880,PROD307,42
SHIPITEM02649,SHIP00880,PROD382,74
SHIPITEM02650,SHIP00880,PROD321,19
SHIPITEM02651,SHIP00880,PROD279,25
SHIPITEM02652,SHIP00880,PROD101,34
SHIPITEM02653,SHIP00881,PROD045,143
SHIPITEM02654,SHIP00881,PROD398,13
SHIPITEM02655,SHIP00881,PROD213,123
SHIPITEM02656,SHIP00882,PROD418,123
SHIPITEM02657,SHIP00882,PROD295,98
SHIPITEM02658,SHIP00883,PROD252,133
SHIPITEM02659,SHIP00883,PROD077,147
SHIPITEM02660,SHIP00883,PROD038,9
SHIPITEM02661,SHIP00884,PROD029,113
SHIPITEM02662,SHIP00884,PROD340,97
SHIPITEM02663,SHIP00884,PROD172,99
SHIPITEM02664,SHIP00885,PROD409,131
SHIPITEM02665,SHIP00885,PROD077,26
SHIPITEM02666,SHIP00885,PROD223,110
SHIPITEM02667,SHIP00886,PROD163,149
SHIPITEM02668,SHIP00886,PROD120,89
SHIPITEM02669,SHIP00886,PROD346,71
SHIPITEM02670,SHIP00887,PROD322,114
SHIPITEM02671,SHIP00887,PROD323,29
SHIPITEM02672,SHIP00887,PROD334,23
SHIPITEM02673,SHIP00888,PROD453,49
SHIPITEM02674,SHIP00888,PROD143,34
SHIPITEM02675,SHIP00888,PROD398,134
SHIPITEM02676,SHIP00889,PROD027,80
SHIPITEM02677,SHIP00889,PROD479,75
SHIPITEM02678,SHIP00889,PROD013,42
SHIPITEM02679,SHIP00890,PROD409,124
SHIPITEM02680,SHIP00890,PROD445,107
SHIPITEM02681,SHIP00890,PROD283,31
SHIPITEM02682,SHIP00890,PROD320,109
SHIPITEM02683,SHIP00891,PROD275,123
SHIPITEM02684,SHIP00891,PROD191,14
SHIPITEM02685,SHIP00892,PROD081,126
SHIPITEM02686,SHIP00892,PROD031,64
SHIPITEM02687,SHIP00892,PROD477,118
SHIPITEM02688,SHIP00893,PROD165,126
SHIPITEM02689,SHIP00893,PROD184,34
SHIPITEM02690,SHIP00893,PROD343,91
SHIPITEM02691,SHIP00893,PROD461,89
SHIPITEM02692,SHIP00894,PROD136,144
SHIPITEM02693,SHIP00894,PROD036,112
SHIPITEM02694,SHIP00894,PROD335,85
SHIPITEM02695,SHIP00894,PROD118,23
SHIPITEM02696,SHIP00895,PROD466,63
SHIPITEM02697,SHIP00895,PROD442,127
SHIPITEM02698,SHIP00895,PROD338,43
SHIPITEM02699,SHIP00895,PROD485,129
SHIPITEM02700,SHIP00896,PROD366,53
SHIPITEM02701,SHIP00896,PROD015,93
SHIPITEM02702,SHIP00896,PROD204,61
SHIPITEM02703,SHIP00896,PROD483,35
SHIPITEM02704,SHIP00897,PROD340,12
SHIPITEM02705,SHIP00897,PROD476,32
SHIPITEM02706,SHIP00897,PROD024,49
SHIPITEM02707,SHIP00898,PROD373,115
SHIPITEM02708,SHIP00898,PROD418,29
SHIPITEM02709,SHIP00898,PROD140,60
SHIPITEM02710,SHIP00898,PROD268,26
SHIPITEM02711,SHIP00898,PROD475,29
SHIPITEM02712,SHIP00899,PROD014,26
SHIPITEM02713,SHIP00899,PROD233,19
SHIPITEM02714,SHIP00899,PROD239,28
SHIPITEM02715,SHIP00900,PROD175,63
SHIPITEM02716,SHIP00900,PROD431,135
SHIPITEM02717,SHIP00901,PROD116,87
SHIPITEM02718,SHIP00901,PROD268,68
SHIPITEM02719,SHIP00901,PROD337,88
SHIPITEM02720,SHIP00901,PROD155,75
SHIPITEM02721,SHIP00902,PROD214,49
SHIPITEM02722,SHIP00902,PROD197,54
SHIPITEM02723,SHIP00903,PROD098,93
SHIPITEM02724,SHIP00903,PROD445,127
SHIPITEM02725,SHIP00903,PROD228,14
SHIPITEM02726,SHIP00903,PROD120,137
SHIPITEM02727,SHIP00903,PROD201,22
SHIPITEM02728,SHIP00903,PROD101,89
SHIPITEM02729,SHIP00903,PROD239,21
SHIPITEM02730,SHIP00904,PROD404,131
SHIPITEM02731,SHIP00904,PROD234,143
SHIPITEM02732,SHIP00905,PROD095,21
SHIPITEM02733,SHIP00905,PROD211,79
SHIPITEM02734,SHIP00906,PROD136,98
SHIPITEM02735,SHIP00906,PROD462,119
SHIPITEM02736,SHIP00906,PROD397,94
SHIPITEM02737,SHIP00906,PROD428,61
SHIPITEM02738,SHIP00906,PROD182,22
SHIPITEM02739,SHIP00906,PROD493,20
SHIPITEM02740,SHIP00907,PROD444,148
SHIPITEM02741,SHIP00907,PROD220,118
SHIPITEM02742,SHIP00908,PROD164,23
SHIPITEM02743,SHIP00908,PROD228,74
SHIPITEM02744,SHIP00908,PROD479,138
SHIPITEM02745,SHIP00909,PROD180,38
SHIPITEM02746,SHIP00910,PROD104,131
SHIPITEM02747,SHIP00910,PROD401,150
SHIPITEM02748,SHIP00911,PROD034,146
SHIPITEM02749,SHIP00911,PROD342,110
SHIPITEM02750,SHIP00911,PROD472,111
SHIPITEM02751,SHIP00911,PROD369,139
SHIPITEM02752,SHIP00911,PROD452,77
SHIPITEM02753,SHIP00911,PROD171,48
SHIPITEM02754,SHIP00912,PROD170,53
SHIPITEM02755,SHIP00912,PROD435,43
SHIPITEM02756,SHIP00912,PROD398,75
SHIPITEM02757,SHIP00912,PROD087,12
SHIPITEM02758,SHIP00912,PROD447,40
SHIPITEM02759,SHIP00912,PROD272,53
SHIPITEM02760,SHIP00913,PROD038,39
SHIPITEM02761,SHIP00914,PROD100,31
SHIPITEM02762,SHIP00914,PROD316,85
SHIPITEM02763,SHIP00914,PROD226,14
SHIPITEM02764,SHIP00915,PROD153,38
SHIPITEM02765,SHIP00915,PROD060,19
SHIPITEM02766,SHIP00915,PROD159,20
SHIPITEM02767,SHIP00915,PROD340,150
SHIPITEM02768,SHIP00916,PROD423,71
SHIPITEM02769,SHIP00916,PROD373,29
SHIPITEM02770,SHIP00917,PROD072,29
SHIPITEM02771,SHIP00917,PROD152,33
SHIPITEM02772,SHIP00917,PROD290,6
SHIPITEM02773,SHIP00917,PROD190,114
SHIPITEM02774,SHIP00918,PROD350,80
SHIPITEM02775,SHIP00918,PROD412,21
SHIPITEM02776,SHIP00918,PROD091,23
SHIPITEM02777,SHIP00919,PROD407,120
SHIPITEM02778,SHIP00919,PROD153,123
SHIPITEM02779,SHIP00919,PROD370,111
SHIPITEM02780,SHIP00919,PROD235,41
SHIPITEM02781,SHIP00919,PROD330,125
SHIPITEM02782,SHIP00919,PROD286,74
SHIPITEM02783,SHIP00919,PROD393,104
SHIPITEM02784,SHIP00920,PROD457,35
SHIPITEM02785,SHIP00920,PROD237,129
SHIPITEM02786,SHIP00920,PROD076,146
SHIPITEM02787,SHIP00921,PROD348,12
SHIPITEM02788,SHIP00921,PROD483,19
SHIPITEM02789,SHIP00921,PROD070,108
SHIPITEM02790,SHIP00921,PROD248,136
SHIPITEM02791,SHIP00922,PROD091,132
SHIPITEM02792,SHIP00922,PROD273,68
SHIPITEM02793,SHIP00923,PROD098,98
SHIPITEM02794,SHIP00924,PROD050,60
SHIPITEM02795,SHIP00924,PROD045,98
SHIPITEM02796,SHIP00924,PROD044,78
SHIPITEM02797,SHIP00924,PROD446,51
SHIPITEM02798,SHIP00925,PROD164,79
SHIPITEM02799,SHIP00925,PROD209,84
SHIPITEM02800,SHIP00925,PROD407,62
SHIPITEM02801,SHIP00925,PROD488,35
SHIPITEM02802,SHIP00925,PROD470,57
SHIPITEM02803,SHIP00926,PROD192,56
SHIPITEM02804,SHIP00926,PROD478,112
SHIPITEM02805,SHIP00926,PROD198,133
SHIPITEM02806,SHIP00926,PROD040,52
SHIPITEM02807,SHIP00927,PROD364,5
SHIPITEM02808,SHIP00927,PROD018,137
SHIPITEM02809,SHIP00927,PROD363,79
SHIPITEM02810,SHIP00927,PROD150,103
SHIPITEM02811,SHIP00927,PROD221,118
SHIPITEM02812,SHIP00928,PROD148,140
SHIPITEM02813,SHIP00928,PROD417,16
SHIPITEM02814,SHIP00928,PROD398,32
SHIPITEM02815,SHIP00929,PROD248,129
SHIPITEM02816,SHIP00929,PROD053,10
SHIPITEM02817,SHIP00929,PROD401,143
SHIPITEM02818,SHIP00929,PROD478,70
SHIPITEM02819,SHIP00930,PROD232,96
SHIPITEM02820,SHIP00930,PROD357,46
SHIPITEM02821,SHIP00930,PROD055,131
SHIPITEM02822,SHIP00930,PROD038,87
SHIPITEM02823,SHIP00931,PROD218,66
SHIPITEM02824,SHIP00931,PROD043,52
SHIPITEM02825,SHIP00931,PROD436,14
SHIPITEM02826,SHIP00932,PROD397,48
SHIPITEM02827,SHIP00932,PROD084,54
SHIPITEM02828,SHIP00932,PROD430,104
SHIPITEM02829,SHIP00933,PROD432,121
SHIPITEM02830,SHIP00933,PROD365,149
SHIPITEM02831,SHIP00934,PROD054,126
SHIPITEM02832,SHIP00934,PROD405,63
SHIPITEM02833,SHIP00934,PROD043,112
SHIPITEM02834,SHIP00934,PROD109,104
SHIPITEM02835,SHIP00934,PROD014,28
SHIPITEM02836,SHIP00935,PROD208,122
SHIPITEM02837,SHIP00936,PROD490,117
SHIPITEM02838,SHIP00936,PROD493,139
SHIPITEM02839,SHIP00936,PROD221,22
SHIPITEM02840,SHIP00936,PROD403,102
SHIPITEM02841,SHIP00936,PROD498,49
SHIPITEM02842,SHIP00937,PROD139,144
SHIPITEM02843,SHIP00937,PROD033,49
SHIPITEM02844,SHIP00937,PROD222,109
SHIPITEM02845,SHIP00938,PROD022,60
SHIPITEM02846,SHIP00938,PROD028,46
SHIPITEM02847,SHIP00938,PROD228,33
SHIPITEM02848,SHIP00939,PROD372,95
SHIPITEM02849,SHIP00939,PROD473,36
SHIPITEM02850,SHIP00939,PROD072,118
SHIPITEM02851,SHIP00939,PROD044,9
SHIPITEM02852,SHIP00939,PROD416,108
SHIPITEM02853,SHIP00940,PROD408,114
SHIPITEM02854,SHIP00941,PROD318,71
SHIPITEM02855,SHIP00941,PROD077,41
SHIPITEM02856,SHIP00941,PROD284,115
SHIPITEM02857,SHIP00942,PROD257,143
SHIPITEM02858,SHIP00942,PROD433,94
SHIPITEM02859,SHIP00942,PROD144,33
SHIPITEM02860,SHIP00942,PROD005,37
SHIPITEM02861,SHIP00942,PROD166,9
SHIPITEM02862,SHIP00942,PROD154,109
SHIPITEM02863,SHIP00943,PROD419,68
SHIPITEM02864,SHIP00943,PROD244,125
SHIPITEM02865,SHIP00943,PROD449,8
SHIPITEM02866,SHIP00944,PROD436,133
SHIPITEM02867,SHIP00944,PROD499,121
SHIPITEM02868,SHIP00944,PROD429,128
SHIPITEM02869,SHIP00945,PROD332,131
SHIPITEM02870,SHIP00945,PROD440,147
SHIPITEM02871,SHIP00945,PROD492,30
SHIPITEM02872,SHIP00945,PROD312,42
SHIPITEM02873,SHIP00945,PROD382,96
SHIPITEM02874,SHIP00945,PROD432,134
SHIPITEM02875,SHIP00945,PROD065,64
SHIPITEM02876,SHIP00946,PROD289,59
SHIPITEM02877,SHIP00946,PROD040,112
SHIPITEM02878,SHIP00946,PROD303,133
SHIPITEM02879,SHIP00946,PROD252,112
SHIPITEM02880,SHIP00946,PROD455,73
SHIPITEM02881,SHIP00947,PROD466,39
SHIPITEM02882,SHIP00947,PROD374,105
SHIPITEM02883,SHIP00948,PROD034,43
SHIPITEM02884,SHIP00948,PROD371,127
SHIPITEM02885,SHIP00948,PROD070,129
SHIPITEM02886,SHIP00948,PROD271,85
SHIPITEM02887,SHIP00949,PROD311,148
SHIPITEM02888,SHIP00949,PROD291,59
SHIPITEM02889,SHIP00949,PROD409,130
SHIPITEM02890,SHIP00950,PROD481,112
SHIPITEM02891,SHIP00950,PROD411,83
SHIPITEM02892,SHIP00950,PROD081,46
SHIPITEM02893,SHIP00951,PROD109,27
SHIPITEM02894,SHIP00951,PROD015,72
SHIPITEM02895,SHIP00952,PROD338,73
SHIPITEM02896,SHIP00952,PROD071,66
SHIPITEM02897,SHIP00952,PROD249,77
SHIPITEM02898,SHIP00952,PROD346,14
SHIPITEM02899,SHIP00952,PROD315,122
SHIPITEM02900,SHIP00953,PROD393,116
SHIPITEM02901,SHIP00953,PROD372,71
SHIPITEM02902,SHIP00953,PROD249,128
SHIPITEM02903,SHIP00953,PROD206,140
SHIPITEM02904,SHIP00954,PROD223,85
SHIPITEM02905,SHIP00954,PROD015,103
SHIPITEM02906,SHIP00955,PROD041,107
SHIPITEM02907,SHIP00955,PROD363,107
SHIPITEM02908,SHIP00955,PROD012,105
SHIPITEM02909,SHIP00956,PROD360,131
SHIPITEM02910,SHIP00957,PROD104,95
SHIPITEM02911,SHIP00958,PROD027,71
SHIPITEM02912,SHIP00958,PROD039,138
SHIPITEM02913,SHIP00959,PROD453,98
SHIPITEM02914,SHIP00959,PROD220,5
SHIPITEM02915,SHIP00959,PROD321,57
SHIPITEM02916,SHIP00959,PROD174,107
SHIPITEM02917,SHIP00959,PROD444,60
SHIPITEM02918,SHIP00960,PROD117,80
SHIPITEM02919,SHIP00960,PROD244,58
SHIPITEM02920,SHIP00960,PROD166,44
SHIPITEM02921,SHIP00960,PROD012,52
SHIPITEM02922,SHIP00960,PROD172,112
SHIPITEM02923,SHIP00961,PROD141,104
SHIPITEM02924,SHIP00961,PROD460,51
SHIPITEM02925,SHIP00962,PROD265,57
SHIPITEM02926,SHIP00963,PROD384,96
SHIPITEM02927,SHIP00963,PROD133,139
SHIPITEM02928,SHIP00964,PROD074,125
SHIPITEM02929,SHIP00964,PROD110,21
SHIPITEM02930,SHIP00964,PROD385,16
SHIPITEM02931,SHIP00964,PROD010,89
SHIPITEM02932,SHIP00965,PROD231,83
SHIPITEM02933,SHIP00966,PROD313,10
SHIPITEM02934,SHIP00966,PROD163,142
SHIPITEM02935,SHIP00966,PROD345,131
SHIPITEM02936,SHIP00966,PROD068,74
SHIPITEM02937,SHIP00966,PROD147,30
SHIPITEM02938,SHIP00967,PROD233,111
SHIPITEM02939,SHIP00967,PROD170,71
SHIPITEM02940,SHIP00967,PROD252,83
SHIPITEM02941,SHIP00967,PROD498,101
SHIPITEM02942,SHIP00968,PROD050,35
SHIPITEM02943,SHIP00968,PROD156,150
SHIPITEM02944,SHIP00968,PROD285,105
SHIPITEM02945,SHIP00969,PROD457,77
SHIPITEM02946,SHIP00969,PROD032,55
SHIPITEM02947,SHIP00969,PROD440,107
SHIPITEM02948,SHIP00970,PROD303,114
SHIPITEM02949,SHIP00970,PROD039,17
SHIPITEM02950,SHIP00971,PROD219,89
SHIPITEM02951,SHIP00971,PROD349,113
SHIPITEM02952,SHIP00972,PROD216,101
SHIPITEM02953,SHIP00973,PROD374,29
SHIPITEM02954,SHIP00974,PROD034,15
SHIPITEM02955,SHIP00974,PROD435,142
SHIPITEM02956,SHIP00974,PROD155,104
SHIPITEM02957,SHIP00974,PROD268,97
SHIPITEM02958,SHIP00974,PROD347,147
SHIPITEM02959,SHIP00975,PROD078,34
SHIPITEM02960,SHIP00975,PROD337,24
SHIPITEM02961,SHIP00976,PROD238,127
SHIPITEM02962,SHIP00976,PROD385,75
SHIPITEM02963,SHIP00976,PROD186,28
SHIPITEM02964,SHIP00977,PROD220,8
SHIPITEM02965,SHIP00977,PROD249,69
SHIPITEM02966,SHIP00978,PROD037,21
SHIPITEM02967,SHIP00978,PROD276,63
SHIPITEM02968,SHIP00978,PROD199,18
SHIPITEM02969,SHIP00978,PROD290,70
SHIPITEM02970,SHIP00978,PROD152,14
SHIPITEM02971,SHIP00979,PROD366,64
SHIPITEM02972,SHIP00979,PROD375,86
SHIPITEM02973,SHIP00979,PROD267,88
SHIPITEM02974,SHIP00980,PROD240,60
SHIPITEM02975,SHIP00980,PROD017,26
SHIPITEM02976,SHIP00980,PROD301,26
SHIPITEM02977,SHIP00981,PROD172,90
SHIPITEM02978,SHIP00981,PROD403,63
SHIPITEM02979,SHIP00982,PROD148,113
SHIPITEM02980,SHIP00982,PROD062,111
SHIPITEM02981,SHIP00982,PROD085,108
SHIPITEM02982,SHIP00983,PROD288,110
SHIPITEM02983,SHIP00983,PROD458,16
SHIPITEM02984,SHIP00983,PROD168,5
SHIPITEM02985,SHIP00983,PROD201,43
SHIPITEM02986,SHIP00984,PROD036,35
SHIPITEM02987,SHIP00984,PROD427,38
SHIPITEM02988,SHIP00984,PROD040,12
SHIPITEM02989,SHIP00984,PROD367,28
SHIPITEM02990,SHIP00985,PROD442,99
SHIPITEM02991,SHIP00985,PROD437,70
SHIPITEM02992,SHIP00985,PROD172,43
SHIPITEM02993,SHIP00986,PROD455,28
SHIPITEM02994,SHIP00987,PROD470,39
SHIPITEM02995,SHIP00987,PROD184,138
SHIPITEM02996,SHIP00988,PROD222,135
SHIPITEM02997,SHIP00988,PROD260,10
SHIPITEM02998,SHIP00989,PROD363,87
SHIPITEM02999,SHIP00989,PROD350,44
SHIPITEM03000,SHIP00989,PROD130,102
SHIPITEM03001,SHIP00989,PROD476,12
SHIPITEM03002,SHIP00989,PROD320,90
SHIPITEM03003,SHIP00990,PROD426,103
SHIPITEM03004,SHIP00990,PROD151,75
SHIPITEM03005,SHIP00991,PROD418,148
SHIPITEM03006,SHIP00992,PROD040,147
SHIPITEM03007,SHIP00992,PROD156,141
SHIPITEM03008,SHIP00992,PROD135,108
SHIPITEM03009,SHIP00993,PROD017,49
SHIPITEM03010,SHIP00994,PROD176,149
SHIPITEM03011,SHIP00994,PROD387,119
SHIPITEM03012,SHIP00995,PROD178,130
SHIPITEM03013,SHIP00996,PROD072,79
SHIPITEM03014,SHIP00996,PROD269,77
SHIPITEM03015,SHIP00997,PROD329,143
SHIPITEM03016,SHIP00997,PROD017,27
SHIPITEM03017,SHIP00997,PROD364,28
SHIPITEM03018,SHIP00998,PROD092,68
SHIPITEM03019,SHIP00999,PROD100,28
SHIPITEM03020,SHIP00999,PROD196,88
SHIPITEM03021,SHIP01000,PROD254,42
SHIPITEM03022,SHIP01000,PROD133,36
SHIPITEM03023,SHIP01000,PROD322,43
SHIPITEM03024,SHIP01001,PROD399,103
SHIPITEM03025,SHIP01002,PROD433,88
SHIPITEM03026,SHIP01003,PROD403,40
SHIPITEM03027,SHIP01003,PROD458,53
SHIPITEM03028,SHIP01003,PROD170,77
SHIPITEM03029,SHIP01003,PROD198,132
SHIPITEM03030,SHIP01004,PROD316,21
SHIPITEM03031,SHIP01005,PROD262,100
SHIPITEM03032,SHIP01006,PROD173,145
SHIPITEM03033,SHIP01006,PROD062,12
SHIPITEM03034,SHIP01006,PROD309,85
SHIPITEM03035,SHIP01006,PROD372,20
SHIPITEM03036,SHIP01007,PROD200,108
SHIPITEM03037,SHIP01007,PROD430,39
SHIPITEM03038,SHIP01008,PROD120,29
SHIPITEM03039,SHIP01009,PROD240,66
SHIPITEM03040,SHIP01009,PROD416,63
SHIPITEM03041,SHIP01009,PROD018,5
SHIPITEM03042,SHIP01010,PROD248,112
SHIPITEM03043,SHIP01010,PROD474,112
SHIPITEM03044,SHIP01010,PROD246,146
SHIPITEM03045,SHIP01011,PROD003,27
SHIPITEM03046,SHIP01011,PROD218,19
SHIPITEM03047,SHIP01011,PROD481,135
SHIPITEM03048,SHIP01011,PROD151,18
SHIPITEM03049,SHIP01012,PROD241,149
SHIPITEM03050,SHIP01012,PROD336,116
SHIPITEM03051,SHIP01012,PROD080,131
SHIPITEM03052,SHIP01013,PROD180,119
SHIPITEM03053,SHIP01013,PROD060,14
SHIPITEM03054,SHIP01013,PROD175,56
SHIPITEM03055,SHIP01013,PROD433,71
SHIPITEM03056,SHIP01013,PROD324,56
SHIPITEM03057,SHIP01014,PROD414,24
SHIPITEM03058,SHIP01015,PROD321,131
SHIPITEM03059,SHIP01015,PROD487,15
SHIPITEM03060,SHIP01015,PROD176,90
SHIPITEM03061,SHIP01016,PROD408,76
SHIPITEM03062,SHIP01016,PROD158,67
SHIPITEM03063,SHIP01016,PROD429,129
SHIPITEM03064,SHIP01016,PROD304,77
SHIPITEM03065,SHIP01017,PROD206,91
SHIPITEM03066,SHIP01017,PROD461,58
SHIPITEM03067,SHIP01017,PROD286,149
SHIPITEM03068,SHIP01017,PROD491,52
SHIPITEM03069,SHIP01018,PROD479,64
SHIPITEM03070,SHIP01018,PROD299,69
SHIPITEM03071,SHIP01018,PROD334,25
SHIPITEM03072,SHIP01019,PROD183,30
SHIPITEM03073,SHIP01019,PROD215,107
SHIPITEM03074,SHIP01019,PROD138,95
SHIPITEM03075,SHIP01020,PROD362,11
SHIPITEM03076,SHIP01020,PROD117,93
SHIPITEM03077,SHIP01020,PROD426,80
SHIPITEM03078,SHIP01021,PROD218,75
SHIPITEM03079,SHIP01021,PROD190,135
SHIPITEM03080,SHIP01021,PROD052,41
SHIPITEM03081,SHIP01022,PROD234,91
SHIPITEM03082,SHIP01022,PROD073,109
SHIPITEM03083,SHIP01023,PROD127,42
SHIPITEM03084,SHIP01023,PROD019,44
SHIPITEM03085,SHIP01023,PROD032,76
SHIPITEM03086,SHIP01024,PROD243,99
SHIPITEM03087,SHIP01024,PROD061,95
SHIPITEM03088,SHIP01025,PROD058,79
SHIPITEM03089,SHIP01025,PROD363,45
SHIPITEM03090,SHIP01025,PROD248,21
SHIPITEM03091,SHIP01025,PROD407,31
SHIPITEM03092,SHIP01026,PROD082,65
SHIPITEM03093,SHIP01026,PROD420,112
SHIPITEM03094,SHIP01026,PROD222,6
SHIPITEM03095,SHIP01027,PROD098,99
SHIPITEM03096,SHIP01028,PROD409,150
SHIPITEM03097,SHIP01028,PROD124,142
SHIPITEM03098,SHIP01028,PROD323,114
SHIPITEM03099,SHIP01029,PROD171,62
SHIPITEM03100,SHIP01029,PROD305,7
SHIPITEM03101,SHIP01029,PROD152,125
SHIPITEM03102,SHIP01029,PROD052,96
SHIPITEM03103,SHIP01029,PROD073,101
SHIPITEM03104,SHIP01030,PROD239,106
SHIPITEM03105,SHIP01030,PROD486,69
SHIPITEM03106,SHIP01030,PROD370,44
SHIPITEM03107,SHIP01030,PROD251,39
SHIPITEM03108,SHIP01030,PROD019,98
SHIPITEM03109,SHIP01031,PROD223,55
SHIPITEM03110,SHIP01031,PROD015,33
SHIPITEM03111,SHIP01031,PROD489,44
SHIPITEM03112,SHIP01032,PROD136,54
SHIPITEM03113,SHIP01032,PROD068,143
SHIPITEM03114,SHIP01033,PROD030,40
SHIPITEM03115,SHIP01033,PROD126,127
SHIPITEM03116,SHIP01034,PROD222,44
SHIPITEM03117,SHIP01034,PROD129,98
SHIPITEM03118,SHIP01034,PROD094,99
SHIPITEM03119,SHIP01035,PROD038,51
SHIPITEM03120,SHIP01035,PROD462,7
SHIPITEM03121,SHIP01036,PROD055,137
SHIPITEM03122,SHIP01036,PROD151,103
SHIPITEM03123,SHIP01036,PROD346,46
SHIPITEM03124,SHIP01037,PROD429,134
SHIPITEM03125,SHIP01037,PROD097,78
SHIPITEM03126,SHIP01037,PROD068,87
SHIPITEM03127,SHIP01037,PROD327,54
SHIPITEM03128,SHIP01038,PROD293,116
SHIPITEM03129,SHIP01038,PROD379,116
SHIPITEM03130,SHIP01038,PROD064,19
SHIPITEM03131,SHIP01039,PROD445,12
SHIPITEM03132,SHIP01039,PROD393,147
SHIPITEM03133,SHIP01039,PROD413,62
SHIPITEM03134,SHIP01040,PROD034,42
SHIPITEM03135,SHIP01040,PROD241,24
SHIPITEM03136,SHIP01041,PROD442,124
SHIPITEM03137,SHIP01041,PROD136,77
SHIPITEM03138,SHIP01042,PROD163,46
SHIPITEM03139,SHIP01042,PROD130,37
SHIPITEM03140,SHIP01042,PROD352,46
SHIPITEM03141,SHIP01042,PROD128,111
SHIPITEM03142,SHIP01042,PROD329,81
SHIPITEM03143,SHIP01042,PROD047,52
SHIPITEM03144,SHIP01043,PROD325,96
SHIPITEM03145,SHIP01043,PROD158,13
SHIPITEM03146,SHIP01044,PROD460,76
SHIPITEM03147,SHIP01044,PROD107,87
SHIPITEM03148,SHIP01044,PROD156,51
SHIPITEM03149,SHIP01044,PROD247,53
SHIPITEM03150,SHIP01044,PROD218,43
SHIPITEM03151,SHIP01045,PROD331,51
SHIPITEM03152,SHIP01045,PROD152,45
SHIPITEM03153,SHIP01045,PROD398,110
SHIPITEM03154,SHIP01046,PROD281,93
SHIPITEM03155,SHIP01046,PROD131,36
SHIPITEM03156,SHIP01046,PROD124,78
SHIPITEM03157,SHIP01047,PROD200,92
SHIPITEM03158,SHIP01047,PROD021,63
SHIPITEM03159,SHIP01047,PROD166,133
SHIPITEM03160,SHIP01048,PROD278,91
SHIPITEM03161,SHIP01048,PROD257,30
SHIPITEM03162,SHIP01049,PROD389,20
SHIPITEM03163,SHIP01049,PROD468,61
SHIPITEM03164,SHIP01050,PROD478,94
SHIPITEM03165,SHIP01050,PROD130,147
SHIPITEM03166,SHIP01050,PROD141,90
SHIPITEM03167,SHIP01050,PROD382,59
SHIPITEM03168,SHIP01051,PROD386,22
SHIPITEM03169,SHIP01051,PROD443,62
SHIPITEM03170,SHIP01051,PROD408,18
SHIPITEM03171,SHIP01052,PROD378,52
SHIPITEM03172,SHIP01052,PROD429,31
SHIPITEM03173,SHIP01052,PROD471,114
SHIPITEM03174,SHIP01052,PROD042,30
SHIPITEM03175,SHIP01053,PROD072,28
SHIPITEM03176,SHIP01053,PROD183,121
SHIPITEM03177,SHIP01054,PROD016,137
SHIPITEM03178,SHIP01054,PROD076,68
SHIPITEM03179,SHIP01054,PROD407,60
SHIPITEM03180,SHIP01055,PROD073,29
SHIPITEM03181,SHIP01055,PROD335,5
SHIPITEM03182,SHIP01055,PROD257,19
SHIPITEM03183,SHIP01056,PROD281,142
SHIPITEM03184,SHIP01057,PROD131,75
SHIPITEM03185,SHIP01057,PROD268,67
SHIPITEM03186,SHIP01057,PROD150,147
SHIPITEM03187,SHIP01057,PROD019,18
SHIPITEM03188,SHIP01058,PROD211,24
SHIPITEM03189,SHIP01058,PROD170,85
SHIPITEM03190,SHIP01058,PROD266,58
SHIPITEM03191,SHIP01058,PROD489,68
SHIPITEM03192,SHIP01058,PROD336,101
SHIPITEM03193,SHIP01059,PROD124,58
SHIPITEM03194,SHIP01060,PROD179,150
SHIPITEM03195,SHIP01060,PROD137,84
SHIPITEM03196,SHIP01061,PROD008,81
SHIPITEM03197,SHIP01061,PROD186,138
SHIPITEM03198,SHIP01062,PROD462,27
SHIPITEM03199,SHIP01062,PROD109,109
SHIPITEM03200,SHIP01062,PROD077,52
SHIPITEM03201,SHIP01062,PROD189,19
SHIPITEM03202,SHIP01062,PROD238,128
SHIPITEM03203,SHIP01063,PROD066,98
SHIPITEM03204,SHIP01064,PROD309,42
SHIPITEM03205,SHIP01064,PROD314,120
SHIPITEM03206,SHIP01064,PROD334,39
SHIPITEM03207,SHIP01064,PROD208,92
SHIPITEM03208,SHIP01064,PROD214,13
SHIPITEM03209,SHIP01065,PROD020,77
SHIPITEM03210,SHIP01065,PROD007,16
SHIPITEM03211,SHIP01065,PROD437,126
SHIPITEM03212,SHIP01065,PROD282,98
SHIPITEM03213,SHIP01066,PROD067,84
SHIPITEM03214,SHIP01066,PROD075,136
SHIPITEM03215,SHIP01066,PROD246,87
SHIPITEM03216,SHIP01066,PROD066,62
SHIPITEM03217,SHIP01066,PROD348,21
SHIPITEM03218,SHIP01067,PROD242,128
SHIPITEM03219,SHIP01067,PROD259,57
SHIPITEM03220,SHIP01067,PROD422,74
SHIPITEM03221,SHIP01068,PROD203,108
SHIPITEM03222,SHIP01068,PROD467,117
SHIPITEM03223,SHIP01068,PROD246,121
SHIPITEM03224,SHIP01068,PROD356,8
SHIPITEM03225,SHIP01069,PROD419,126
SHIPITEM03226,SHIP01069,PROD098,41
SHIPITEM03227,SHIP01069,PROD227,147
SHIPITEM03228,SHIP01069,PROD290,15
SHIPITEM03229,SHIP01069,PROD208,56
SHIPITEM03230,SHIP01069,PROD480,109
SHIPITEM03231,SHIP01070,PROD296,99
SHIPITEM03232,SHIP01070,PROD129,13
SHIPITEM03233,SHIP01070,PROD351,27
SHIPITEM03234,SHIP01070,PROD207,52
SHIPITEM03235,SHIP01070,PROD380,54
SHIPITEM03236,SHIP01071,PROD101,74
SHIPITEM03237,SHIP01072,PROD474,83
SHIPITEM03238,SHIP01072,PROD278,17
SHIPITEM03239,SHIP01072,PROD113,116
SHIPITEM03240,SHIP01073,PROD347,84
SHIPITEM03241,SHIP01073,PROD119,84
SHIPITEM03242,SHIP01073,PROD203,23
SHIPITEM03243,SHIP01074,PROD251,80
SHIPITEM03244,SHIP01074,PROD226,91
SHIPITEM03245,SHIP01075,PROD257,102
SHIPITEM03246,SHIP01075,PROD275,136
SHIPITEM03247,SHIP01075,PROD117,6
SHIPITEM03248,SHIP01076,PROD469,20
SHIPITEM03249,SHIP01076,PROD361,54
SHIPITEM03250,SHIP01077,PROD146,126
SHIPITEM03251,SHIP01077,PROD150,95
SHIPITEM03252,SHIP01077,PROD371,95
SHIPITEM03253,SHIP01077,PROD270,38
SHIPITEM03254,SHIP01077,PROD392,90
SHIPITEM03255,SHIP01077,PROD445,63
SHIPITEM03256,SHIP01077,PROD034,21
SHIPITEM03257,SHIP01078,PROD071,87
SHIPITEM03258,SHIP01078,PROD469,12
SHIPITEM03259,SHIP01079,PROD279,124
SHIPITEM03260,SHIP01079,PROD295,56
SHIPITEM03261,SHIP01079,PROD353,126
SHIPITEM03262,SHIP01080,PROD494,19
SHIPITEM03263,SHIP01080,PROD266,55
SHIPITEM03264,SHIP01080,PROD243,68
SHIPITEM03265,SHIP01081,PROD174,133
SHIPITEM03266,SHIP01081,PROD448,58
SHIPITEM03267,SHIP01082,PROD362,93
SHIPITEM03268,SHIP01082,PROD444,139
SHIPITEM03269,SHIP01082,PROD320,114
SHIPITEM03270,SHIP01082,PROD065,124
SHIPITEM03271,SHIP01082,PROD262,74
SHIPITEM03272,SHIP01083,PROD150,140
SHIPITEM03273,SHIP01083,PROD258,138
SHIPITEM03274,SHIP01084,PROD281,34
SHIPITEM03275,SHIP01084,PROD352,117
SHIPITEM03276,SHIP01085,PROD480,15
SHIPITEM03277,SHIP01085,PROD438,80
SHIPITEM03278,SHIP01086,PROD412,8
SHIPITEM03279,SHIP01086,PROD262,104
SHIPITEM03280,SHIP01086,PROD265,93
SHIPITEM03281,SHIP01087,PROD300,119
SHIPITEM03282,SHIP01087,PROD063,56
SHIPITEM03283,SHIP01087,PROD454,8
SHIPITEM03284,SHIP01087,PROD394,119
SHIPITEM03285,SHIP01087,PROD142,69
SHIPITEM03286,SHIP01087,PROD084,105
SHIPITEM03287,SHIP01087,PROD290,145
SHIPITEM03288,SHIP01087,PROD209,104
SHIPITEM03289,SHIP01088,PROD200,24
SHIPITEM03290,SHIP01089,PROD354,30
SHIPITEM03291,SHIP01089,PROD388,48
SHIPITEM03292,SHIP01090,PROD318,125
SHIPITEM03293,SHIP01090,PROD063,113
SHIPITEM03294,SHIP01091,PROD457,61
SHIPITEM03295,SHIP01091,PROD313,21
SHIPITEM03296,SHIP01091,PROD283,109
SHIPITEM03297,SHIP01091,PROD261,42
SHIPITEM03298,SHIP01091,PROD067,128
SHIPITEM03299,SHIP01092,PROD490,97
SHIPITEM03300,SHIP01092,PROD329,111
SHIPITEM03301,SHIP01092,PROD061,37
SHIPITEM03302,SHIP01092,PROD268,65
SHIPITEM03303,SHIP01092,PROD479,65
SHIPITEM03304,SHIP01092,PROD390,57
SHIPITEM03305,SHIP01092,PROD412,141
SHIPITEM03306,SHIP01093,PROD206,50
SHIPITEM03307,SHIP01093,PROD256,17
SHIPITEM03308,SHIP01094,PROD158,130
SHIPITEM03309,SHIP01094,PROD329,20
SHIPITEM03310,SHIP01095,PROD372,96
SHIPITEM03311,SHIP01095,PROD314,27
SHIPITEM03312,SHIP01096,PROD188,13
SHIPITEM03313,SHIP01096,PROD076,7
SHIPITEM03314,SHIP01096,PROD481,55
SHIPITEM03315,SHIP01097,PROD011,98
SHIPITEM03316,SHIP01098,PROD101,38
SHIPITEM03317,SHIP01098,PROD298,44
SHIPITEM03318,SHIP01098,PROD350,111
SHIPITEM03319,SHIP01099,PROD028,64
SHIPITEM03320,SHIP01099,PROD255,132
SHIPITEM03321,SHIP01099,PROD259,21
SHIPITEM03322,SHIP01099,PROD439,109
SHIPITEM03323,SHIP01099,PROD386,71
SHIPITEM03324,SHIP01100,PROD374,42
SHIPITEM03325,SHIP01100,PROD207,95
SHIPITEM03326,SHIP01100,PROD052,130
SHIPITEM03327,SHIP01101,PROD085,53
SHIPITEM03328,SHIP01102,PROD216,55
SHIPITEM03329,SHIP01102,PROD015,18
SHIPITEM03330,SHIP01103,PROD348,100
SHIPITEM03331,SHIP01103,PROD387,108
SHIPITEM03332,SHIP01104,PROD150,48
SHIPITEM03333,SHIP01104,PROD464,29
SHIPITEM03334,SHIP01104,PROD012,94
SHIPITEM03335,SHIP01105,PROD008,77
SHIPITEM03336,SHIP01105,PROD414,19
SHIPITEM03337,SHIP01106,PROD239,130
SHIPITEM03338,SHIP01106,PROD457,144
SHIPITEM03339,SHIP01107,PROD128,61
SHIPITEM03340,SHIP01107,PROD126,75
SHIPITEM03341,SHIP01107,PROD068,100
SHIPITEM03342,SHIP01108,PROD376,26
SHIPITEM03343,SHIP01108,PROD106,127
SHIPITEM03344,SHIP01108,PROD343,132
SHIPITEM03345,SHIP01108,PROD338,137
SHIPITEM03346,SHIP01109,PROD058,45
SHIPITEM03347,SHIP01109,PROD374,126
SHIPITEM03348,SHIP01109,PROD141,111
SHIPITEM03349,SHIP01110,PROD426,113
SHIPITEM03350,SHIP01110,PROD012,43
SHIPITEM03351,SHIP01110,PROD245,22
SHIPITEM03352,SHIP01111,PROD112,40
SHIPITEM03353,SHIP01111,PROD443,21
SHIPITEM03354,SHIP01111,PROD161,77
SHIPITEM03355,SHIP01111,PROD029,52
SHIPITEM03356,SHIP01111,PROD348,26
SHIPITEM03357,SHIP01112,PROD437,22
SHIPITEM03358,SHIP01112,PROD135,16
SHIPITEM03359,SHIP01112,PROD449,104
SHIPITEM03360,SHIP01113,PROD096,70
SHIPITEM03361,SHIP01113,PROD004,21
SHIPITEM03362,SHIP01113,PROD013,37
SHIPITEM03363,SHIP01114,PROD193,83
SHIPITEM03364,SHIP01114,PROD050,109
SHIPITEM03365,SHIP01114,PROD306,90
SHIPITEM03366,SHIP01115,PROD078,135
SHIPITEM03367,SHIP01115,PROD112,125
SHIPITEM03368,SHIP01116,PROD486,62
SHIPITEM03369,SHIP01116,PROD094,48
SHIPITEM03370,SHIP01116,PROD321,67
SHIPITEM03371,SHIP01117,PROD430,146
SHIPITEM03372,SHIP01117,PROD013,150
SHIPITEM03373,SHIP01118,PROD182,21
SHIPITEM03374,SHIP01118,PROD355,132
SHIPITEM03375,SHIP01119,PROD274,28
SHIPITEM03376,SHIP01119,PROD438,45
SHIPITEM03377,SHIP01120,PROD136,68
SHIPITEM03378,SHIP01120,PROD287,5
SHIPITEM03379,SHIP01121,PROD105,31
SHIPITEM03380,SHIP01121,PROD007,108
SHIPITEM03381,SHIP01121,PROD389,28
SHIPITEM03382,SHIP01122,PROD395,22
SHIPITEM03383,SHIP01122,PROD483,31
SHIPITEM03384,SHIP01122,PROD387,51
SHIPITEM03385,SHIP01123,PROD063,6
SHIPITEM03386,SHIP01123,PROD026,113
SHIPITEM03387,SHIP01124,PROD293,125
SHIPITEM03388,SHIP01124,PROD399,73
SHIPITEM03389,SHIP01124,PROD467,112
SHIPITEM03390,SHIP01124,PROD200,125
SHIPITEM03391,SHIP01125,PROD293,116
SHIPITEM03392,SHIP01125,PROD401,64
SHIPITEM03393,SHIP01125,PROD100,60
SHIPITEM03394,SHIP01125,PROD054,82
SHIPITEM03395,SHIP01126,PROD160,12
SHIPITEM03396,SHIP01127,PROD043,118
SHIPITEM03397,SHIP01127,PROD252,32
SHIPITEM03398,SHIP01128,PROD295,69
SHIPITEM03399,SHIP01128,PROD354,65
SHIPITEM03400,SHIP01128,PROD193,44
SHIPITEM03401,SHIP01129,PROD198,64
SHIPITEM03402,SHIP01130,PROD472,112
SHIPITEM03403,SHIP01130,PROD273,5
SHIPITEM03404,SHIP01130,PROD305,55
SHIPITEM03405,SHIP01131,PROD104,43
SHIPITEM03406,SHIP01131,PROD129,115
SHIPITEM03407,SHIP01131,PROD101,45
SHIPITEM03408,SHIP01131,PROD027,9
SHIPITEM03409,SHIP01131,PROD307,77
SHIPITEM03410,SHIP01132,PROD413,93
SHIPITEM03411,SHIP01132,PROD467,42
SHIPITEM03412,SHIP01133,PROD057,138
SHIPITEM03413,SHIP01133,PROD026,118
SHIPITEM03414,SHIP01133,PROD035,66
SHIPITEM03415,SHIP01134,PROD146,30
SHIPITEM03416,SHIP01134,PROD405,92
SHIPITEM03417,SHIP01134,PROD245,46
SHIPITEM03418,SHIP01135,PROD470,107
SHIPITEM03419,SHIP01135,PROD311,126
SHIPITEM03420,SHIP01135,PROD359,64
SHIPITEM03421,SHIP01136,PROD199,150
SHIPITEM03422,SHIP01137,PROD484,135
SHIPITEM03423,SHIP01137,PROD277,99
SHIPITEM03424,SHIP01137,PROD397,141
SHIPITEM03425,SHIP01137,PROD398,69
SHIPITEM03426,SHIP01138,PROD043,10
SHIPITEM03427,SHIP01139,PROD322,119
SHIPITEM03428,SHIP01140,PROD497,137
SHIPITEM03429,SHIP01140,PROD489,116
SHIPITEM03430,SHIP01140,PROD388,123
SHIPITEM03431,SHIP01141,PROD032,78
SHIPITEM03432,SHIP01141,PROD048,43
SHIPITEM03433,SHIP01141,PROD169,39
SHIPITEM03434,SHIP01142,PROD318,99
SHIPITEM03435,SHIP01142,PROD492,100
SHIPITEM03436,SHIP01143,PROD454,17
SHIPITEM03437,SHIP01144,PROD399,145
SHIPITEM03438,SHIP01145,PROD284,67
SHIPITEM03439,SHIP01145,PROD296,144
SHIPITEM03440,SHIP01145,PROD222,50
SHIPITEM03441,SHIP01145,PROD140,13
SHIPITEM03442,SHIP01145,PROD113,31
SHIPITEM03443,SHIP01145,PROD161,143
SHIPITEM03444,SHIP01146,PROD041,73
SHIPITEM03445,SHIP01146,PROD084,69
SHIPITEM03446,SHIP01146,PROD448,24
SHIPITEM03447,SHIP01146,PROD402,22
SHIPITEM03448,SHIP01146,PROD293,99
SHIPITEM03449,SHIP01147,PROD077,103
SHIPITEM03450,SHIP01147,PROD360,107
SHIPITEM03451,SHIP01147,PROD253,50
SHIPITEM03452,SHIP01147,PROD372,18
SHIPITEM03453,SHIP01147,PROD029,109
SHIPITEM03454,SHIP01147,PROD413,43
SHIPITEM03455,SHIP01147,PROD228,132
SHIPITEM03456,SHIP01147,PROD100,37
SHIPITEM03457,SHIP01148,PROD477,114
SHIPITEM03458,SHIP01148,PROD007,125
SHIPITEM03459,SHIP01148,PROD423,71
SHIPITEM03460,SHIP01148,PROD291,98
SHIPITEM03461,SHIP01148,PROD298,8
SHIPITEM03462,SHIP01148,PROD489,121
SHIPITEM03463,SHIP01149,PROD080,96
SHIPITEM03464,SHIP01150,PROD414,90
SHIPITEM03465,SHIP01150,PROD187,118
SHIPITEM03466,SHIP01151,PROD456,136
SHIPITEM03467,SHIP01151,PROD341,36
SHIPITEM03468,SHIP01152,PROD446,112
SHIPITEM03469,SHIP01152,PROD184,87
SHIPITEM03470,SHIP01153,PROD384,10
SHIPITEM03471,SHIP01153,PROD341,128
SHIPITEM03472,SHIP01153,PROD130,76
SHIPITEM03473,SHIP01154,PROD272,120
SHIPITEM03474,SHIP01154,PROD235,7
SHIPITEM03475,SHIP01154,PROD081,126
SHIPITEM03476,SHIP01155,PROD110,95
SHIPITEM03477,SHIP01155,PROD117,50
SHIPITEM03478,SHIP01156,PROD129,146
SHIPITEM03479,SHIP01157,PROD078,8
SHIPITEM03480,SHIP01157,PROD279,29
SHIPITEM03481,SHIP01157,PROD302,125
SHIPITEM03482,SHIP01158,PROD269,36
SHIPITEM03483,SHIP01158,PROD482,144
SHIPITEM03484,SHIP01158,PROD039,115
SHIPITEM03485,SHIP01158,PROD353,138
SHIPITEM03486,SHIP01159,PROD109,92
SHIPITEM03487,SHIP01159,PROD300,71
SHIPITEM03488,SHIP01159,PROD351,53
SHIPITEM03489,SHIP01160,PROD354,148
SHIPITEM03490,SHIP01160,PROD040,77
SHIPITEM03491,SHIP01160,PROD069,19
SHIPITEM03492,SHIP01161,PROD387,99
SHIPITEM03493,SHIP01161,PROD032,146
SHIPITEM03494,SHIP01162,PROD445,28
SHIPITEM03495,SHIP01162,PROD315,150
SHIPITEM03496,SHIP01162,PROD377,55
SHIPITEM03497,SHIP01163,PROD067,31
SHIPITEM03498,SHIP01163,PROD120,150
SHIPITEM03499,SHIP01163,PROD379,89
SHIPITEM03500,SHIP01163,PROD099,18
SHIPITEM03501,SHIP01163,PROD168,111
SHIPITEM03502,SHIP01164,PROD140,98
SHIPITEM03503,SHIP01164,PROD014,150
SHIPITEM03504,SHIP01164,PROD346,67
SHIPITEM03505,SHIP01165,PROD121,55
SHIPITEM03506,SHIP01165,PROD125,58
SHIPITEM03507,SHIP01165,PROD496,119
SHIPITEM03508,SHIP01166,PROD338,63
SHIPITEM03509,SHIP01167,PROD427,140
SHIPITEM03510,SHIP01167,PROD463,91
SHIPITEM03511,SHIP01167,PROD282,150
SHIPITEM03512,SHIP01167,PROD083,133
SHIPITEM03513,SHIP01168,PROD007,90
SHIPITEM03514,SHIP01168,PROD166,22
SHIPITEM03515,SHIP01168,PROD484,94
SHIPITEM03516,SHIP01169,PROD155,51
SHIPITEM03517,SHIP01169,PROD069,123
SHIPITEM03518,SHIP01169,PROD433,55
SHIPITEM03519,SHIP01169,PROD450,18
SHIPITEM03520,SHIP01170,PROD238,139
SHIPITEM03521,SHIP01170,PROD020,127
SHIPITEM03522,SHIP01170,PROD143,20
SHIPITEM03523,SHIP01170,PROD413,80
SHIPITEM03524,SHIP01171,PROD496,143
SHIPITEM03525,SHIP01171,PROD139,32
SHIPITEM03526,SHIP01171,PROD475,41
SHIPITEM03527,SHIP01171,PROD343,79
SHIPITEM03528,SHIP01172,PROD110,55
SHIPITEM03529,SHIP01173,PROD309,70
SHIPITEM03530,SHIP01173,PROD294,119
SHIPITEM03531,SHIP01173,PROD453,15
SHIPITEM03532,SHIP01173,PROD123,34
SHIPITEM03533,SHIP01173,PROD262,67
SHIPITEM03534,SHIP01173,PROD010,7
SHIPITEM03535,SHIP01174,PROD470,32
SHIPITEM03536,SHIP01174,PROD139,30
SHIPITEM03537,SHIP01174,PROD304,131
SHIPITEM03538,SHIP01175,PROD170,119
SHIPITEM03539,SHIP01175,PROD234,60
SHIPITEM03540,SHIP01175,PROD297,30
SHIPITEM03541,SHIP01176,PROD381,22
SHIPITEM03542,SHIP01177,PROD465,99
SHIPITEM03543,SHIP01177,PROD163,129
SHIPITEM03544,SHIP01178,PROD128,43
SHIPITEM03545,SHIP01179,PROD423,134
SHIPITEM03546,SHIP01179,PROD358,135
SHIPITEM03547,SHIP01180,PROD208,12
SHIPITEM03548,SHIP01180,PROD222,125
SHIPITEM03549,SHIP01180,PROD443,8
SHIPITEM03550,SHIP01181,PROD386,87
SHIPITEM03551,SHIP01181,PROD298,131
SHIPITEM03552,SHIP01182,PROD286,70
SHIPITEM03553,SHIP01182,PROD175,94
SHIPITEM03554,SHIP01182,PROD380,58
SHIPITEM03555,SHIP01182,PROD260,104
SHIPITEM03556,SHIP01183,PROD020,84
SHIPITEM03557,SHIP01183,PROD498,7
SHIPITEM03558,SHIP01183,PROD482,98
SHIPITEM03559,SHIP01183,PROD179,61
SHIPITEM03560,SHIP01183,PROD103,80
SHIPITEM03561,SHIP01183,PROD374,132
SHIPITEM03562,SHIP01184,PROD423,59
SHIPITEM03563,SHIP01185,PROD026,125
SHIPITEM03564,SHIP01186,PROD182,23
SHIPITEM03565,SHIP01186,PROD208,62
SHIPITEM03566,SHIP01186,PROD184,11
SHIPITEM03567,SHIP01187,PROD233,81
SHIPITEM03568,SHIP01188,PROD375,149
SHIPITEM03569,SHIP01188,PROD116,25
SHIPITEM03570,SHIP01188,PROD315,117
SHIPITEM03571,SHIP01188,PROD193,145
SHIPITEM03572,SHIP01188,PROD068,12
SHIPITEM03573,SHIP01188,PROD163,51
SHIPITEM03574,SHIP01188,PROD373,128
SHIPITEM03575,SHIP01189,PROD121,46
SHIPITEM03576,SHIP01189,PROD247,40
SHIPITEM03577,SHIP01189,PROD438,110
SHIPITEM03578,SHIP01190,PROD058,124
SHIPITEM03579,SHIP01190,PROD479,33
SHIPITEM03580,SHIP01191,PROD281,91
SHIPITEM03581,SHIP01191,PROD428,139
SHIPITEM03582,SHIP01191,PROD098,31
SHIPITEM03583,SHIP01192,PROD399,44
SHIPITEM03584,SHIP01192,PROD184,81
SHIPITEM03585,SHIP01193,PROD161,98
SHIPITEM03586,SHIP01193,PROD233,84
SHIPITEM03587,SHIP01193,PROD482,50
SHIPITEM03588,SHIP01193,PROD330,23
SHIPITEM03589,SHIP01193,PROD275,34
SHIPITEM03590,SHIP01193,PROD109,56
SHIPITEM03591,SHIP01194,PROD317,106
SHIPITEM03592,SHIP01195,PROD012,150
SHIPITEM03593,SHIP01195,PROD031,129
SHIPITEM03594,SHIP01195,PROD169,145
SHIPITEM03595,SHIP01195,PROD235,82
SHIPITEM03596,SHIP01196,PROD084,129
SHIPITEM03597,SHIP01197,PROD007,116
SHIPITEM03598,SHIP01197,PROD348,94
SHIPITEM03599,SHIP01197,PROD239,92
SHIPITEM03600,SHIP01197,PROD157,15
SHIPITEM03601,SHIP01198,PROD092,6
SHIPITEM03602,SHIP01198,PROD335,11
SHIPITEM03603,SHIP01198,PROD485,113
SHIPITEM03604,SHIP01198,PROD444,142
SHIPITEM03605,SHIP01199,PROD084,82
SHIPITEM03606,SHIP01199,PROD097,39
SHIPITEM03607,SHIP01199,PROD081,10
SHIPITEM03608,SHIP01199,PROD026,78
SHIPITEM03609,SHIP01200,PROD462,7
SHIPITEM03610,SHIP01201,PROD162,17
SHIPITEM03611,SHIP01202,PROD152,65
SHIPITEM03612,SHIP01202,PROD173,41
SHIPITEM03613,SHIP01202,PROD011,18
SHIPITEM03614,SHIP01202,PROD288,10
SHIPITEM03615,SHIP01202,PROD316,140
SHIPITEM03616,SHIP01203,PROD422,87
SHIPITEM03617,SHIP01203,PROD455,42
SHIPITEM03618,SHIP01203,PROD227,21
SHIPITEM03619,SHIP01204,PROD311,75
SHIPITEM03620,SHIP01204,PROD153,101
SHIPITEM03621,SHIP01205,PROD302,39
SHIPITEM03622,SHIP01205,PROD060,11
SHIPITEM03623,SHIP01205,PROD379,149
SHIPITEM03624,SHIP01206,PROD110,34
SHIPITEM03625,SHIP01206,PROD323,125
SHIPITEM03626,SHIP01206,PROD184,138
SHIPITEM03627,SHIP01206,PROD253,113
SHIPITEM03628,SHIP01207,PROD235,54
SHIPITEM03629,SHIP01207,PROD297,69
SHIPITEM03630,SHIP01207,PROD296,147
SHIPITEM03631,SHIP01207,PROD254,59
SHIPITEM03632,SHIP01207,PROD316,49
SHIPITEM03633,SHIP01208,PROD136,41
SHIPITEM03634,SHIP01209,PROD230,124
SHIPITEM03635,SHIP01209,PROD181,127
SHIPITEM03636,SHIP01209,PROD032,94
SHIPITEM03637,SHIP01209,PROD049,76
SHIPITEM03638,SHIP01210,PROD331,136
SHIPITEM03639,SHIP01210,PROD039,36
SHIPITEM03640,SHIP01210,PROD215,96
SHIPITEM03641,SHIP01210,PROD453,122
SHIPITEM03642,SHIP01211,PROD008,111
SHIPITEM03643,SHIP01211,PROD343,148
SHIPITEM03644,SHIP01211,PROD312,6
SHIPITEM03645,SHIP01211,PROD378,34
SHIPITEM03646,SHIP01212,PROD011,140
SHIPITEM03647,SHIP01212,PROD493,36
SHIPITEM03648,SHIP01213,PROD158,90
SHIPITEM03649,SHIP01213,PROD227,80
SHIPITEM03650,SHIP01213,PROD208,78
SHIPITEM03651,SHIP01213,PROD174,14
SHIPITEM03652,SHIP01214,PROD453,55
SHIPITEM03653,SHIP01214,PROD006,130
SHIPITEM03654,SHIP01215,PROD014,28
SHIPITEM03655,SHIP01215,PROD158,147
SHIPITEM03656,SHIP01216,PROD068,109
SHIPITEM03657,SHIP01216,PROD301,9
SHIPITEM03658,SHIP01216,PROD395,77
SHIPITEM03659,SHIP01217,PROD119,30
SHIPITEM03660,SHIP01217,PROD437,98
SHIPITEM03661,SHIP01217,PROD282,105
SHIPITEM03662,SHIP01217,PROD157,64
SHIPITEM03663,SHIP01217,PROD113,80
SHIPITEM03664,SHIP01217,PROD072,55
SHIPITEM03665,SHIP01217,PROD086,129
SHIPITEM03666,SHIP01218,PROD180,67
SHIPITEM03667,SHIP01218,PROD066,134
SHIPITEM03668,SHIP01218,PROD422,29
SHIPITEM03669,SHIP01219,PROD469,48
SHIPITEM03670,SHIP01219,PROD108,96
SHIPITEM03671,SHIP01219,PROD361,88
SHIPITEM03672,SHIP01220,PROD404,140
SHIPITEM03673,SHIP01221,PROD356,69
SHIPITEM03674,SHIP01221,PROD477,23
SHIPITEM03675,SHIP01222,PROD328,75
SHIPITEM03676,SHIP01222,PROD429,69
SHIPITEM03677,SHIP01223,PROD068,40
SHIPITEM03678,SHIP01223,PROD354,52
SHIPITEM03679,SHIP01223,PROD396,36
SHIPITEM03680,SHIP01223,PROD002,41
SHIPITEM03681,SHIP01223,PROD096,65
SHIPITEM03682,SHIP01224,PROD118,40
SHIPITEM03683,SHIP01224,PROD080,139
SHIPITEM03684,SHIP01224,PROD325,133
SHIPITEM03685,SHIP01224,PROD418,141
SHIPITEM03686,SHIP01225,PROD093,12
SHIPITEM03687,SHIP01225,PROD346,19
SHIPITEM03688,SHIP01225,PROD378,95
SHIPITEM03689,SHIP01225,PROD223,40
SHIPITEM03690,SHIP01226,PROD387,32
SHIPITEM03691,SHIP01226,PROD429,11
SHIPITEM03692,SHIP01226,PROD269,103
SHIPITEM03693,SHIP01226,PROD148,131
SHIPITEM03694,SHIP01227,PROD097,105
SHIPITEM03695,SHIP01227,PROD458,54
SHIPITEM03696,SHIP01227,PROD072,128
SHIPITEM03697,SHIP01227,PROD125,125
SHIPITEM03698,SHIP01227,PROD282,57
SHIPITEM03699,SHIP01228,PROD060,125
SHIPITEM03700,SHIP01228,PROD227,46
SHIPITEM03701,SHIP01228,PROD280,48
SHIPITEM03702,SHIP01228,PROD172,136
SHIPITEM03703,SHIP01229,PROD137,106
SHIPITEM03704,SHIP01229,PROD361,27
SHIPITEM03705,SHIP01229,PROD357,117
SHIPITEM03706,SHIP01229,PROD115,80
SHIPITEM03707,SHIP01230,PROD466,142
SHIPITEM03708,SHIP01230,PROD028,116
SHIPITEM03709,SHIP01230,PROD389,27
SHIPITEM03710,SHIP01230,PROD488,26
SHIPITEM03711,SHIP01231,PROD466,126
SHIPITEM03712,SHIP01232,PROD231,55
SHIPITEM03713,SHIP01232,PROD396,131
SHIPITEM03714,SHIP01232,PROD164,7
SHIPITEM03715,SHIP01233,PROD089,103
SHIPITEM03716,SHIP01233,PROD377,45
SHIPITEM03717,SHIP01233,PROD103,148
SHIPITEM03718,SHIP01233,PROD113,101
SHIPITEM03719,SHIP01233,PROD434,78
SHIPITEM03720,SHIP01234,PROD065,67
SHIPITEM03721,SHIP01234,PROD252,146
SHIPITEM03722,SHIP01234,PROD242,64
SHIPITEM03723,SHIP01234,PROD334,23
SHIPITEM03724,SHIP01234,PROD026,62
SHIPITEM03725,SHIP01235,PROD133,67
SHIPITEM03726,SHIP01235,PROD298,115
SHIPITEM03727,SHIP01235,PROD011,88
SHIPITEM03728,SHIP01235,PROD413,120
SHIPITEM03729,SHIP01236,PROD251,61
SHIPITEM03730,SHIP01236,PROD076,23
SHIPITEM03731,SHIP01236,PROD303,12
SHIPITEM03732,SHIP01236,PROD334,24
SHIPITEM03733,SHIP01237,PROD492,100
SHIPITEM03734,SHIP01237,PROD181,129
SHIPITEM03735,SHIP01237,PROD140,71
SHIPITEM03736,SHIP01237,PROD006,78
SHIPITEM03737,SHIP01238,PROD459,26
SHIPITEM03738,SHIP01238,PROD285,132
SHIPITEM03739,SHIP01239,PROD149,10
SHIPITEM03740,SHIP01239,PROD308,126
SHIPITEM03741,SHIP01239,PROD452,51
SHIPITEM03742,SHIP01240,PROD121,106
SHIPITEM03743,SHIP01240,PROD456,42
SHIPITEM03744,SHIP01240,PROD248,55
SHIPITEM03745,SHIP01240,PROD128,11
SHIPITEM03746,SHIP01241,PROD078,17
SHIPITEM03747,SHIP01241,PROD475,123
SHIPITEM03748,SHIP01242,PROD125,98
SHIPITEM03749,SHIP01242,PROD063,133
SHIPITEM03750,SHIP01242,PROD451,91
SHIPITEM03751,SHIP01242,PROD273,49
SHIPITEM03752,SHIP01242,PROD368,30
SHIPITEM03753,SHIP01243,PROD114,104
SHIPITEM03754,SHIP01243,PROD308,59
SHIPITEM03755,SHIP01243,PROD184,72
SHIPITEM03756,SHIP01243,PROD476,142
SHIPITEM03757,SHIP01244,PROD105,56
SHIPITEM03758,SHIP01244,PROD374,70
SHIPITEM03759,SHIP01244,PROD150,41
SHIPITEM03760,SHIP01244,PROD300,103
SHIPITEM03761,SHIP01244,PROD030,45
SHIPITEM03762,SHIP01245,PROD154,6
SHIPITEM03763,SHIP01245,PROD288,69
SHIPITEM03764,SHIP01245,PROD108,33
SHIPITEM03765,SHIP01246,PROD173,140
SHIPITEM03766,SHIP01246,PROD336,104
SHIPITEM03767,SHIP01246,PROD444,7
SHIPITEM03768,SHIP01246,PROD490,22
SHIPITEM03769,SHIP01247,PROD402,146
SHIPITEM03770,SHIP01247,PROD449,104
SHIPITEM03771,SHIP01247,PROD087,132
SHIPITEM03772,SHIP01248,PROD379,130
SHIPITEM03773,SHIP01248,PROD276,54
SHIPITEM03774,SHIP01248,PROD013,84
SHIPITEM03775,SHIP01249,PROD012,122
SHIPITEM03776,SHIP01249,PROD238,136
SHIPITEM03777,SHIP01249,PROD054,10
SHIPITEM03778,SHIP01250,PROD089,39
SHIPITEM03779,SHIP01250,PROD219,39
SHIPITEM03780,SHIP01250,PROD156,56
SHIPITEM03781,SHIP01250,PROD244,24
SHIPITEM03782,SHIP01251,PROD079,43
SHIPITEM03783,SHIP01251,PROD024,8
SHIPITEM03784,SHIP01252,PROD294,121
SHIPITEM03785,SHIP01252,PROD221,94
SHIPITEM03786,SHIP01252,PROD491,138
SHIPITEM03787,SHIP01252,PROD203,25
SHIPITEM03788,SHIP01252,PROD388,57
SHIPITEM03789,SHIP01253,PROD139,118
SHIPITEM03790,SHIP01253,PROD238,102
SHIPITEM03791,SHIP01253,PROD481,48
SHIPITEM03792,SHIP01254,PROD209,68
SHIPITEM03793,SHIP01254,PROD345,119
SHIPITEM03794,SHIP01255,PROD094,6
SHIPITEM03795,SHIP01255,PROD494,71
SHIPITEM03796,SHIP01256,PROD255,109
SHIPITEM03797,SHIP01257,PROD130,94
SHIPITEM03798,SHIP01258,PROD483,94
SHIPITEM03799,SHIP01258,PROD474,26
SHIPITEM03800,SHIP01258,PROD330,36
SHIPITEM03801,SHIP01258,PROD307,27
SHIPITEM03802,SHIP01258,PROD086,93
SHIPITEM03803,SHIP01259,PROD411,50
SHIPITEM03804,SHIP01259,PROD493,41
SHIPITEM03805,SHIP01260,PROD098,145
SHIPITEM03806,SHIP01260,PROD208,7
SHIPITEM03807,SHIP01260,PROD074,73
SHIPITEM03808,SHIP01260,PROD133,115
SHIPITEM03809,SHIP01260,PROD349,128
SHIPITEM03810,SHIP01261,PROD285,91
SHIPITEM03811,SHIP01261,PROD122,18
SHIPITEM03812,SHIP01262,PROD198,45
SHIPITEM03813,SHIP01262,PROD493,103
SHIPITEM03814,SHIP01263,PROD468,63
SHIPITEM03815,SHIP01263,PROD046,86
SHIPITEM03816,SHIP01264,PROD430,139
SHIPITEM03817,SHIP01264,PROD311,85
SHIPITEM03818,SHIP01264,PROD231,25
SHIPITEM03819,SHIP01265,PROD432,22
SHIPITEM03820,SHIP01265,PROD462,23
SHIPITEM03821,SHIP01266,PROD486,111
SHIPITEM03822,SHIP01266,PROD250,144
SHIPITEM03823,SHIP01266,PROD118,86
SHIPITEM03824,SHIP01266,PROD448,49
SHIPITEM03825,SHIP01267,PROD213,36
SHIPITEM03826,SHIP01268,PROD145,127
SHIPITEM03827,SHIP01269,PROD002,33
SHIPITEM03828,SHIP01269,PROD266,24
SHIPITEM03829,SHIP01270,PROD086,127
SHIPITEM03830,SHIP01270,PROD136,113
SHIPITEM03831,SHIP01270,PROD011,110
SHIPITEM03832,SHIP01271,PROD273,79
SHIPITEM03833,SHIP01271,PROD200,95
SHIPITEM03834,SHIP01271,PROD390,56
SHIPITEM03835,SHIP01271,PROD196,67
SHIPITEM03836,SHIP01272,PROD063,117
SHIPITEM03837,SHIP01272,PROD024,82
SHIPITEM03838,SHIP01273,PROD021,118
SHIPITEM03839,SHIP01273,PROD241,122
SHIPITEM03840,SHIP01274,PROD296,25
SHIPITEM03841,SHIP01274,PROD210,74
SHIPITEM03842,SHIP01274,PROD136,84
SHIPITEM03843,SHIP01275,PROD418,150
SHIPITEM03844,SHIP01276,PROD386,55
SHIPITEM03845,SHIP01276,PROD072,89
SHIPITEM03846,SHIP01276,PROD030,46
SHIPITEM03847,SHIP01276,PROD315,98
SHIPITEM03848,SHIP01276,PROD312,23
SHIPITEM03849,SHIP01277,PROD233,107
SHIPITEM03850,SHIP01277,PROD426,132
SHIPITEM03851,SHIP01277,PROD184,19
SHIPITEM03852,SHIP01277,PROD175,7
SHIPITEM03853,SHIP01277,PROD160,78
SHIPITEM03854,SHIP01277,PROD478,126
SHIPITEM03855,SHIP01278,PROD420,137
SHIPITEM03856,SHIP01278,PROD496,9
SHIPITEM03857,SHIP01278,PROD051,148
SHIPITEM03858,SHIP01278,PROD068,122
SHIPITEM03859,SHIP01279,PROD201,28
SHIPITEM03860,SHIP01279,PROD101,7
SHIPITEM03861,SHIP01279,PROD276,140
SHIPITEM03862,SHIP01279,PROD215,56
SHIPITEM03863,SHIP01279,PROD038,18
SHIPITEM03864,SHIP01279,PROD019,31
SHIPITEM03865,SHIP01280,PROD230,10
SHIPITEM03866,SHIP01280,PROD500,16
SHIPITEM03867,SHIP01280,PROD285,88
SHIPITEM03868,SHIP01281,PROD209,54
SHIPITEM03869,SHIP01282,PROD308,40
SHIPITEM03870,SHIP01282,PROD491,144
SHIPITEM03871,SHIP01282,PROD197,84
SHIPITEM03872,SHIP01283,PROD135,104
SHIPITEM03873,SHIP01283,PROD225,12
SHIPITEM03874,SHIP01283,PROD145,97
SHIPITEM03875,SHIP01284,PROD340,21
SHIPITEM03876,SHIP01284,PROD375,143
SHIPITEM03877,SHIP01285,PROD361,93
SHIPITEM03878,SHIP01285,PROD277,55
SHIPITEM03879,SHIP01285,PROD455,140
SHIPITEM03880,SHIP01286,PROD065,73
SHIPITEM03881,SHIP01286,PROD359,33
SHIPITEM03882,SHIP01287,PROD285,30
SHIPITEM03883,SHIP01287,PROD206,144
SHIPITEM03884,SHIP01287,PROD121,50
SHIPITEM03885,SHIP01288,PROD287,98
SHIPITEM03886,SHIP01288,PROD331,110
SHIPITEM03887,SHIP01289,PROD454,121
SHIPITEM03888,SHIP01290,PROD429,103
SHIPITEM03889,SHIP01290,PROD314,141
SHIPITEM03890,SHIP01290,PROD186,138
SHIPITEM03891,SHIP01291,PROD379,109
SHIPITEM03892,SHIP01291,PROD353,116
SHIPITEM03893,SHIP01291,PROD307,94
SHIPITEM03894,SHIP01292,PROD353,126
SHIPITEM03895,SHIP01292,PROD328,146
SHIPITEM03896,SHIP01292,PROD323,101
SHIPITEM03897,SHIP01292,PROD156,73
SHIPITEM03898,SHIP01292,PROD270,138
SHIPITEM03899,SHIP01293,PROD333,28
SHIPITEM03900,SHIP01294,PROD382,101
SHIPITEM03901,SHIP01294,PROD412,82
SHIPITEM03902,SHIP01295,PROD416,87
SHIPITEM03903,SHIP01295,PROD453,87
SHIPITEM03904,SHIP01295,PROD026,126
SHIPITEM03905,SHIP01295,PROD188,146
SHIPITEM03906,SHIP01295,PROD274,138
SHIPITEM03907,SHIP01295,PROD123,10
SHIPITEM03908,SHIP01296,PROD193,49
SHIPITEM03909,SHIP01297,PROD469,142
SHIPITEM03910,SHIP01298,PROD364,14
SHIPITEM03911,SHIP01298,PROD356,106
SHIPITEM03912,SHIP01298,PROD234,42
SHIPITEM03913,SHIP01299,PROD448,47
SHIPITEM03914,SHIP01299,PROD344,108
SHIPITEM03915,SHIP01299,PROD242,30
SHIPITEM03916,SHIP01299,PROD374,29
SHIPITEM03917,SHIP01300,PROD485,116
SHIPITEM03918,SHIP01300,PROD032,20
SHIPITEM03919,SHIP01300,PROD312,101
SHIPITEM03920,SHIP01300,PROD408,65
SHIPITEM03921,SHIP01300,PROD167,51
SHIPITEM03922,SHIP01301,PROD252,66
SHIPITEM03923,SHIP01301,PROD355,107
SHIPITEM03924,SHIP01302,PROD488,25
SHIPITEM03925,SHIP01302,PROD494,149
SHIPITEM03926,SHIP01302,PROD025,127
SHIPITEM03927,SHIP01303,PROD088,41
SHIPITEM03928,SHIP01303,PROD012,123
SHIPITEM03929,SHIP01303,PROD433,48
SHIPITEM03930,SHIP01303,PROD375,50
SHIPITEM03931,SHIP01304,PROD152,29
SHIPITEM03932,SHIP01304,PROD343,62
SHIPITEM03933,SHIP01305,PROD115,9
SHIPITEM03934,SHIP01305,PROD143,90
SHIPITEM03935,SHIP01306,PROD224,52
SHIPITEM03936,SHIP01307,PROD409,114
SHIPITEM03937,SHIP01307,PROD448,40
SHIPITEM03938,SHIP01308,PROD218,101
SHIPITEM03939,SHIP01309,PROD142,133
SHIPITEM03940,SHIP01309,PROD068,26
SHIPITEM03941,SHIP01309,PROD339,49
SHIPITEM03942,SHIP01309,PROD198,42
SHIPITEM03943,SHIP01309,PROD217,140
SHIPITEM03944,SHIP01309,PROD105,11
SHIPITEM03945,SHIP01309,PROD108,7
SHIPITEM03946,SHIP01310,PROD324,109
SHIPITEM03947,SHIP01310,PROD397,10
SHIPITEM03948,SHIP01311,PROD147,68
SHIPITEM03949,SHIP01311,PROD034,104
SHIPITEM03950,SHIP01311,PROD235,33
SHIPITEM03951,SHIP01311,PROD343,45
SHIPITEM03952,SHIP01311,PROD126,64
SHIPITEM03953,SHIP01312,PROD281,76
SHIPITEM03954,SHIP01312,PROD303,118
SHIPITEM03955,SHIP01312,PROD132,94
SHIPITEM03956,SHIP01312,PROD176,25
SHIPITEM03957,SHIP01313,PROD124,92
SHIPITEM03958,SHIP01313,PROD396,148
SHIPITEM03959,SHIP01313,PROD272,117
SHIPITEM03960,SHIP01314,PROD365,41
SHIPITEM03961,SHIP01314,PROD039,39
SHIPITEM03962,SHIP01314,PROD116,61
SHIPITEM03963,SHIP01315,PROD009,65
SHIPITEM03964,SHIP01315,PROD453,31
SHIPITEM03965,SHIP01316,PROD150,7
SHIPITEM03966,SHIP01316,PROD469,26
SHIPITEM03967,SHIP01316,PROD117,89
SHIPITEM03968,SHIP01316,PROD310,63
SHIPITEM03969,SHIP01317,PROD115,53
SHIPITEM03970,SHIP01318,PROD021,49
SHIPITEM03971,SHIP01318,PROD422,140
SHIPITEM03972,SHIP01318,PROD315,23
SHIPITEM03973,SHIP01318,PROD007,134
SHIPITEM03974,SHIP01318,PROD061,83
SHIPITEM03975,SHIP01319,PROD326,20
SHIPITEM03976,SHIP01319,PROD199,68
SHIPITEM03977,SHIP01319,PROD154,18
SHIPITEM03978,SHIP01319,PROD171,19
SHIPITEM03979,SHIP01319,PROD308,104
SHIPITEM03980,SHIP01319,PROD445,124
SHIPITEM03981,SHIP01320,PROD035,109
SHIPITEM03982,SHIP01320,PROD335,148
SHIPITEM03983,SHIP01320,PROD450,15
SHIPITEM03984,SHIP01320,PROD451,102
SHIPITEM03985,SHIP01320,PROD104,12
SHIPITEM03986,SHIP01320,PROD146,103
SHIPITEM03987,SHIP01321,PROD345,131
SHIPITEM03988,SHIP01322,PROD249,51
SHIPITEM03989,SHIP01323,PROD277,117
SHIPITEM03990,SHIP01323,PROD280,132
SHIPITEM03991,SHIP01323,PROD471,43
SHIPITEM03992,SHIP01324,PROD102,111
SHIPITEM03993,SHIP01324,PROD281,104
SHIPITEM03994,SHIP01325,PROD029,58
SHIPITEM03995,SHIP01325,PROD228,81
SHIPITEM03996,SHIP01326,PROD462,57
SHIPITEM03997,SHIP01326,PROD009,32
SHIPITEM03998,SHIP01326,PROD373,106
SHIPITEM03999,SHIP01326,PROD388,134
SHIPITEM04000,SHIP01326,PROD262,39
SHIPITEM04001,SHIP01327,PROD256,100
SHIPITEM04002,SHIP01328,PROD349,12
SHIPITEM04003,SHIP01329,PROD493,121
SHIPITEM04004,SHIP01330,PROD231,50
SHIPITEM04005,SHIP01330,PROD163,143
SHIPITEM04006,SHIP01330,PROD493,6
SHIPITEM04007,SHIP01330,PROD199,100
SHIPITEM04008,SHIP01330,PROD181,67
SHIPITEM04009,SHIP01330,PROD452,14
SHIPITEM04010,SHIP01331,PROD417,73
SHIPITEM04011,SHIP01331,PROD009,116
SHIPITEM04012,SHIP01332,PROD171,5
SHIPITEM04013,SHIP01332,PROD056,10
SHIPITEM04014,SHIP01333,PROD002,147
SHIPITEM04015,SHIP01333,PROD024,125
SHIPITEM04016,SHIP01333,PROD320,48
SHIPITEM04017,SHIP01334,PROD231,111
SHIPITEM04018,SHIP01334,PROD053,121
SHIPITEM04019,SHIP01335,PROD294,90
SHIPITEM04020,SHIP01335,PROD126,72
SHIPITEM04021,SHIP01335,PROD473,25
SHIPITEM04022,SHIP01335,PROD391,99
SHIPITEM04023,SHIP01335,PROD375,132
SHIPITEM04024,SHIP01336,PROD134,69
SHIPITEM04025,SHIP01336,PROD095,123
SHIPITEM04026,SHIP01337,PROD302,85
SHIPITEM04027,SHIP01337,PROD050,130
SHIPITEM04028,SHIP01337,PROD320,84
SHIPITEM04029,SHIP01338,PROD273,100
SHIPITEM04030,SHIP01338,PROD152,101
SHIPITEM04031,SHIP01338,PROD217,59
SHIPITEM04032,SHIP01338,PROD349,33
SHIPITEM04033,SHIP01339,PROD330,146
SHIPITEM04034,SHIP01339,PROD288,135
SHIPITEM04035,SHIP01340,PROD248,82
SHIPITEM04036,SHIP01340,PROD286,31
SHIPITEM04037,SHIP01341,PROD221,96
SHIPITEM04038,SHIP01341,PROD392,39
SHIPITEM04039,SHIP01341,PROD116,137
SHIPITEM04040,SHIP01341,PROD355,146
SHIPITEM04041,SHIP01342,PROD348,140
SHIPITEM04042,SHIP01342,PROD351,46
SHIPITEM04043,SHIP01343,PROD340,43
SHIPITEM04044,SHIP01343,PROD447,94
SHIPITEM04045,SHIP01343,PROD367,43
SHIPITEM04046,SHIP01343,PROD020,15
SHIPITEM04047,SHIP01343,PROD495,7
SHIPITEM04048,SHIP01344,PROD354,137
SHIPITEM04049,SHIP01344,PROD435,12
SHIPITEM04050,SHIP01345,PROD356,16
SHIPITEM04051,SHIP01345,PROD281,143
SHIPITEM04052,SHIP01346,PROD134,101
SHIPITEM04053,SHIP01347,PROD489,134
SHIPITEM04054,SHIP01347,PROD228,89
SHIPITEM04055,SHIP01348,PROD197,43
SHIPITEM04056,SHIP01348,PROD035,36
SHIPITEM04057,SHIP01348,PROD128,122
SHIPITEM04058,SHIP01348,PROD061,140
SHIPITEM04059,SHIP01349,PROD267,27
SHIPITEM04060,SHIP01349,PROD345,116
SHIPITEM04061,SHIP01349,PROD368,52
SHIPITEM04062,SHIP01350,PROD261,73
SHIPITEM04063,SHIP01350,PROD244,40
SHIPITEM04064,SHIP01351,PROD474,78
SHIPITEM04065,SHIP01351,PROD415,82
SHIPITEM04066,SHIP01351,PROD499,84
SHIPITEM04067,SHIP01352,PROD374,86
SHIPITEM04068,SHIP01352,PROD389,82
SHIPITEM04069,SHIP01353,PROD349,26
SHIPITEM04070,SHIP01353,PROD493,117
SHIPITEM04071,SHIP01353,PROD422,7
SHIPITEM04072,SHIP01354,PROD359,84
SHIPITEM04073,SHIP01355,PROD198,90
SHIPITEM04074,SHIP01355,PROD063,23
SHIPITEM04075,SHIP01355,PROD132,143
SHIPITEM04076,SHIP01356,PROD078,139
SHIPITEM04077,SHIP01356,PROD049,33
SHIPITEM04078,SHIP01357,PROD021,31
SHIPITEM04079,SHIP01357,PROD155,97
SHIPITEM04080,SHIP01357,PROD423,105
SHIPITEM04081,SHIP01358,PROD066,124
SHIPITEM04082,SHIP01358,PROD222,102
SHIPITEM04083,SHIP01358,PROD032,136
SHIPITEM04084,SHIP01359,PROD450,19
SHIPITEM04085,SHIP01359,PROD483,113
SHIPITEM04086,SHIP01359,PROD150,78
SHIPITEM04087,SHIP01359,PROD381,13
SHIPITEM04088,SHIP01360,PROD472,78
SHIPITEM04089,SHIP01360,PROD381,80
SHIPITEM04090,SHIP01361,PROD449,128
SHIPITEM04091,SHIP01361,PROD088,40
SHIPITEM04092,SHIP01362,PROD318,33
SHIPITEM04093,SHIP01362,PROD279,113
SHIPITEM04094,SHIP01362,PROD039,115
SHIPITEM04095,SHIP01363,PROD084,74
SHIPITEM04096,SHIP01364,PROD408,146
SHIPITEM04097,SHIP01364,PROD308,98
SHIPITEM04098,SHIP01364,PROD165,32
SHIPITEM04099,SHIP01364,PROD254,61
SHIPITEM04100,SHIP01364,PROD154,57
SHIPITEM04101,SHIP01365,PROD396,70
SHIPITEM04102,SHIP01365,PROD102,98
SHIPITEM04103,SHIP01365,PROD115,146
SHIPITEM04104,SHIP01366,PROD273,130
SHIPITEM04105,SHIP01366,PROD046,33
SHIPITEM04106,SHIP01366,PROD258,106
SHIPITEM04107,SHIP01367,PROD177,39
SHIPITEM04108,SHIP01367,PROD222,51
SHIPITEM04109,SHIP01367,PROD288,84
SHIPITEM04110,SHIP01368,PROD017,89
SHIPITEM04111,SHIP01368,PROD242,125
SHIPITEM04112,SHIP01368,PROD070,118
SHIPITEM04113,SHIP01369,PROD048,53
SHIPITEM04114,SHIP01369,PROD166,113
SHIPITEM04115,SHIP01369,PROD382,132
SHIPITEM04116,SHIP01369,PROD143,113
SHIPITEM04117,SHIP01369,PROD215,43
SHIPITEM04118,SHIP01370,PROD222,77
SHIPITEM04119,SHIP01370,PROD076,75
SHIPITEM04120,SHIP01370,PROD316,73
SHIPITEM04121,SHIP01371,PROD256,84
SHIPITEM04122,SHIP01371,PROD070,95
SHIPITEM04123,SHIP01372,PROD301,132
SHIPITEM04124,SHIP01372,PROD300,85
SHIPITEM04125,SHIP01372,PROD274,22
SHIPITEM04126,SHIP01372,PROD396,31
SHIPITEM04127,SHIP01373,PROD346,58
SHIPITEM04128,SHIP01373,PROD104,149
SHIPITEM04129,SHIP01373,PROD368,115
SHIPITEM04130,SHIP01373,PROD114,12
SHIPITEM04131,SHIP01373,PROD204,22
SHIPITEM04132,SHIP01374,PROD187,122
SHIPITEM04133,SHIP01374,PROD489,131
SHIPITEM04134,SHIP01375,PROD475,89
SHIPITEM04135,SHIP01375,PROD323,98
SHIPITEM04136,SHIP01375,PROD140,105
SHIPITEM04137,SHIP01376,PROD233,135
SHIPITEM04138,SHIP01376,PROD419,77
SHIPITEM04139,SHIP01376,PROD159,31
SHIPITEM04140,SHIP01376,PROD044,41
SHIPITEM04141,SHIP01376,PROD471,102
SHIPITEM04142,SHIP01377,PROD494,61
SHIPITEM04143,SHIP01377,PROD186,49
SHIPITEM04144,SHIP01377,PROD070,39
SHIPITEM04145,SHIP01377,PROD307,123
SHIPITEM04146,SHIP01378,PROD357,51
SHIPITEM04147,SHIP01378,PROD337,35
SHIPITEM04148,SHIP01378,PROD031,135
SHIPITEM04149,SHIP01378,PROD167,115
SHIPITEM04150,SHIP01378,PROD403,76
SHIPITEM04151,SHIP01378,PROD233,91
SHIPITEM04152,SHIP01379,PROD337,107
SHIPITEM04153,SHIP01379,PROD223,24
SHIPITEM04154,SHIP01379,PROD048,124
SHIPITEM04155,SHIP01380,PROD328,93
SHIPITEM04156,SHIP01380,PROD363,46
SHIPITEM04157,SHIP01380,PROD313,47
SHIPITEM04158,SHIP01380,PROD143,119
SHIPITEM04159,SHIP01381,PROD411,95
SHIPITEM04160,SHIP01381,PROD006,85
SHIPITEM04161,SHIP01382,PROD029,111
SHIPITEM04162,SHIP01382,PROD363,148
SHIPITEM04163,SHIP01382,PROD441,140
SHIPITEM04164,SHIP01383,PROD072,38
SHIPITEM04165,SHIP01383,PROD416,11
SHIPITEM04166,SHIP01383,PROD289,93
SHIPITEM04167,SHIP01383,PROD214,109
SHIPITEM04168,SHIP01383,PROD335,68
SHIPITEM04169,SHIP01384,PROD396,120
SHIPITEM04170,SHIP01384,PROD297,109
SHIPITEM04171,SHIP01385,PROD044,45
SHIPITEM04172,SHIP01385,PROD475,147
SHIPITEM04173,SHIP01386,PROD063,10
SHIPITEM04174,SHIP01387,PROD465,100
SHIPITEM04175,SHIP01387,PROD089,81
SHIPITEM04176,SHIP01388,PROD478,23
SHIPITEM04177,SHIP01388,PROD435,111
SHIPITEM04178,SHIP01388,PROD272,134
SHIPITEM04179,SHIP01389,PROD084,28
SHIPITEM04180,SHIP01389,PROD430,39
SHIPITEM04181,SHIP01389,PROD266,123
SHIPITEM04182,SHIP01390,PROD238,48
SHIPITEM04183,SHIP01390,PROD152,128
SHIPITEM04184,SHIP01390,PROD348,142
SHIPITEM04185,SHIP01390,PROD449,72
SHIPITEM04186,SHIP01391,PROD082,123
SHIPITEM04187,SHIP01391,PROD139,94
SHIPITEM04188,SHIP01391,PROD071,133
SHIPITEM04189,SHIP01392,PROD196,19
SHIPITEM04190,SHIP01392,PROD168,89
SHIPITEM04191,SHIP01392,PROD427,144
SHIPITEM04192,SHIP01393,PROD190,59
SHIPITEM04193,SHIP01394,PROD025,72
SHIPITEM04194,SHIP01394,PROD192,145
SHIPITEM04195,SHIP01394,PROD313,147
SHIPITEM04196,SHIP01395,PROD360,74
SHIPITEM04197,SHIP01396,PROD093,142
SHIPITEM04198,SHIP01397,PROD262,65
SHIPITEM04199,SHIP01397,PROD346,41
SHIPITEM04200,SHIP01397,PROD294,40
SHIPITEM04201,SHIP01398,PROD466,14
SHIPITEM04202,SHIP01398,PROD246,145
SHIPITEM04203,SHIP01398,PROD045,52
SHIPITEM04204,SHIP01399,PROD290,73
SHIPITEM04205,SHIP01400,PROD358,68
SHIPITEM04206,SHIP01400,PROD246,59
SHIPITEM04207,SHIP01400,PROD235,103
SHIPITEM04208,SHIP01400,PROD184,118
SHIPITEM04209,SHIP01401,PROD283,92
SHIPITEM04210,SHIP01401,PROD436,75
SHIPITEM04211,SHIP01401,PROD145,13
SHIPITEM04212,SHIP01402,PROD443,29
SHIPITEM04213,SHIP01402,PROD269,58
SHIPITEM04214,SHIP01403,PROD119,30
SHIPITEM04215,SHIP01403,PROD354,109
SHIPITEM04216,SHIP01403,PROD054,132
SHIPITEM04217,SHIP01404,PROD162,138
SHIPITEM04218,SHIP01405,PROD183,47
SHIPITEM04219,SHIP01405,PROD194,135
SHIPITEM04220,SHIP01405,PROD195,47
SHIPITEM04221,SHIP01405,PROD127,51
SHIPITEM04222,SHIP01405,PROD266,119
SHIPITEM04223,SHIP01405,PROD265,7
SHIPITEM04224,SHIP01406,PROD256,84
SHIPITEM04225,SHIP01406,PROD234,51
SHIPITEM04226,SHIP01406,PROD249,134
SHIPITEM04227,SHIP01406,PROD121,85
SHIPITEM04228,SHIP01406,PROD017,20
SHIPITEM04229,SHIP01406,PROD273,120
SHIPITEM04230,SHIP01407,PROD222,27
SHIPITEM04231,SHIP01407,PROD277,18
SHIPITEM04232,SHIP01408,PROD119,67
SHIPITEM04233,SHIP01408,PROD199,41
SHIPITEM04234,SHIP01408,PROD342,9
SHIPITEM04235,SHIP01409,PROD193,23
SHIPITEM04236,SHIP01409,PROD037,70
SHIPITEM04237,SHIP01409,PROD067,28
SHIPITEM04238,SHIP01410,PROD335,119
SHIPITEM04239,SHIP01410,PROD326,53
SHIPITEM04240,SHIP01410,PROD213,31
SHIPITEM04241,SHIP01410,PROD347,71
SHIPITEM04242,SHIP01411,PROD418,43
SHIPITEM04243,SHIP01411,PROD294,111
SHIPITEM04244,SHIP01411,PROD491,86
SHIPITEM04245,SHIP01412,PROD359,134
SHIPITEM04246,SHIP01412,PROD482,19
SHIPITEM04247,SHIP01413,PROD109,87
SHIPITEM04248,SHIP01413,PROD048,47
SHIPITEM04249,SHIP01414,PROD292,110
SHIPITEM04250,SHIP01415,PROD032,81
SHIPITEM04251,SHIP01415,PROD488,64
SHIPITEM04252,SHIP01415,PROD058,88
SHIPITEM04253,SHIP01415,PROD282,126
SHIPITEM04254,SHIP01416,PROD028,128
SHIPITEM04255,SHIP01416,PROD210,53
SHIPITEM04256,SHIP01416,PROD164,138
SHIPITEM04257,SHIP01416,PROD242,17
SHIPITEM04258,SHIP01416,PROD075,31
SHIPITEM04259,SHIP01417,PROD436,54
SHIPITEM04260,SHIP01417,PROD186,51
SHIPITEM04261,SHIP01417,PROD215,69
SHIPITEM04262,SHIP01418,PROD185,115
SHIPITEM04263,SHIP01418,PROD116,5
SHIPITEM04264,SHIP01419,PROD386,7
SHIPITEM04265,SHIP01419,PROD165,138
SHIPITEM04266,SHIP01419,PROD134,98
SHIPITEM04267,SHIP01420,PROD242,149
SHIPITEM04268,SHIP01420,PROD094,116
SHIPITEM04269,SHIP01421,PROD117,77
SHIPITEM04270,SHIP01421,PROD370,110
SHIPITEM04271,SHIP01422,PROD214,81
SHIPITEM04272,SHIP01422,PROD039,67
SHIPITEM04273,SHIP01422,PROD337,11
SHIPITEM04274,SHIP01422,PROD226,118
SHIPITEM04275,SHIP01422,PROD098,105
SHIPITEM04276,SHIP01422,PROD072,103
SHIPITEM04277,SHIP01422,PROD232,119
SHIPITEM04278,SHIP01423,PROD051,81
SHIPITEM04279,SHIP01423,PROD325,123
SHIPITEM04280,SHIP01423,PROD266,114
SHIPITEM04281,SHIP01423,PROD369,103
SHIPITEM04282,SHIP01424,PROD177,101
SHIPITEM04283,SHIP01424,PROD293,11
SHIPITEM04284,SHIP01425,PROD463,18
SHIPITEM04285,SHIP01426,PROD184,12
SHIPITEM04286,SHIP01426,PROD359,93
SHIPITEM04287,SHIP01426,PROD080,102
SHIPITEM04288,SHIP01427,PROD233,141
SHIPITEM04289,SHIP01427,PROD064,20
SHIPITEM04290,SHIP01428,PROD423,79
SHIPITEM04291,SHIP01428,PROD037,66
SHIPITEM04292,SHIP01428,PROD413,121
SHIPITEM04293,SHIP01428,PROD322,31
SHIPITEM04294,SHIP01428,PROD431,20
SHIPITEM04295,SHIP01429,PROD268,20
SHIPITEM04296,SHIP01429,PROD096,107
SHIPITEM04297,SHIP01429,PROD195,14
SHIPITEM04298,SHIP01430,PROD029,121
SHIPITEM04299,SHIP01430,PROD236,91
SHIPITEM04300,SHIP01431,PROD417,23
SHIPITEM04301,SHIP01432,PROD253,118
SHIPITEM04302,SHIP01433,PROD262,22
SHIPITEM04303,SHIP01433,PROD297,107
SHIPITEM04304,SHIP01433,PROD103,56
SHIPITEM04305,SHIP01433,PROD006,115
SHIPITEM04306,SHIP01434,PROD446,66
SHIPITEM04307,SHIP01434,PROD433,59
SHIPITEM04308,SHIP01434,PROD471,116
SHIPITEM04309,SHIP01434,PROD218,25
SHIPITEM04310,SHIP01435,PROD163,116
SHIPITEM04311,SHIP01435,PROD175,98
SHIPITEM04312,SHIP01435,PROD460,122
SHIPITEM04313,SHIP01435,PROD306,46
SHIPITEM04314,SHIP01435,PROD458,124
SHIPITEM04315,SHIP01435,PROD387,42
SHIPITEM04316,SHIP01436,PROD337,70
SHIPITEM04317,SHIP01436,PROD372,34
SHIPITEM04318,SHIP01436,PROD259,82
SHIPITEM04319,SHIP01437,PROD403,65
SHIPITEM04320,SHIP01437,PROD346,135
SHIPITEM04321,SHIP01438,PROD402,79
SHIPITEM04322,SHIP01438,PROD436,109
SHIPITEM04323,SHIP01438,PROD305,22
SHIPITEM04324,SHIP01439,PROD450,76
SHIPITEM04325,SHIP01439,PROD381,23
SHIPITEM04326,SHIP01439,PROD209,137
SHIPITEM04327,SHIP01439,PROD452,36
SHIPITEM04328,SHIP01439,PROD392,72
SHIPITEM04329,SHIP01440,PROD345,27
SHIPITEM04330,SHIP01440,PROD295,43
SHIPITEM04331,SHIP01441,PROD459,42
SHIPITEM04332,SHIP01441,PROD103,42
SHIPITEM04333,SHIP01442,PROD230,135
SHIPITEM04334,SHIP01443,PROD391,81
SHIPITEM04335,SHIP01444,PROD223,67
SHIPITEM04336,SHIP01444,PROD251,142
SHIPITEM04337,SHIP01444,PROD466,113
SHIPITEM04338,SHIP01445,PROD221,58
SHIPITEM04339,SHIP01445,PROD192,118
SHIPITEM04340,SHIP01446,PROD125,49
SHIPITEM04341,SHIP01446,PROD447,128
SHIPITEM04342,SHIP01447,PROD153,65
SHIPITEM04343,SHIP01447,PROD119,118
SHIPITEM04344,SHIP01447,PROD481,86
SHIPITEM04345,SHIP01447,PROD279,5
SHIPITEM04346,SHIP01448,PROD474,101
SHIPITEM04347,SHIP01448,PROD321,14
SHIPITEM04348,SHIP01448,PROD099,31
SHIPITEM04349,SHIP01448,PROD109,80
SHIPITEM04350,SHIP01449,PROD180,143
SHIPITEM04351,SHIP01449,PROD039,148
SHIPITEM04352,SHIP01449,PROD043,137
SHIPITEM04353,SHIP01450,PROD027,45
SHIPITEM04354,SHIP01450,PROD124,48
SHIPITEM04355,SHIP01451,PROD122,14
SHIPITEM04356,SHIP01451,PROD193,83
SHIPITEM04357,SHIP01452,PROD190,106
SHIPITEM04358,SHIP01452,PROD230,116
SHIPITEM04359,SHIP01452,PROD331,68
SHIPITEM04360,SHIP01453,PROD044,38
SHIPITEM04361,SHIP01453,PROD293,132
SHIPITEM04362,SHIP01453,PROD494,89
SHIPITEM04363,SHIP01454,PROD267,117
SHIPITEM04364,SHIP01454,PROD469,99
SHIPITEM04365,SHIP01454,PROD081,82
SHIPITEM04366,SHIP01454,PROD251,120
SHIPITEM04367,SHIP01455,PROD344,18
SHIPITEM04368,SHIP01455,PROD453,26
SHIPITEM04369,SHIP01456,PROD193,85
SHIPITEM04370,SHIP01456,PROD238,128
SHIPITEM04371,SHIP01456,PROD182,103
SHIPITEM04372,SHIP01457,PROD037,56
SHIPITEM04373,SHIP01458,PROD283,111
SHIPITEM04374,SHIP01458,PROD234,85
SHIPITEM04375,SHIP01458,PROD466,18
SHIPITEM04376,SHIP01458,PROD057,140
SHIPITEM04377,SHIP01459,PROD105,106
SHIPITEM04378,SHIP01459,PROD411,22
SHIPITEM04379,SHIP01459,PROD349,60
SHIPITEM04380,SHIP01459,PROD225,88
SHIPITEM04381,SHIP01460,PROD220,75
SHIPITEM04382,SHIP01460,PROD298,89
SHIPITEM04383,SHIP01460,PROD453,66
SHIPITEM04384,SHIP01461,PROD162,46
SHIPITEM04385,SHIP01461,PROD176,123
SHIPITEM04386,SHIP01461,PROD153,39
SHIPITEM04387,SHIP01462,PROD389,146
SHIPITEM04388,SHIP01462,PROD104,119
SHIPITEM04389,SHIP01463,PROD018,77
SHIPITEM04390,SHIP01463,PROD046,137
SHIPITEM04391,SHIP01464,PROD102,128
SHIPITEM04392,SHIP01464,PROD495,51
SHIPITEM04393,SHIP01465,PROD274,87
SHIPITEM04394,SHIP01465,PROD211,7
SHIPITEM04395,SHIP01465,PROD498,102
SHIPITEM04396,SHIP01465,PROD342,111
SHIPITEM04397,SHIP01466,PROD177,107
SHIPITEM04398,SHIP01466,PROD173,95
SHIPITEM04399,SHIP01466,PROD270,29
SHIPITEM04400,SHIP01466,PROD479,25
SHIPITEM04401,SHIP01467,PROD166,146
SHIPITEM04402,SHIP01467,PROD187,31
SHIPITEM04403,SHIP01467,PROD190,144
SHIPITEM04404,SHIP01468,PROD205,12
SHIPITEM04405,SHIP01469,PROD338,52
SHIPITEM04406,SHIP01469,PROD409,31
SHIPITEM04407,SHIP01470,PROD276,74
SHIPITEM04408,SHIP01470,PROD407,59
SHIPITEM04409,SHIP01471,PROD218,64
SHIPITEM04410,SHIP01471,PROD500,131
SHIPITEM04411,SHIP01471,PROD126,140
SHIPITEM04412,SHIP01471,PROD369,40
SHIPITEM04413,SHIP01471,PROD312,67
SHIPITEM04414,SHIP01472,PROD309,132
SHIPITEM04415,SHIP01473,PROD296,6
SHIPITEM04416,SHIP01473,PROD051,33
SHIPITEM04417,SHIP01473,PROD416,115
SHIPITEM04418,SHIP01473,PROD197,89
SHIPITEM04419,SHIP01473,PROD102,28
SHIPITEM04420,SHIP01474,PROD423,52
SHIPITEM04421,SHIP01474,PROD247,31
SHIPITEM04422,SHIP01475,PROD017,58
SHIPITEM04423,SHIP01475,PROD011,89
SHIPITEM04424,SHIP01475,PROD314,135
SHIPITEM04425,SHIP01476,PROD461,18
SHIPITEM04426,SHIP01476,PROD096,94
SHIPITEM04427,SHIP01476,PROD006,88
SHIPITEM04428,SHIP01477,PROD454,32
SHIPITEM04429,SHIP01478,PROD007,88
SHIPITEM04430,SHIP01478,PROD465,52
SHIPITEM04431,SHIP01478,PROD030,72
SHIPITEM04432,SHIP01478,PROD335,41
SHIPITEM04433,SHIP01479,PROD136,56
SHIPITEM04434,SHIP01479,PROD451,55
SHIPITEM04435,SHIP01480,PROD331,26
SHIPITEM04436,SHIP01480,PROD401,49
SHIPITEM04437,SHIP01481,PROD170,56
SHIPITEM04438,SHIP01481,PROD264,68
SHIPITEM04439,SHIP01482,PROD038,130
SHIPITEM04440,SHIP01482,PROD123,113
SHIPITEM04441,SHIP01482,PROD070,8
SHIPITEM04442,SHIP01482,PROD072,70
SHIPITEM04443,SHIP01483,PROD135,132
SHIPITEM04444,SHIP01483,PROD153,63
SHIPITEM04445,SHIP01484,PROD062,12
SHIPITEM04446,SHIP01484,PROD430,118
SHIPITEM04447,SHIP01485,PROD414,147
SHIPITEM04448,SHIP01486,PROD271,83
SHIPITEM04449,SHIP01487,PROD327,53
SHIPITEM04450,SHIP01488,PROD153,61
SHIPITEM04451,SHIP01489,PROD038,16
SHIPITEM04452,SHIP01489,PROD260,55
SHIPITEM04453,SHIP01489,PROD390,55
SHIPITEM04454,SHIP01489,PROD486,107
SHIPITEM04455,SHIP01490,PROD247,11
SHIPITEM04456,SHIP01490,PROD362,112
SHIPITEM04457,SHIP01490,PROD168,10
SHIPITEM04458,SHIP01491,PROD476,33
SHIPITEM04459,SHIP01491,PROD192,106
SHIPITEM04460,SHIP01491,PROD050,65
SHIPITEM04461,SHIP01491,PROD460,127
SHIPITEM04462,SHIP01491,PROD483,147
SHIPITEM04463,SHIP01491,PROD403,78
SHIPITEM04464,SHIP01492,PROD489,110
SHIPITEM04465,SHIP01492,PROD121,48
SHIPITEM04466,SHIP01493,PROD126,37
SHIPITEM04467,SHIP01493,PROD137,115
SHIPITEM04468,SHIP01493,PROD340,5
SHIPITEM04469,SHIP01494,PROD474,38
SHIPITEM04470,SHIP01494,PROD066,120
SHIPITEM04471,SHIP01494,PROD206,39
SHIPITEM04472,SHIP01494,PROD456,137
SHIPITEM04473,SHIP01495,PROD155,130
SHIPITEM04474,SHIP01495,PROD382,89
SHIPITEM04475,SHIP01495,PROD008,25
SHIPITEM04476,SHIP01495,PROD009,22
SHIPITEM04477,SHIP01495,PROD301,5
SHIPITEM04478,SHIP01495,PROD367,52
SHIPITEM04479,SHIP01496,PROD295,110
SHIPITEM04480,SHIP01496,PROD399,95
SHIPITEM04481,SHIP01497,PROD471,95
SHIPITEM04482,SHIP01497,PROD184,139
SHIPITEM04483,SHIP01497,PROD324,28
SHIPITEM04484,SHIP01497,PROD195,118
SHIPITEM04485,SHIP01497,PROD141,21
SHIPITEM04486,SHIP01497,PROD460,58
SHIPITEM04487,SHIP01497,PROD380,14
SHIPITEM04488,SHIP01498,PROD402,49
SHIPITEM04489,SHIP01498,PROD288,47
SHIPITEM04490,SHIP01498,PROD150,32
SHIPITEM04491,SHIP01498,PROD153,59
SHIPITEM04492,SHIP01499,PROD066,63
SHIPITEM04493,SHIP01499,PROD048,14
SHIPITEM04494,SHIP01499,PROD395,20
SHIPITEM04495,SHIP01499,PROD125,17
SHIPITEM04496,SHIP01500,PROD170,5
SHIPITEM04497,SHIP01500,PROD193,53
SHIPITEM04498,SHIP01501,PROD350,133
SHIPITEM04499,SHIP01501,PROD001,130
SHIPITEM04500,SHIP01501,PROD298,51
SHIPITEM04501,SHIP01501,PROD174,11
SHIPITEM04502,SHIP01502,PROD079,10
SHIPITEM04503,SHIP01502,PROD026,49
SHIPITEM04504,SHIP01503,PROD043,6
SHIPITEM04505,SHIP01503,PROD262,116
SHIPITEM04506,SHIP01503,PROD222,46
SHIPITEM04507,SHIP01504,PROD124,127
SHIPITEM04508,SHIP01504,PROD270,77
SHIPITEM04509,SHIP01505,PROD180,63
SHIPITEM04510,SHIP01506,PROD484,110
SHIPITEM04511,SHIP01506,PROD250,65
SHIPITEM04512,SHIP01507,PROD196,63
SHIPITEM04513,SHIP01507,PROD392,52
SHIPITEM04514,SHIP01508,PROD226,103
SHIPITEM04515,SHIP01508,PROD463,129
SHIPITEM04516,SHIP01509,PROD046,29
SHIPITEM04517,SHIP01509,PROD119,75
SHIPITEM04518,SHIP01510,PROD186,105
SHIPITEM04519,SHIP01510,PROD398,84
SHIPITEM04520,SHIP01511,PROD429,12
SHIPITEM04521,SHIP01511,PROD153,31
SHIPITEM04522,SHIP01512,PROD358,84
SHIPITEM04523,SHIP01512,PROD288,46
SHIPITEM04524,SHIP01513,PROD400,31
SHIPITEM04525,SHIP01513,PROD104,136
SHIPITEM04526,SHIP01513,PROD369,70
SHIPITEM04527,SHIP01513,PROD472,52
SHIPITEM04528,SHIP01513,PROD237,142
SHIPITEM04529,SHIP01514,PROD322,134
SHIPITEM04530,SHIP01514,PROD273,98
SHIPITEM04531,SHIP01515,PROD094,144
SHIPITEM04532,SHIP01515,PROD338,90
SHIPITEM04533,SHIP01516,PROD423,28
SHIPITEM04534,SHIP01516,PROD147,108
SHIPITEM04535,SHIP01516,PROD329,73
SHIPITEM04536,SHIP01517,PROD048,99
SHIPITEM04537,SHIP01518,PROD277,127
SHIPITEM04538,SHIP01518,PROD471,13
SHIPITEM04539,SHIP01519,PROD266,8
SHIPITEM04540,SHIP01519,PROD238,66
SHIPITEM04541,SHIP01520,PROD342,145
SHIPITEM04542,SHIP01520,PROD281,145
SHIPITEM04543,SHIP01521,PROD437,7
SHIPITEM04544,SHIP01521,PROD186,39
SHIPITEM04545,SHIP01521,PROD317,22
SHIPITEM04546,SHIP01521,PROD136,110
SHIPITEM04547,SHIP01522,PROD283,63
SHIPITEM04548,SHIP01522,PROD036,92
SHIPITEM04549,SHIP01523,PROD074,78
SHIPITEM04550,SHIP01523,PROD139,115
SHIPITEM04551,SHIP01524,PROD187,98
SHIPITEM04552,SHIP01524,PROD211,130
SHIPITEM04553,SHIP01524,PROD063,120
SHIPITEM04554,SHIP01525,PROD338,26
SHIPITEM04555,SHIP01525,PROD177,127
SHIPITEM04556,SHIP01525,PROD436,38
SHIPITEM04557,SHIP01526,PROD234,52
SHIPITEM04558,SHIP01526,PROD476,124
SHIPITEM04559,SHIP01527,PROD136,76
SHIPITEM04560,SHIP01528,PROD116,133
SHIPITEM04561,SHIP01528,PROD206,78
SHIPITEM04562,SHIP01528,PROD029,79
SHIPITEM04563,SHIP01528,PROD215,132
SHIPITEM04564,SHIP01529,PROD357,21
SHIPITEM04565,SHIP01529,PROD251,45
SHIPITEM04566,SHIP01529,PROD158,103
SHIPITEM04567,SHIP01529,PROD003,12
SHIPITEM04568,SHIP01530,PROD028,119
SHIPITEM04569,SHIP01530,PROD012,21
SHIPITEM04570,SHIP01530,PROD372,32
SHIPITEM04571,SHIP01530,PROD500,11
SHIPITEM04572,SHIP01531,PROD457,135
SHIPITEM04573,SHIP01531,PROD392,106
SHIPITEM04574,SHIP01531,PROD075,149
SHIPITEM04575,SHIP01531,PROD398,135
SHIPITEM04576,SHIP01531,PROD100,9
SHIPITEM04577,SHIP01531,PROD485,20
SHIPITEM04578,SHIP01531,PROD183,143
SHIPITEM04579,SHIP01532,PROD269,143
SHIPITEM04580,SHIP01532,PROD154,84
SHIPITEM04581,SHIP01533,PROD038,75
SHIPITEM04582,SHIP01533,PROD359,49
SHIPITEM04583,SHIP01533,PROD035,41
SHIPITEM04584,SHIP01533,PROD093,110
SHIPITEM04585,SHIP01534,PROD128,51
SHIPITEM04586,SHIP01534,PROD403,35
SHIPITEM04587,SHIP01534,PROD285,126
SHIPITEM04588,SHIP01535,PROD422,24
SHIPITEM04589,SHIP01535,PROD074,147
SHIPITEM04590,SHIP01535,PROD353,110
SHIPITEM04591,SHIP01536,PROD409,109
SHIPITEM04592,SHIP01537,PROD363,147
SHIPITEM04593,SHIP01537,PROD190,106
SHIPITEM04594,SHIP01537,PROD300,62
SHIPITEM04595,SHIP01537,PROD149,120
SHIPITEM04596,SHIP01537,PROD351,147
SHIPITEM04597,SHIP01537,PROD456,125
SHIPITEM04598,SHIP01538,PROD172,33
SHIPITEM04599,SHIP01538,PROD302,25
SHIPITEM04600,SHIP01538,PROD371,138
SHIPITEM04601,SHIP01538,PROD228,128
SHIPITEM04602,SHIP01538,PROD474,38
SHIPITEM04603,SHIP01539,PROD375,9
SHIPITEM04604,SHIP01539,PROD228,115
SHIPITEM04605,SHIP01540,PROD134,110
SHIPITEM04606,SHIP01540,PROD487,118
SHIPITEM04607,SHIP01540,PROD228,59
SHIPITEM04608,SHIP01540,PROD079,47
SHIPITEM04609,SHIP01541,PROD120,21
SHIPITEM04610,SHIP01541,PROD214,91
SHIPITEM04611,SHIP01542,PROD205,17
SHIPITEM04612,SHIP01542,PROD158,128
SHIPITEM04613,SHIP01543,PROD500,50
SHIPITEM04614,SHIP01543,PROD323,142
SHIPITEM04615,SHIP01543,PROD423,44
SHIPITEM04616,SHIP01544,PROD158,87
SHIPITEM04617,SHIP01545,PROD433,76
SHIPITEM04618,SHIP01546,PROD176,32
SHIPITEM04619,SHIP01546,PROD308,38
SHIPITEM04620,SHIP01547,PROD339,74
SHIPITEM04621,SHIP01547,PROD350,48
SHIPITEM04622,SHIP01547,PROD043,25
SHIPITEM04623,SHIP01548,PROD436,92
SHIPITEM04624,SHIP01548,PROD438,35
SHIPITEM04625,SHIP01548,PROD131,69
SHIPITEM04626,SHIP01549,PROD177,19
SHIPITEM04627,SHIP01549,PROD032,139
SHIPITEM04628,SHIP01550,PROD302,37
SHIPITEM04629,SHIP01551,PROD129,82
SHIPITEM04630,SHIP01551,PROD355,40
SHIPITEM04631,SHIP01551,PROD398,144
SHIPITEM04632,SHIP01551,PROD039,53
SHIPITEM04633,SHIP01551,PROD185,77
SHIPITEM04634,SHIP01552,PROD181,39
SHIPITEM04635,SHIP01552,PROD426,118
SHIPITEM04636,SHIP01553,PROD332,24
SHIPITEM04637,SHIP01553,PROD373,75
SHIPITEM04638,SHIP01554,PROD074,106
SHIPITEM04639,SHIP01554,PROD119,32
SHIPITEM04640,SHIP01555,PROD400,84
SHIPITEM04641,SHIP01555,PROD446,49
SHIPITEM04642,SHIP01555,PROD068,51
SHIPITEM04643,SHIP01556,PROD235,25
SHIPITEM04644,SHIP01556,PROD301,31
SHIPITEM04645,SHIP01556,PROD495,122
SHIPITEM04646,SHIP01556,PROD366,20
SHIPITEM04647,SHIP01556,PROD395,14
SHIPITEM04648,SHIP01556,PROD078,98
SHIPITEM04649,SHIP01557,PROD007,11
SHIPITEM04650,SHIP01557,PROD319,29
SHIPITEM04651,SHIP01558,PROD088,14
SHIPITEM04652,SHIP01558,PROD431,149
SHIPITEM04653,SHIP01559,PROD228,74
SHIPITEM04654,SHIP01559,PROD397,55
SHIPITEM04655,SHIP01559,PROD018,28
SHIPITEM04656,SHIP01560,PROD407,130
SHIPITEM04657,SHIP01560,PROD312,36
SHIPITEM04658,SHIP01560,PROD418,125
SHIPITEM04659,SHIP01561,PROD458,28
SHIPITEM04660,SHIP01561,PROD335,99
SHIPITEM04661,SHIP01561,PROD498,109
SHIPITEM04662,SHIP01561,PROD206,66
SHIPITEM04663,SHIP01561,PROD356,113
SHIPITEM04664,SHIP01562,PROD343,91
SHIPITEM04665,SHIP01562,PROD198,9
SHIPITEM04666,SHIP01562,PROD326,77
SHIPITEM04667,SHIP01563,PROD003,111
SHIPITEM04668,SHIP01563,PROD393,45
SHIPITEM04669,SHIP01564,PROD324,129
SHIPITEM04670,SHIP01564,PROD338,84
SHIPITEM04671,SHIP01565,PROD491,24
SHIPITEM04672,SHIP01565,PROD494,23
SHIPITEM04673,SHIP01565,PROD241,56
SHIPITEM04674,SHIP01566,PROD395,78
SHIPITEM04675,SHIP01567,PROD487,41
SHIPITEM04676,SHIP01567,PROD061,130
SHIPITEM04677,SHIP01567,PROD048,18
SHIPITEM04678,SHIP01567,PROD356,116
SHIPITEM04679,SHIP01568,PROD246,140
SHIPITEM04680,SHIP01568,PROD453,57
SHIPITEM04681,SHIP01568,PROD451,150
SHIPITEM04682,SHIP01569,PROD311,15
SHIPITEM04683,SHIP01569,PROD366,58
SHIPITEM04684,SHIP01569,PROD046,62
SHIPITEM04685,SHIP01569,PROD010,126
SHIPITEM04686,SHIP01569,PROD123,34
SHIPITEM04687,SHIP01570,PROD367,107
SHIPITEM04688,SHIP01570,PROD001,117
SHIPITEM04689,SHIP01570,PROD083,18
SHIPITEM04690,SHIP01570,PROD316,114
SHIPITEM04691,SHIP01570,PROD237,70
SHIPITEM04692,SHIP01571,PROD389,86
SHIPITEM04693,SHIP01571,PROD016,128
SHIPITEM04694,SHIP01571,PROD360,117
SHIPITEM04695,SHIP01572,PROD493,44
SHIPITEM04696,SHIP01572,PROD007,105
SHIPITEM04697,SHIP01572,PROD197,10
SHIPITEM04698,SHIP01572,PROD300,16
SHIPITEM04699,SHIP01572,PROD380,93
SHIPITEM04700,SHIP01573,PROD178,14
SHIPITEM04701,SHIP01573,PROD251,147
SHIPITEM04702,SHIP01573,PROD144,133
SHIPITEM04703,SHIP01574,PROD158,81
SHIPITEM04704,SHIP01574,PROD136,79
SHIPITEM04705,SHIP01575,PROD430,143
SHIPITEM04706,SHIP01575,PROD067,51
SHIPITEM04707,SHIP01575,PROD162,67
SHIPITEM04708,SHIP01576,PROD201,57
SHIPITEM04709,SHIP01576,PROD117,67
SHIPITEM04710,SHIP01576,PROD236,142
SHIPITEM04711,SHIP01577,PROD052,136
SHIPITEM04712,SHIP01577,PROD254,149
SHIPITEM04713,SHIP01577,PROD246,16
SHIPITEM04714,SHIP01577,PROD317,77
SHIPITEM04715,SHIP01578,PROD045,18
SHIPITEM04716,SHIP01579,PROD162,95
SHIPITEM04717,SHIP01579,PROD483,12
SHIPITEM04718,SHIP01579,PROD306,123
SHIPITEM04719,SHIP01580,PROD344,114
SHIPITEM04720,SHIP01580,PROD135,134
SHIPITEM04721,SHIP01580,PROD264,124
SHIPITEM04722,SHIP01581,PROD031,128
SHIPITEM04723,SHIP01582,PROD075,32
SHIPITEM04724,SHIP01582,PROD410,19
SHIPITEM04725,SHIP01583,PROD056,139
SHIPITEM04726,SHIP01583,PROD060,40
SHIPITEM04727,SHIP01583,PROD143,34
SHIPITEM04728,SHIP01584,PROD294,135
SHIPITEM04729,SHIP01584,PROD496,76
SHIPITEM04730,SHIP01584,PROD463,123
SHIPITEM04731,SHIP01584,PROD493,54
SHIPITEM04732,SHIP01585,PROD198,70
SHIPITEM04733,SHIP01585,PROD470,105
SHIPITEM04734,SHIP01585,PROD498,7
SHIPITEM04735,SHIP01586,PROD314,64
SHIPITEM04736,SHIP01586,PROD219,138
SHIPITEM04737,SHIP01586,PROD019,44
SHIPITEM04738,SHIP01586,PROD114,42
SHIPITEM04739,SHIP01586,PROD459,58
SHIPITEM04740,SHIP01587,PROD123,88
SHIPITEM04741,SHIP01587,PROD192,132
SHIPITEM04742,SHIP01587,PROD109,39
SHIPITEM04743,SHIP01587,PROD235,124
SHIPITEM04744,SHIP01587,PROD163,14
SHIPITEM04745,SHIP01588,PROD334,142
SHIPITEM04746,SHIP01588,PROD034,118
SHIPITEM04747,SHIP01588,PROD487,43
SHIPITEM04748,SHIP01588,PROD279,16
SHIPITEM04749,SHIP01588,PROD437,109
SHIPITEM04750,SHIP01589,PROD208,124
SHIPITEM04751,SHIP01589,PROD250,144
SHIPITEM04752,SHIP01589,PROD483,134
SHIPITEM04753,SHIP01590,PROD321,133
SHIPITEM04754,SHIP01590,PROD131,58
SHIPITEM04755,SHIP01590,PROD419,132
SHIPITEM04756,SHIP01590,PROD488,38
SHIPITEM04757,SHIP01591,PROD218,90
SHIPITEM04758,SHIP01591,PROD109,114
SHIPITEM04759,SHIP01591,PROD067,135
SHIPITEM04760,SHIP01592,PROD225,133
SHIPITEM04761,SHIP01592,PROD159,67
SHIPITEM04762,SHIP01593,PROD384,131
SHIPITEM04763,SHIP01593,PROD034,96
SHIPITEM04764,SHIP01593,PROD291,7
SHIPITEM04765,SHIP01594,PROD369,81
SHIPITEM04766,SHIP01594,PROD452,19
SHIPITEM04767,SHIP01595,PROD002,95
SHIPITEM04768,SHIP01595,PROD046,57
SHIPITEM04769,SHIP01596,PROD386,53
SHIPITEM04770,SHIP01596,PROD185,82
SHIPITEM04771,SHIP01596,PROD356,143
SHIPITEM04772,SHIP01596,PROD273,87
SHIPITEM04773,SHIP01596,PROD108,147
SHIPITEM04774,SHIP01596,PROD190,80
SHIPITEM04775,SHIP01597,PROD036,21
SHIPITEM04776,SHIP01597,PROD142,118
SHIPITEM04777,SHIP01597,PROD469,138
SHIPITEM04778,SHIP01597,PROD470,82
SHIPITEM04779,SHIP01598,PROD015,138
SHIPITEM04780,SHIP01598,PROD051,55
SHIPITEM04781,SHIP01598,PROD397,52
SHIPITEM04782,SHIP01599,PROD497,103
SHIPITEM04783,SHIP01599,PROD061,95
SHIPITEM04784,SHIP01599,PROD495,64
SHIPITEM04785,SHIP01599,PROD359,98
SHIPITEM04786,SHIP01600,PROD424,114
SHIPITEM04787,SHIP01600,PROD304,18
SHIPITEM04788,SHIP01600,PROD098,71
SHIPITEM04789,SHIP01601,PROD478,6
SHIPITEM04790,SHIP01601,PROD298,22
SHIPITEM04791,SHIP01601,PROD011,66
SHIPITEM04792,SHIP01601,PROD133,85
SHIPITEM04793,SHIP01601,PROD380,148
SHIPITEM04794,SHIP01601,PROD411,135
SHIPITEM04795,SHIP01601,PROD349,25
SHIPITEM04796,SHIP01602,PROD367,76
SHIPITEM04797,SHIP01602,PROD096,83
SHIPITEM04798,SHIP01603,PROD160,84
SHIPITEM04799,SHIP01603,PROD424,51
SHIPITEM04800,SHIP01603,PROD120,85
SHIPITEM04801,SHIP01604,PROD482,90
SHIPITEM04802,SHIP01604,PROD080,41
SHIPITEM04803,SHIP01604,PROD286,61
SHIPITEM04804,SHIP01604,PROD207,133
SHIPITEM04805,SHIP01605,PROD079,93
SHIPITEM04806,SHIP01605,PROD276,39
SHIPITEM04807,SHIP01605,PROD196,30
SHIPITEM04808,SHIP01605,PROD283,15
SHIPITEM04809,SHIP01606,PROD306,95
SHIPITEM04810,SHIP01606,PROD017,123
SHIPITEM04811,SHIP01606,PROD040,10
SHIPITEM04812,SHIP01606,PROD104,82
SHIPITEM04813,SHIP01606,PROD094,78
SHIPITEM04814,SHIP01606,PROD376,26
SHIPITEM04815,SHIP01606,PROD419,71
SHIPITEM04816,SHIP01607,PROD108,9
SHIPITEM04817,SHIP01607,PROD408,51
SHIPITEM04818,SHIP01608,PROD268,98
SHIPITEM04819,SHIP01608,PROD286,88
SHIPITEM04820,SHIP01609,PROD311,73
SHIPITEM04821,SHIP01609,PROD251,48
SHIPITEM04822,SHIP01610,PROD184,39
SHIPITEM04823,SHIP01610,PROD182,105
SHIPITEM04824,SHIP01610,PROD023,45
SHIPITEM04825,SHIP01611,PROD057,65
SHIPITEM04826,SHIP01611,PROD137,86
SHIPITEM04827,SHIP01611,PROD389,60
SHIPITEM04828,SHIP01611,PROD347,97
SHIPITEM04829,SHIP01612,PROD309,8
SHIPITEM04830,SHIP01612,PROD431,125
SHIPITEM04831,SHIP01612,PROD063,20
SHIPITEM04832,SHIP01612,PROD239,68
SHIPITEM04833,SHIP01612,PROD083,116
SHIPITEM04834,SHIP01613,PROD258,126
SHIPITEM04835,SHIP01613,PROD308,54
SHIPITEM04836,SHIP01613,PROD401,104
SHIPITEM04837,SHIP01613,PROD105,61
SHIPITEM04838,SHIP01614,PROD458,128
SHIPITEM04839,SHIP01614,PROD334,56
SHIPITEM04840,SHIP01614,PROD094,124
SHIPITEM04841,SHIP01614,PROD242,77
SHIPITEM04842,SHIP01614,PROD470,143
SHIPITEM04843,SHIP01615,PROD155,141
SHIPITEM04844,SHIP01615,PROD141,9
SHIPITEM04845,SHIP01615,PROD280,96
SHIPITEM04846,SHIP01615,PROD254,43
SHIPITEM04847,SHIP01616,PROD026,20
SHIPITEM04848,SHIP01616,PROD292,47
SHIPITEM04849,SHIP01616,PROD012,92
SHIPITEM04850,SHIP01617,PROD262,123
SHIPITEM04851,SHIP01617,PROD079,55
SHIPITEM04852,SHIP01617,PROD166,33
SHIPITEM04853,SHIP01618,PROD016,64
SHIPITEM04854,SHIP01619,PROD178,98
SHIPITEM04855,SHIP01619,PROD155,64
SHIPITEM04856,SHIP01619,PROD022,56
SHIPITEM04857,SHIP01619,PROD439,69
SHIPITEM04858,SHIP01619,PROD401,5
SHIPITEM04859,SHIP01620,PROD498,122
SHIPITEM04860,SHIP01620,PROD408,144
SHIPITEM04861,SHIP01620,PROD429,97
SHIPITEM04862,SHIP01621,PROD320,55
SHIPITEM04863,SHIP01621,PROD458,132
SHIPITEM04864,SHIP01621,PROD369,22
SHIPITEM04865,SHIP01621,PROD118,142
SHIPITEM04866,SHIP01622,PROD011,22
SHIPITEM04867,SHIP01622,PROD067,78
SHIPITEM04868,SHIP01622,PROD364,107
SHIPITEM04869,SHIP01623,PROD414,49
SHIPITEM04870,SHIP01623,PROD393,47
SHIPITEM04871,SHIP01623,PROD342,10
SHIPITEM04872,SHIP01623,PROD106,105
SHIPITEM04873,SHIP01624,PROD351,12
SHIPITEM04874,SHIP01624,PROD163,25
SHIPITEM04875,SHIP01625,PROD309,135
SHIPITEM04876,SHIP01625,PROD474,118
SHIPITEM04877,SHIP01626,PROD328,107
SHIPITEM04878,SHIP01626,PROD359,51
SHIPITEM04879,SHIP01626,PROD017,40
SHIPITEM04880,SHIP01626,PROD006,87
SHIPITEM04881,SHIP01627,PROD480,90
SHIPITEM04882,SHIP01627,PROD232,24
SHIPITEM04883,SHIP01627,PROD417,124
SHIPITEM04884,SHIP01627,PROD253,77
SHIPITEM04885,SHIP01628,PROD308,55
SHIPITEM04886,SHIP01628,PROD476,149
SHIPITEM04887,SHIP01628,PROD092,61
SHIPITEM04888,SHIP01629,PROD144,9
SHIPITEM04889,SHIP01629,PROD249,123
SHIPITEM04890,SHIP01630,PROD222,96
SHIPITEM04891,SHIP01630,PROD027,131
SHIPITEM04892,SHIP01631,PROD242,147
SHIPITEM04893,SHIP01631,PROD106,68
SHIPITEM04894,SHIP01631,PROD296,23
SHIPITEM04895,SHIP01631,PROD434,29
SHIPITEM04896,SHIP01632,PROD258,40
SHIPITEM04897,SHIP01632,PROD442,26
SHIPITEM04898,SHIP01632,PROD082,136
SHIPITEM04899,SHIP01633,PROD005,44
SHIPITEM04900,SHIP01633,PROD057,79
SHIPITEM04901,SHIP01633,PROD222,70
SHIPITEM04902,SHIP01633,PROD488,73
SHIPITEM04903,SHIP01634,PROD043,8
SHIPITEM04904,SHIP01634,PROD111,67
SHIPITEM04905,SHIP01634,PROD251,71
SHIPITEM04906,SHIP01635,PROD244,62
SHIPITEM04907,SHIP01635,PROD267,36
SHIPITEM04908,SHIP01635,PROD166,86
SHIPITEM04909,SHIP01636,PROD234,66
SHIPITEM04910,SHIP01636,PROD326,149
SHIPITEM04911,SHIP01636,PROD150,67
SHIPITEM04912,SHIP01637,PROD052,102
SHIPITEM04913,SHIP01638,PROD470,11
SHIPITEM04914,SHIP01638,PROD277,110
SHIPITEM04915,SHIP01639,PROD068,106
SHIPITEM04916,SHIP01639,PROD378,20
SHIPITEM04917,SHIP01639,PROD386,119
SHIPITEM04918,SHIP01639,PROD254,45
SHIPITEM04919,SHIP01639,PROD315,95
SHIPITEM04920,SHIP01639,PROD172,20
SHIPITEM04921,SHIP01639,PROD257,53
SHIPITEM04922,SHIP01639,PROD481,53
SHIPITEM04923,SHIP01639,PROD325,61
SHIPITEM04924,SHIP01640,PROD416,52
SHIPITEM04925,SHIP01640,PROD214,41
SHIPITEM04926,SHIP01640,PROD395,8
SHIPITEM04927,SHIP01640,PROD281,87
SHIPITEM04928,SHIP01641,PROD173,46
SHIPITEM04929,SHIP01641,PROD405,147
SHIPITEM04930,SHIP01642,PROD264,119
SHIPITEM04931,SHIP01642,PROD163,86
SHIPITEM04932,SHIP01642,PROD422,43
SHIPITEM04933,SHIP01642,PROD420,62
SHIPITEM04934,SHIP01643,PROD108,35
SHIPITEM04935,SHIP01643,PROD282,139
SHIPITEM04936,SHIP01643,PROD080,110
SHIPITEM04937,SHIP01643,PROD058,49
SHIPITEM04938,SHIP01644,PROD066,100
SHIPITEM04939,SHIP01645,PROD025,105
SHIPITEM04940,SHIP01645,PROD451,49
SHIPITEM04941,SHIP01645,PROD289,81
SHIPITEM04942,SHIP01645,PROD387,51
SHIPITEM04943,SHIP01646,PROD330,130
SHIPITEM04944,SHIP01646,PROD314,9
SHIPITEM04945,SHIP01646,PROD256,126
SHIPITEM04946,SHIP01646,PROD391,10
SHIPITEM04947,SHIP01647,PROD037,89
SHIPITEM04948,SHIP01647,PROD183,39
SHIPITEM04949,SHIP01647,PROD184,129
SHIPITEM04950,SHIP01648,PROD292,31
SHIPITEM04951,SHIP01649,PROD419,82
SHIPITEM04952,SHIP01649,PROD291,34
SHIPITEM04953,SHIP01650,PROD166,17
SHIPITEM04954,SHIP01650,PROD136,116
SHIPITEM04955,SHIP01650,PROD433,87
SHIPITEM04956,SHIP01651,PROD381,19
SHIPITEM04957,SHIP01651,PROD426,133
SHIPITEM04958,SHIP01651,PROD076,138
SHIPITEM04959,SHIP01651,PROD312,104
SHIPITEM04960,SHIP01651,PROD154,114
SHIPITEM04961,SHIP01652,PROD445,19
SHIPITEM04962,SHIP01652,PROD437,8
SHIPITEM04963,SHIP01652,PROD228,117
SHIPITEM04964,SHIP01653,PROD415,8
SHIPITEM04965,SHIP01653,PROD007,111
SHIPITEM04966,SHIP01654,PROD468,100
SHIPITEM04967,SHIP01654,PROD098,99
SHIPITEM04968,SHIP01654,PROD059,115
SHIPITEM04969,SHIP01655,PROD059,55
SHIPITEM04970,SHIP01655,PROD451,99
SHIPITEM04971,SHIP01655,PROD211,45
SHIPITEM04972,SHIP01656,PROD497,12
SHIPITEM04973,SHIP01656,PROD400,120
SHIPITEM04974,SHIP01656,PROD182,116
SHIPITEM04975,SHIP01657,PROD296,86
SHIPITEM04976,SHIP01657,PROD050,100
SHIPITEM04977,SHIP01658,PROD239,97
SHIPITEM04978,SHIP01658,PROD252,35
SHIPITEM04979,SHIP01658,PROD484,83
SHIPITEM04980,SHIP01659,PROD255,80
SHIPITEM04981,SHIP01659,PROD381,42
SHIPITEM04982,SHIP01660,PROD099,125
SHIPITEM04983,SHIP01660,PROD400,59
SHIPITEM04984,SHIP01661,PROD155,66
SHIPITEM04985,SHIP01661,PROD165,50
SHIPITEM04986,SHIP01661,PROD096,67
SHIPITEM04987,SHIP01662,PROD148,13
SHIPITEM04988,SHIP01662,PROD069,72
SHIPITEM04989,SHIP01663,PROD368,61
SHIPITEM04990,SHIP01663,PROD294,135
SHIPITEM04991,SHIP01663,PROD168,79
SHIPITEM04992,SHIP01664,PROD354,110
SHIPITEM04993,SHIP01664,PROD262,115
SHIPITEM04994,SHIP01664,PROD156,7
SHIPITEM04995,SHIP01665,PROD333,58
SHIPITEM04996,SHIP01665,PROD138,60
SHIPITEM04997,SHIP01665,PROD306,64
SHIPITEM04998,SHIP01665,PROD027,29
SHIPITEM04999,SHIP01666,PROD019,96
SHIPITEM05000,SHIP01666,PROD465,126
SHIPITEM05001,SHIP01667,PROD231,27
SHIPITEM05002,SHIP01667,PROD104,23
SHIPITEM05003,SHIP01668,PROD442,49
SHIPITEM05004,SHIP01668,PROD496,65
SHIPITEM05005,SHIP01668,PROD212,133
SHIPITEM05006,SHIP01668,PROD351,114
SHIPITEM05007,SHIP01669,PROD485,101
SHIPITEM05008,SHIP01669,PROD014,24
SHIPITEM05009,SHIP01669,PROD404,133
SHIPITEM05010,SHIP01669,PROD050,19
SHIPITEM05011,SHIP01670,PROD225,75
SHIPITEM05012,SHIP01670,PROD416,45
SHIPITEM05013,SHIP01670,PROD298,106
SHIPITEM05014,SHIP01670,PROD390,59
SHIPITEM05015,SHIP01671,PROD182,131
SHIPITEM05016,SHIP01671,PROD151,96
SHIPITEM05017,SHIP01672,PROD267,45
SHIPITEM05018,SHIP01672,PROD116,52
SHIPITEM05019,SHIP01673,PROD415,134
SHIPITEM05020,SHIP01673,PROD281,6
SHIPITEM05021,SHIP01673,PROD458,22
SHIPITEM05022,SHIP01673,PROD035,149
SHIPITEM05023,SHIP01673,PROD084,26
SHIPITEM05024,SHIP01674,PROD295,139
SHIPITEM05025,SHIP01674,PROD432,52
SHIPITEM05026,SHIP01674,PROD353,129
SHIPITEM05027,SHIP01675,PROD303,108
SHIPITEM05028,SHIP01675,PROD173,132
SHIPITEM05029,SHIP01676,PROD419,25
SHIPITEM05030,SHIP01676,PROD204,120
SHIPITEM05031,SHIP01676,PROD224,130
SHIPITEM05032,SHIP01676,PROD063,77
SHIPITEM05033,SHIP01676,PROD080,71
SHIPITEM05034,SHIP01677,PROD231,128
SHIPITEM05035,SHIP01677,PROD147,90
SHIPITEM05036,SHIP01677,PROD110,140
SHIPITEM05037,SHIP01677,PROD486,52
SHIPITEM05038,SHIP01678,PROD075,34
SHIPITEM05039,SHIP01678,PROD474,134
SHIPITEM05040,SHIP01678,PROD276,8
SHIPITEM05041,SHIP01679,PROD352,74
SHIPITEM05042,SHIP01679,PROD188,75
SHIPITEM05043,SHIP01679,PROD181,86
SHIPITEM05044,SHIP01679,PROD258,119
SHIPITEM05045,SHIP01680,PROD135,13
SHIPITEM05046,SHIP01681,PROD476,55
SHIPITEM05047,SHIP01681,PROD293,32
SHIPITEM05048,SHIP01681,PROD043,15
SHIPITEM05049,SHIP01682,PROD256,84
SHIPITEM05050,SHIP01683,PROD222,87
SHIPITEM05051,SHIP01683,PROD129,76
SHIPITEM05052,SHIP01684,PROD029,50
SHIPITEM05053,SHIP01684,PROD122,113
SHIPITEM05054,SHIP01684,PROD271,86
SHIPITEM05055,SHIP01685,PROD231,38
SHIPITEM05056,SHIP01685,PROD095,108
SHIPITEM05057,SHIP01686,PROD463,94
SHIPITEM05058,SHIP01686,PROD336,36
SHIPITEM05059,SHIP01686,PROD491,22
SHIPITEM05060,SHIP01686,PROD477,60
SHIPITEM05061,SHIP01686,PROD018,26
SHIPITEM05062,SHIP01687,PROD226,30
SHIPITEM05063,SHIP01687,PROD369,94
SHIPITEM05064,SHIP01687,PROD487,146
SHIPITEM05065,SHIP01687,PROD222,70
SHIPITEM05066,SHIP01688,PROD466,143
SHIPITEM05067,SHIP01688,PROD478,126
SHIPITEM05068,SHIP01689,PROD123,148
SHIPITEM05069,SHIP01689,PROD062,89
SHIPITEM05070,SHIP01690,PROD388,128
SHIPITEM05071,SHIP01690,PROD112,94
SHIPITEM05072,SHIP01690,PROD088,130
SHIPITEM05073,SHIP01691,PROD227,35
SHIPITEM05074,SHIP01692,PROD138,99
SHIPITEM05075,SHIP01692,PROD424,83
SHIPITEM05076,SHIP01692,PROD274,63
SHIPITEM05077,SHIP01693,PROD137,32
SHIPITEM05078,SHIP01693,PROD267,148
SHIPITEM05079,SHIP01693,PROD433,123
SHIPITEM05080,SHIP01693,PROD490,53
SHIPITEM05081,SHIP01694,PROD161,127
SHIPITEM05082,SHIP01694,PROD070,115
SHIPITEM05083,SHIP01695,PROD336,145
SHIPITEM05084,SHIP01695,PROD442,86
SHIPITEM05085,SHIP01695,PROD385,36
SHIPITEM05086,SHIP01695,PROD200,44
SHIPITEM05087,SHIP01696,PROD277,43
SHIPITEM05088,SHIP01696,PROD417,120
SHIPITEM05089,SHIP01696,PROD423,77
SHIPITEM05090,SHIP01696,PROD205,46
SHIPITEM05091,SHIP01697,PROD318,40
SHIPITEM05092,SHIP01697,PROD436,136
SHIPITEM05093,SHIP01697,PROD062,25
SHIPITEM05094,SHIP01697,PROD201,32
SHIPITEM05095,SHIP01697,PROD063,32
SHIPITEM05096,SHIP01697,PROD022,30
SHIPITEM05097,SHIP01698,PROD365,132
SHIPITEM05098,SHIP01698,PROD459,144
SHIPITEM05099,SHIP01699,PROD244,17
SHIPITEM05100,SHIP01699,PROD154,100
SHIPITEM05101,SHIP01699,PROD262,39
SHIPITEM05102,SHIP01700,PROD002,16
SHIPITEM05103,SHIP01700,PROD066,132
SHIPITEM05104,SHIP01701,PROD486,25
SHIPITEM05105,SHIP01701,PROD029,111
SHIPITEM05106,SHIP01702,PROD067,21
SHIPITEM05107,SHIP01702,PROD297,18
SHIPITEM05108,SHIP01702,PROD162,120
SHIPITEM05109,SHIP01702,PROD264,127
SHIPITEM05110,SHIP01702,PROD484,33
SHIPITEM05111,SHIP01703,PROD251,70
SHIPITEM05112,SHIP01703,PROD445,21
SHIPITEM05113,SHIP01703,PROD383,108
SHIPITEM05114,SHIP01704,PROD137,145
SHIPITEM05115,SHIP01704,PROD281,139
SHIPITEM05116,SHIP01704,PROD174,143
SHIPITEM05117,SHIP01705,PROD341,78
SHIPITEM05118,SHIP01705,PROD070,92
SHIPITEM05119,SHIP01706,PROD260,79
SHIPITEM05120,SHIP01706,PROD262,95
SHIPITEM05121,SHIP01706,PROD207,61
SHIPITEM05122,SHIP01707,PROD055,111
SHIPITEM05123,SHIP01707,PROD089,89
SHIPITEM05124,SHIP01708,PROD486,118
SHIPITEM05125,SHIP01708,PROD494,65
SHIPITEM05126,SHIP01709,PROD162,74
SHIPITEM05127,SHIP01709,PROD430,28
SHIPITEM05128,SHIP01710,PROD466,27
SHIPITEM05129,SHIP01710,PROD094,25
SHIPITEM05130,SHIP01711,PROD284,137
SHIPITEM05131,SHIP01711,PROD212,99
SHIPITEM05132,SHIP01712,PROD153,92
SHIPITEM05133,SHIP01712,PROD167,111
SHIPITEM05134,SHIP01712,PROD494,130
SHIPITEM05135,SHIP01712,PROD492,129
SHIPITEM05136,SHIP01712,PROD270,21
SHIPITEM05137,SHIP01713,PROD429,146
SHIPITEM05138,SHIP01713,PROD384,51
SHIPITEM05139,SHIP01714,PROD091,82
SHIPITEM05140,SHIP01715,PROD272,126
SHIPITEM05141,SHIP01715,PROD448,7
SHIPITEM05142,SHIP01715,PROD267,9
SHIPITEM05143,SHIP01716,PROD108,50
SHIPITEM05144,SHIP01716,PROD202,88
SHIPITEM05145,SHIP01716,PROD094,141
SHIPITEM05146,SHIP01716,PROD244,108
SHIPITEM05147,SHIP01716,PROD472,35
SHIPITEM05148,SHIP01717,PROD132,145
SHIPITEM05149,SHIP01717,PROD006,74
SHIPITEM05150,SHIP01718,PROD133,84
SHIPITEM05151,SHIP01718,PROD080,124
SHIPITEM05152,SHIP01718,PROD212,34
SHIPITEM05153,SHIP01718,PROD059,48
SHIPITEM05154,SHIP01718,PROD178,22
SHIPITEM05155,SHIP01718,PROD324,101
SHIPITEM05156,SHIP01719,PROD323,66
SHIPITEM05157,SHIP01719,PROD099,52
SHIPITEM05158,SHIP01720,PROD444,62
SHIPITEM05159,SHIP01720,PROD331,116
SHIPITEM05160,SHIP01720,PROD347,146
SHIPITEM05161,SHIP01720,PROD314,93
SHIPITEM05162,SHIP01721,PROD146,143
SHIPITEM05163,SHIP01722,PROD326,96
SHIPITEM05164,SHIP01722,PROD431,45
SHIPITEM05165,SHIP01723,PROD130,115
SHIPITEM05166,SHIP01723,PROD349,65
SHIPITEM05167,SHIP01723,PROD192,147
SHIPITEM05168,SHIP01724,PROD201,120
SHIPITEM05169,SHIP01724,PROD032,78
SHIPITEM05170,SHIP01725,PROD497,138
SHIPITEM05171,SHIP01725,PROD313,36
SHIPITEM05172,SHIP01726,PROD100,114
SHIPITEM05173,SHIP01726,PROD406,18
SHIPITEM05174,SHIP01726,PROD312,84
SHIPITEM05175,SHIP01727,PROD004,79
SHIPITEM05176,SHIP01728,PROD493,100
SHIPITEM05177,SHIP01728,PROD285,137
SHIPITEM05178,SHIP01728,PROD134,58
SHIPITEM05179,SHIP01728,PROD202,56
SHIPITEM05180,SHIP01729,PROD048,97
SHIPITEM05181,SHIP01729,PROD230,54
SHIPITEM05182,SHIP01729,PROD474,134
SHIPITEM05183,SHIP01729,PROD222,74
SHIPITEM05184,SHIP01729,PROD281,74
SHIPITEM05185,SHIP01729,PROD401,10
SHIPITEM05186,SHIP01729,PROD365,138
SHIPITEM05187,SHIP01730,PROD498,125
SHIPITEM05188,SHIP01730,PROD076,120
SHIPITEM05189,SHIP01731,PROD255,23
SHIPITEM05190,SHIP01731,PROD500,81
SHIPITEM05191,SHIP01731,PROD235,5
SHIPITEM05192,SHIP01731,PROD382,11
SHIPITEM05193,SHIP01731,PROD496,77
SHIPITEM05194,SHIP01732,PROD271,143
SHIPITEM05195,SHIP01732,PROD255,30
SHIPITEM05196,SHIP01733,PROD261,139
SHIPITEM05197,SHIP01734,PROD139,98
SHIPITEM05198,SHIP01735,PROD461,13
SHIPITEM05199,SHIP01735,PROD085,28
SHIPITEM05200,SHIP01736,PROD087,88
SHIPITEM05201,SHIP01736,PROD397,69
SHIPITEM05202,SHIP01736,PROD352,148
SHIPITEM05203,SHIP01737,PROD375,40
SHIPITEM05204,SHIP01737,PROD483,33
SHIPITEM05205,SHIP01737,PROD469,98
SHIPITEM05206,SHIP01737,PROD042,84
SHIPITEM05207,SHIP01738,PROD288,126
SHIPITEM05208,SHIP01738,PROD055,150
SHIPITEM05209,SHIP01739,PROD216,16
SHIPITEM05210,SHIP01739,PROD465,30
SHIPITEM05211,SHIP01739,PROD304,124
SHIPITEM05212,SHIP01740,PROD330,89
SHIPITEM05213,SHIP01740,PROD027,63
SHIPITEM05214,SHIP01741,PROD064,65
SHIPITEM05215,SHIP01741,PROD307,102
SHIPITEM05216,SHIP01741,PROD325,63
SHIPITEM05217,SHIP01742,PROD413,109
SHIPITEM05218,SHIP01742,PROD404,91
SHIPITEM05219,SHIP01743,PROD462,60
SHIPITEM05220,SHIP01743,PROD463,109
SHIPITEM05221,SHIP01744,PROD366,19
SHIPITEM05222,SHIP01744,PROD358,93
SHIPITEM05223,SHIP01745,PROD302,47
SHIPITEM05224,SHIP01745,PROD021,106
SHIPITEM05225,SHIP01745,PROD401,126
SHIPITEM05226,SHIP01746,PROD402,75
SHIPITEM05227,SHIP01746,PROD429,7
SHIPITEM05228,SHIP01747,PROD030,68
SHIPITEM05229,SHIP01747,PROD260,11
SHIPITEM05230,SHIP01748,PROD025,122
SHIPITEM05231,SHIP01748,PROD008,70
SHIPITEM05232,SHIP01748,PROD381,20
SHIPITEM05233,SHIP01748,PROD250,125
SHIPITEM05234,SHIP01749,PROD389,71
SHIPITEM05235,SHIP01749,PROD196,43
SHIPITEM05236,SHIP01749,PROD139,85
SHIPITEM05237,SHIP01750,PROD127,141
SHIPITEM05238,SHIP01750,PROD130,133
SHIPITEM05239,SHIP01751,PROD280,6
SHIPITEM05240,SHIP01751,PROD031,37
SHIPITEM05241,SHIP01752,PROD217,97
SHIPITEM05242,SHIP01752,PROD141,56
SHIPITEM05243,SHIP01752,PROD200,22
SHIPITEM05244,SHIP01753,PROD456,112
SHIPITEM05245,SHIP01753,PROD316,39
SHIPITEM05246,SHIP01753,PROD174,126
SHIPITEM05247,SHIP01753,PROD290,72
SHIPITEM05248,SHIP01754,PROD483,36
SHIPITEM05249,SHIP01755,PROD124,78
SHIPITEM05250,SHIP01756,PROD124,92
SHIPITEM05251,SHIP01756,PROD237,52
SHIPITEM05252,SHIP01757,PROD192,63
SHIPITEM05253,SHIP01757,PROD245,21
SHIPITEM05254,SHIP01757,PROD183,102
SHIPITEM05255,SHIP01758,PROD135,64
SHIPITEM05256,SHIP01758,PROD195,65
SHIPITEM05257,SHIP01758,PROD283,37
SHIPITEM05258,SHIP01759,PROD492,76
SHIPITEM05259,SHIP01759,PROD112,139
SHIPITEM05260,SHIP01759,PROD319,31
SHIPITEM05261,SHIP01759,PROD257,35
SHIPITEM05262,SHIP01760,PROD061,128
SHIPITEM05263,SHIP01760,PROD090,83
SHIPITEM05264,SHIP01760,PROD410,137
SHIPITEM05265,SHIP01760,PROD167,35
SHIPITEM05266,SHIP01761,PROD158,18
SHIPITEM05267,SHIP01761,PROD222,101
SHIPITEM05268,SHIP01762,PROD321,6
SHIPITEM05269,SHIP01762,PROD269,139
SHIPITEM05270,SHIP01763,PROD397,68
SHIPITEM05271,SHIP01763,PROD201,106
SHIPITEM05272,SHIP01763,PROD002,18
SHIPITEM05273,SHIP01764,PROD382,59
SHIPITEM05274,SHIP01764,PROD133,91
SHIPITEM05275,SHIP01764,PROD296,6
SHIPITEM05276,SHIP01764,PROD393,107
SHIPITEM05277,SHIP01765,PROD482,135
SHIPITEM05278,SHIP01765,PROD105,39
SHIPITEM05279,SHIP01766,PROD123,91
SHIPITEM05280,SHIP01766,PROD154,120
SHIPITEM05281,SHIP01766,PROD287,112
SHIPITEM05282,SHIP01766,PROD397,147
SHIPITEM05283,SHIP01766,PROD221,33
SHIPITEM05284,SHIP01767,PROD084,5
SHIPITEM05285,SHIP01767,PROD133,30
SHIPITEM05286,SHIP01768,PROD043,87
SHIPITEM05287,SHIP01768,PROD164,83
SHIPITEM05288,SHIP01768,PROD314,58
SHIPITEM05289,SHIP01769,PROD209,7
SHIPITEM05290,SHIP01769,PROD251,6
SHIPITEM05291,SHIP01769,PROD129,78
SHIPITEM05292,SHIP01770,PROD281,77
SHIPITEM05293,SHIP01770,PROD052,22
SHIPITEM05294,SHIP01770,PROD445,34
SHIPITEM05295,SHIP01771,PROD475,62
SHIPITEM05296,SHIP01771,PROD431,112
SHIPITEM05297,SHIP01772,PROD442,72
SHIPITEM05298,SHIP01772,PROD119,15
SHIPITEM05299,SHIP01773,PROD019,123
SHIPITEM05300,SHIP01773,PROD024,52
SHIPITEM05301,SHIP01773,PROD179,64
SHIPITEM05302,SHIP01774,PROD500,34
SHIPITEM05303,SHIP01774,PROD290,134
SHIPITEM05304,SHIP01775,PROD249,111
SHIPITEM05305,SHIP01775,PROD061,145
SHIPITEM05306,SHIP01775,PROD215,21
SHIPITEM05307,SHIP01775,PROD071,124
SHIPITEM05308,SHIP01775,PROD307,90
SHIPITEM05309,SHIP01776,PROD151,38
SHIPITEM05310,SHIP01776,PROD419,68
SHIPITEM05311,SHIP01777,PROD051,60
SHIPITEM05312,SHIP01777,PROD162,48
SHIPITEM05313,SHIP01777,PROD208,82
SHIPITEM05314,SHIP01777,PROD026,131
SHIPITEM05315,SHIP01777,PROD073,83
SHIPITEM05316,SHIP01778,PROD497,150
SHIPITEM05317,SHIP01779,PROD180,23
SHIPITEM05318,SHIP01779,PROD182,63
SHIPITEM05319,SHIP01779,PROD378,124
SHIPITEM05320,SHIP01780,PROD414,122
SHIPITEM05321,SHIP01780,PROD378,143
SHIPITEM05322,SHIP01780,PROD298,9
SHIPITEM05323,SHIP01780,PROD232,148
SHIPITEM05324,SHIP01781,PROD235,62
SHIPITEM05325,SHIP01781,PROD263,60
SHIPITEM05326,SHIP01781,PROD215,116
SHIPITEM05327,SHIP01781,PROD458,61
SHIPITEM05328,SHIP01781,PROD242,82
SHIPITEM05329,SHIP01781,PROD317,89
SHIPITEM05330,SHIP01781,PROD333,130
SHIPITEM05331,SHIP01781,PROD401,52
SHIPITEM05332,SHIP01782,PROD084,20
SHIPITEM05333,SHIP01782,PROD063,82
SHIPITEM05334,SHIP01783,PROD426,71
SHIPITEM05335,SHIP01783,PROD420,111
SHIPITEM05336,SHIP01784,PROD435,63
SHIPITEM05337,SHIP01785,PROD102,78
SHIPITEM05338,SHIP01786,PROD345,39
SHIPITEM05339,SHIP01786,PROD355,76
SHIPITEM05340,SHIP01787,PROD466,76
SHIPITEM05341,SHIP01788,PROD471,147
SHIPITEM05342,SHIP01789,PROD128,23
SHIPITEM05343,SHIP01789,PROD333,110
SHIPITEM05344,SHIP01789,PROD004,75
SHIPITEM05345,SHIP01790,PROD117,107
SHIPITEM05346,SHIP01790,PROD315,38
SHIPITEM05347,SHIP01790,PROD358,34
SHIPITEM05348,SHIP01790,PROD240,33
SHIPITEM05349,SHIP01791,PROD314,14
SHIPITEM05350,SHIP01792,PROD041,82
SHIPITEM05351,SHIP01792,PROD056,136
SHIPITEM05352,SHIP01793,PROD058,42
SHIPITEM05353,SHIP01793,PROD087,69
SHIPITEM05354,SHIP01793,PROD001,78
SHIPITEM05355,SHIP01793,PROD193,21
SHIPITEM05356,SHIP01794,PROD343,25
SHIPITEM05357,SHIP01794,PROD463,92
SHIPITEM05358,SHIP01794,PROD214,9
SHIPITEM05359,SHIP01794,PROD400,99
SHIPITEM05360,SHIP01794,PROD215,131
SHIPITEM05361,SHIP01794,PROD375,89
SHIPITEM05362,SHIP01794,PROD150,103
SHIPITEM05363,SHIP01795,PROD118,69
SHIPITEM05364,SHIP01796,PROD308,29
SHIPITEM05365,SHIP01796,PROD114,71
SHIPITEM05366,SHIP01796,PROD432,64
SHIPITEM05367,SHIP01797,PROD080,107
SHIPITEM05368,SHIP01797,PROD399,67
SHIPITEM05369,SHIP01797,PROD081,75
SHIPITEM05370,SHIP01797,PROD107,127
SHIPITEM05371,SHIP01797,PROD188,47
SHIPITEM05372,SHIP01798,PROD139,118
SHIPITEM05373,SHIP01798,PROD429,31
SHIPITEM05374,SHIP01799,PROD049,47
SHIPITEM05375,SHIP01799,PROD216,118
SHIPITEM05376,SHIP01799,PROD163,118
SHIPITEM05377,SHIP01799,PROD457,55
SHIPITEM05378,SHIP01800,PROD130,7
SHIPITEM05379,SHIP01800,PROD450,64
SHIPITEM05380,SHIP01801,PROD454,95
SHIPITEM05381,SHIP01801,PROD353,78
SHIPITEM05382,SHIP01801,PROD085,7
SHIPITEM05383,SHIP01802,PROD474,98
SHIPITEM05384,SHIP01802,PROD233,21
SHIPITEM05385,SHIP01802,PROD217,130
SHIPITEM05386,SHIP01803,PROD161,45
SHIPITEM05387,SHIP01803,PROD387,33
SHIPITEM05388,SHIP01803,PROD113,38
SHIPITEM05389,SHIP01804,PROD171,32
SHIPITEM05390,SHIP01804,PROD223,71
SHIPITEM05391,SHIP01804,PROD150,55
SHIPITEM05392,SHIP01804,PROD133,6
SHIPITEM05393,SHIP01805,PROD001,148
SHIPITEM05394,SHIP01805,PROD112,51
SHIPITEM05395,SHIP01806,PROD300,40
SHIPITEM05396,SHIP01806,PROD085,134
SHIPITEM05397,SHIP01807,PROD140,99
SHIPITEM05398,SHIP01807,PROD494,103
SHIPITEM05399,SHIP01807,PROD154,113
SHIPITEM05400,SHIP01808,PROD219,78
SHIPITEM05401,SHIP01808,PROD293,74
SHIPITEM05402,SHIP01808,PROD161,9
SHIPITEM05403,SHIP01808,PROD282,105
SHIPITEM05404,SHIP01808,PROD028,109
SHIPITEM05405,SHIP01809,PROD436,22
SHIPITEM05406,SHIP01809,PROD189,89
SHIPITEM05407,SHIP01810,PROD356,8
SHIPITEM05408,SHIP01810,PROD119,40
SHIPITEM05409,SHIP01810,PROD026,139
SHIPITEM05410,SHIP01811,PROD337,37
SHIPITEM05411,SHIP01812,PROD168,15
SHIPITEM05412,SHIP01812,PROD387,126
SHIPITEM05413,SHIP01812,PROD449,84
SHIPITEM05414,SHIP01813,PROD348,144
SHIPITEM05415,SHIP01813,PROD264,10
SHIPITEM05416,SHIP01813,PROD073,55
SHIPITEM05417,SHIP01814,PROD141,12
SHIPITEM05418,SHIP01814,PROD138,18
SHIPITEM05419,SHIP01815,PROD272,128
SHIPITEM05420,SHIP01816,PROD222,101
SHIPITEM05421,SHIP01816,PROD426,82
SHIPITEM05422,SHIP01816,PROD132,82
SHIPITEM05423,SHIP01817,PROD422,109
SHIPITEM05424,SHIP01817,PROD207,138
SHIPITEM05425,SHIP01818,PROD289,121
SHIPITEM05426,SHIP01818,PROD250,64
SHIPITEM05427,SHIP01818,PROD299,80
SHIPITEM05428,SHIP01818,PROD415,133
SHIPITEM05429,SHIP01819,PROD496,126
SHIPITEM05430,SHIP01819,PROD455,37
SHIPITEM05431,SHIP01819,PROD097,37
SHIPITEM05432,SHIP01819,PROD437,56
SHIPITEM05433,SHIP01819,PROD185,26
SHIPITEM05434,SHIP01820,PROD185,122
SHIPITEM05435,SHIP01820,PROD353,78
SHIPITEM05436,SHIP01821,PROD272,14
SHIPITEM05437,SHIP01821,PROD062,24
SHIPITEM05438,SHIP01821,PROD013,99
SHIPITEM05439,SHIP01822,PROD092,127
SHIPITEM05440,SHIP01822,PROD134,150
SHIPITEM05441,SHIP01822,PROD191,143
SHIPITEM05442,SHIP01822,PROD252,73
SHIPITEM05443,SHIP01822,PROD121,135
SHIPITEM05444,SHIP01823,PROD411,62
SHIPITEM05445,SHIP01823,PROD003,48
SHIPITEM05446,SHIP01823,PROD414,137
SHIPITEM05447,SHIP01824,PROD486,103
SHIPITEM05448,SHIP01824,PROD268,22
SHIPITEM05449,SHIP01825,PROD077,39
SHIPITEM05450,SHIP01825,PROD340,100
SHIPITEM05451,SHIP01826,PROD189,97
SHIPITEM05452,SHIP01827,PROD095,39
SHIPITEM05453,SHIP01827,PROD125,107
SHIPITEM05454,SHIP01827,PROD360,14
SHIPITEM05455,SHIP01828,PROD074,140
SHIPITEM05456,SHIP01828,PROD202,138
SHIPITEM05457,SHIP01828,PROD320,57
SHIPITEM05458,SHIP01829,PROD423,25
SHIPITEM05459,SHIP01830,PROD283,14
SHIPITEM05460,SHIP01830,PROD097,112
SHIPITEM05461,SHIP01830,PROD335,25
SHIPITEM05462,SHIP01830,PROD318,137
SHIPITEM05463,SHIP01831,PROD361,117
SHIPITEM05464,SHIP01831,PROD248,135
SHIPITEM05465,SHIP01831,PROD074,94
SHIPITEM05466,SHIP01832,PROD480,58
SHIPITEM05467,SHIP01833,PROD150,73
SHIPITEM05468,SHIP01833,PROD246,105
SHIPITEM05469,SHIP01833,PROD358,125
SHIPITEM05470,SHIP01833,PROD227,64
SHIPITEM05471,SHIP01833,PROD041,57
SHIPITEM05472,SHIP01834,PROD079,67
SHIPITEM05473,SHIP01834,PROD063,118
SHIPITEM05474,SHIP01835,PROD249,34
SHIPITEM05475,SHIP01835,PROD135,116
SHIPITEM05476,SHIP01835,PROD006,78
SHIPITEM05477,SHIP01835,PROD466,127
SHIPITEM05478,SHIP01835,PROD477,73
SHIPITEM05479,SHIP01835,PROD411,66
SHIPITEM05480,SHIP01835,PROD100,71
SHIPITEM05481,SHIP01836,PROD386,119
SHIPITEM05482,SHIP01836,PROD185,114
SHIPITEM05483,SHIP01837,PROD192,29
SHIPITEM05484,SHIP01837,PROD463,135
SHIPITEM05485,SHIP01837,PROD032,107
SHIPITEM05486,SHIP01837,PROD073,71
SHIPITEM05487,SHIP01838,PROD045,82
SHIPITEM05488,SHIP01838,PROD295,34
SHIPITEM05489,SHIP01839,PROD496,11
SHIPITEM05490,SHIP01839,PROD126,145
SHIPITEM05491,SHIP01839,PROD262,94
SHIPITEM05492,SHIP01839,PROD210,82
SHIPITEM05493,SHIP01839,PROD046,7
SHIPITEM05494,SHIP01839,PROD283,62
SHIPITEM05495,SHIP01840,PROD114,99
SHIPITEM05496,SHIP01841,PROD185,51
SHIPITEM05497,SHIP01841,PROD101,7
SHIPITEM05498,SHIP01841,PROD306,88
SHIPITEM05499,SHIP01841,PROD230,110
SHIPITEM05500,SHIP01842,PROD386,80
SHIPITEM05501,SHIP01842,PROD492,40
SHIPITEM05502,SHIP01843,PROD291,111
SHIPITEM05503,SHIP01843,PROD252,123
SHIPITEM05504,SHIP01843,PROD415,17
SHIPITEM05505,SHIP01843,PROD127,119
SHIPITEM05506,SHIP01844,PROD200,10
SHIPITEM05507,SHIP01844,PROD362,30
SHIPITEM05508,SHIP01844,PROD413,26
SHIPITEM05509,SHIP01845,PROD070,45
SHIPITEM05510,SHIP01845,PROD084,68
SHIPITEM05511,SHIP01845,PROD109,95
SHIPITEM05512,SHIP01846,PROD253,71
SHIPITEM05513,SHIP01846,PROD370,86
SHIPITEM05514,SHIP01846,PROD468,58
SHIPITEM05515,SHIP01847,PROD020,104
SHIPITEM05516,SHIP01847,PROD405,126
SHIPITEM05517,SHIP01847,PROD071,84
SHIPITEM05518,SHIP01848,PROD435,61
SHIPITEM05519,SHIP01848,PROD203,135
SHIPITEM05520,SHIP01849,PROD471,52
SHIPITEM05521,SHIP01850,PROD326,41
SHIPITEM05522,SHIP01850,PROD250,76
SHIPITEM05523,SHIP01851,PROD293,17
SHIPITEM05524,SHIP01851,PROD219,102
SHIPITEM05525,SHIP01851,PROD371,18
SHIPITEM05526,SHIP01851,PROD378,122
SHIPITEM05527,SHIP01852,PROD180,12
SHIPITEM05528,SHIP01852,PROD488,122
SHIPITEM05529,SHIP01852,PROD049,22
SHIPITEM05530,SHIP01852,PROD181,20
SHIPITEM05531,SHIP01853,PROD388,99
SHIPITEM05532,SHIP01854,PROD362,98
SHIPITEM05533,SHIP01854,PROD339,56
SHIPITEM05534,SHIP01854,PROD273,44
SHIPITEM05535,SHIP01854,PROD186,20
SHIPITEM05536,SHIP01854,PROD375,48
SHIPITEM05537,SHIP01854,PROD033,147
SHIPITEM05538,SHIP01854,PROD397,63
SHIPITEM05539,SHIP01855,PROD334,7
SHIPITEM05540,SHIP01855,PROD141,25
SHIPITEM05541,SHIP01855,PROD328,86
SHIPITEM05542,SHIP01855,PROD310,48
SHIPITEM05543,SHIP01855,PROD170,141
SHIPITEM05544,SHIP01856,PROD429,36
SHIPITEM05545,SHIP01856,PROD270,85
SHIPITEM05546,SHIP01856,PROD472,119
SHIPITEM05547,SHIP01856,PROD210,121
SHIPITEM05548,SHIP01857,PROD095,108
SHIPITEM05549,SHIP01857,PROD138,107
SHIPITEM05550,SHIP01858,PROD471,115
SHIPITEM05551,SHIP01858,PROD302,56
SHIPITEM05552,SHIP01859,PROD211,7
SHIPITEM05553,SHIP01859,PROD261,31
SHIPITEM05554,SHIP01860,PROD370,18
SHIPITEM05555,SHIP01860,PROD314,13
SHIPITEM05556,SHIP01860,PROD099,86
SHIPITEM05557,SHIP01860,PROD426,84
SHIPITEM05558,SHIP01861,PROD148,74
SHIPITEM05559,SHIP01862,PROD431,54
SHIPITEM05560,SHIP01862,PROD277,44
SHIPITEM05561,SHIP01862,PROD047,91
SHIPITEM05562,SHIP01862,PROD460,98
SHIPITEM05563,SHIP01862,PROD264,26
SHIPITEM05564,SHIP01862,PROD457,45
SHIPITEM05565,SHIP01863,PROD248,51
SHIPITEM05566,SHIP01863,PROD332,117
SHIPITEM05567,SHIP01863,PROD275,45
SHIPITEM05568,SHIP01864,PROD123,10
SHIPITEM05569,SHIP01864,PROD223,147
SHIPITEM05570,SHIP01864,PROD316,105
SHIPITEM05571,SHIP01865,PROD206,23
SHIPITEM05572,SHIP01865,PROD118,110
SHIPITEM05573,SHIP01866,PROD093,20
SHIPITEM05574,SHIP01866,PROD141,80
SHIPITEM05575,SHIP01867,PROD461,111
SHIPITEM05576,SHIP01867,PROD050,6
SHIPITEM05577,SHIP01867,PROD455,129
SHIPITEM05578,SHIP01867,PROD246,34
SHIPITEM05579,SHIP01868,PROD432,60
SHIPITEM05580,SHIP01868,PROD320,138
SHIPITEM05581,SHIP01869,PROD421,43
SHIPITEM05582,SHIP01869,PROD016,16
SHIPITEM05583,SHIP01869,PROD140,144
SHIPITEM05584,SHIP01869,PROD422,113
SHIPITEM05585,SHIP01869,PROD474,108
SHIPITEM05586,SHIP01870,PROD097,8
SHIPITEM05587,SHIP01870,PROD187,24
SHIPITEM05588,SHIP01870,PROD358,43
SHIPITEM05589,SHIP01870,PROD304,38
SHIPITEM05590,SHIP01870,PROD352,104
SHIPITEM05591,SHIP01870,PROD138,82
SHIPITEM05592,SHIP01870,PROD128,35
SHIPITEM05593,SHIP01871,PROD417,36
SHIPITEM05594,SHIP01871,PROD102,134
SHIPITEM05595,SHIP01872,PROD491,93
SHIPITEM05596,SHIP01872,PROD332,15
SHIPITEM05597,SHIP01873,PROD034,40
SHIPITEM05598,SHIP01873,PROD387,100
SHIPITEM05599,SHIP01873,PROD209,61
SHIPITEM05600,SHIP01874,PROD362,138
SHIPITEM05601,SHIP01874,PROD400,80
SHIPITEM05602,SHIP01874,PROD454,9
SHIPITEM05603,SHIP01875,PROD102,72
SHIPITEM05604,SHIP01875,PROD272,25
SHIPITEM05605,SHIP01875,PROD125,109
SHIPITEM05606,SHIP01876,PROD332,39
SHIPITEM05607,SHIP01876,PROD387,135
SHIPITEM05608,SHIP01877,PROD292,58
SHIPITEM05609,SHIP01877,PROD058,39
SHIPITEM05610,SHIP01877,PROD486,43
SHIPITEM05611,SHIP01877,PROD101,127
SHIPITEM05612,SHIP01878,PROD491,51
SHIPITEM05613,SHIP01879,PROD410,14
SHIPITEM05614,SHIP01879,PROD168,104
SHIPITEM05615,SHIP01879,PROD257,71
SHIPITEM05616,SHIP01880,PROD191,89
SHIPITEM05617,SHIP01881,PROD260,108
SHIPITEM05618,SHIP01881,PROD218,65
SHIPITEM05619,SHIP01882,PROD261,7
SHIPITEM05620,SHIP01882,PROD126,120
SHIPITEM05621,SHIP01882,PROD411,105
SHIPITEM05622,SHIP01882,PROD435,12
SHIPITEM05623,SHIP01883,PROD429,126
SHIPITEM05624,SHIP01883,PROD162,64
SHIPITEM05625,SHIP01883,PROD012,32
SHIPITEM05626,SHIP01883,PROD255,145
SHIPITEM05627,SHIP01884,PROD441,124
SHIPITEM05628,SHIP01885,PROD305,85
SHIPITEM05629,SHIP01885,PROD343,67
SHIPITEM05630,SHIP01885,PROD356,54
SHIPITEM05631,SHIP01885,PROD132,48
SHIPITEM05632,SHIP01885,PROD327,73
SHIPITEM05633,SHIP01885,PROD023,68
SHIPITEM05634,SHIP01885,PROD292,55
SHIPITEM05635,SHIP01885,PROD483,88
SHIPITEM05636,SHIP01885,PROD414,9
SHIPITEM05637,SHIP01886,PROD149,82
SHIPITEM05638,SHIP01887,PROD011,87
SHIPITEM05639,SHIP01887,PROD083,73
SHIPITEM05640,SHIP01888,PROD500,144
SHIPITEM05641,SHIP01889,PROD129,84
SHIPITEM05642,SHIP01889,PROD386,146
SHIPITEM05643,SHIP01890,PROD248,101
SHIPITEM05644,SHIP01890,PROD406,136
SHIPITEM05645,SHIP01890,PROD281,48
SHIPITEM05646,SHIP01891,PROD367,42
SHIPITEM05647,SHIP01891,PROD162,127
SHIPITEM05648,SHIP01891,PROD057,18
SHIPITEM05649,SHIP01892,PROD105,19
SHIPITEM05650,SHIP01892,PROD216,106
SHIPITEM05651,SHIP01893,PROD403,87
SHIPITEM05652,SHIP01893,PROD358,91
SHIPITEM05653,SHIP01893,PROD336,83
SHIPITEM05654,SHIP01893,PROD474,96
SHIPITEM05655,SHIP01893,PROD373,109
SHIPITEM05656,SHIP01894,PROD321,50
SHIPITEM05657,SHIP01894,PROD046,61
SHIPITEM05658,SHIP01894,PROD429,142
SHIPITEM05659,SHIP01894,PROD143,112
SHIPITEM05660,SHIP01895,PROD312,147
SHIPITEM05661,SHIP01895,PROD157,48
SHIPITEM05662,SHIP01895,PROD064,44
SHIPITEM05663,SHIP01895,PROD116,95
SHIPITEM05664,SHIP01896,PROD018,7
SHIPITEM05665,SHIP01896,PROD044,32
SHIPITEM05666,SHIP01897,PROD018,82
SHIPITEM05667,SHIP01897,PROD340,83
SHIPITEM05668,SHIP01898,PROD215,86
SHIPITEM05669,SHIP01898,PROD157,134
SHIPITEM05670,SHIP01898,PROD489,13
SHIPITEM05671,SHIP01899,PROD325,106
SHIPITEM05672,SHIP01900,PROD052,41
SHIPITEM05673,SHIP01900,PROD297,107
SHIPITEM05674,SHIP01900,PROD252,53
SHIPITEM05675,SHIP01901,PROD214,146
SHIPITEM05676,SHIP01901,PROD191,45
SHIPITEM05677,SHIP01902,PROD354,85
SHIPITEM05678,SHIP01902,PROD369,141
SHIPITEM05679,SHIP01902,PROD432,69
SHIPITEM05680,SHIP01903,PROD025,26
SHIPITEM05681,SHIP01903,PROD190,103
SHIPITEM05682,SHIP01903,PROD023,10
SHIPITEM05683,SHIP01903,PROD062,10
SHIPITEM05684,SHIP01904,PROD300,122
SHIPITEM05685,SHIP01904,PROD224,131
SHIPITEM05686,SHIP01904,PROD244,115
SHIPITEM05687,SHIP01905,PROD068,124
SHIPITEM05688,SHIP01905,PROD297,107
SHIPITEM05689,SHIP01905,PROD419,68
SHIPITEM05690,SHIP01906,PROD340,81
SHIPITEM05691,SHIP01906,PROD399,64
SHIPITEM05692,SHIP01906,PROD227,31
SHIPITEM05693,SHIP01907,PROD196,118
SHIPITEM05694,SHIP01908,PROD415,50
SHIPITEM05695,SHIP01908,PROD184,39
SHIPITEM05696,SHIP01908,PROD104,63
SHIPITEM05697,SHIP01908,PROD172,148
SHIPITEM05698,SHIP01909,PROD042,142
SHIPITEM05699,SHIP01910,PROD380,124
SHIPITEM05700,SHIP01910,PROD329,92
SHIPITEM05701,SHIP01910,PROD351,68
SHIPITEM05702,SHIP01911,PROD182,88
SHIPITEM05703,SHIP01911,PROD495,138
SHIPITEM05704,SHIP01911,PROD051,102
SHIPITEM05705,SHIP01911,PROD111,41
SHIPITEM05706,SHIP01911,PROD040,10
SHIPITEM05707,SHIP01912,PROD293,69
SHIPITEM05708,SHIP01912,PROD468,126
SHIPITEM05709,SHIP01913,PROD154,118
SHIPITEM05710,SHIP01913,PROD326,71
SHIPITEM05711,SHIP01913,PROD325,93
SHIPITEM05712,SHIP01913,PROD027,68
SHIPITEM05713,SHIP01914,PROD095,109
SHIPITEM05714,SHIP01914,PROD487,81
SHIPITEM05715,SHIP01914,PROD112,109
SHIPITEM05716,SHIP01915,PROD026,107
SHIPITEM05717,SHIP01915,PROD193,121
SHIPITEM05718,SHIP01915,PROD294,44
SHIPITEM05719,SHIP01916,PROD433,83
SHIPITEM05720,SHIP01916,PROD137,6
SHIPITEM05721,SHIP01916,PROD236,92
SHIPITEM05722,SHIP01917,PROD162,109
SHIPITEM05723,SHIP01917,PROD007,5
SHIPITEM05724,SHIP01917,PROD064,87
SHIPITEM05725,SHIP01918,PROD436,119
SHIPITEM05726,SHIP01918,PROD246,21
SHIPITEM05727,SHIP01918,PROD261,38
SHIPITEM05728,SHIP01919,PROD241,107
SHIPITEM05729,SHIP01919,PROD363,137
SHIPITEM05730,SHIP01919,PROD122,96
SHIPITEM05731,SHIP01919,PROD186,116
SHIPITEM05732,SHIP01919,PROD251,69
SHIPITEM05733,SHIP01920,PROD388,20
SHIPITEM05734,SHIP01920,PROD403,85
SHIPITEM05735,SHIP01920,PROD317,77
SHIPITEM05736,SHIP01920,PROD438,125
SHIPITEM05737,SHIP01920,PROD297,25
SHIPITEM05738,SHIP01921,PROD050,139
SHIPITEM05739,SHIP01921,PROD217,113
SHIPITEM05740,SHIP01922,PROD290,35
SHIPITEM05741,SHIP01922,PROD318,91
SHIPITEM05742,SHIP01922,PROD202,31
SHIPITEM05743,SHIP01923,PROD285,57
SHIPITEM05744,SHIP01923,PROD007,98
SHIPITEM05745,SHIP01923,PROD131,142
SHIPITEM05746,SHIP01923,PROD146,63
SHIPITEM05747,SHIP01924,PROD025,125
SHIPITEM05748,SHIP01924,PROD214,13
SHIPITEM05749,SHIP01925,PROD222,68
SHIPITEM05750,SHIP01925,PROD013,72
SHIPITEM05751,SHIP01926,PROD017,122
SHIPITEM05752,SHIP01926,PROD336,53
SHIPITEM05753,SHIP01927,PROD142,44
SHIPITEM05754,SHIP01927,PROD388,26
SHIPITEM05755,SHIP01928,PROD490,20
SHIPITEM05756,SHIP01929,PROD481,19
SHIPITEM05757,SHIP01929,PROD270,35
SHIPITEM05758,SHIP01930,PROD252,53
SHIPITEM05759,SHIP01930,PROD448,121
SHIPITEM05760,SHIP01930,PROD362,81
SHIPITEM05761,SHIP01930,PROD181,32
SHIPITEM05762,SHIP01930,PROD395,49
SHIPITEM05763,SHIP01931,PROD497,113
SHIPITEM05764,SHIP01931,PROD473,117
SHIPITEM05765,SHIP01932,PROD038,138
SHIPITEM05766,SHIP01932,PROD422,150
SHIPITEM05767,SHIP01933,PROD388,103
SHIPITEM05768,SHIP01933,PROD016,43
SHIPITEM05769,SHIP01934,PROD234,12
SHIPITEM05770,SHIP01934,PROD258,46
SHIPITEM05771,SHIP01934,PROD067,148
SHIPITEM05772,SHIP01934,PROD455,41
SHIPITEM05773,SHIP01935,PROD408,53
SHIPITEM05774,SHIP01935,PROD163,142
SHIPITEM05775,SHIP01935,PROD077,78
SHIPITEM05776,SHIP01935,PROD080,139
SHIPITEM05777,SHIP01935,PROD012,20
SHIPITEM05778,SHIP01935,PROD161,64
SHIPITEM05779,SHIP01936,PROD177,21
SHIPITEM05780,SHIP01936,PROD239,91
SHIPITEM05781,SHIP01936,PROD398,81
SHIPITEM05782,SHIP01936,PROD060,109
SHIPITEM05783,SHIP01936,PROD201,122
SHIPITEM05784,SHIP01937,PROD337,32
SHIPITEM05785,SHIP01937,PROD452,144
SHIPITEM05786,SHIP01937,PROD148,98
SHIPITEM05787,SHIP01937,PROD491,14
SHIPITEM05788,SHIP01937,PROD156,118
SHIPITEM05789,SHIP01938,PROD258,93
SHIPITEM05790,SHIP01938,PROD498,22
SHIPITEM05791,SHIP01938,PROD103,71
SHIPITEM05792,SHIP01939,PROD205,142
SHIPITEM05793,SHIP01939,PROD189,75
SHIPITEM05794,SHIP01940,PROD395,81
SHIPITEM05795,SHIP01940,PROD166,122
SHIPITEM05796,SHIP01941,PROD423,77
SHIPITEM05797,SHIP01941,PROD119,135
SHIPITEM05798,SHIP01941,PROD362,104
SHIPITEM05799,SHIP01941,PROD332,129
SHIPITEM05800,SHIP01941,PROD472,59
SHIPITEM05801,SHIP01942,PROD362,127
SHIPITEM05802,SHIP01942,PROD306,105
SHIPITEM05803,SHIP01943,PROD071,82
SHIPITEM05804,SHIP01943,PROD406,26
SHIPITEM05805,SHIP01943,PROD216,128
SHIPITEM05806,SHIP01944,PROD186,94
SHIPITEM05807,SHIP01944,PROD062,146
SHIPITEM05808,SHIP01944,PROD150,135
SHIPITEM05809,SHIP01945,PROD300,7
SHIPITEM05810,SHIP01945,PROD292,32
SHIPITEM05811,SHIP01945,PROD008,19
SHIPITEM05812,SHIP01945,PROD314,48
SHIPITEM05813,SHIP01945,PROD048,101
SHIPITEM05814,SHIP01946,PROD021,31
SHIPITEM05815,SHIP01946,PROD007,12
SHIPITEM05816,SHIP01946,PROD342,119
SHIPITEM05817,SHIP01946,PROD473,64
SHIPITEM05818,SHIP01946,PROD440,150
SHIPITEM05819,SHIP01947,PROD157,14
SHIPITEM05820,SHIP01947,PROD001,113
SHIPITEM05821,SHIP01947,PROD442,5
SHIPITEM05822,SHIP01947,PROD109,120
SHIPITEM05823,SHIP01948,PROD480,129
SHIPITEM05824,SHIP01948,PROD419,17
SHIPITEM05825,SHIP01948,PROD237,53
SHIPITEM05826,SHIP01948,PROD091,71
SHIPITEM05827,SHIP01948,PROD416,85
SHIPITEM05828,SHIP01949,PROD323,133
SHIPITEM05829,SHIP01950,PROD129,107
SHIPITEM05830,SHIP01950,PROD130,77
SHIPITEM05831,SHIP01950,PROD465,58
SHIPITEM05832,SHIP01951,PROD093,43
SHIPITEM05833,SHIP01952,PROD262,84
SHIPITEM05834,SHIP01952,PROD114,38
SHIPITEM05835,SHIP01952,PROD005,31
SHIPITEM05836,SHIP01953,PROD476,66
SHIPITEM05837,SHIP01953,PROD412,48
SHIPITEM05838,SHIP01953,PROD101,28
SHIPITEM05839,SHIP01954,PROD433,103
SHIPITEM05840,SHIP01954,PROD304,136
SHIPITEM05841,SHIP01954,PROD112,46
SHIPITEM05842,SHIP01954,PROD282,39
SHIPITEM05843,SHIP01954,PROD397,106
SHIPITEM05844,SHIP01955,PROD216,21
SHIPITEM05845,SHIP01955,PROD052,78
SHIPITEM05846,SHIP01956,PROD417,104
SHIPITEM05847,SHIP01956,PROD168,40
SHIPITEM05848,SHIP01957,PROD127,58
SHIPITEM05849,SHIP01957,PROD183,23
SHIPITEM05850,SHIP01957,PROD174,141
SHIPITEM05851,SHIP01958,PROD448,83
SHIPITEM05852,SHIP01959,PROD154,105
SHIPITEM05853,SHIP01959,PROD264,56
SHIPITEM05854,SHIP01959,PROD270,77
SHIPITEM05855,SHIP01959,PROD103,130
SHIPITEM05856,SHIP01959,PROD172,30
SHIPITEM05857,SHIP01960,PROD270,32
SHIPITEM05858,SHIP01960,PROD030,125
SHIPITEM05859,SHIP01961,PROD222,98
SHIPITEM05860,SHIP01961,PROD305,71
SHIPITEM05861,SHIP01961,PROD201,15
SHIPITEM05862,SHIP01962,PROD075,99
SHIPITEM05863,SHIP01962,PROD102,108
SHIPITEM05864,SHIP01963,PROD391,125
SHIPITEM05865,SHIP01963,PROD018,121
SHIPITEM05866,SHIP01964,PROD364,83
SHIPITEM05867,SHIP01964,PROD012,67
SHIPITEM05868,SHIP01964,PROD163,89
SHIPITEM05869,SHIP01965,PROD227,64
SHIPITEM05870,SHIP01965,PROD052,71
SHIPITEM05871,SHIP01965,PROD260,130
SHIPITEM05872,SHIP01966,PROD079,20
SHIPITEM05873,SHIP01966,PROD313,144
SHIPITEM05874,SHIP01966,PROD053,15
SHIPITEM05875,SHIP01967,PROD260,87
SHIPITEM05876,SHIP01967,PROD486,26
SHIPITEM05877,SHIP01968,PROD346,123
SHIPITEM05878,SHIP01968,PROD347,116
SHIPITEM05879,SHIP01968,PROD077,114
SHIPITEM05880,SHIP01968,PROD061,19
SHIPITEM05881,SHIP01969,PROD134,139
SHIPITEM05882,SHIP01969,PROD252,115
SHIPITEM05883,SHIP01970,PROD043,35
SHIPITEM05884,SHIP01970,PROD370,89
SHIPITEM05885,SHIP01970,PROD203,18
SHIPITEM05886,SHIP01971,PROD007,8
SHIPITEM05887,SHIP01971,PROD122,132
SHIPITEM05888,SHIP01971,PROD168,141
SHIPITEM05889,SHIP01971,PROD018,108
SHIPITEM05890,SHIP01971,PROD453,22
SHIPITEM05891,SHIP01972,PROD351,123
SHIPITEM05892,SHIP01973,PROD492,134
SHIPITEM05893,SHIP01973,PROD337,38
SHIPITEM05894,SHIP01973,PROD238,106
SHIPITEM05895,SHIP01973,PROD011,53
SHIPITEM05896,SHIP01973,PROD018,128
SHIPITEM05897,SHIP01974,PROD145,39
SHIPITEM05898,SHIP01974,PROD193,93
SHIPITEM05899,SHIP01974,PROD078,16
SHIPITEM05900,SHIP01975,PROD086,67
SHIPITEM05901,SHIP01975,PROD048,144
SHIPITEM05902,SHIP01975,PROD289,60
SHIPITEM05903,SHIP01975,PROD281,86
SHIPITEM05904,SHIP01976,PROD260,118
SHIPITEM05905,SHIP01976,PROD402,20
SHIPITEM05906,SHIP01976,PROD131,118
SHIPITEM05907,SHIP01976,PROD290,21
SHIPITEM05908,SHIP01977,PROD168,122
SHIPITEM05909,SHIP01977,PROD062,24
SHIPITEM05910,SHIP01977,PROD053,69
SHIPITEM05911,SHIP01978,PROD147,86
SHIPITEM05912,SHIP01978,PROD092,108
SHIPITEM05913,SHIP01978,PROD275,118
SHIPITEM05914,SHIP01978,PROD417,56
SHIPITEM05915,SHIP01978,PROD234,33
SHIPITEM05916,SHIP01979,PROD239,51
SHIPITEM05917,SHIP01979,PROD197,117
SHIPITEM05918,SHIP01979,PROD198,28
SHIPITEM05919,SHIP01979,PROD002,38
SHIPITEM05920,SHIP01980,PROD485,98
SHIPITEM05921,SHIP01980,PROD318,107
SHIPITEM05922,SHIP01980,PROD263,26
SHIPITEM05923,SHIP01981,PROD287,53
SHIPITEM05924,SHIP01981,PROD063,84
SHIPITEM05925,SHIP01981,PROD030,92
SHIPITEM05926,SHIP01981,PROD031,58
SHIPITEM05927,SHIP01981,PROD125,53
SHIPITEM05928,SHIP01982,PROD067,41
SHIPITEM05929,SHIP01983,PROD050,97
SHIPITEM05930,SHIP01983,PROD044,127
SHIPITEM05931,SHIP01984,PROD047,55
SHIPITEM05932,SHIP01985,PROD268,92
SHIPITEM05933,SHIP01985,PROD335,68
SHIPITEM05934,SHIP01985,PROD307,118
SHIPITEM05935,SHIP01986,PROD200,102
SHIPITEM05936,SHIP01986,PROD455,144
SHIPITEM05937,SHIP01986,PROD124,39
SHIPITEM05938,SHIP01986,PROD317,71
SHIPITEM05939,SHIP01987,PROD253,88
SHIPITEM05940,SHIP01987,PROD054,136
SHIPITEM05941,SHIP01987,PROD112,48
SHIPITEM05942,SHIP01987,PROD035,88
SHIPITEM05943,SHIP01987,PROD048,17
SHIPITEM05944,SHIP01988,PROD341,35
SHIPITEM05945,SHIP01988,PROD095,45
SHIPITEM05946,SHIP01988,PROD048,29
SHIPITEM05947,SHIP01989,PROD269,48
SHIPITEM05948,SHIP01989,PROD383,29
SHIPITEM05949,SHIP01990,PROD331,77
SHIPITEM05950,SHIP01990,PROD339,68
SHIPITEM05951,SHIP01990,PROD164,58
SHIPITEM05952,SHIP01991,PROD360,80
SHIPITEM05953,SHIP01991,PROD184,54
SHIPITEM05954,SHIP01992,PROD363,51
SHIPITEM05955,SHIP01992,PROD111,49
SHIPITEM05956,SHIP01992,PROD379,20
SHIPITEM05957,SHIP01993,PROD170,145
SHIPITEM05958,SHIP01993,PROD371,147
SHIPITEM05959,SHIP01993,PROD457,74
SHIPITEM05960,SHIP01993,PROD016,18
SHIPITEM05961,SHIP01993,PROD430,143
SHIPITEM05962,SHIP01994,PROD237,46
SHIPITEM05963,SHIP01995,PROD300,16
SHIPITEM05964,SHIP01995,PROD126,123
SHIPITEM05965,SHIP01995,PROD191,60
SHIPITEM05966,SHIP01995,PROD052,136
SHIPITEM05967,SHIP01996,PROD322,113
SHIPITEM05968,SHIP01996,PROD109,127
SHIPITEM05969,SHIP01996,PROD186,78
SHIPITEM05970,SHIP01997,PROD155,75
SHIPITEM05971,SHIP01997,PROD215,99
SHIPITEM05972,SHIP01997,PROD049,86
SHIPITEM05973,SHIP01997,PROD228,109
SHIPITEM05974,SHIP01998,PROD020,138
SHIPITEM05975,SHIP01998,PROD062,129
SHIPITEM05976,SHIP01999,PROD117,6
SHIPITEM05977,SHIP01999,PROD416,106
SHIPITEM05978,SHIP01999,PROD446,53
SHIPITEM05979,SHIP01999,PROD005,80
SHIPITEM05980,SHIP02000,PROD450,47
SHIPITEM05981,SHIP02000,PROD331,101
SHIPITEM05982,SHIP02000,PROD474,43
SHIPITEM05983,SHIP02000,PROD301,63
SHIPITEM05984,SHIP02001,PROD394,33
SHIPITEM05985,SHIP02002,PROD209,78
SHIPITEM05986,SHIP02003,PROD366,14
SHIPITEM05987,SHIP02003,PROD257,120
SHIPITEM05988,SHIP02003,PROD162,149
SHIPITEM05989,SHIP02004,PROD192,55
SHIPITEM05990,SHIP02004,PROD179,7
SHIPITEM05991,SHIP02004,PROD081,67
SHIPITEM05992,SHIP02005,PROD451,50
SHIPITEM05993,SHIP02005,PROD011,63
SHIPITEM05994,SHIP02005,PROD054,47
SHIPITEM05995,SHIP02006,PROD053,46
SHIPITEM05996,SHIP02006,PROD386,73
SHIPITEM05997,SHIP02006,PROD060,65
SHIPITEM05998,SHIP02007,PROD260,43
SHIPITEM05999,SHIP02007,PROD466,40
SHIPITEM06000,SHIP02007,PROD467,26
SHIPITEM06001,SHIP02008,PROD190,146
SHIPITEM06002,SHIP02008,PROD039,143
SHIPITEM06003,SHIP02008,PROD053,5
SHIPITEM06004,SHIP02008,PROD023,143
SHIPITEM06005,SHIP02009,PROD209,62
SHIPITEM06006,SHIP02009,PROD411,92
SHIPITEM06007,SHIP02009,PROD191,106
SHIPITEM06008,SHIP02009,PROD308,29
SHIPITEM06009,SHIP02010,PROD281,146
SHIPITEM06010,SHIP02010,PROD371,105
SHIPITEM06011,SHIP02010,PROD051,7
SHIPITEM06012,SHIP02010,PROD155,108
SHIPITEM06013,SHIP02010,PROD346,142
SHIPITEM06014,SHIP02010,PROD180,44
SHIPITEM06015,SHIP02010,PROD067,27
SHIPITEM06016,SHIP02011,PROD371,128
SHIPITEM06017,SHIP02011,PROD009,69
SHIPITEM06018,SHIP02012,PROD072,72
SHIPITEM06019,SHIP02012,PROD152,144
SHIPITEM06020,SHIP02012,PROD311,118
SHIPITEM06021,SHIP02012,PROD478,107
SHIPITEM06022,SHIP02012,PROD317,63
SHIPITEM06023,SHIP02013,PROD230,150
SHIPITEM06024,SHIP02013,PROD203,78
SHIPITEM06025,SHIP02014,PROD286,94
SHIPITEM06026,SHIP02014,PROD238,18
SHIPITEM06027,SHIP02014,PROD014,111
SHIPITEM06028,SHIP02014,PROD384,67
SHIPITEM06029,SHIP02014,PROD457,91
SHIPITEM06030,SHIP02014,PROD038,81
SHIPITEM06031,SHIP02014,PROD179,33
SHIPITEM06032,SHIP02014,PROD065,115
SHIPITEM06033,SHIP02015,PROD014,75
SHIPITEM06034,SHIP02016,PROD453,136
SHIPITEM06035,SHIP02016,PROD456,21
SHIPITEM06036,SHIP02016,PROD457,147
SHIPITEM06037,SHIP02016,PROD177,108
SHIPITEM06038,SHIP02016,PROD331,67
SHIPITEM06039,SHIP02017,PROD369,7
SHIPITEM06040,SHIP02017,PROD108,142
SHIPITEM06041,SHIP02017,PROD102,95
SHIPITEM06042,SHIP02017,PROD164,27
SHIPITEM06043,SHIP02018,PROD464,30
SHIPITEM06044,SHIP02018,PROD263,103
SHIPITEM06045,SHIP02018,PROD473,41
SHIPITEM06046,SHIP02018,PROD334,112
SHIPITEM06047,SHIP02019,PROD089,11
SHIPITEM06048,SHIP02019,PROD468,91
SHIPITEM06049,SHIP02020,PROD356,149
SHIPITEM06050,SHIP02020,PROD295,54
SHIPITEM06051,SHIP02021,PROD237,107
SHIPITEM06052,SHIP02021,PROD394,100
SHIPITEM06053,SHIP02021,PROD140,105
SHIPITEM06054,SHIP02022,PROD191,16
SHIPITEM06055,SHIP02022,PROD210,45
SHIPITEM06056,SHIP02022,PROD307,139
SHIPITEM06057,SHIP02023,PROD358,110
SHIPITEM06058,SHIP02023,PROD319,142
SHIPITEM06059,SHIP02023,PROD225,28
SHIPITEM06060,SHIP02023,PROD366,61
SHIPITEM06061,SHIP02024,PROD067,132
SHIPITEM06062,SHIP02024,PROD332,84
SHIPITEM06063,SHIP02024,PROD021,13
SHIPITEM06064,SHIP02024,PROD279,49
SHIPITEM06065,SHIP02025,PROD429,68
SHIPITEM06066,SHIP02025,PROD215,21
SHIPITEM06067,SHIP02025,PROD171,10
SHIPITEM06068,SHIP02025,PROD331,141
SHIPITEM06069,SHIP02025,PROD371,85
SHIPITEM06070,SHIP02025,PROD010,121
SHIPITEM06071,SHIP02025,PROD022,147
SHIPITEM06072,SHIP02026,PROD269,41
SHIPITEM06073,SHIP02026,PROD139,52
SHIPITEM06074,SHIP02027,PROD065,121
SHIPITEM06075,SHIP02027,PROD413,132
SHIPITEM06076,SHIP02027,PROD028,79
SHIPITEM06077,SHIP02028,PROD093,64
SHIPITEM06078,SHIP02028,PROD182,126
SHIPITEM06079,SHIP02028,PROD385,135
SHIPITEM06080,SHIP02028,PROD209,28
SHIPITEM06081,SHIP02028,PROD458,27
SHIPITEM06082,SHIP02029,PROD028,117
SHIPITEM06083,SHIP02030,PROD336,99
SHIPITEM06084,SHIP02030,PROD257,100
SHIPITEM06085,SHIP02031,PROD449,126
SHIPITEM06086,SHIP02032,PROD439,97
SHIPITEM06087,SHIP02032,PROD001,47
SHIPITEM06088,SHIP02032,PROD268,51
SHIPITEM06089,SHIP02033,PROD065,109
SHIPITEM06090,SHIP02033,PROD225,6
SHIPITEM06091,SHIP02033,PROD076,101
SHIPITEM06092,SHIP02034,PROD394,116
SHIPITEM06093,SHIP02035,PROD054,123
SHIPITEM06094,SHIP02035,PROD419,133
SHIPITEM06095,SHIP02036,PROD135,139
SHIPITEM06096,SHIP02036,PROD087,142
SHIPITEM06097,SHIP02037,PROD168,139
SHIPITEM06098,SHIP02037,PROD412,106
SHIPITEM06099,SHIP02037,PROD292,117
SHIPITEM06100,SHIP02038,PROD462,98
SHIPITEM06101,SHIP02038,PROD311,126
SHIPITEM06102,SHIP02038,PROD184,22
SHIPITEM06103,SHIP02038,PROD148,126
SHIPITEM06104,SHIP02038,PROD476,116
SHIPITEM06105,SHIP02038,PROD064,48
SHIPITEM06106,SHIP02039,PROD414,149
SHIPITEM06107,SHIP02039,PROD274,40
SHIPITEM06108,SHIP02040,PROD438,115
SHIPITEM06109,SHIP02040,PROD173,97
SHIPITEM06110,SHIP02040,PROD464,134
SHIPITEM06111,SHIP02040,PROD034,63
SHIPITEM06112,SHIP02040,PROD135,21
SHIPITEM06113,SHIP02041,PROD474,93
SHIPITEM06114,SHIP02041,PROD305,63
SHIPITEM06115,SHIP02042,PROD055,97
SHIPITEM06116,SHIP02042,PROD447,68
SHIPITEM06117,SHIP02043,PROD475,72
SHIPITEM06118,SHIP02043,PROD195,144
SHIPITEM06119,SHIP02043,PROD393,58
SHIPITEM06120,SHIP02043,PROD408,64
SHIPITEM06121,SHIP02043,PROD189,133
SHIPITEM06122,SHIP02044,PROD310,77
SHIPITEM06123,SHIP02044,PROD054,49
SHIPITEM06124,SHIP02044,PROD253,98
SHIPITEM06125,SHIP02045,PROD239,110
SHIPITEM06126,SHIP02045,PROD382,101
SHIPITEM06127,SHIP02045,PROD169,126
SHIPITEM06128,SHIP02046,PROD187,37
SHIPITEM06129,SHIP02046,PROD444,81
SHIPITEM06130,SHIP02046,PROD376,16
SHIPITEM06131,SHIP02047,PROD193,149
SHIPITEM06132,SHIP02047,PROD056,63
SHIPITEM06133,SHIP02047,PROD491,75
SHIPITEM06134,SHIP02047,PROD407,125
SHIPITEM06135,SHIP02047,PROD127,71
SHIPITEM06136,SHIP02047,PROD336,98
SHIPITEM06137,SHIP02047,PROD400,15
SHIPITEM06138,SHIP02048,PROD433,19
SHIPITEM06139,SHIP02048,PROD184,7
SHIPITEM06140,SHIP02049,PROD005,137
SHIPITEM06141,SHIP02049,PROD495,83
SHIPITEM06142,SHIP02049,PROD256,66
SHIPITEM06143,SHIP02049,PROD484,101
SHIPITEM06144,SHIP02050,PROD043,86
SHIPITEM06145,SHIP02050,PROD166,144
SHIPITEM06146,SHIP02050,PROD369,135
SHIPITEM06147,SHIP02050,PROD220,126
SHIPITEM06148,SHIP02051,PROD421,70
SHIPITEM06149,SHIP02051,PROD016,146
SHIPITEM06150,SHIP02052,PROD364,56
SHIPITEM06151,SHIP02052,PROD136,126
SHIPITEM06152,SHIP02052,PROD037,9
SHIPITEM06153,SHIP02053,PROD443,18
SHIPITEM06154,SHIP02053,PROD338,27
SHIPITEM06155,SHIP02053,PROD098,76
SHIPITEM06156,SHIP02053,PROD421,21
SHIPITEM06157,SHIP02054,PROD029,16
SHIPITEM06158,SHIP02054,PROD221,104
SHIPITEM06159,SHIP02054,PROD355,140
SHIPITEM06160,SHIP02055,PROD318,107
SHIPITEM06161,SHIP02055,PROD226,132
SHIPITEM06162,SHIP02055,PROD460,10
SHIPITEM06163,SHIP02055,PROD215,92
SHIPITEM06164,SHIP02055,PROD140,132
SHIPITEM06165,SHIP02056,PROD177,13
SHIPITEM06166,SHIP02057,PROD491,21
SHIPITEM06167,SHIP02057,PROD019,140
SHIPITEM06168,SHIP02058,PROD205,35
SHIPITEM06169,SHIP02058,PROD095,36
SHIPITEM06170,SHIP02058,PROD032,7
SHIPITEM06171,SHIP02059,PROD246,6
SHIPITEM06172,SHIP02059,PROD453,15
SHIPITEM06173,SHIP02060,PROD126,109
SHIPITEM06174,SHIP02060,PROD077,110
SHIPITEM06175,SHIP02060,PROD488,62
SHIPITEM06176,SHIP02061,PROD174,13
SHIPITEM06177,SHIP02061,PROD019,127
SHIPITEM06178,SHIP02061,PROD325,80
SHIPITEM06179,SHIP02061,PROD321,42
SHIPITEM06180,SHIP02061,PROD136,94
SHIPITEM06181,SHIP02062,PROD086,63
SHIPITEM06182,SHIP02062,PROD033,88
SHIPITEM06183,SHIP02063,PROD462,68
SHIPITEM06184,SHIP02063,PROD135,92
SHIPITEM06185,SHIP02063,PROD488,150
SHIPITEM06186,SHIP02064,PROD473,56
SHIPITEM06187,SHIP02064,PROD330,125
SHIPITEM06188,SHIP02064,PROD261,15
SHIPITEM06189,SHIP02064,PROD401,36
SHIPITEM06190,SHIP02064,PROD440,92
SHIPITEM06191,SHIP02065,PROD160,112
SHIPITEM06192,SHIP02065,PROD044,113
SHIPITEM06193,SHIP02065,PROD328,43
SHIPITEM06194,SHIP02066,PROD289,73
SHIPITEM06195,SHIP02066,PROD264,127
SHIPITEM06196,SHIP02066,PROD157,25
SHIPITEM06197,SHIP02066,PROD348,114
SHIPITEM06198,SHIP02066,PROD336,62
SHIPITEM06199,SHIP02066,PROD265,112
SHIPITEM06200,SHIP02067,PROD165,146
SHIPITEM06201,SHIP02067,PROD193,48
SHIPITEM06202,SHIP02068,PROD434,21
SHIPITEM06203,SHIP02068,PROD393,71
SHIPITEM06204,SHIP02069,PROD338,80
SHIPITEM06205,SHIP02069,PROD016,90
SHIPITEM06206,SHIP02069,PROD471,121
SHIPITEM06207,SHIP02069,PROD045,8
SHIPITEM06208,SHIP02070,PROD249,53
SHIPITEM06209,SHIP02071,PROD485,28
SHIPITEM06210,SHIP02072,PROD216,24
SHIPITEM06211,SHIP02072,PROD359,63
SHIPITEM06212,SHIP02073,PROD108,119
SHIPITEM06213,SHIP02073,PROD313,14
SHIPITEM06214,SHIP02073,PROD174,28
SHIPITEM06215,SHIP02073,PROD169,112
SHIPITEM06216,SHIP02074,PROD313,99
SHIPITEM06217,SHIP02075,PROD355,88
SHIPITEM06218,SHIP02075,PROD128,40
SHIPITEM06219,SHIP02076,PROD314,81
SHIPITEM06220,SHIP02077,PROD320,87
SHIPITEM06221,SHIP02077,PROD425,76
SHIPITEM06222,SHIP02077,PROD300,75
SHIPITEM06223,SHIP02077,PROD301,5
SHIPITEM06224,SHIP02077,PROD462,145
SHIPITEM06225,SHIP02078,PROD287,44
SHIPITEM06226,SHIP02079,PROD331,114
SHIPITEM06227,SHIP02079,PROD172,53
SHIPITEM06228,SHIP02079,PROD409,7
SHIPITEM06229,SHIP02079,PROD157,134
SHIPITEM06230,SHIP02079,PROD439,65
SHIPITEM06231,SHIP02079,PROD416,127
SHIPITEM06232,SHIP02079,PROD297,127
SHIPITEM06233,SHIP02080,PROD278,90
SHIPITEM06234,SHIP02080,PROD467,67
SHIPITEM06235,SHIP02080,PROD257,82
SHIPITEM06236,SHIP02080,PROD118,25
SHIPITEM06237,SHIP02080,PROD100,13
SHIPITEM06238,SHIP02080,PROD288,50
SHIPITEM06239,SHIP02081,PROD378,111
SHIPITEM06240,SHIP02082,PROD133,8
SHIPITEM06241,SHIP02082,PROD304,119
SHIPITEM06242,SHIP02082,PROD317,91
SHIPITEM06243,SHIP02082,PROD332,86
SHIPITEM06244,SHIP02082,PROD249,79
SHIPITEM06245,SHIP02083,PROD080,74
SHIPITEM06246,SHIP02083,PROD124,12
SHIPITEM06247,SHIP02084,PROD258,129
SHIPITEM06248,SHIP02084,PROD356,83
SHIPITEM06249,SHIP02084,PROD290,59
SHIPITEM06250,SHIP02084,PROD165,139
SHIPITEM06251,SHIP02085,PROD287,137
SHIPITEM06252,SHIP02085,PROD082,120
SHIPITEM06253,SHIP02085,PROD226,101
SHIPITEM06254,SHIP02085,PROD181,139
SHIPITEM06255,SHIP02085,PROD298,16
SHIPITEM06256,SHIP02086,PROD429,32
SHIPITEM06257,SHIP02086,PROD183,83
SHIPITEM06258,SHIP02086,PROD063,116
SHIPITEM06259,SHIP02086,PROD355,45
SHIPITEM06260,SHIP02086,PROD119,61
SHIPITEM06261,SHIP02087,PROD381,60
SHIPITEM06262,SHIP02087,PROD346,72
SHIPITEM06263,SHIP02088,PROD197,101
SHIPITEM06264,SHIP02088,PROD403,43
SHIPITEM06265,SHIP02088,PROD128,139
SHIPITEM06266,SHIP02089,PROD458,144
SHIPITEM06267,SHIP02089,PROD331,23
SHIPITEM06268,SHIP02090,PROD250,122
SHIPITEM06269,SHIP02090,PROD185,62
SHIPITEM06270,SHIP02090,PROD271,141
SHIPITEM06271,SHIP02091,PROD016,17
SHIPITEM06272,SHIP02091,PROD188,122
SHIPITEM06273,SHIP02092,PROD092,139
SHIPITEM06274,SHIP02092,PROD151,117
SHIPITEM06275,SHIP02092,PROD237,26
SHIPITEM06276,SHIP02092,PROD418,9
SHIPITEM06277,SHIP02092,PROD039,14
SHIPITEM06278,SHIP02093,PROD126,92
SHIPITEM06279,SHIP02094,PROD498,49
SHIPITEM06280,SHIP02094,PROD051,140
SHIPITEM06281,SHIP02094,PROD238,105
SHIPITEM06282,SHIP02095,PROD409,134
SHIPITEM06283,SHIP02095,PROD431,66
SHIPITEM06284,SHIP02095,PROD282,113
SHIPITEM06285,SHIP02095,PROD253,14
SHIPITEM06286,SHIP02095,PROD450,15
SHIPITEM06287,SHIP02096,PROD369,96
SHIPITEM06288,SHIP02096,PROD330,144
SHIPITEM06289,SHIP02096,PROD359,52
SHIPITEM06290,SHIP02096,PROD189,134
SHIPITEM06291,SHIP02097,PROD052,47
SHIPITEM06292,SHIP02097,PROD239,125
SHIPITEM06293,SHIP02098,PROD108,131
SHIPITEM06294,SHIP02098,PROD264,37
SHIPITEM06295,SHIP02098,PROD286,34
SHIPITEM06296,SHIP02099,PROD207,5
SHIPITEM06297,SHIP02100,PROD259,74
SHIPITEM06298,SHIP02100,PROD385,69
SHIPITEM06299,SHIP02100,PROD393,144
SHIPITEM06300,SHIP02101,PROD045,54
SHIPITEM06301,SHIP02101,PROD232,55
SHIPITEM06302,SHIP02102,PROD436,146
SHIPITEM06303,SHIP02102,PROD090,12
SHIPITEM06304,SHIP02102,PROD143,123
SHIPITEM06305,SHIP02103,PROD172,135
SHIPITEM06306,SHIP02103,PROD429,98
SHIPITEM06307,SHIP02104,PROD496,72
SHIPITEM06308,SHIP02104,PROD251,67
SHIPITEM06309,SHIP02104,PROD381,79
SHIPITEM06310,SHIP02104,PROD470,40
SHIPITEM06311,SHIP02104,PROD499,18
SHIPITEM06312,SHIP02105,PROD147,6
SHIPITEM06313,SHIP02105,PROD029,95
SHIPITEM06314,SHIP02105,PROD418,15
SHIPITEM06315,SHIP02106,PROD030,120
SHIPITEM06316,SHIP02106,PROD101,64
SHIPITEM06317,SHIP02107,PROD197,49
SHIPITEM06318,SHIP02107,PROD467,92
SHIPITEM06319,SHIP02107,PROD399,46
SHIPITEM06320,SHIP02107,PROD291,114
SHIPITEM06321,SHIP02108,PROD435,27
SHIPITEM06322,SHIP02108,PROD131,138
SHIPITEM06323,SHIP02109,PROD092,13
SHIPITEM06324,SHIP02109,PROD478,19
SHIPITEM06325,SHIP02109,PROD352,41
SHIPITEM06326,SHIP02109,PROD260,22
SHIPITEM06327,SHIP02109,PROD232,60
SHIPITEM06328,SHIP02110,PROD309,48
SHIPITEM06329,SHIP02110,PROD297,58
SHIPITEM06330,SHIP02110,PROD291,44
SHIPITEM06331,SHIP02110,PROD402,60
SHIPITEM06332,SHIP02111,PROD144,89
SHIPITEM06333,SHIP02111,PROD497,29
SHIPITEM06334,SHIP02111,PROD347,46
SHIPITEM06335,SHIP02111,PROD330,42
SHIPITEM06336,SHIP02111,PROD149,124
SHIPITEM06337,SHIP02112,PROD417,112
SHIPITEM06338,SHIP02112,PROD274,114
SHIPITEM06339,SHIP02113,PROD148,37
SHIPITEM06340,SHIP02113,PROD333,5
SHIPITEM06341,SHIP02114,PROD053,99
SHIPITEM06342,SHIP02114,PROD119,44
SHIPITEM06343,SHIP02115,PROD090,85
SHIPITEM06344,SHIP02115,PROD281,34
SHIPITEM06345,SHIP02115,PROD318,27
SHIPITEM06346,SHIP02115,PROD299,135
SHIPITEM06347,SHIP02115,PROD257,115
SHIPITEM06348,SHIP02116,PROD138,24
SHIPITEM06349,SHIP02116,PROD066,30
SHIPITEM06350,SHIP02116,PROD103,47
SHIPITEM06351,SHIP02117,PROD231,136
SHIPITEM06352,SHIP02117,PROD139,76
SHIPITEM06353,SHIP02117,PROD495,106
SHIPITEM06354,SHIP02118,PROD367,92
SHIPITEM06355,SHIP02118,PROD167,11
SHIPITEM06356,SHIP02119,PROD137,37
SHIPITEM06357,SHIP02119,PROD119,91
SHIPITEM06358,SHIP02119,PROD131,75
SHIPITEM06359,SHIP02120,PROD005,21
SHIPITEM06360,SHIP02120,PROD485,25
SHIPITEM06361,SHIP02120,PROD275,97
SHIPITEM06362,SHIP02120,PROD187,83
SHIPITEM06363,SHIP02121,PROD354,100
SHIPITEM06364,SHIP02121,PROD426,7
SHIPITEM06365,SHIP02121,PROD429,80
SHIPITEM06366,SHIP02122,PROD132,81
SHIPITEM06367,SHIP02122,PROD432,44
SHIPITEM06368,SHIP02122,PROD088,43
SHIPITEM06369,SHIP02122,PROD175,133
SHIPITEM06370,SHIP02123,PROD079,48
SHIPITEM06371,SHIP02123,PROD216,150
SHIPITEM06372,SHIP02123,PROD002,127
SHIPITEM06373,SHIP02124,PROD288,87
SHIPITEM06374,SHIP02124,PROD013,121
SHIPITEM06375,SHIP02124,PROD417,113
SHIPITEM06376,SHIP02125,PROD343,55
SHIPITEM06377,SHIP02125,PROD421,58
SHIPITEM06378,SHIP02126,PROD267,106
SHIPITEM06379,SHIP02126,PROD282,28
SHIPITEM06380,SHIP02126,PROD310,26
SHIPITEM06381,SHIP02126,PROD233,18
SHIPITEM06382,SHIP02127,PROD499,14
SHIPITEM06383,SHIP02127,PROD103,46
SHIPITEM06384,SHIP02128,PROD447,93
SHIPITEM06385,SHIP02128,PROD369,67
SHIPITEM06386,SHIP02128,PROD423,98
SHIPITEM06387,SHIP02129,PROD426,145
SHIPITEM06388,SHIP02129,PROD435,95
SHIPITEM06389,SHIP02129,PROD297,123
SHIPITEM06390,SHIP02130,PROD042,72
SHIPITEM06391,SHIP02131,PROD326,96
SHIPITEM06392,SHIP02131,PROD121,93
SHIPITEM06393,SHIP02131,PROD285,35
SHIPITEM06394,SHIP02131,PROD363,93
SHIPITEM06395,SHIP02132,PROD458,108
SHIPITEM06396,SHIP02132,PROD130,113
SHIPITEM06397,SHIP02133,PROD482,6
SHIPITEM06398,SHIP02133,PROD004,140
SHIPITEM06399,SHIP02133,PROD134,28
SHIPITEM06400,SHIP02133,PROD278,49
SHIPITEM06401,SHIP02134,PROD357,115
SHIPITEM06402,SHIP02134,PROD143,8
SHIPITEM06403,SHIP02135,PROD188,111
SHIPITEM06404,SHIP02135,PROD223,65
SHIPITEM06405,SHIP02135,PROD473,35
SHIPITEM06406,SHIP02135,PROD469,21
SHIPITEM06407,SHIP02136,PROD279,92
SHIPITEM06408,SHIP02136,PROD190,121
SHIPITEM06409,SHIP02137,PROD352,62
SHIPITEM06410,SHIP02137,PROD403,137
SHIPITEM06411,SHIP02138,PROD054,130
SHIPITEM06412,SHIP02138,PROD408,108
SHIPITEM06413,SHIP02138,PROD147,103
SHIPITEM06414,SHIP02139,PROD136,89
SHIPITEM06415,SHIP02139,PROD221,32
SHIPITEM06416,SHIP02139,PROD045,11
SHIPITEM06417,SHIP02140,PROD476,31
SHIPITEM06418,SHIP02140,PROD227,121
SHIPITEM06419,SHIP02141,PROD097,22
SHIPITEM06420,SHIP02141,PROD345,53
SHIPITEM06421,SHIP02141,PROD472,134
SHIPITEM06422,SHIP02141,PROD051,118
SHIPITEM06423,SHIP02141,PROD476,87
SHIPITEM06424,SHIP02142,PROD326,110
SHIPITEM06425,SHIP02142,PROD002,31
SHIPITEM06426,SHIP02143,PROD468,130
SHIPITEM06427,SHIP02144,PROD081,102
SHIPITEM06428,SHIP02144,PROD442,78
SHIPITEM06429,SHIP02144,PROD059,20
SHIPITEM06430,SHIP02144,PROD220,25
SHIPITEM06431,SHIP02145,PROD289,92
SHIPITEM06432,SHIP02146,PROD233,141
SHIPITEM06433,SHIP02146,PROD314,12
SHIPITEM06434,SHIP02146,PROD385,133
SHIPITEM06435,SHIP02146,PROD243,54
SHIPITEM06436,SHIP02146,PROD072,131
SHIPITEM06437,SHIP02147,PROD055,141
SHIPITEM06438,SHIP02147,PROD201,148
SHIPITEM06439,SHIP02147,PROD370,56
SHIPITEM06440,SHIP02148,PROD055,146
SHIPITEM06441,SHIP02148,PROD157,36
SHIPITEM06442,SHIP02149,PROD015,106
SHIPITEM06443,SHIP02149,PROD385,75
SHIPITEM06444,SHIP02149,PROD350,108
SHIPITEM06445,SHIP02149,PROD123,95
SHIPITEM06446,SHIP02150,PROD323,97
SHIPITEM06447,SHIP02150,PROD401,40
SHIPITEM06448,SHIP02150,PROD023,132
SHIPITEM06449,SHIP02151,PROD159,83
SHIPITEM06450,SHIP02151,PROD469,125
SHIPITEM06451,SHIP02151,PROD101,128
SHIPITEM06452,SHIP02151,PROD463,147
SHIPITEM06453,SHIP02151,PROD167,19
SHIPITEM06454,SHIP02152,PROD006,103
SHIPITEM06455,SHIP02152,PROD251,149
SHIPITEM06456,SHIP02152,PROD152,60
SHIPITEM06457,SHIP02152,PROD274,91
SHIPITEM06458,SHIP02153,PROD249,73
SHIPITEM06459,SHIP02153,PROD369,119
SHIPITEM06460,SHIP02153,PROD283,33
SHIPITEM06461,SHIP02154,PROD491,25
SHIPITEM06462,SHIP02154,PROD166,77
SHIPITEM06463,SHIP02154,PROD293,82
SHIPITEM06464,SHIP02155,PROD364,36
SHIPITEM06465,SHIP02155,PROD101,43
SHIPITEM06466,SHIP02156,PROD391,45
SHIPITEM06467,SHIP02156,PROD131,130
SHIPITEM06468,SHIP02156,PROD422,72
SHIPITEM06469,SHIP02157,PROD289,102
SHIPITEM06470,SHIP02157,PROD053,87
SHIPITEM06471,SHIP02157,PROD185,81
SHIPITEM06472,SHIP02158,PROD412,60
SHIPITEM06473,SHIP02158,PROD247,122
SHIPITEM06474,SHIP02158,PROD484,52
SHIPITEM06475,SHIP02159,PROD413,56
SHIPITEM06476,SHIP02160,PROD062,86
SHIPITEM06477,SHIP02160,PROD269,9
SHIPITEM06478,SHIP02160,PROD448,79
SHIPITEM06479,SHIP02161,PROD199,131
SHIPITEM06480,SHIP02161,PROD011,8
SHIPITEM06481,SHIP02161,PROD203,139
SHIPITEM06482,SHIP02162,PROD138,37
SHIPITEM06483,SHIP02162,PROD016,148
SHIPITEM06484,SHIP02162,PROD261,60
SHIPITEM06485,SHIP02163,PROD345,51
SHIPITEM06486,SHIP02163,PROD296,125
SHIPITEM06487,SHIP02164,PROD286,86
SHIPITEM06488,SHIP02164,PROD458,131
SHIPITEM06489,SHIP02164,PROD308,11
SHIPITEM06490,SHIP02164,PROD431,41
SHIPITEM06491,SHIP02164,PROD092,107
SHIPITEM06492,SHIP02165,PROD086,130
SHIPITEM06493,SHIP02165,PROD181,24
SHIPITEM06494,SHIP02166,PROD371,36
SHIPITEM06495,SHIP02167,PROD208,142
SHIPITEM06496,SHIP02167,PROD117,102
SHIPITEM06497,SHIP02167,PROD312,15
SHIPITEM06498,SHIP02167,PROD228,61
SHIPITEM06499,SHIP02168,PROD123,109
SHIPITEM06500,SHIP02168,PROD315,142
SHIPITEM06501,SHIP02168,PROD371,47
SHIPITEM06502,SHIP02169,PROD097,110
SHIPITEM06503,SHIP02169,PROD496,23
SHIPITEM06504,SHIP02169,PROD107,91
SHIPITEM06505,SHIP02170,PROD006,54
SHIPITEM06506,SHIP02170,PROD027,12
SHIPITEM06507,SHIP02171,PROD042,108
SHIPITEM06508,SHIP02171,PROD165,145
SHIPITEM06509,SHIP02171,PROD284,129
SHIPITEM06510,SHIP02172,PROD420,121
SHIPITEM06511,SHIP02172,PROD280,86
SHIPITEM06512,SHIP02173,PROD350,144
SHIPITEM06513,SHIP02173,PROD099,67
SHIPITEM06514,SHIP02173,PROD387,9
SHIPITEM06515,SHIP02173,PROD050,38
SHIPITEM06516,SHIP02174,PROD252,44
SHIPITEM06517,SHIP02174,PROD123,6
SHIPITEM06518,SHIP02174,PROD417,141
SHIPITEM06519,SHIP02174,PROD327,58
SHIPITEM06520,SHIP02175,PROD194,52
SHIPITEM06521,SHIP02175,PROD360,41
SHIPITEM06522,SHIP02176,PROD120,27
SHIPITEM06523,SHIP02177,PROD259,37
SHIPITEM06524,SHIP02177,PROD423,20
SHIPITEM06525,SHIP02178,PROD049,21
SHIPITEM06526,SHIP02179,PROD282,99
SHIPITEM06527,SHIP02179,PROD352,127
SHIPITEM06528,SHIP02179,PROD418,20
SHIPITEM06529,SHIP02179,PROD378,31
SHIPITEM06530,SHIP02179,PROD424,100
SHIPITEM06531,SHIP02180,PROD209,32
SHIPITEM06532,SHIP02180,PROD242,150
SHIPITEM06533,SHIP02181,PROD123,7
SHIPITEM06534,SHIP02181,PROD437,47
SHIPITEM06535,SHIP02182,PROD270,57
SHIPITEM06536,SHIP02182,PROD024,40
SHIPITEM06537,SHIP02182,PROD406,118
SHIPITEM06538,SHIP02183,PROD382,149
SHIPITEM06539,SHIP02183,PROD376,109
SHIPITEM06540,SHIP02183,PROD475,116
SHIPITEM06541,SHIP02184,PROD035,77
SHIPITEM06542,SHIP02184,PROD105,22
SHIPITEM06543,SHIP02184,PROD234,45
SHIPITEM06544,SHIP02185,PROD037,101
SHIPITEM06545,SHIP02185,PROD337,129
SHIPITEM06546,SHIP02185,PROD227,59
SHIPITEM06547,SHIP02185,PROD177,91
SHIPITEM06548,SHIP02185,PROD342,16
SHIPITEM06549,SHIP02186,PROD443,7
SHIPITEM06550,SHIP02187,PROD346,61
SHIPITEM06551,SHIP02187,PROD353,10
SHIPITEM06552,SHIP02188,PROD345,140
SHIPITEM06553,SHIP02188,PROD015,50
SHIPITEM06554,SHIP02188,PROD435,76
SHIPITEM06555,SHIP02188,PROD229,30
SHIPITEM06556,SHIP02188,PROD144,145
SHIPITEM06557,SHIP02188,PROD492,59
SHIPITEM06558,SHIP02188,PROD262,60
SHIPITEM06559,SHIP02189,PROD243,21
SHIPITEM06560,SHIP02189,PROD348,9
SHIPITEM06561,SHIP02190,PROD376,40
SHIPITEM06562,SHIP02190,PROD142,124
SHIPITEM06563,SHIP02190,PROD380,49
SHIPITEM06564,SHIP02191,PROD293,99
SHIPITEM06565,SHIP02191,PROD416,142
SHIPITEM06566,SHIP02192,PROD054,24
SHIPITEM06567,SHIP02192,PROD185,123
SHIPITEM06568,SHIP02192,PROD408,77
SHIPITEM06569,SHIP02193,PROD210,109
SHIPITEM06570,SHIP02193,PROD068,142
SHIPITEM06571,SHIP02193,PROD066,112
SHIPITEM06572,SHIP02193,PROD010,128
SHIPITEM06573,SHIP02194,PROD321,21
SHIPITEM06574,SHIP02194,PROD274,100
SHIPITEM06575,SHIP02194,PROD306,46
SHIPITEM06576,SHIP02194,PROD137,68
SHIPITEM06577,SHIP02195,PROD497,20
SHIPITEM06578,SHIP02195,PROD476,39
SHIPITEM06579,SHIP02196,PROD202,99
SHIPITEM06580,SHIP02196,PROD367,32
SHIPITEM06581,SHIP02196,PROD392,97
SHIPITEM06582,SHIP02196,PROD206,22
SHIPITEM06583,SHIP02197,PROD388,58
SHIPITEM06584,SHIP02197,PROD082,115
SHIPITEM06585,SHIP02197,PROD125,105
SHIPITEM06586,SHIP02197,PROD344,112
SHIPITEM06587,SHIP02197,PROD145,77
SHIPITEM06588,SHIP02198,PROD221,6
SHIPITEM06589,SHIP02198,PROD466,60
SHIPITEM06590,SHIP02198,PROD172,66
SHIPITEM06591,SHIP02199,PROD399,17
SHIPITEM06592,SHIP02200,PROD355,108
SHIPITEM06593,SHIP02200,PROD069,94
SHIPITEM06594,SHIP02200,PROD230,14
SHIPITEM06595,SHIP02200,PROD408,105
SHIPITEM06596,SHIP02201,PROD449,133
SHIPITEM06597,SHIP02201,PROD356,92
SHIPITEM06598,SHIP02202,PROD357,111
SHIPITEM06599,SHIP02202,PROD319,64
SHIPITEM06600,SHIP02202,PROD329,38
SHIPITEM06601,SHIP02203,PROD494,91
SHIPITEM06602,SHIP02203,PROD063,129
SHIPITEM06603,SHIP02203,PROD312,101
SHIPITEM06604,SHIP02203,PROD133,65
SHIPITEM06605,SHIP02203,PROD370,70
SHIPITEM06606,SHIP02204,PROD396,22
SHIPITEM06607,SHIP02204,PROD255,49
SHIPITEM06608,SHIP02205,PROD061,118
SHIPITEM06609,SHIP02205,PROD311,124
SHIPITEM06610,SHIP02205,PROD115,20
SHIPITEM06611,SHIP02205,PROD479,106
SHIPITEM06612,SHIP02206,PROD373,25
SHIPITEM06613,SHIP02206,PROD025,145
SHIPITEM06614,SHIP02207,PROD451,150
SHIPITEM06615,SHIP02207,PROD197,56
SHIPITEM06616,SHIP02207,PROD336,73
SHIPITEM06617,SHIP02207,PROD300,27
SHIPITEM06618,SHIP02208,PROD250,37
SHIPITEM06619,SHIP02208,PROD392,120
SHIPITEM06620,SHIP02208,PROD347,75
SHIPITEM06621,SHIP02208,PROD085,38
SHIPITEM06622,SHIP02208,PROD136,13
SHIPITEM06623,SHIP02209,PROD263,50
SHIPITEM06624,SHIP02209,PROD462,123
SHIPITEM06625,SHIP02209,PROD152,35
SHIPITEM06626,SHIP02210,PROD225,107
SHIPITEM06627,SHIP02210,PROD433,83
SHIPITEM06628,SHIP02210,PROD176,147
SHIPITEM06629,SHIP02210,PROD451,112
SHIPITEM06630,SHIP02211,PROD424,141
SHIPITEM06631,SHIP02211,PROD114,64
SHIPITEM06632,SHIP02211,PROD212,101
SHIPITEM06633,SHIP02211,PROD142,26
SHIPITEM06634,SHIP02212,PROD452,8
SHIPITEM06635,SHIP02212,PROD257,20
SHIPITEM06636,SHIP02212,PROD263,44
SHIPITEM06637,SHIP02212,PROD321,99
SHIPITEM06638,SHIP02212,PROD499,32
SHIPITEM06639,SHIP02212,PROD245,140
SHIPITEM06640,SHIP02213,PROD444,105
SHIPITEM06641,SHIP02213,PROD461,16
SHIPITEM06642,SHIP02214,PROD135,34
SHIPITEM06643,SHIP02214,PROD150,5
SHIPITEM06644,SHIP02214,PROD036,48
SHIPITEM06645,SHIP02214,PROD436,49
SHIPITEM06646,SHIP02214,PROD446,13
SHIPITEM06647,SHIP02214,PROD499,23
SHIPITEM06648,SHIP02215,PROD013,40
SHIPITEM06649,SHIP02215,PROD324,43
SHIPITEM06650,SHIP02215,PROD452,140
SHIPITEM06651,SHIP02215,PROD294,53
SHIPITEM06652,SHIP02216,PROD320,49
SHIPITEM06653,SHIP02216,PROD447,112
SHIPITEM06654,SHIP02216,PROD250,67
SHIPITEM06655,SHIP02216,PROD475,66
SHIPITEM06656,SHIP02217,PROD462,57
SHIPITEM06657,SHIP02217,PROD027,48
SHIPITEM06658,SHIP02217,PROD431,143
SHIPITEM06659,SHIP02217,PROD007,87
SHIPITEM06660,SHIP02217,PROD079,46
SHIPITEM06661,SHIP02218,PROD200,74
SHIPITEM06662,SHIP02218,PROD430,29
SHIPITEM06663,SHIP02218,PROD071,128
SHIPITEM06664,SHIP02218,PROD067,82
SHIPITEM06665,SHIP02219,PROD206,136
SHIPITEM06666,SHIP02219,PROD138,133
SHIPITEM06667,SHIP02220,PROD223,48
SHIPITEM06668,SHIP02220,PROD312,8
SHIPITEM06669,SHIP02220,PROD013,49
SHIPITEM06670,SHIP02221,PROD012,73
SHIPITEM06671,SHIP02221,PROD424,85
SHIPITEM06672,SHIP02221,PROD405,16
SHIPITEM06673,SHIP02221,PROD421,147
SHIPITEM06674,SHIP02222,PROD494,115
SHIPITEM06675,SHIP02223,PROD235,47
SHIPITEM06676,SHIP02223,PROD283,130
SHIPITEM06677,SHIP02224,PROD296,130
SHIPITEM06678,SHIP02224,PROD270,79
SHIPITEM06679,SHIP02224,PROD097,85
SHIPITEM06680,SHIP02224,PROD358,62
SHIPITEM06681,SHIP02225,PROD096,14
SHIPITEM06682,SHIP02225,PROD197,142
SHIPITEM06683,SHIP02225,PROD278,93
SHIPITEM06684,SHIP02225,PROD137,111
SHIPITEM06685,SHIP02225,PROD386,79
SHIPITEM06686,SHIP02225,PROD314,55
SHIPITEM06687,SHIP02226,PROD480,63
SHIPITEM06688,SHIP02226,PROD170,35
SHIPITEM06689,SHIP02227,PROD390,50
SHIPITEM06690,SHIP02227,PROD394,120
SHIPITEM06691,SHIP02227,PROD273,17
SHIPITEM06692,SHIP02228,PROD431,82
SHIPITEM06693,SHIP02228,PROD397,91
SHIPITEM06694,SHIP02229,PROD169,60
SHIPITEM06695,SHIP02229,PROD140,39
SHIPITEM06696,SHIP02229,PROD061,64
SHIPITEM06697,SHIP02230,PROD094,99
SHIPITEM06698,SHIP02231,PROD306,54
SHIPITEM06699,SHIP02231,PROD343,72
SHIPITEM06700,SHIP02231,PROD237,81
SHIPITEM06701,SHIP02231,PROD112,90
SHIPITEM06702,SHIP02231,PROD351,42
SHIPITEM06703,SHIP02232,PROD076,20
SHIPITEM06704,SHIP02232,PROD144,95
SHIPITEM06705,SHIP02232,PROD075,47
SHIPITEM06706,SHIP02233,PROD332,8
SHIPITEM06707,SHIP02233,PROD396,120
SHIPITEM06708,SHIP02233,PROD262,101
SHIPITEM06709,SHIP02233,PROD313,34
SHIPITEM06710,SHIP02233,PROD485,68
SHIPITEM06711,SHIP02234,PROD244,63
SHIPITEM06712,SHIP02234,PROD360,91
SHIPITEM06713,SHIP02234,PROD197,79
SHIPITEM06714,SHIP02235,PROD005,45
SHIPITEM06715,SHIP02235,PROD362,116
SHIPITEM06716,SHIP02236,PROD215,45
SHIPITEM06717,SHIP02236,PROD300,127
SHIPITEM06718,SHIP02236,PROD185,5
SHIPITEM06719,SHIP02236,PROD053,85
SHIPITEM06720,SHIP02237,PROD098,64
SHIPITEM06721,SHIP02237,PROD325,137
SHIPITEM06722,SHIP02237,PROD011,51
SHIPITEM06723,SHIP02237,PROD395,20
SHIPITEM06724,SHIP02238,PROD301,33
SHIPITEM06725,SHIP02238,PROD007,20
SHIPITEM06726,SHIP02238,PROD431,148
SHIPITEM06727,SHIP02238,PROD046,17
SHIPITEM06728,SHIP02239,PROD454,33
SHIPITEM06729,SHIP02239,PROD087,5
SHIPITEM06730,SHIP02240,PROD247,135
SHIPITEM06731,SHIP02241,PROD239,46
SHIPITEM06732,SHIP02241,PROD258,113
SHIPITEM06733,SHIP02242,PROD041,105
SHIPITEM06734,SHIP02242,PROD447,50
SHIPITEM06735,SHIP02242,PROD414,77
SHIPITEM06736,SHIP02242,PROD464,40
SHIPITEM06737,SHIP02243,PROD470,127
SHIPITEM06738,SHIP02243,PROD114,27
SHIPITEM06739,SHIP02243,PROD262,86
SHIPITEM06740,SHIP02243,PROD247,82
SHIPITEM06741,SHIP02243,PROD026,45
SHIPITEM06742,SHIP02244,PROD282,56
SHIPITEM06743,SHIP02245,PROD241,21
SHIPITEM06744,SHIP02246,PROD169,108
SHIPITEM06745,SHIP02246,PROD160,59
SHIPITEM06746,SHIP02246,PROD131,51
SHIPITEM06747,SHIP02246,PROD405,72
SHIPITEM06748,SHIP02247,PROD208,84
SHIPITEM06749,SHIP02247,PROD030,129
SHIPITEM06750,SHIP02248,PROD079,10
SHIPITEM06751,SHIP02248,PROD095,8
SHIPITEM06752,SHIP02248,PROD460,32
SHIPITEM06753,SHIP02248,PROD013,79
SHIPITEM06754,SHIP02248,PROD429,62
SHIPITEM06755,SHIP02249,PROD223,118
SHIPITEM06756,SHIP02249,PROD329,11
SHIPITEM06757,SHIP02249,PROD032,115
SHIPITEM06758,SHIP02249,PROD309,122
SHIPITEM06759,SHIP02250,PROD083,32
SHIPITEM06760,SHIP02250,PROD140,60
SHIPITEM06761,SHIP02251,PROD416,73
SHIPITEM06762,SHIP02251,PROD007,49
SHIPITEM06763,SHIP02251,PROD190,57
SHIPITEM06764,SHIP02252,PROD039,145
SHIPITEM06765,SHIP02252,PROD183,36
SHIPITEM06766,SHIP02252,PROD062,65
SHIPITEM06767,SHIP02253,PROD278,33
SHIPITEM06768,SHIP02253,PROD328,97
SHIPITEM06769,SHIP02253,PROD264,26
SHIPITEM06770,SHIP02254,PROD377,7
SHIPITEM06771,SHIP02255,PROD367,150
SHIPITEM06772,SHIP02256,PROD077,128
SHIPITEM06773,SHIP02256,PROD283,104
SHIPITEM06774,SHIP02256,PROD367,145
SHIPITEM06775,SHIP02257,PROD388,37
SHIPITEM06776,SHIP02257,PROD053,147
SHIPITEM06777,SHIP02257,PROD217,52
SHIPITEM06778,SHIP02258,PROD073,64
SHIPITEM06779,SHIP02258,PROD134,79
SHIPITEM06780,SHIP02259,PROD498,86
SHIPITEM06781,SHIP02259,PROD344,149
SHIPITEM06782,SHIP02259,PROD321,63
SHIPITEM06783,SHIP02259,PROD102,43
SHIPITEM06784,SHIP02259,PROD360,97
SHIPITEM06785,SHIP02260,PROD373,103
SHIPITEM06786,SHIP02260,PROD164,65
SHIPITEM06787,SHIP02260,PROD138,40
SHIPITEM06788,SHIP02260,PROD399,27
SHIPITEM06789,SHIP02261,PROD441,40
SHIPITEM06790,SHIP02261,PROD391,114
SHIPITEM06791,SHIP02261,PROD442,146
SHIPITEM06792,SHIP02261,PROD385,112
SHIPITEM06793,SHIP02261,PROD201,29
SHIPITEM06794,SHIP02262,PROD444,14
SHIPITEM06795,SHIP02262,PROD242,130
SHIPITEM06796,SHIP02262,PROD215,131
SHIPITEM06797,SHIP02263,PROD289,110
SHIPITEM06798,SHIP02263,PROD198,132
SHIPITEM06799,SHIP02263,PROD351,79
SHIPITEM06800,SHIP02263,PROD443,60
SHIPITEM06801,SHIP02263,PROD081,64
SHIPITEM06802,SHIP02263,PROD267,55
SHIPITEM06803,SHIP02264,PROD310,138
SHIPITEM06804,SHIP02265,PROD389,19
SHIPITEM06805,SHIP02265,PROD408,83
SHIPITEM06806,SHIP02265,PROD285,106
SHIPITEM06807,SHIP02265,PROD263,46
SHIPITEM06808,SHIP02266,PROD016,33
SHIPITEM06809,SHIP02266,PROD448,88
SHIPITEM06810,SHIP02266,PROD127,61
SHIPITEM06811,SHIP02267,PROD373,54
SHIPITEM06812,SHIP02268,PROD155,128
SHIPITEM06813,SHIP02268,PROD371,91
SHIPITEM06814,SHIP02268,PROD260,24
SHIPITEM06815,SHIP02268,PROD171,120
SHIPITEM06816,SHIP02268,PROD339,73
SHIPITEM06817,SHIP02269,PROD422,110
SHIPITEM06818,SHIP02269,PROD095,37
SHIPITEM06819,SHIP02270,PROD353,31
SHIPITEM06820,SHIP02270,PROD457,81
SHIPITEM06821,SHIP02270,PROD127,98
SHIPITEM06822,SHIP02271,PROD096,136
SHIPITEM06823,SHIP02271,PROD166,113
SHIPITEM06824,SHIP02272,PROD352,72
SHIPITEM06825,SHIP02272,PROD473,107
SHIPITEM06826,SHIP02273,PROD001,34
SHIPITEM06827,SHIP02273,PROD276,9
SHIPITEM06828,SHIP02274,PROD182,82
SHIPITEM06829,SHIP02275,PROD331,89
SHIPITEM06830,SHIP02275,PROD496,15
SHIPITEM06831,SHIP02275,PROD435,140
SHIPITEM06832,SHIP02276,PROD441,142
SHIPITEM06833,SHIP02276,PROD325,9
SHIPITEM06834,SHIP02277,PROD352,80
SHIPITEM06835,SHIP02277,PROD060,127
SHIPITEM06836,SHIP02277,PROD178,28
SHIPITEM06837,SHIP02278,PROD239,20
SHIPITEM06838,SHIP02278,PROD493,68
SHIPITEM06839,SHIP02279,PROD057,84
SHIPITEM06840,SHIP02279,PROD046,39
SHIPITEM06841,SHIP02279,PROD466,121
SHIPITEM06842,SHIP02279,PROD391,24
SHIPITEM06843,SHIP02279,PROD300,16
SHIPITEM06844,SHIP02280,PROD470,58
SHIPITEM06845,SHIP02280,PROD486,43
SHIPITEM06846,SHIP02280,PROD005,147
SHIPITEM06847,SHIP02280,PROD223,125
SHIPITEM06848,SHIP02281,PROD180,74
SHIPITEM06849,SHIP02281,PROD300,91
SHIPITEM06850,SHIP02282,PROD293,91
SHIPITEM06851,SHIP02282,PROD326,87
SHIPITEM06852,SHIP02283,PROD416,32
SHIPITEM06853,SHIP02284,PROD243,20
SHIPITEM06854,SHIP02284,PROD355,12
SHIPITEM06855,SHIP02284,PROD161,31
SHIPITEM06856,SHIP02285,PROD101,105
SHIPITEM06857,SHIP02285,PROD457,70
SHIPITEM06858,SHIP02285,PROD321,76
SHIPITEM06859,SHIP02286,PROD085,11
SHIPITEM06860,SHIP02286,PROD114,68
SHIPITEM06861,SHIP02286,PROD008,6
SHIPITEM06862,SHIP02287,PROD333,16
SHIPITEM06863,SHIP02287,PROD088,139
SHIPITEM06864,SHIP02287,PROD444,45
SHIPITEM06865,SHIP02287,PROD499,56
SHIPITEM06866,SHIP02288,PROD263,136
SHIPITEM06867,SHIP02288,PROD274,145
SHIPITEM06868,SHIP02288,PROD489,63
SHIPITEM06869,SHIP02289,PROD102,135
SHIPITEM06870,SHIP02290,PROD467,21
SHIPITEM06871,SHIP02290,PROD424,43
SHIPITEM06872,SHIP02290,PROD136,33
SHIPITEM06873,SHIP02290,PROD141,22
SHIPITEM06874,SHIP02291,PROD446,33
SHIPITEM06875,SHIP02291,PROD074,132
SHIPITEM06876,SHIP02292,PROD464,110
SHIPITEM06877,SHIP02292,PROD392,5
SHIPITEM06878,SHIP02293,PROD369,10
SHIPITEM06879,SHIP02293,PROD457,45
SHIPITEM06880,SHIP02293,PROD109,34
SHIPITEM06881,SHIP02293,PROD340,90
SHIPITEM06882,SHIP02293,PROD293,84
SHIPITEM06883,SHIP02294,PROD079,134
SHIPITEM06884,SHIP02295,PROD057,34
SHIPITEM06885,SHIP02295,PROD073,13
SHIPITEM06886,SHIP02296,PROD096,43
SHIPITEM06887,SHIP02296,PROD351,55
SHIPITEM06888,SHIP02296,PROD134,106
SHIPITEM06889,SHIP02296,PROD346,6
SHIPITEM06890,SHIP02296,PROD144,41
SHIPITEM06891,SHIP02297,PROD358,120
SHIPITEM06892,SHIP02297,PROD087,31
SHIPITEM06893,SHIP02297,PROD306,47
SHIPITEM06894,SHIP02297,PROD063,68
SHIPITEM06895,SHIP02298,PROD492,83
SHIPITEM06896,SHIP02298,PROD166,5
SHIPITEM06897,SHIP02298,PROD424,54
SHIPITEM06898,SHIP02298,PROD170,76
SHIPITEM06899,SHIP02298,PROD453,63
SHIPITEM06900,SHIP02299,PROD397,32
SHIPITEM06901,SHIP02299,PROD277,76
SHIPITEM06902,SHIP02299,PROD214,145
SHIPITEM06903,SHIP02300,PROD210,106
SHIPITEM06904,SHIP02300,PROD191,55
SHIPITEM06905,SHIP02301,PROD127,86
SHIPITEM06906,SHIP02301,PROD261,89
SHIPITEM06907,SHIP02301,PROD346,111
SHIPITEM06908,SHIP02301,PROD247,120
SHIPITEM06909,SHIP02302,PROD094,64
SHIPITEM06910,SHIP02302,PROD285,54
SHIPITEM06911,SHIP02302,PROD067,75
SHIPITEM06912,SHIP02303,PROD356,28
SHIPITEM06913,SHIP02303,PROD129,83
SHIPITEM06914,SHIP02303,PROD244,49
SHIPITEM06915,SHIP02304,PROD042,96
SHIPITEM06916,SHIP02304,PROD377,77
SHIPITEM06917,SHIP02304,PROD420,30
SHIPITEM06918,SHIP02304,PROD099,79
SHIPITEM06919,SHIP02305,PROD330,27
SHIPITEM06920,SHIP02305,PROD375,25
SHIPITEM06921,SHIP02306,PROD472,110
SHIPITEM06922,SHIP02306,PROD433,28
SHIPITEM06923,SHIP02307,PROD393,108
SHIPITEM06924,SHIP02307,PROD069,141
SHIPITEM06925,SHIP02307,PROD326,112
SHIPITEM06926,SHIP02308,PROD245,126
SHIPITEM06927,SHIP02308,PROD074,106
SHIPITEM06928,SHIP02309,PROD184,136
SHIPITEM06929,SHIP02309,PROD308,77
SHIPITEM06930,SHIP02309,PROD006,137
SHIPITEM06931,SHIP02309,PROD445,57
SHIPITEM06932,SHIP02310,PROD210,60
SHIPITEM06933,SHIP02310,PROD305,19
SHIPITEM06934,SHIP02310,PROD137,120
SHIPITEM06935,SHIP02311,PROD353,17
SHIPITEM06936,SHIP02311,PROD090,126
SHIPITEM06937,SHIP02312,PROD039,124
SHIPITEM06938,SHIP02312,PROD075,136
SHIPITEM06939,SHIP02313,PROD458,42
SHIPITEM06940,SHIP02313,PROD385,108
SHIPITEM06941,SHIP02313,PROD035,149
SHIPITEM06942,SHIP02313,PROD329,95
SHIPITEM06943,SHIP02313,PROD092,27
SHIPITEM06944,SHIP02314,PROD087,82
SHIPITEM06945,SHIP02314,PROD311,82
SHIPITEM06946,SHIP02314,PROD388,41
SHIPITEM06947,SHIP02315,PROD020,91
SHIPITEM06948,SHIP02315,PROD217,129
SHIPITEM06949,SHIP02315,PROD377,31
SHIPITEM06950,SHIP02316,PROD368,60
SHIPITEM06951,SHIP02316,PROD107,78
SHIPITEM06952,SHIP02317,PROD010,55
SHIPITEM06953,SHIP02317,PROD038,116
SHIPITEM06954,SHIP02318,PROD151,38
SHIPITEM06955,SHIP02318,PROD254,35
SHIPITEM06956,SHIP02318,PROD133,75
SHIPITEM06957,SHIP02318,PROD367,50
SHIPITEM06958,SHIP02318,PROD402,91
SHIPITEM06959,SHIP02319,PROD233,147
SHIPITEM06960,SHIP02319,PROD051,12
SHIPITEM06961,SHIP02319,PROD287,80
SHIPITEM06962,SHIP02320,PROD092,149
SHIPITEM06963,SHIP02320,PROD087,114
SHIPITEM06964,SHIP02321,PROD445,126
SHIPITEM06965,SHIP02321,PROD153,9
SHIPITEM06966,SHIP02321,PROD390,128
SHIPITEM06967,SHIP02322,PROD417,98
SHIPITEM06968,SHIP02322,PROD305,19
SHIPITEM06969,SHIP02322,PROD479,95
SHIPITEM06970,SHIP02323,PROD114,124
SHIPITEM06971,SHIP02323,PROD395,81
SHIPITEM06972,SHIP02323,PROD429,19
SHIPITEM06973,SHIP02323,PROD045,105
SHIPITEM06974,SHIP02324,PROD318,127
SHIPITEM06975,SHIP02324,PROD026,5
SHIPITEM06976,SHIP02325,PROD032,66
SHIPITEM06977,SHIP02325,PROD240,150
SHIPITEM06978,SHIP02325,PROD451,129
SHIPITEM06979,SHIP02325,PROD126,60
SHIPITEM06980,SHIP02326,PROD297,56
SHIPITEM06981,SHIP02326,PROD004,58
SHIPITEM06982,SHIP02327,PROD342,139
SHIPITEM06983,SHIP02327,PROD299,87
SHIPITEM06984,SHIP02328,PROD197,67
SHIPITEM06985,SHIP02329,PROD299,17
SHIPITEM06986,SHIP02329,PROD035,15
SHIPITEM06987,SHIP02329,PROD347,35
SHIPITEM06988,SHIP02329,PROD281,133
SHIPITEM06989,SHIP02330,PROD322,95
SHIPITEM06990,SHIP02330,PROD083,36
SHIPITEM06991,SHIP02330,PROD394,74
SHIPITEM06992,SHIP02330,PROD049,21
SHIPITEM06993,SHIP02330,PROD266,130
SHIPITEM06994,SHIP02331,PROD017,27
SHIPITEM06995,SHIP02331,PROD232,121
SHIPITEM06996,SHIP02331,PROD350,129
SHIPITEM06997,SHIP02332,PROD327,97
SHIPITEM06998,SHIP02332,PROD374,106
SHIPITEM06999,SHIP02332,PROD479,133
SHIPITEM07000,SHIP02333,PROD399,18
SHIPITEM07001,SHIP02333,PROD251,19
SHIPITEM07002,SHIP02333,PROD255,27
SHIPITEM07003,SHIP02333,PROD479,53
SHIPITEM07004,SHIP02333,PROD358,148
SHIPITEM07005,SHIP02333,PROD467,141
SHIPITEM07006,SHIP02334,PROD478,23
SHIPITEM07007,SHIP02335,PROD319,35
SHIPITEM07008,SHIP02335,PROD096,129
SHIPITEM07009,SHIP02335,PROD033,19
SHIPITEM07010,SHIP02336,PROD193,104
SHIPITEM07011,SHIP02336,PROD302,32
SHIPITEM07012,SHIP02337,PROD421,121
SHIPITEM07013,SHIP02338,PROD071,139
SHIPITEM07014,SHIP02338,PROD201,28
SHIPITEM07015,SHIP02338,PROD306,62
SHIPITEM07016,SHIP02338,PROD137,68
SHIPITEM07017,SHIP02339,PROD342,76
SHIPITEM07018,SHIP02339,PROD182,19
SHIPITEM07019,SHIP02339,PROD378,12
SHIPITEM07020,SHIP02340,PROD015,78
SHIPITEM07021,SHIP02340,PROD159,66
SHIPITEM07022,SHIP02340,PROD069,26
SHIPITEM07023,SHIP02340,PROD452,112
SHIPITEM07024,SHIP02340,PROD056,109
SHIPITEM07025,SHIP02341,PROD396,70
SHIPITEM07026,SHIP02341,PROD471,11
SHIPITEM07027,SHIP02341,PROD473,55
SHIPITEM07028,SHIP02342,PROD072,143
SHIPITEM07029,SHIP02343,PROD466,147
SHIPITEM07030,SHIP02343,PROD426,60
SHIPITEM07031,SHIP02344,PROD010,10
SHIPITEM07032,SHIP02345,PROD261,38
SHIPITEM07033,SHIP02345,PROD315,149
SHIPITEM07034,SHIP02345,PROD137,35
SHIPITEM07035,SHIP02345,PROD244,89
SHIPITEM07036,SHIP02346,PROD302,140
SHIPITEM07037,SHIP02347,PROD468,12
SHIPITEM07038,SHIP02348,PROD364,9
SHIPITEM07039,SHIP02348,PROD204,128
SHIPITEM07040,SHIP02349,PROD026,105
SHIPITEM07041,SHIP02349,PROD159,143
SHIPITEM07042,SHIP02349,PROD133,39
SHIPITEM07043,SHIP02349,PROD039,20
SHIPITEM07044,SHIP02349,PROD171,125
SHIPITEM07045,SHIP02350,PROD319,76
SHIPITEM07046,SHIP02350,PROD326,19
SHIPITEM07047,SHIP02350,PROD292,35
SHIPITEM07048,SHIP02350,PROD151,137
SHIPITEM07049,SHIP02350,PROD293,138
SHIPITEM07050,SHIP02351,PROD093,63
SHIPITEM07051,SHIP02351,PROD457,102
SHIPITEM07052,SHIP02351,PROD469,120
SHIPITEM07053,SHIP02351,PROD393,69
SHIPITEM07054,SHIP02351,PROD452,19
SHIPITEM07055,SHIP02351,PROD409,134
SHIPITEM07056,SHIP02352,PROD020,12
SHIPITEM07057,SHIP02353,PROD176,130
SHIPITEM07058,SHIP02353,PROD387,11
SHIPITEM07059,SHIP02353,PROD361,62
SHIPITEM07060,SHIP02353,PROD466,81
SHIPITEM07061,SHIP02354,PROD383,59
SHIPITEM07062,SHIP02354,PROD192,74
SHIPITEM07063,SHIP02355,PROD307,138
SHIPITEM07064,SHIP02355,PROD455,130
SHIPITEM07065,SHIP02356,PROD455,146
SHIPITEM07066,SHIP02356,PROD215,36
SHIPITEM07067,SHIP02357,PROD301,83
SHIPITEM07068,SHIP02357,PROD434,101
SHIPITEM07069,SHIP02357,PROD272,67
SHIPITEM07070,SHIP02358,PROD132,81
SHIPITEM07071,SHIP02358,PROD054,114
SHIPITEM07072,SHIP02358,PROD178,55
SHIPITEM07073,SHIP02358,PROD437,60
SHIPITEM07074,SHIP02359,PROD019,50
SHIPITEM07075,SHIP02359,PROD045,146
SHIPITEM07076,SHIP02360,PROD156,71
SHIPITEM07077,SHIP02360,PROD103,42
SHIPITEM07078,SHIP02360,PROD425,18
SHIPITEM07079,SHIP02361,PROD035,90
SHIPITEM07080,SHIP02362,PROD178,39
SHIPITEM07081,SHIP02362,PROD198,48
SHIPITEM07082,SHIP02362,PROD161,121
SHIPITEM07083,SHIP02363,PROD215,145
SHIPITEM07084,SHIP02363,PROD323,9
SHIPITEM07085,SHIP02364,PROD028,122
SHIPITEM07086,SHIP02364,PROD293,6
SHIPITEM07087,SHIP02364,PROD199,136
SHIPITEM07088,SHIP02365,PROD488,139
SHIPITEM07089,SHIP02365,PROD363,7
SHIPITEM07090,SHIP02365,PROD483,114
SHIPITEM07091,SHIP02366,PROD427,37
SHIPITEM07092,SHIP02366,PROD102,134
SHIPITEM07093,SHIP02366,PROD272,128
SHIPITEM07094,SHIP02367,PROD041,55
SHIPITEM07095,SHIP02367,PROD351,91
SHIPITEM07096,SHIP02367,PROD496,51
SHIPITEM07097,SHIP02367,PROD227,147
SHIPITEM07098,SHIP02367,PROD078,142
SHIPITEM07099,SHIP02368,PROD222,30
SHIPITEM07100,SHIP02368,PROD306,11
SHIPITEM07101,SHIP02368,PROD398,11
SHIPITEM07102,SHIP02368,PROD311,50
SHIPITEM07103,SHIP02368,PROD087,58
SHIPITEM07104,SHIP02368,PROD259,125
SHIPITEM07105,SHIP02368,PROD256,120
SHIPITEM07106,SHIP02369,PROD107,99
SHIPITEM07107,SHIP02369,PROD150,21
SHIPITEM07108,SHIP02369,PROD182,109
SHIPITEM07109,SHIP02369,PROD402,57
SHIPITEM07110,SHIP02369,PROD397,140
SHIPITEM07111,SHIP02370,PROD125,118
SHIPITEM07112,SHIP02370,PROD092,34
SHIPITEM07113,SHIP02370,PROD259,15
SHIPITEM07114,SHIP02370,PROD313,99
SHIPITEM07115,SHIP02371,PROD415,8
SHIPITEM07116,SHIP02371,PROD040,148
SHIPITEM07117,SHIP02371,PROD060,28
SHIPITEM07118,SHIP02371,PROD039,109
SHIPITEM07119,SHIP02371,PROD388,116
SHIPITEM07120,SHIP02371,PROD274,7
SHIPITEM07121,SHIP02372,PROD499,32
SHIPITEM07122,SHIP02373,PROD154,30
SHIPITEM07123,SHIP02373,PROD494,73
SHIPITEM07124,SHIP02373,PROD248,65
SHIPITEM07125,SHIP02374,PROD402,77
SHIPITEM07126,SHIP02374,PROD047,12
SHIPITEM07127,SHIP02374,PROD174,56
SHIPITEM07128,SHIP02375,PROD430,20
SHIPITEM07129,SHIP02375,PROD299,122
SHIPITEM07130,SHIP02375,PROD029,15
SHIPITEM07131,SHIP02376,PROD220,130
SHIPITEM07132,SHIP02376,PROD449,119
SHIPITEM07133,SHIP02376,PROD069,26
SHIPITEM07134,SHIP02376,PROD374,146
SHIPITEM07135,SHIP02377,PROD450,20
SHIPITEM07136,SHIP02377,PROD102,33
SHIPITEM07137,SHIP02378,PROD028,42
SHIPITEM07138,SHIP02378,PROD314,127
SHIPITEM07139,SHIP02378,PROD345,83
SHIPITEM07140,SHIP02378,PROD130,99
SHIPITEM07141,SHIP02379,PROD331,111
SHIPITEM07142,SHIP02379,PROD206,145
SHIPITEM07143,SHIP02380,PROD207,9
SHIPITEM07144,SHIP02380,PROD310,83
SHIPITEM07145,SHIP02380,PROD074,35
SHIPITEM07146,SHIP02380,PROD288,120
SHIPITEM07147,SHIP02380,PROD421,100
SHIPITEM07148,SHIP02381,PROD122,11
SHIPITEM07149,SHIP02381,PROD115,60
SHIPITEM07150,SHIP02381,PROD175,118
SHIPITEM07151,SHIP02381,PROD027,103
SHIPITEM07152,SHIP02382,PROD445,76
SHIPITEM07153,SHIP02382,PROD161,117
SHIPITEM07154,SHIP02382,PROD168,25
SHIPITEM07155,SHIP02382,PROD031,6
SHIPITEM07156,SHIP02382,PROD107,112
SHIPITEM07157,SHIP02382,PROD285,137
SHIPITEM07158,SHIP02383,PROD100,124
SHIPITEM07159,SHIP02383,PROD399,68
SHIPITEM07160,SHIP02383,PROD039,115
SHIPITEM07161,SHIP02384,PROD357,35
SHIPITEM07162,SHIP02384,PROD041,12
SHIPITEM07163,SHIP02384,PROD030,79
SHIPITEM07164,SHIP02384,PROD477,95
SHIPITEM07165,SHIP02384,PROD345,123
SHIPITEM07166,SHIP02385,PROD056,7
SHIPITEM07167,SHIP02385,PROD085,132
SHIPITEM07168,SHIP02386,PROD193,78
SHIPITEM07169,SHIP02386,PROD103,133
SHIPITEM07170,SHIP02386,PROD496,34
SHIPITEM07171,SHIP02387,PROD069,123
SHIPITEM07172,SHIP02387,PROD396,47
SHIPITEM07173,SHIP02388,PROD225,49
SHIPITEM07174,SHIP02388,PROD408,115
SHIPITEM07175,SHIP02388,PROD452,26
SHIPITEM07176,SHIP02388,PROD234,86
SHIPITEM07177,SHIP02388,PROD494,141
SHIPITEM07178,SHIP02389,PROD058,132
SHIPITEM07179,SHIP02389,PROD359,53
SHIPITEM07180,SHIP02389,PROD084,94
SHIPITEM07181,SHIP02389,PROD495,148
SHIPITEM07182,SHIP02390,PROD100,44
SHIPITEM07183,SHIP02390,PROD153,41
SHIPITEM07184,SHIP02390,PROD270,139
SHIPITEM07185,SHIP02391,PROD230,48
SHIPITEM07186,SHIP02391,PROD195,59
SHIPITEM07187,SHIP02391,PROD489,103
SHIPITEM07188,SHIP02392,PROD367,68
SHIPITEM07189,SHIP02392,PROD054,91
SHIPITEM07190,SHIP02392,PROD401,5
SHIPITEM07191,SHIP02393,PROD401,50
SHIPITEM07192,SHIP02393,PROD388,91
SHIPITEM07193,SHIP02394,PROD410,18
SHIPITEM07194,SHIP02395,PROD425,94
SHIPITEM07195,SHIP02395,PROD106,127
SHIPITEM07196,SHIP02396,PROD421,42
SHIPITEM07197,SHIP02396,PROD322,16
SHIPITEM07198,SHIP02396,PROD307,93
SHIPITEM07199,SHIP02396,PROD282,83
SHIPITEM07200,SHIP02397,PROD092,29
SHIPITEM07201,SHIP02397,PROD315,50
SHIPITEM07202,SHIP02398,PROD057,90
SHIPITEM07203,SHIP02398,PROD322,145
SHIPITEM07204,SHIP02398,PROD206,20
SHIPITEM07205,SHIP02398,PROD318,20
SHIPITEM07206,SHIP02399,PROD390,24
SHIPITEM07207,SHIP02399,PROD351,114
SHIPITEM07208,SHIP02400,PROD470,42
SHIPITEM07209,SHIP02400,PROD033,32
SHIPITEM07210,SHIP02400,PROD087,40
SHIPITEM07211,SHIP02401,PROD409,130
SHIPITEM07212,SHIP02402,PROD416,136
SHIPITEM07213,SHIP02402,PROD160,78
SHIPITEM07214,SHIP02403,PROD332,134
SHIPITEM07215,SHIP02403,PROD210,8
SHIPITEM07216,SHIP02404,PROD289,124
SHIPITEM07217,SHIP02404,PROD054,148
SHIPITEM07218,SHIP02404,PROD112,28
SHIPITEM07219,SHIP02404,PROD192,60
SHIPITEM07220,SHIP02404,PROD339,125
SHIPITEM07221,SHIP02405,PROD404,125
SHIPITEM07222,SHIP02405,PROD041,10
SHIPITEM07223,SHIP02405,PROD163,150
SHIPITEM07224,SHIP02406,PROD388,6
SHIPITEM07225,SHIP02406,PROD137,92
SHIPITEM07226,SHIP02406,PROD207,142
SHIPITEM07227,SHIP02406,PROD409,149
SHIPITEM07228,SHIP02407,PROD345,129
SHIPITEM07229,SHIP02407,PROD153,110
SHIPITEM07230,SHIP02407,PROD425,32
SHIPITEM07231,SHIP02407,PROD149,78
SHIPITEM07232,SHIP02408,PROD007,20
SHIPITEM07233,SHIP02408,PROD178,25
SHIPITEM07234,SHIP02409,PROD052,99
SHIPITEM07235,SHIP02409,PROD426,121
SHIPITEM07236,SHIP02409,PROD309,85
SHIPITEM07237,SHIP02409,PROD157,70
SHIPITEM07238,SHIP02410,PROD162,136
SHIPITEM07239,SHIP02410,PROD190,124
SHIPITEM07240,SHIP02411,PROD002,98
SHIPITEM07241,SHIP02411,PROD180,42
SHIPITEM07242,SHIP02411,PROD420,76
SHIPITEM07243,SHIP02412,PROD330,88
SHIPITEM07244,SHIP02412,PROD444,83
SHIPITEM07245,SHIP02412,PROD045,7
SHIPITEM07246,SHIP02413,PROD089,54
SHIPITEM07247,SHIP02414,PROD231,45
SHIPITEM07248,SHIP02415,PROD115,99
SHIPITEM07249,SHIP02415,PROD181,86
SHIPITEM07250,SHIP02415,PROD141,121
SHIPITEM07251,SHIP02415,PROD407,52
SHIPITEM07252,SHIP02416,PROD192,7
SHIPITEM07253,SHIP02416,PROD416,17
SHIPITEM07254,SHIP02416,PROD464,44
SHIPITEM07255,SHIP02416,PROD424,68
SHIPITEM07256,SHIP02416,PROD172,12
SHIPITEM07257,SHIP02416,PROD339,123
SHIPITEM07258,SHIP02417,PROD234,142
SHIPITEM07259,SHIP02418,PROD041,134
SHIPITEM07260,SHIP02418,PROD294,40
SHIPITEM07261,SHIP02419,PROD138,18
SHIPITEM07262,SHIP02419,PROD022,150
SHIPITEM07263,SHIP02419,PROD215,83
SHIPITEM07264,SHIP02419,PROD066,61
SHIPITEM07265,SHIP02420,PROD424,9
SHIPITEM07266,SHIP02420,PROD120,32
SHIPITEM07267,SHIP02421,PROD057,22
SHIPITEM07268,SHIP02421,PROD408,67
SHIPITEM07269,SHIP02422,PROD307,146
SHIPITEM07270,SHIP02422,PROD276,109
SHIPITEM07271,SHIP02423,PROD214,128
SHIPITEM07272,SHIP02423,PROD272,56
SHIPITEM07273,SHIP02423,PROD208,75
SHIPITEM07274,SHIP02424,PROD123,27
SHIPITEM07275,SHIP02424,PROD462,51
SHIPITEM07276,SHIP02425,PROD008,70
SHIPITEM07277,SHIP02426,PROD467,19
SHIPITEM07278,SHIP02426,PROD163,73
SHIPITEM07279,SHIP02426,PROD215,65
SHIPITEM07280,SHIP02426,PROD293,110
SHIPITEM07281,SHIP02427,PROD376,102
SHIPITEM07282,SHIP02427,PROD131,71
SHIPITEM07283,SHIP02427,PROD132,82
SHIPITEM07284,SHIP02427,PROD371,40
SHIPITEM07285,SHIP02428,PROD211,16
SHIPITEM07286,SHIP02428,PROD227,97
SHIPITEM07287,SHIP02428,PROD008,58
SHIPITEM07288,SHIP02429,PROD210,27
SHIPITEM07289,SHIP02429,PROD397,91
SHIPITEM07290,SHIP02430,PROD053,13
SHIPITEM07291,SHIP02431,PROD477,107
SHIPITEM07292,SHIP02431,PROD220,63
SHIPITEM07293,SHIP02431,PROD134,141
SHIPITEM07294,SHIP02432,PROD265,84
SHIPITEM07295,SHIP02433,PROD132,129
SHIPITEM07296,SHIP02433,PROD378,16
SHIPITEM07297,SHIP02434,PROD253,90
SHIPITEM07298,SHIP02434,PROD490,73
SHIPITEM07299,SHIP02434,PROD329,33
SHIPITEM07300,SHIP02434,PROD113,115
SHIPITEM07301,SHIP02434,PROD167,67
SHIPITEM07302,SHIP02434,PROD260,31
SHIPITEM07303,SHIP02434,PROD032,135
SHIPITEM07304,SHIP02435,PROD020,5
SHIPITEM07305,SHIP02435,PROD392,110
SHIPITEM07306,SHIP02436,PROD172,53
SHIPITEM07307,SHIP02437,PROD471,111
SHIPITEM07308,SHIP02437,PROD013,128
SHIPITEM07309,SHIP02437,PROD363,78
SHIPITEM07310,SHIP02438,PROD485,142
SHIPITEM07311,SHIP02438,PROD417,150
SHIPITEM07312,SHIP02438,PROD229,19
SHIPITEM07313,SHIP02438,PROD315,56
SHIPITEM07314,SHIP02439,PROD452,65
SHIPITEM07315,SHIP02439,PROD304,128
SHIPITEM07316,SHIP02440,PROD398,30
SHIPITEM07317,SHIP02440,PROD111,39
SHIPITEM07318,SHIP02440,PROD360,27
SHIPITEM07319,SHIP02440,PROD001,122
SHIPITEM07320,SHIP02441,PROD302,87
SHIPITEM07321,SHIP02442,PROD106,34
SHIPITEM07322,SHIP02442,PROD131,20
SHIPITEM07323,SHIP02443,PROD061,104
SHIPITEM07324,SHIP02443,PROD461,150
SHIPITEM07325,SHIP02444,PROD473,59
SHIPITEM07326,SHIP02444,PROD452,111
SHIPITEM07327,SHIP02444,PROD489,24
SHIPITEM07328,SHIP02444,PROD171,19
SHIPITEM07329,SHIP02445,PROD447,128
SHIPITEM07330,SHIP02445,PROD302,6
SHIPITEM07331,SHIP02445,PROD194,52
SHIPITEM07332,SHIP02446,PROD434,125
SHIPITEM07333,SHIP02446,PROD067,128
SHIPITEM07334,SHIP02446,PROD244,67
SHIPITEM07335,SHIP02446,PROD413,45
SHIPITEM07336,SHIP02446,PROD054,106
SHIPITEM07337,SHIP02447,PROD392,20
SHIPITEM07338,SHIP02447,PROD445,93
SHIPITEM07339,SHIP02447,PROD037,37
SHIPITEM07340,SHIP02448,PROD418,146
SHIPITEM07341,SHIP02449,PROD257,96
SHIPITEM07342,SHIP02449,PROD492,100
SHIPITEM07343,SHIP02450,PROD194,129
SHIPITEM07344,SHIP02450,PROD361,143
SHIPITEM07345,SHIP02451,PROD461,81
SHIPITEM07346,SHIP02451,PROD380,36
SHIPITEM07347,SHIP02452,PROD459,96
SHIPITEM07348,SHIP02452,PROD048,58
SHIPITEM07349,SHIP02452,PROD045,78
SHIPITEM07350,SHIP02453,PROD393,110
SHIPITEM07351,SHIP02453,PROD156,115
SHIPITEM07352,SHIP02453,PROD072,150
SHIPITEM07353,SHIP02453,PROD218,119
SHIPITEM07354,SHIP02454,PROD293,7
SHIPITEM07355,SHIP02455,PROD258,35
SHIPITEM07356,SHIP02455,PROD413,107
SHIPITEM07357,SHIP02456,PROD391,113
SHIPITEM07358,SHIP02456,PROD125,74
SHIPITEM07359,SHIP02456,PROD254,15
SHIPITEM07360,SHIP02456,PROD303,79
SHIPITEM07361,SHIP02456,PROD444,149
SHIPITEM07362,SHIP02457,PROD108,83
SHIPITEM07363,SHIP02457,PROD283,29
SHIPITEM07364,SHIP02457,PROD121,5
SHIPITEM07365,SHIP02458,PROD190,129
SHIPITEM07366,SHIP02458,PROD183,128
SHIPITEM07367,SHIP02459,PROD477,134
SHIPITEM07368,SHIP02459,PROD352,83
SHIPITEM07369,SHIP02459,PROD338,10
SHIPITEM07370,SHIP02459,PROD242,134
SHIPITEM07371,SHIP02460,PROD008,79
SHIPITEM07372,SHIP02460,PROD351,64
SHIPITEM07373,SHIP02460,PROD430,43
SHIPITEM07374,SHIP02460,PROD362,11
SHIPITEM07375,SHIP02461,PROD405,55
SHIPITEM07376,SHIP02461,PROD422,150
SHIPITEM07377,SHIP02461,PROD407,68
SHIPITEM07378,SHIP02461,PROD066,93
SHIPITEM07379,SHIP02462,PROD042,55
SHIPITEM07380,SHIP02462,PROD120,148
SHIPITEM07381,SHIP02463,PROD083,124
SHIPITEM07382,SHIP02463,PROD321,146
SHIPITEM07383,SHIP02464,PROD200,85
SHIPITEM07384,SHIP02464,PROD466,127
SHIPITEM07385,SHIP02465,PROD337,150
SHIPITEM07386,SHIP02465,PROD481,102
SHIPITEM07387,SHIP02465,PROD148,17
SHIPITEM07388,SHIP02466,PROD361,73
SHIPITEM07389,SHIP02466,PROD223,129
SHIPITEM07390,SHIP02466,PROD210,28
SHIPITEM07391,SHIP02467,PROD378,148
SHIPITEM07392,SHIP02467,PROD208,61
SHIPITEM07393,SHIP02467,PROD329,72
SHIPITEM07394,SHIP02467,PROD420,139
SHIPITEM07395,SHIP02467,PROD419,88
SHIPITEM07396,SHIP02468,PROD352,138
SHIPITEM07397,SHIP02468,PROD169,15
SHIPITEM07398,SHIP02468,PROD429,11
SHIPITEM07399,SHIP02468,PROD251,85
SHIPITEM07400,SHIP02469,PROD329,125
SHIPITEM07401,SHIP02469,PROD300,65
SHIPITEM07402,SHIP02470,PROD462,138
SHIPITEM07403,SHIP02470,PROD031,44
SHIPITEM07404,SHIP02470,PROD037,28
SHIPITEM07405,SHIP02470,PROD225,15
SHIPITEM07406,SHIP02471,PROD284,64
SHIPITEM07407,SHIP02471,PROD495,50
SHIPITEM07408,SHIP02471,PROD125,141
SHIPITEM07409,SHIP02471,PROD455,90
SHIPITEM07410,SHIP02471,PROD367,101
SHIPITEM07411,SHIP02471,PROD377,148
SHIPITEM07412,SHIP02472,PROD039,24
SHIPITEM07413,SHIP02472,PROD219,19
SHIPITEM07414,SHIP02473,PROD335,29
SHIPITEM07415,SHIP02474,PROD213,55
SHIPITEM07416,SHIP02474,PROD079,102
SHIPITEM07417,SHIP02474,PROD315,91
SHIPITEM07418,SHIP02475,PROD449,103
SHIPITEM07419,SHIP02475,PROD316,17
SHIPITEM07420,SHIP02475,PROD474,89
SHIPITEM07421,SHIP02476,PROD279,86
SHIPITEM07422,SHIP02476,PROD073,42
SHIPITEM07423,SHIP02476,PROD455,102
SHIPITEM07424,SHIP02477,PROD378,134
SHIPITEM07425,SHIP02477,PROD099,133
SHIPITEM07426,SHIP02478,PROD296,14
SHIPITEM07427,SHIP02478,PROD146,81
SHIPITEM07428,SHIP02479,PROD271,40
SHIPITEM07429,SHIP02479,PROD272,25
SHIPITEM07430,SHIP02480,PROD255,105
SHIPITEM07431,SHIP02480,PROD456,112
SHIPITEM07432,SHIP02481,PROD361,114
SHIPITEM07433,SHIP02481,PROD266,31
SHIPITEM07434,SHIP02481,PROD378,138
SHIPITEM07435,SHIP02481,PROD005,117
SHIPITEM07436,SHIP02481,PROD337,18
SHIPITEM07437,SHIP02482,PROD161,7
SHIPITEM07438,SHIP02482,PROD036,21
SHIPITEM07439,SHIP02482,PROD076,112
SHIPITEM07440,SHIP02482,PROD095,56
SHIPITEM07441,SHIP02483,PROD123,51
SHIPITEM07442,SHIP02483,PROD208,89
SHIPITEM07443,SHIP02483,PROD159,145
SHIPITEM07444,SHIP02483,PROD331,96
SHIPITEM07445,SHIP02483,PROD229,102
SHIPITEM07446,SHIP02484,PROD088,136
SHIPITEM07447,SHIP02484,PROD067,140
SHIPITEM07448,SHIP02485,PROD419,31
SHIPITEM07449,SHIP02486,PROD471,69
SHIPITEM07450,SHIP02486,PROD411,50
SHIPITEM07451,SHIP02486,PROD295,106
SHIPITEM07452,SHIP02487,PROD099,43
SHIPITEM07453,SHIP02488,PROD122,16
SHIPITEM07454,SHIP02488,PROD047,72
SHIPITEM07455,SHIP02489,PROD150,61
SHIPITEM07456,SHIP02489,PROD165,27
SHIPITEM07457,SHIP02490,PROD313,119
SHIPITEM07458,SHIP02490,PROD024,100
SHIPITEM07459,SHIP02490,PROD152,80
SHIPITEM07460,SHIP02491,PROD045,124
SHIPITEM07461,SHIP02492,PROD165,134
SHIPITEM07462,SHIP02492,PROD035,76
SHIPITEM07463,SHIP02492,PROD329,110
SHIPITEM07464,SHIP02493,PROD077,135
SHIPITEM07465,SHIP02494,PROD232,43
SHIPITEM07466,SHIP02494,PROD058,130
SHIPITEM07467,SHIP02494,PROD313,48
SHIPITEM07468,SHIP02494,PROD491,82
SHIPITEM07469,SHIP02494,PROD308,26
SHIPITEM07470,SHIP02495,PROD432,66
SHIPITEM07471,SHIP02495,PROD103,64
SHIPITEM07472,SHIP02495,PROD417,59
SHIPITEM07473,SHIP02496,PROD318,106
SHIPITEM07474,SHIP02496,PROD473,22
SHIPITEM07475,SHIP02496,PROD412,66
SHIPITEM07476,SHIP02496,PROD409,96
SHIPITEM07477,SHIP02496,PROD231,92
SHIPITEM07478,SHIP02496,PROD395,38
SHIPITEM07479,SHIP02497,PROD472,130
SHIPITEM07480,SHIP02497,PROD431,121
SHIPITEM07481,SHIP02497,PROD228,12
SHIPITEM07482,SHIP02497,PROD318,13
SHIPITEM07483,SHIP02497,PROD223,27
SHIPITEM07484,SHIP02497,PROD051,49
SHIPITEM07485,SHIP02497,PROD338,141
SHIPITEM07486,SHIP02498,PROD035,51
SHIPITEM07487,SHIP02498,PROD232,74
SHIPITEM07488,SHIP02499,PROD127,34
SHIPITEM07489,SHIP02499,PROD114,28
SHIPITEM07490,SHIP02499,PROD361,149
SHIPITEM07491,SHIP02500,PROD186,13
SHIPITEM07492,SHIP02500,PROD155,99
SHIPITEM07493,SHIP02501,PROD131,103
SHIPITEM07494,SHIP02501,PROD011,11
SHIPITEM07495,SHIP02501,PROD380,92
SHIPITEM07496,SHIP02501,PROD452,106
SHIPITEM07497,SHIP02502,PROD006,135
SHIPITEM07498,SHIP02502,PROD026,145
SHIPITEM07499,SHIP02503,PROD295,90
SHIPITEM07500,SHIP02503,PROD036,132
SHIPITEM07501,SHIP02504,PROD392,115
SHIPITEM07502,SHIP02505,PROD079,142
SHIPITEM07503,SHIP02505,PROD309,50
SHIPITEM07504,SHIP02506,PROD177,67
SHIPITEM07505,SHIP02507,PROD067,148
SHIPITEM07506,SHIP02507,PROD101,73
SHIPITEM07507,SHIP02507,PROD162,137
SHIPITEM07508,SHIP02508,PROD136,74
SHIPITEM07509,SHIP02508,PROD048,80
SHIPITEM07510,SHIP02508,PROD269,75
SHIPITEM07511,SHIP02509,PROD023,52
SHIPITEM07512,SHIP02509,PROD138,83
SHIPITEM07513,SHIP02509,PROD439,91
SHIPITEM07514,SHIP02510,PROD096,119
SHIPITEM07515,SHIP02511,PROD437,46
SHIPITEM07516,SHIP02512,PROD261,45
SHIPITEM07517,SHIP02512,PROD018,61
SHIPITEM07518,SHIP02512,PROD262,143
SHIPITEM07519,SHIP02512,PROD444,14
SHIPITEM07520,SHIP02512,PROD397,122
SHIPITEM07521,SHIP02512,PROD492,75
SHIPITEM07522,SHIP02513,PROD331,16
SHIPITEM07523,SHIP02513,PROD235,64
SHIPITEM07524,SHIP02513,PROD428,39
SHIPITEM07525,SHIP02513,PROD089,26
SHIPITEM07526,SHIP02513,PROD312,115
SHIPITEM07527,SHIP02514,PROD451,121
SHIPITEM07528,SHIP02514,PROD188,65
SHIPITEM07529,SHIP02514,PROD219,53
SHIPITEM07530,SHIP02515,PROD071,117
SHIPITEM07531,SHIP02516,PROD360,111
SHIPITEM07532,SHIP02516,PROD249,89
SHIPITEM07533,SHIP02516,PROD373,130
SHIPITEM07534,SHIP02517,PROD189,14
SHIPITEM07535,SHIP02517,PROD340,94
SHIPITEM07536,SHIP02517,PROD244,9
SHIPITEM07537,SHIP02518,PROD307,7
SHIPITEM07538,SHIP02518,PROD071,99
SHIPITEM07539,SHIP02518,PROD170,135
SHIPITEM07540,SHIP02519,PROD365,89
SHIPITEM07541,SHIP02519,PROD267,21
SHIPITEM07542,SHIP02519,PROD444,122
SHIPITEM07543,SHIP02519,PROD087,17
SHIPITEM07544,SHIP02520,PROD371,42
SHIPITEM07545,SHIP02520,PROD496,101
SHIPITEM07546,SHIP02520,PROD190,121
SHIPITEM07547,SHIP02520,PROD333,70
SHIPITEM07548,SHIP02521,PROD156,50
SHIPITEM07549,SHIP02521,PROD098,38
SHIPITEM07550,SHIP02522,PROD424,7
SHIPITEM07551,SHIP02522,PROD039,52
SHIPITEM07552,SHIP02522,PROD476,131
SHIPITEM07553,SHIP02522,PROD101,58
SHIPITEM07554,SHIP02523,PROD156,78
SHIPITEM07555,SHIP02523,PROD281,7
SHIPITEM07556,SHIP02524,PROD111,81
SHIPITEM07557,SHIP02525,PROD256,39
SHIPITEM07558,SHIP02525,PROD493,133
SHIPITEM07559,SHIP02525,PROD372,23
SHIPITEM07560,SHIP02526,PROD396,72
SHIPITEM07561,SHIP02526,PROD125,124
SHIPITEM07562,SHIP02526,PROD102,119
SHIPITEM07563,SHIP02527,PROD406,72
SHIPITEM07564,SHIP02527,PROD361,78
SHIPITEM07565,SHIP02528,PROD466,43
SHIPITEM07566,SHIP02528,PROD413,91
SHIPITEM07567,SHIP02528,PROD075,99
SHIPITEM07568,SHIP02528,PROD327,83
SHIPITEM07569,SHIP02528,PROD283,147
SHIPITEM07570,SHIP02529,PROD296,146
SHIPITEM07571,SHIP02529,PROD199,131
SHIPITEM07572,SHIP02529,PROD187,116
SHIPITEM07573,SHIP02529,PROD189,69
SHIPITEM07574,SHIP02530,PROD002,117
SHIPITEM07575,SHIP02530,PROD260,28
SHIPITEM07576,SHIP02530,PROD410,18
SHIPITEM07577,SHIP02530,PROD392,113
SHIPITEM07578,SHIP02530,PROD349,42
SHIPITEM07579,SHIP02530,PROD407,61
SHIPITEM07580,SHIP02531,PROD289,32
SHIPITEM07581,SHIP02531,PROD110,134
SHIPITEM07582,SHIP02531,PROD392,52
SHIPITEM07583,SHIP02532,PROD449,78
SHIPITEM07584,SHIP02532,PROD198,87
SHIPITEM07585,SHIP02532,PROD345,107
SHIPITEM07586,SHIP02533,PROD358,7
SHIPITEM07587,SHIP02533,PROD213,52
SHIPITEM07588,SHIP02534,PROD073,85
SHIPITEM07589,SHIP02534,PROD144,25
SHIPITEM07590,SHIP02535,PROD209,41
SHIPITEM07591,SHIP02535,PROD058,122
SHIPITEM07592,SHIP02535,PROD437,62
SHIPITEM07593,SHIP02535,PROD386,79
SHIPITEM07594,SHIP02536,PROD413,84
SHIPITEM07595,SHIP02536,PROD307,81
SHIPITEM07596,SHIP02536,PROD394,24
SHIPITEM07597,SHIP02536,PROD337,147
SHIPITEM07598,SHIP02537,PROD165,75
SHIPITEM07599,SHIP02538,PROD479,94
SHIPITEM07600,SHIP02538,PROD021,74
SHIPITEM07601,SHIP02538,PROD189,80
SHIPITEM07602,SHIP02538,PROD242,26
SHIPITEM07603,SHIP02539,PROD306,92
SHIPITEM07604,SHIP02539,PROD063,8
SHIPITEM07605,SHIP02540,PROD035,100
SHIPITEM07606,SHIP02540,PROD380,148
SHIPITEM07607,SHIP02540,PROD279,117
SHIPITEM07608,SHIP02540,PROD379,101
SHIPITEM07609,SHIP02541,PROD162,138
SHIPITEM07610,SHIP02541,PROD181,33
SHIPITEM07611,SHIP02541,PROD003,84
SHIPITEM07612,SHIP02542,PROD217,100
SHIPITEM07613,SHIP02542,PROD310,124
SHIPITEM07614,SHIP02542,PROD289,76
SHIPITEM07615,SHIP02542,PROD061,146
SHIPITEM07616,SHIP02543,PROD374,114
SHIPITEM07617,SHIP02543,PROD259,16
SHIPITEM07618,SHIP02544,PROD420,136
SHIPITEM07619,SHIP02544,PROD255,41
SHIPITEM07620,SHIP02544,PROD373,46
SHIPITEM07621,SHIP02545,PROD122,84
SHIPITEM07622,SHIP02546,PROD463,87
SHIPITEM07623,SHIP02546,PROD309,48
SHIPITEM07624,SHIP02546,PROD231,47
SHIPITEM07625,SHIP02546,PROD259,134
SHIPITEM07626,SHIP02546,PROD152,21
SHIPITEM07627,SHIP02546,PROD235,99
SHIPITEM07628,SHIP02547,PROD428,81
SHIPITEM07629,SHIP02547,PROD327,64
SHIPITEM07630,SHIP02548,PROD162,39
SHIPITEM07631,SHIP02548,PROD412,13
SHIPITEM07632,SHIP02548,PROD466,74
SHIPITEM07633,SHIP02548,PROD372,57
SHIPITEM07634,SHIP02549,PROD072,111
SHIPITEM07635,SHIP02549,PROD427,63
SHIPITEM07636,SHIP02550,PROD308,127
SHIPITEM07637,SHIP02551,PROD157,137
SHIPITEM07638,SHIP02551,PROD200,97
SHIPITEM07639,SHIP02551,PROD322,135
SHIPITEM07640,SHIP02552,PROD493,87
SHIPITEM07641,SHIP02552,PROD016,125
SHIPITEM07642,SHIP02552,PROD190,98
SHIPITEM07643,SHIP02552,PROD009,125
SHIPITEM07644,SHIP02553,PROD419,26
SHIPITEM07645,SHIP02553,PROD292,141
SHIPITEM07646,SHIP02554,PROD131,69
SHIPITEM07647,SHIP02554,PROD021,110
SHIPITEM07648,SHIP02554,PROD177,96
SHIPITEM07649,SHIP02554,PROD144,49
SHIPITEM07650,SHIP02554,PROD257,25
SHIPITEM07651,SHIP02554,PROD431,141
SHIPITEM07652,SHIP02555,PROD027,55
SHIPITEM07653,SHIP02555,PROD188,17
SHIPITEM07654,SHIP02555,PROD280,118
SHIPITEM07655,SHIP02556,PROD421,69
SHIPITEM07656,SHIP02556,PROD001,39
SHIPITEM07657,SHIP02556,PROD463,107
SHIPITEM07658,SHIP02556,PROD163,11
SHIPITEM07659,SHIP02557,PROD362,128
SHIPITEM07660,SHIP02557,PROD062,63
SHIPITEM07661,SHIP02557,PROD048,133
SHIPITEM07662,SHIP02558,PROD231,110
SHIPITEM07663,SHIP02558,PROD135,148
SHIPITEM07664,SHIP02558,PROD128,83
SHIPITEM07665,SHIP02558,PROD366,143
SHIPITEM07666,SHIP02559,PROD123,82
SHIPITEM07667,SHIP02559,PROD484,40
SHIPITEM07668,SHIP02560,PROD163,11
SHIPITEM07669,SHIP02560,PROD382,100
SHIPITEM07670,SHIP02560,PROD013,132
SHIPITEM07671,SHIP02560,PROD142,33
SHIPITEM07672,SHIP02560,PROD157,18
SHIPITEM07673,SHIP02560,PROD357,115
SHIPITEM07674,SHIP02561,PROD002,31
SHIPITEM07675,SHIP02561,PROD059,18
SHIPITEM07676,SHIP02562,PROD483,134
SHIPITEM07677,SHIP02562,PROD476,110
SHIPITEM07678,SHIP02563,PROD202,46
SHIPITEM07679,SHIP02563,PROD001,85
SHIPITEM07680,SHIP02563,PROD070,16
SHIPITEM07681,SHIP02563,PROD330,47
SHIPITEM07682,SHIP02564,PROD316,133
SHIPITEM07683,SHIP02564,PROD278,88
SHIPITEM07684,SHIP02565,PROD072,39
SHIPITEM07685,SHIP02565,PROD265,130
SHIPITEM07686,SHIP02565,PROD398,15
SHIPITEM07687,SHIP02566,PROD192,149
SHIPITEM07688,SHIP02567,PROD455,16
SHIPITEM07689,SHIP02567,PROD208,51
SHIPITEM07690,SHIP02567,PROD476,120
SHIPITEM07691,SHIP02567,PROD003,33
SHIPITEM07692,SHIP02567,PROD129,141
SHIPITEM07693,SHIP02568,PROD008,7
SHIPITEM07694,SHIP02568,PROD406,17
SHIPITEM07695,SHIP02568,PROD060,136
SHIPITEM07696,SHIP02569,PROD076,71
SHIPITEM07697,SHIP02569,PROD176,14
SHIPITEM07698,SHIP02570,PROD343,33
SHIPITEM07699,SHIP02570,PROD457,146
SHIPITEM07700,SHIP02571,PROD142,85
SHIPITEM07701,SHIP02572,PROD154,134
SHIPITEM07702,SHIP02572,PROD227,121
SHIPITEM07703,SHIP02573,PROD037,108
SHIPITEM07704,SHIP02573,PROD043,25
SHIPITEM07705,SHIP02574,PROD196,116
SHIPITEM07706,SHIP02574,PROD202,115
SHIPITEM07707,SHIP02574,PROD344,62
SHIPITEM07708,SHIP02574,PROD322,25
SHIPITEM07709,SHIP02574,PROD111,136
SHIPITEM07710,SHIP02574,PROD095,143
SHIPITEM07711,SHIP02575,PROD421,122
SHIPITEM07712,SHIP02575,PROD329,102
SHIPITEM07713,SHIP02576,PROD190,138
SHIPITEM07714,SHIP02577,PROD202,51
SHIPITEM07715,SHIP02577,PROD221,114
SHIPITEM07716,SHIP02577,PROD455,62
SHIPITEM07717,SHIP02578,PROD355,135
SHIPITEM07718,SHIP02579,PROD016,33
SHIPITEM07719,SHIP02579,PROD424,110
SHIPITEM07720,SHIP02579,PROD178,142
SHIPITEM07721,SHIP02579,PROD137,55
SHIPITEM07722,SHIP02580,PROD059,83
SHIPITEM07723,SHIP02580,PROD343,124
SHIPITEM07724,SHIP02580,PROD368,50
SHIPITEM07725,SHIP02581,PROD444,45
SHIPITEM07726,SHIP02581,PROD098,120
SHIPITEM07727,SHIP02582,PROD143,80
SHIPITEM07728,SHIP02582,PROD005,28
SHIPITEM07729,SHIP02582,PROD087,49
SHIPITEM07730,SHIP02582,PROD249,69
SHIPITEM07731,SHIP02583,PROD170,140
SHIPITEM07732,SHIP02584,PROD383,8
SHIPITEM07733,SHIP02584,PROD244,71
SHIPITEM07734,SHIP02584,PROD313,43
SHIPITEM07735,SHIP02584,PROD431,103
SHIPITEM07736,SHIP02585,PROD348,67
SHIPITEM07737,SHIP02586,PROD158,138
SHIPITEM07738,SHIP02586,PROD321,97
SHIPITEM07739,SHIP02587,PROD490,85
SHIPITEM07740,SHIP02587,PROD075,136
SHIPITEM07741,SHIP02587,PROD312,6
SHIPITEM07742,SHIP02588,PROD014,48
SHIPITEM07743,SHIP02588,PROD057,128
SHIPITEM07744,SHIP02588,PROD117,106
SHIPITEM07745,SHIP02588,PROD380,136
SHIPITEM07746,SHIP02589,PROD208,45
SHIPITEM07747,SHIP02589,PROD165,24
SHIPITEM07748,SHIP02589,PROD324,27
SHIPITEM07749,SHIP02590,PROD006,19
SHIPITEM07750,SHIP02590,PROD086,86
SHIPITEM07751,SHIP02590,PROD257,149
SHIPITEM07752,SHIP02590,PROD058,59
SHIPITEM07753,SHIP02591,PROD194,36
SHIPITEM07754,SHIP02591,PROD160,101
SHIPITEM07755,SHIP02591,PROD411,132
SHIPITEM07756,SHIP02592,PROD043,149
SHIPITEM07757,SHIP02592,PROD155,52
SHIPITEM07758,SHIP02593,PROD408,53
SHIPITEM07759,SHIP02593,PROD240,75
SHIPITEM07760,SHIP02593,PROD263,5
SHIPITEM07761,SHIP02594,PROD069,8
SHIPITEM07762,SHIP02594,PROD180,38
SHIPITEM07763,SHIP02595,PROD478,60
SHIPITEM07764,SHIP02595,PROD174,19
SHIPITEM07765,SHIP02596,PROD140,42
SHIPITEM07766,SHIP02596,PROD101,28
SHIPITEM07767,SHIP02596,PROD261,67
SHIPITEM07768,SHIP02597,PROD423,28
SHIPITEM07769,SHIP02597,PROD140,35
SHIPITEM07770,SHIP02597,PROD440,136
SHIPITEM07771,SHIP02598,PROD240,54
SHIPITEM07772,SHIP02598,PROD140,64
SHIPITEM07773,SHIP02598,PROD090,26
SHIPITEM07774,SHIP02598,PROD487,124
SHIPITEM07775,SHIP02599,PROD222,34
SHIPITEM07776,SHIP02599,PROD102,34
SHIPITEM07777,SHIP02599,PROD438,97
SHIPITEM07778,SHIP02600,PROD179,82
SHIPITEM07779,SHIP02600,PROD322,24
SHIPITEM07780,SHIP02600,PROD185,122
SHIPITEM07781,SHIP02601,PROD176,105
SHIPITEM07782,SHIP02601,PROD467,65
SHIPITEM07783,SHIP02601,PROD253,72
SHIPITEM07784,SHIP02602,PROD192,114
SHIPITEM07785,SHIP02602,PROD115,73
SHIPITEM07786,SHIP02602,PROD057,12
SHIPITEM07787,SHIP02603,PROD119,18
SHIPITEM07788,SHIP02603,PROD294,73
SHIPITEM07789,SHIP02603,PROD112,99
SHIPITEM07790,SHIP02604,PROD050,147
SHIPITEM07791,SHIP02604,PROD345,114
SHIPITEM07792,SHIP02604,PROD065,10
SHIPITEM07793,SHIP02604,PROD315,68
SHIPITEM07794,SHIP02605,PROD015,71
SHIPITEM07795,SHIP02605,PROD438,44
SHIPITEM07796,SHIP02605,PROD172,86
SHIPITEM07797,SHIP02606,PROD326,11
SHIPITEM07798,SHIP02607,PROD089,30
SHIPITEM07799,SHIP02608,PROD264,130
SHIPITEM07800,SHIP02608,PROD288,44
SHIPITEM07801,SHIP02608,PROD336,143
SHIPITEM07802,SHIP02608,PROD462,121
SHIPITEM07803,SHIP02609,PROD005,57
SHIPITEM07804,SHIP02609,PROD025,25
SHIPITEM07805,SHIP02610,PROD446,136
SHIPITEM07806,SHIP02610,PROD146,64
SHIPITEM07807,SHIP02611,PROD317,145
SHIPITEM07808,SHIP02611,PROD193,58
SHIPITEM07809,SHIP02611,PROD252,42
SHIPITEM07810,SHIP02611,PROD058,60
SHIPITEM07811,SHIP02612,PROD037,91
SHIPITEM07812,SHIP02612,PROD175,150
SHIPITEM07813,SHIP02613,PROD304,64
SHIPITEM07814,SHIP02613,PROD444,32
SHIPITEM07815,SHIP02613,PROD322,91
SHIPITEM07816,SHIP02614,PROD183,144
SHIPITEM07817,SHIP02614,PROD357,90
SHIPITEM07818,SHIP02614,PROD048,15
SHIPITEM07819,SHIP02615,PROD403,30
SHIPITEM07820,SHIP02615,PROD065,17
SHIPITEM07821,SHIP02615,PROD084,147
SHIPITEM07822,SHIP02615,PROD261,33
SHIPITEM07823,SHIP02616,PROD455,17
SHIPITEM07824,SHIP02616,PROD265,15
SHIPITEM07825,SHIP02616,PROD308,17
SHIPITEM07826,SHIP02616,PROD287,61
SHIPITEM07827,SHIP02616,PROD171,140
SHIPITEM07828,SHIP02617,PROD052,37
SHIPITEM07829,SHIP02617,PROD382,13
SHIPITEM07830,SHIP02617,PROD114,64
SHIPITEM07831,SHIP02618,PROD098,149
SHIPITEM07832,SHIP02618,PROD117,107
SHIPITEM07833,SHIP02618,PROD253,23
SHIPITEM07834,SHIP02618,PROD142,48
SHIPITEM07835,SHIP02619,PROD068,125
SHIPITEM07836,SHIP02619,PROD406,68
SHIPITEM07837,SHIP02619,PROD372,78
SHIPITEM07838,SHIP02619,PROD258,79
SHIPITEM07839,SHIP02619,PROD031,114
SHIPITEM07840,SHIP02619,PROD474,101
SHIPITEM07841,SHIP02620,PROD025,60
SHIPITEM07842,SHIP02620,PROD081,25
SHIPITEM07843,SHIP02621,PROD375,134
SHIPITEM07844,SHIP02621,PROD426,20
SHIPITEM07845,SHIP02621,PROD327,74
SHIPITEM07846,SHIP02621,PROD384,73
SHIPITEM07847,SHIP02622,PROD295,69
SHIPITEM07848,SHIP02622,PROD457,48
SHIPITEM07849,SHIP02622,PROD042,60
SHIPITEM07850,SHIP02622,PROD451,89
SHIPITEM07851,SHIP02622,PROD310,45
SHIPITEM07852,SHIP02623,PROD406,84
SHIPITEM07853,SHIP02623,PROD028,150
SHIPITEM07854,SHIP02623,PROD405,130
SHIPITEM07855,SHIP02624,PROD394,76
SHIPITEM07856,SHIP02624,PROD024,61
SHIPITEM07857,SHIP02624,PROD055,5
SHIPITEM07858,SHIP02624,PROD153,30
SHIPITEM07859,SHIP02624,PROD473,31
SHIPITEM07860,SHIP02624,PROD463,22
SHIPITEM07861,SHIP02625,PROD404,23
SHIPITEM07862,SHIP02625,PROD177,19
SHIPITEM07863,SHIP02625,PROD453,126
SHIPITEM07864,SHIP02625,PROD054,85
SHIPITEM07865,SHIP02625,PROD071,67
SHIPITEM07866,SHIP02626,PROD348,80
SHIPITEM07867,SHIP02626,PROD492,47
SHIPITEM07868,SHIP02627,PROD108,100
SHIPITEM07869,SHIP02627,PROD476,141
SHIPITEM07870,SHIP02627,PROD393,72
SHIPITEM07871,SHIP02627,PROD246,29
SHIPITEM07872,SHIP02627,PROD179,37
SHIPITEM07873,SHIP02628,PROD423,83
SHIPITEM07874,SHIP02628,PROD159,150
SHIPITEM07875,SHIP02628,PROD094,25
SHIPITEM07876,SHIP02629,PROD205,80
SHIPITEM07877,SHIP02629,PROD059,108
SHIPITEM07878,SHIP02629,PROD260,87
SHIPITEM07879,SHIP02630,PROD376,62
SHIPITEM07880,SHIP02630,PROD226,146
SHIPITEM07881,SHIP02631,PROD495,50
SHIPITEM07882,SHIP02631,PROD219,125
SHIPITEM07883,SHIP02631,PROD061,41
SHIPITEM07884,SHIP02631,PROD498,81
SHIPITEM07885,SHIP02632,PROD034,10
SHIPITEM07886,SHIP02632,PROD423,119
SHIPITEM07887,SHIP02632,PROD165,35
SHIPITEM07888,SHIP02633,PROD075,26
SHIPITEM07889,SHIP02633,PROD397,76
SHIPITEM07890,SHIP02633,PROD390,101
SHIPITEM07891,SHIP02633,PROD061,123
SHIPITEM07892,SHIP02633,PROD459,86
SHIPITEM07893,SHIP02633,PROD250,58
SHIPITEM07894,SHIP02633,PROD058,13
SHIPITEM07895,SHIP02634,PROD170,31
SHIPITEM07896,SHIP02634,PROD182,75
SHIPITEM07897,SHIP02634,PROD230,67
SHIPITEM07898,SHIP02634,PROD378,10
SHIPITEM07899,SHIP02634,PROD019,42
SHIPITEM07900,SHIP02635,PROD335,135
SHIPITEM07901,SHIP02635,PROD318,37
SHIPITEM07902,SHIP02635,PROD337,75
SHIPITEM07903,SHIP02635,PROD472,75
SHIPITEM07904,SHIP02635,PROD293,7
SHIPITEM07905,SHIP02635,PROD064,76
SHIPITEM07906,SHIP02636,PROD066,11
SHIPITEM07907,SHIP02636,PROD130,15
SHIPITEM07908,SHIP02636,PROD087,89
SHIPITEM07909,SHIP02637,PROD465,124
SHIPITEM07910,SHIP02637,PROD151,109
SHIPITEM07911,SHIP02637,PROD065,126
SHIPITEM07912,SHIP02638,PROD370,58
SHIPITEM07913,SHIP02638,PROD118,36
SHIPITEM07914,SHIP02639,PROD044,124
SHIPITEM07915,SHIP02639,PROD451,75
SHIPITEM07916,SHIP02639,PROD089,26
SHIPITEM07917,SHIP02640,PROD364,99
SHIPITEM07918,SHIP02640,PROD171,30
SHIPITEM07919,SHIP02641,PROD310,43
SHIPITEM07920,SHIP02641,PROD240,22
SHIPITEM07921,SHIP02641,PROD468,108
SHIPITEM07922,SHIP02642,PROD113,76
SHIPITEM07923,SHIP02642,PROD477,111
SHIPITEM07924,SHIP02642,PROD442,27
SHIPITEM07925,SHIP02643,PROD281,133
SHIPITEM07926,SHIP02643,PROD232,52
SHIPITEM07927,SHIP02643,PROD321,19
SHIPITEM07928,SHIP02643,PROD366,125
SHIPITEM07929,SHIP02643,PROD431,89
SHIPITEM07930,SHIP02644,PROD256,125
SHIPITEM07931,SHIP02644,PROD174,9
SHIPITEM07932,SHIP02645,PROD273,123
SHIPITEM07933,SHIP02645,PROD347,25
SHIPITEM07934,SHIP02645,PROD104,86
SHIPITEM07935,SHIP02645,PROD453,58
SHIPITEM07936,SHIP02646,PROD098,33
SHIPITEM07937,SHIP02646,PROD348,129
SHIPITEM07938,SHIP02647,PROD368,122
SHIPITEM07939,SHIP02647,PROD493,69
SHIPITEM07940,SHIP02647,PROD210,62
SHIPITEM07941,SHIP02648,PROD377,143
SHIPITEM07942,SHIP02649,PROD436,80
SHIPITEM07943,SHIP02649,PROD215,132
SHIPITEM07944,SHIP02649,PROD233,86
SHIPITEM07945,SHIP02649,PROD115,53
SHIPITEM07946,SHIP02650,PROD357,25
SHIPITEM07947,SHIP02650,PROD434,113
SHIPITEM07948,SHIP02651,PROD174,101
SHIPITEM07949,SHIP02651,PROD378,10
SHIPITEM07950,SHIP02652,PROD240,75
SHIPITEM07951,SHIP02652,PROD374,31
SHIPITEM07952,SHIP02652,PROD353,100
SHIPITEM07953,SHIP02652,PROD189,121
SHIPITEM07954,SHIP02653,PROD078,148
SHIPITEM07955,SHIP02654,PROD359,117
SHIPITEM07956,SHIP02654,PROD281,139
SHIPITEM07957,SHIP02654,PROD087,133
SHIPITEM07958,SHIP02654,PROD031,113
SHIPITEM07959,SHIP02654,PROD318,37
SHIPITEM07960,SHIP02655,PROD438,35
SHIPITEM07961,SHIP02655,PROD142,62
SHIPITEM07962,SHIP02655,PROD372,44
SHIPITEM07963,SHIP02655,PROD092,147
SHIPITEM07964,SHIP02655,PROD077,112
SHIPITEM07965,SHIP02656,PROD462,47
SHIPITEM07966,SHIP02656,PROD255,88
SHIPITEM07967,SHIP02656,PROD112,150
SHIPITEM07968,SHIP02657,PROD027,67
SHIPITEM07969,SHIP02657,PROD313,77
SHIPITEM07970,SHIP02657,PROD296,131
SHIPITEM07971,SHIP02658,PROD493,82
SHIPITEM07972,SHIP02658,PROD311,71
SHIPITEM07973,SHIP02658,PROD126,66
SHIPITEM07974,SHIP02659,PROD453,30
SHIPITEM07975,SHIP02659,PROD440,70
SHIPITEM07976,SHIP02660,PROD038,10
SHIPITEM07977,SHIP02660,PROD225,32
SHIPITEM07978,SHIP02660,PROD233,130
SHIPITEM07979,SHIP02661,PROD300,86
SHIPITEM07980,SHIP02661,PROD135,18
SHIPITEM07981,SHIP02661,PROD290,100
SHIPITEM07982,SHIP02662,PROD473,118
SHIPITEM07983,SHIP02662,PROD123,111
SHIPITEM07984,SHIP02662,PROD221,147
SHIPITEM07985,SHIP02662,PROD344,46
SHIPITEM07986,SHIP02662,PROD008,115
SHIPITEM07987,SHIP02663,PROD258,150
SHIPITEM07988,SHIP02663,PROD431,116
SHIPITEM07989,SHIP02663,PROD368,69
SHIPITEM07990,SHIP02663,PROD440,110
SHIPITEM07991,SHIP02663,PROD167,98
SHIPITEM07992,SHIP02664,PROD444,42
SHIPITEM07993,SHIP02664,PROD248,78
SHIPITEM07994,SHIP02665,PROD202,76
SHIPITEM07995,SHIP02665,PROD167,113
SHIPITEM07996,SHIP02665,PROD492,77
SHIPITEM07997,SHIP02666,PROD300,60
SHIPITEM07998,SHIP02666,PROD241,6
SHIPITEM07999,SHIP02666,PROD352,117
SHIPITEM08000,SHIP02667,PROD204,97
SHIPITEM08001,SHIP02667,PROD210,46
SHIPITEM08002,SHIP02667,PROD214,39
SHIPITEM08003,SHIP02667,PROD031,110
SHIPITEM08004,SHIP02668,PROD154,55
SHIPITEM08005,SHIP02668,PROD249,10
SHIPITEM08006,SHIP02668,PROD058,89
SHIPITEM08007,SHIP02669,PROD014,149
SHIPITEM08008,SHIP02669,PROD489,21
SHIPITEM08009,SHIP02670,PROD455,8
SHIPITEM08010,SHIP02671,PROD152,32
SHIPITEM08011,SHIP02671,PROD262,10
SHIPITEM08012,SHIP02671,PROD312,46
SHIPITEM08013,SHIP02672,PROD376,27
SHIPITEM08014,SHIP02672,PROD015,85
SHIPITEM08015,SHIP02672,PROD450,85
SHIPITEM08016,SHIP02672,PROD302,141
SHIPITEM08017,SHIP02673,PROD111,121
SHIPITEM08018,SHIP02673,PROD119,5
SHIPITEM08019,SHIP02674,PROD100,86
SHIPITEM08020,SHIP02675,PROD244,22
SHIPITEM08021,SHIP02675,PROD241,61
SHIPITEM08022,SHIP02675,PROD025,43
SHIPITEM08023,SHIP02675,PROD110,134
SHIPITEM08024,SHIP02675,PROD208,134
SHIPITEM08025,SHIP02676,PROD452,86
SHIPITEM08026,SHIP02676,PROD071,124
SHIPITEM08027,SHIP02677,PROD179,51
SHIPITEM08028,SHIP02677,PROD477,108
SHIPITEM08029,SHIP02678,PROD255,130
SHIPITEM08030,SHIP02678,PROD472,91
SHIPITEM08031,SHIP02679,PROD483,35
SHIPITEM08032,SHIP02679,PROD236,111
SHIPITEM08033,SHIP02679,PROD047,139
SHIPITEM08034,SHIP02679,PROD392,73
SHIPITEM08035,SHIP02680,PROD286,101
SHIPITEM08036,SHIP02680,PROD473,60
SHIPITEM08037,SHIP02680,PROD088,84
SHIPITEM08038,SHIP02681,PROD487,15
SHIPITEM08039,SHIP02682,PROD403,74
SHIPITEM08040,SHIP02682,PROD399,149
SHIPITEM08041,SHIP02682,PROD330,19
SHIPITEM08042,SHIP02682,PROD499,75
SHIPITEM08043,SHIP02682,PROD345,91
SHIPITEM08044,SHIP02683,PROD131,33
SHIPITEM08045,SHIP02684,PROD316,141
SHIPITEM08046,SHIP02685,PROD293,9
SHIPITEM08047,SHIP02686,PROD050,131
SHIPITEM08048,SHIP02686,PROD103,54
SHIPITEM08049,SHIP02687,PROD196,100
SHIPITEM08050,SHIP02687,PROD218,135
SHIPITEM08051,SHIP02688,PROD242,6
SHIPITEM08052,SHIP02689,PROD114,32
SHIPITEM08053,SHIP02690,PROD424,16
SHIPITEM08054,SHIP02690,PROD144,131
SHIPITEM08055,SHIP02690,PROD319,94
SHIPITEM08056,SHIP02690,PROD254,29
SHIPITEM08057,SHIP02691,PROD254,20
SHIPITEM08058,SHIP02691,PROD159,19
SHIPITEM08059,SHIP02692,PROD129,111
SHIPITEM08060,SHIP02692,PROD375,12
SHIPITEM08061,SHIP02692,PROD049,121
SHIPITEM08062,SHIP02693,PROD185,74
SHIPITEM08063,SHIP02693,PROD024,126
SHIPITEM08064,SHIP02694,PROD198,143
SHIPITEM08065,SHIP02694,PROD352,47
SHIPITEM08066,SHIP02694,PROD216,81
SHIPITEM08067,SHIP02694,PROD054,17
SHIPITEM08068,SHIP02694,PROD095,138
SHIPITEM08069,SHIP02695,PROD485,38
SHIPITEM08070,SHIP02695,PROD387,118
SHIPITEM08071,SHIP02696,PROD160,16
SHIPITEM08072,SHIP02696,PROD256,141
SHIPITEM08073,SHIP02697,PROD294,109
SHIPITEM08074,SHIP02697,PROD042,10
SHIPITEM08075,SHIP02698,PROD078,97
SHIPITEM08076,SHIP02698,PROD246,141
SHIPITEM08077,SHIP02698,PROD357,132
SHIPITEM08078,SHIP02698,PROD469,70
SHIPITEM08079,SHIP02699,PROD006,14
SHIPITEM08080,SHIP02699,PROD184,73
SHIPITEM08081,SHIP02699,PROD024,60
SHIPITEM08082,SHIP02699,PROD016,104
SHIPITEM08083,SHIP02700,PROD173,93
SHIPITEM08084,SHIP02700,PROD143,72
SHIPITEM08085,SHIP02700,PROD402,52
SHIPITEM08086,SHIP02701,PROD214,69
SHIPITEM08087,SHIP02701,PROD393,54
SHIPITEM08088,SHIP02701,PROD359,81
SHIPITEM08089,SHIP02702,PROD353,61
SHIPITEM08090,SHIP02702,PROD339,45
SHIPITEM08091,SHIP02703,PROD294,106
SHIPITEM08092,SHIP02703,PROD360,25
SHIPITEM08093,SHIP02703,PROD297,120
SHIPITEM08094,SHIP02703,PROD185,14
SHIPITEM08095,SHIP02703,PROD446,135
SHIPITEM08096,SHIP02704,PROD377,33
SHIPITEM08097,SHIP02705,PROD310,8
SHIPITEM08098,SHIP02706,PROD360,51
SHIPITEM08099,SHIP02707,PROD153,57
SHIPITEM08100,SHIP02707,PROD218,59
SHIPITEM08101,SHIP02708,PROD276,78
SHIPITEM08102,SHIP02708,PROD355,6
SHIPITEM08103,SHIP02708,PROD374,75
SHIPITEM08104,SHIP02709,PROD127,116
SHIPITEM08105,SHIP02710,PROD441,14
SHIPITEM08106,SHIP02710,PROD345,90
SHIPITEM08107,SHIP02711,PROD488,35
SHIPITEM08108,SHIP02711,PROD297,62
SHIPITEM08109,SHIP02711,PROD293,16
SHIPITEM08110,SHIP02711,PROD205,116
SHIPITEM08111,SHIP02712,PROD064,12
SHIPITEM08112,SHIP02712,PROD115,44
SHIPITEM08113,SHIP02712,PROD010,135
SHIPITEM08114,SHIP02712,PROD382,127
SHIPITEM08115,SHIP02712,PROD258,140
SHIPITEM08116,SHIP02713,PROD137,84
SHIPITEM08117,SHIP02714,PROD173,99
SHIPITEM08118,SHIP02714,PROD099,23
SHIPITEM08119,SHIP02715,PROD284,24
SHIPITEM08120,SHIP02715,PROD261,68
SHIPITEM08121,SHIP02715,PROD066,35
SHIPITEM08122,SHIP02715,PROD074,118
SHIPITEM08123,SHIP02716,PROD065,144
SHIPITEM08124,SHIP02717,PROD054,81
SHIPITEM08125,SHIP02717,PROD308,6
SHIPITEM08126,SHIP02717,PROD172,138
SHIPITEM08127,SHIP02717,PROD312,126
SHIPITEM08128,SHIP02718,PROD105,118
SHIPITEM08129,SHIP02718,PROD131,12
SHIPITEM08130,SHIP02718,PROD212,99
SHIPITEM08131,SHIP02719,PROD344,77
SHIPITEM08132,SHIP02719,PROD137,20
SHIPITEM08133,SHIP02719,PROD058,49
SHIPITEM08134,SHIP02720,PROD413,49
SHIPITEM08135,SHIP02721,PROD429,105
SHIPITEM08136,SHIP02721,PROD146,25
SHIPITEM08137,SHIP02721,PROD361,147
SHIPITEM08138,SHIP02722,PROD410,79
SHIPITEM08139,SHIP02722,PROD112,54
SHIPITEM08140,SHIP02722,PROD289,126
SHIPITEM08141,SHIP02722,PROD257,125
SHIPITEM08142,SHIP02722,PROD277,37
SHIPITEM08143,SHIP02723,PROD324,22
SHIPITEM08144,SHIP02724,PROD360,128
SHIPITEM08145,SHIP02725,PROD329,47
SHIPITEM08146,SHIP02725,PROD246,9
SHIPITEM08147,SHIP02726,PROD430,30
SHIPITEM08148,SHIP02726,PROD417,145
SHIPITEM08149,SHIP02726,PROD276,43
SHIPITEM08150,SHIP02727,PROD496,40
SHIPITEM08151,SHIP02728,PROD285,65
SHIPITEM08152,SHIP02728,PROD331,50
SHIPITEM08153,SHIP02729,PROD331,98
SHIPITEM08154,SHIP02729,PROD357,112
SHIPITEM08155,SHIP02729,PROD142,147
SHIPITEM08156,SHIP02730,PROD159,129
SHIPITEM08157,SHIP02730,PROD210,6
SHIPITEM08158,SHIP02730,PROD488,75
SHIPITEM08159,SHIP02730,PROD285,25
SHIPITEM08160,SHIP02730,PROD436,29
SHIPITEM08161,SHIP02731,PROD174,39
SHIPITEM08162,SHIP02731,PROD161,26
SHIPITEM08163,SHIP02731,PROD102,142
SHIPITEM08164,SHIP02732,PROD070,138
SHIPITEM08165,SHIP02732,PROD495,147
SHIPITEM08166,SHIP02732,PROD148,17
SHIPITEM08167,SHIP02732,PROD426,120
SHIPITEM08168,SHIP02732,PROD202,142
SHIPITEM08169,SHIP02732,PROD129,142
SHIPITEM08170,SHIP02733,PROD407,65
SHIPITEM08171,SHIP02733,PROD238,10
SHIPITEM08172,SHIP02733,PROD253,148
SHIPITEM08173,SHIP02734,PROD093,42
SHIPITEM08174,SHIP02734,PROD270,35
SHIPITEM08175,SHIP02735,PROD061,55
SHIPITEM08176,SHIP02735,PROD442,73
SHIPITEM08177,SHIP02735,PROD180,139
SHIPITEM08178,SHIP02735,PROD476,83
SHIPITEM08179,SHIP02735,PROD077,36
SHIPITEM08180,SHIP02736,PROD121,46
SHIPITEM08181,SHIP02736,PROD065,89
SHIPITEM08182,SHIP02736,PROD452,119
SHIPITEM08183,SHIP02736,PROD442,28
SHIPITEM08184,SHIP02737,PROD182,107
SHIPITEM08185,SHIP02737,PROD022,83
SHIPITEM08186,SHIP02738,PROD255,62
SHIPITEM08187,SHIP02739,PROD453,34
SHIPITEM08188,SHIP02739,PROD246,79
SHIPITEM08189,SHIP02740,PROD020,120
SHIPITEM08190,SHIP02740,PROD427,140
SHIPITEM08191,SHIP02740,PROD105,72
SHIPITEM08192,SHIP02741,PROD369,109
SHIPITEM08193,SHIP02741,PROD471,124
SHIPITEM08194,SHIP02742,PROD384,30
SHIPITEM08195,SHIP02742,PROD145,49
SHIPITEM08196,SHIP02742,PROD062,58
SHIPITEM08197,SHIP02742,PROD360,52
SHIPITEM08198,SHIP02742,PROD107,50
SHIPITEM08199,SHIP02743,PROD253,141
SHIPITEM08200,SHIP02743,PROD399,14
SHIPITEM08201,SHIP02743,PROD341,15
SHIPITEM08202,SHIP02744,PROD059,101
SHIPITEM08203,SHIP02744,PROD185,108
SHIPITEM08204,SHIP02745,PROD265,20
SHIPITEM08205,SHIP02745,PROD270,21
SHIPITEM08206,SHIP02745,PROD341,14
SHIPITEM08207,SHIP02746,PROD252,141
SHIPITEM08208,SHIP02746,PROD398,52
SHIPITEM08209,SHIP02746,PROD106,17
SHIPITEM08210,SHIP02746,PROD135,75
SHIPITEM08211,SHIP02747,PROD109,55
SHIPITEM08212,SHIP02747,PROD066,20
SHIPITEM08213,SHIP02747,PROD379,96
SHIPITEM08214,SHIP02747,PROD210,111
SHIPITEM08215,SHIP02747,PROD325,43
SHIPITEM08216,SHIP02747,PROD203,96
SHIPITEM08217,SHIP02748,PROD438,29
SHIPITEM08218,SHIP02748,PROD478,73
SHIPITEM08219,SHIP02748,PROD105,84
SHIPITEM08220,SHIP02748,PROD245,45
SHIPITEM08221,SHIP02748,PROD013,142
SHIPITEM08222,SHIP02749,PROD459,28
SHIPITEM08223,SHIP02749,PROD109,114
SHIPITEM08224,SHIP02750,PROD459,15
SHIPITEM08225,SHIP02750,PROD339,32
SHIPITEM08226,SHIP02751,PROD088,105
SHIPITEM08227,SHIP02751,PROD449,40
SHIPITEM08228,SHIP02752,PROD028,64
SHIPITEM08229,SHIP02752,PROD475,42
SHIPITEM08230,SHIP02752,PROD152,140
SHIPITEM08231,SHIP02752,PROD184,40
SHIPITEM08232,SHIP02753,PROD414,136
SHIPITEM08233,SHIP02754,PROD208,146
SHIPITEM08234,SHIP02754,PROD320,100
SHIPITEM08235,SHIP02754,PROD299,136
SHIPITEM08236,SHIP02754,PROD356,54
SHIPITEM08237,SHIP02755,PROD053,12
SHIPITEM08238,SHIP02755,PROD389,142
SHIPITEM08239,SHIP02756,PROD238,144
SHIPITEM08240,SHIP02756,PROD087,145
SHIPITEM08241,SHIP02757,PROD487,88
SHIPITEM08242,SHIP02757,PROD290,63
SHIPITEM08243,SHIP02757,PROD189,76
SHIPITEM08244,SHIP02758,PROD107,139
SHIPITEM08245,SHIP02758,PROD424,98
SHIPITEM08246,SHIP02758,PROD451,48
SHIPITEM08247,SHIP02759,PROD470,19
SHIPITEM08248,SHIP02759,PROD366,99
SHIPITEM08249,SHIP02759,PROD041,93
SHIPITEM08250,SHIP02760,PROD366,48
SHIPITEM08251,SHIP02760,PROD144,68
SHIPITEM08252,SHIP02760,PROD095,75
SHIPITEM08253,SHIP02761,PROD212,135
SHIPITEM08254,SHIP02761,PROD354,142
SHIPITEM08255,SHIP02761,PROD466,59
SHIPITEM08256,SHIP02761,PROD085,101
SHIPITEM08257,SHIP02762,PROD166,96
SHIPITEM08258,SHIP02762,PROD367,109
SHIPITEM08259,SHIP02762,PROD142,6
SHIPITEM08260,SHIP02763,PROD319,101
SHIPITEM08261,SHIP02763,PROD253,71
SHIPITEM08262,SHIP02763,PROD099,21
SHIPITEM08263,SHIP02763,PROD295,127
SHIPITEM08264,SHIP02764,PROD321,91
SHIPITEM08265,SHIP02764,PROD376,124
SHIPITEM08266,SHIP02765,PROD136,49
SHIPITEM08267,SHIP02765,PROD298,5
SHIPITEM08268,SHIP02765,PROD050,17
SHIPITEM08269,SHIP02766,PROD195,128
SHIPITEM08270,SHIP02766,PROD193,12
SHIPITEM08271,SHIP02766,PROD100,50
SHIPITEM08272,SHIP02767,PROD266,21
SHIPITEM08273,SHIP02767,PROD244,43
SHIPITEM08274,SHIP02767,PROD015,116
SHIPITEM08275,SHIP02767,PROD289,111
SHIPITEM08276,SHIP02768,PROD284,57
SHIPITEM08277,SHIP02768,PROD070,125
SHIPITEM08278,SHIP02768,PROD111,130
SHIPITEM08279,SHIP02769,PROD472,128
SHIPITEM08280,SHIP02769,PROD409,23
SHIPITEM08281,SHIP02769,PROD082,95
SHIPITEM08282,SHIP02770,PROD222,15
SHIPITEM08283,SHIP02770,PROD300,28
SHIPITEM08284,SHIP02771,PROD216,50
SHIPITEM08285,SHIP02771,PROD126,128
SHIPITEM08286,SHIP02771,PROD255,81
SHIPITEM08287,SHIP02771,PROD193,46
SHIPITEM08288,SHIP02771,PROD425,17
SHIPITEM08289,SHIP02772,PROD092,43
SHIPITEM08290,SHIP02772,PROD053,81
SHIPITEM08291,SHIP02772,PROD319,24
SHIPITEM08292,SHIP02772,PROD057,108
SHIPITEM08293,SHIP02772,PROD470,77
SHIPITEM08294,SHIP02773,PROD482,138
SHIPITEM08295,SHIP02773,PROD210,142
SHIPITEM08296,SHIP02774,PROD068,55
SHIPITEM08297,SHIP02775,PROD362,72
SHIPITEM08298,SHIP02775,PROD155,33
SHIPITEM08299,SHIP02775,PROD350,100
SHIPITEM08300,SHIP02775,PROD259,41
SHIPITEM08301,SHIP02775,PROD241,8
SHIPITEM08302,SHIP02775,PROD370,58
SHIPITEM08303,SHIP02776,PROD499,137
SHIPITEM08304,SHIP02776,PROD159,138
SHIPITEM08305,SHIP02777,PROD156,106
SHIPITEM08306,SHIP02777,PROD251,113
SHIPITEM08307,SHIP02777,PROD126,77
SHIPITEM08308,SHIP02777,PROD264,129
SHIPITEM08309,SHIP02777,PROD123,33
SHIPITEM08310,SHIP02778,PROD316,140
SHIPITEM08311,SHIP02779,PROD080,98
SHIPITEM08312,SHIP02779,PROD182,68
SHIPITEM08313,SHIP02780,PROD368,99
SHIPITEM08314,SHIP02780,PROD412,85
SHIPITEM08315,SHIP02780,PROD440,105
SHIPITEM08316,SHIP02780,PROD351,6
SHIPITEM08317,SHIP02781,PROD091,40
SHIPITEM08318,SHIP02781,PROD098,86
SHIPITEM08319,SHIP02781,PROD104,32
SHIPITEM08320,SHIP02781,PROD266,112
SHIPITEM08321,SHIP02781,PROD298,36
SHIPITEM08322,SHIP02782,PROD278,31
SHIPITEM08323,SHIP02782,PROD491,51
SHIPITEM08324,SHIP02782,PROD116,40
SHIPITEM08325,SHIP02783,PROD131,26
SHIPITEM08326,SHIP02783,PROD418,54
SHIPITEM08327,SHIP02784,PROD382,124
SHIPITEM08328,SHIP02784,PROD024,27
SHIPITEM08329,SHIP02784,PROD441,96
SHIPITEM08330,SHIP02784,PROD201,27
SHIPITEM08331,SHIP02785,PROD430,145
SHIPITEM08332,SHIP02785,PROD361,103
SHIPITEM08333,SHIP02785,PROD364,51
SHIPITEM08334,SHIP02785,PROD393,33
SHIPITEM08335,SHIP02786,PROD259,134
SHIPITEM08336,SHIP02786,PROD241,22
SHIPITEM08337,SHIP02786,PROD474,54
SHIPITEM08338,SHIP02787,PROD049,33
SHIPITEM08339,SHIP02787,PROD432,33
SHIPITEM08340,SHIP02788,PROD405,144
SHIPITEM08341,SHIP02788,PROD236,82
SHIPITEM08342,SHIP02789,PROD252,64
SHIPITEM08343,SHIP02790,PROD494,95
SHIPITEM08344,SHIP02790,PROD457,145
SHIPITEM08345,SHIP02790,PROD268,141
SHIPITEM08346,SHIP02790,PROD197,50
SHIPITEM08347,SHIP02791,PROD407,73
SHIPITEM08348,SHIP02791,PROD093,86
SHIPITEM08349,SHIP02792,PROD321,29
SHIPITEM08350,SHIP02793,PROD486,58
SHIPITEM08351,SHIP02793,PROD369,93
SHIPITEM08352,SHIP02793,PROD427,143
SHIPITEM08353,SHIP02793,PROD122,87
SHIPITEM08354,SHIP02794,PROD068,50
SHIPITEM08355,SHIP02794,PROD446,94
SHIPITEM08356,SHIP02794,PROD455,56
SHIPITEM08357,SHIP02795,PROD159,145
SHIPITEM08358,SHIP02795,PROD268,42
SHIPITEM08359,SHIP02795,PROD074,71
SHIPITEM08360,SHIP02795,PROD457,28
SHIPITEM08361,SHIP02796,PROD009,28
SHIPITEM08362,SHIP02796,PROD338,15
SHIPITEM08363,SHIP02796,PROD229,27
SHIPITEM08364,SHIP02797,PROD114,30
SHIPITEM08365,SHIP02797,PROD298,138
SHIPITEM08366,SHIP02798,PROD359,76
SHIPITEM08367,SHIP02798,PROD321,78
SHIPITEM08368,SHIP02798,PROD255,57
SHIPITEM08369,SHIP02798,PROD493,49
SHIPITEM08370,SHIP02798,PROD196,42
SHIPITEM08371,SHIP02798,PROD330,55
SHIPITEM08372,SHIP02799,PROD084,43
SHIPITEM08373,SHIP02799,PROD457,145
SHIPITEM08374,SHIP02799,PROD098,67
SHIPITEM08375,SHIP02800,PROD294,18
SHIPITEM08376,SHIP02800,PROD391,112
SHIPITEM08377,SHIP02800,PROD475,149
SHIPITEM08378,SHIP02800,PROD288,81
SHIPITEM08379,SHIP02800,PROD278,74
SHIPITEM08380,SHIP02801,PROD071,59
SHIPITEM08381,SHIP02801,PROD040,115
SHIPITEM08382,SHIP02802,PROD191,49
SHIPITEM08383,SHIP02803,PROD302,46
SHIPITEM08384,SHIP02803,PROD222,98
SHIPITEM08385,SHIP02803,PROD126,101
SHIPITEM08386,SHIP02803,PROD268,117
SHIPITEM08387,SHIP02804,PROD233,86
SHIPITEM08388,SHIP02805,PROD111,99
SHIPITEM08389,SHIP02805,PROD017,22
SHIPITEM08390,SHIP02805,PROD264,22
SHIPITEM08391,SHIP02805,PROD056,63
SHIPITEM08392,SHIP02806,PROD171,33
SHIPITEM08393,SHIP02806,PROD283,32
SHIPITEM08394,SHIP02806,PROD323,69
SHIPITEM08395,SHIP02807,PROD388,40
SHIPITEM08396,SHIP02807,PROD406,69
SHIPITEM08397,SHIP02807,PROD328,74
SHIPITEM08398,SHIP02807,PROD370,22
SHIPITEM08399,SHIP02808,PROD099,97
SHIPITEM08400,SHIP02809,PROD101,135
SHIPITEM08401,SHIP02809,PROD289,122
SHIPITEM08402,SHIP02809,PROD009,91
SHIPITEM08403,SHIP02809,PROD226,116
SHIPITEM08404,SHIP02809,PROD100,85
SHIPITEM08405,SHIP02810,PROD431,80
SHIPITEM08406,SHIP02810,PROD048,6
SHIPITEM08407,SHIP02810,PROD401,80
SHIPITEM08408,SHIP02810,PROD089,15
SHIPITEM08409,SHIP02811,PROD351,131
SHIPITEM08410,SHIP02811,PROD058,95
SHIPITEM08411,SHIP02811,PROD315,12
SHIPITEM08412,SHIP02811,PROD492,43
SHIPITEM08413,SHIP02812,PROD125,21
SHIPITEM08414,SHIP02812,PROD284,118
SHIPITEM08415,SHIP02813,PROD359,110
SHIPITEM08416,SHIP02813,PROD182,51
SHIPITEM08417,SHIP02814,PROD498,123
SHIPITEM08418,SHIP02814,PROD231,146
SHIPITEM08419,SHIP02815,PROD327,103
SHIPITEM08420,SHIP02815,PROD377,120
SHIPITEM08421,SHIP02815,PROD445,57
SHIPITEM08422,SHIP02815,PROD270,57
SHIPITEM08423,SHIP02815,PROD381,118
SHIPITEM08424,SHIP02816,PROD270,120
SHIPITEM08425,SHIP02816,PROD103,48
SHIPITEM08426,SHIP02817,PROD034,105
SHIPITEM08427,SHIP02817,PROD412,99
SHIPITEM08428,SHIP02818,PROD168,143
SHIPITEM08429,SHIP02818,PROD036,42
SHIPITEM08430,SHIP02818,PROD241,117
SHIPITEM08431,SHIP02818,PROD485,64
SHIPITEM08432,SHIP02819,PROD096,30
SHIPITEM08433,SHIP02819,PROD059,129
SHIPITEM08434,SHIP02819,PROD157,39
SHIPITEM08435,SHIP02819,PROD084,27
SHIPITEM08436,SHIP02820,PROD067,40
SHIPITEM08437,SHIP02820,PROD113,43
SHIPITEM08438,SHIP02820,PROD357,70
SHIPITEM08439,SHIP02820,PROD429,38
SHIPITEM08440,SHIP02820,PROD227,135
SHIPITEM08441,SHIP02821,PROD379,19
SHIPITEM08442,SHIP02821,PROD413,117
SHIPITEM08443,SHIP02821,PROD073,35
SHIPITEM08444,SHIP02821,PROD319,49
SHIPITEM08445,SHIP02822,PROD081,59
SHIPITEM08446,SHIP02822,PROD400,8
SHIPITEM08447,SHIP02822,PROD174,5
SHIPITEM08448,SHIP02823,PROD413,77
SHIPITEM08449,SHIP02823,PROD076,144
SHIPITEM08450,SHIP02824,PROD143,20
SHIPITEM08451,SHIP02825,PROD426,144
SHIPITEM08452,SHIP02825,PROD230,142
SHIPITEM08453,SHIP02825,PROD446,119
SHIPITEM08454,SHIP02825,PROD145,19
SHIPITEM08455,SHIP02825,PROD324,96
SHIPITEM08456,SHIP02826,PROD024,51
SHIPITEM08457,SHIP02826,PROD184,89
SHIPITEM08458,SHIP02826,PROD240,44
SHIPITEM08459,SHIP02826,PROD380,69
SHIPITEM08460,SHIP02827,PROD360,46
SHIPITEM08461,SHIP02827,PROD292,55
SHIPITEM08462,SHIP02827,PROD266,55
SHIPITEM08463,SHIP02828,PROD179,47
SHIPITEM08464,SHIP02828,PROD106,137
SHIPITEM08465,SHIP02828,PROD465,51
SHIPITEM08466,SHIP02828,PROD341,60
SHIPITEM08467,SHIP02829,PROD259,101
SHIPITEM08468,SHIP02829,PROD213,48
SHIPITEM08469,SHIP02829,PROD365,106
SHIPITEM08470,SHIP02829,PROD056,78
SHIPITEM08471,SHIP02829,PROD485,94
SHIPITEM08472,SHIP02830,PROD235,138
SHIPITEM08473,SHIP02831,PROD115,146
SHIPITEM08474,SHIP02831,PROD336,82
SHIPITEM08475,SHIP02831,PROD407,129
SHIPITEM08476,SHIP02832,PROD094,47
SHIPITEM08477,SHIP02832,PROD421,129
SHIPITEM08478,SHIP02832,PROD409,72
SHIPITEM08479,SHIP02833,PROD435,18
SHIPITEM08480,SHIP02834,PROD341,99
SHIPITEM08481,SHIP02834,PROD084,99
SHIPITEM08482,SHIP02834,PROD407,62
SHIPITEM08483,SHIP02834,PROD440,102
SHIPITEM08484,SHIP02835,PROD409,123
SHIPITEM08485,SHIP02835,PROD403,65
SHIPITEM08486,SHIP02836,PROD366,118
SHIPITEM08487,SHIP02836,PROD275,37
SHIPITEM08488,SHIP02836,PROD174,111
SHIPITEM08489,SHIP02836,PROD231,5
SHIPITEM08490,SHIP02837,PROD441,149
SHIPITEM08491,SHIP02837,PROD400,12
SHIPITEM08492,SHIP02837,PROD014,103
SHIPITEM08493,SHIP02837,PROD217,117
SHIPITEM08494,SHIP02837,PROD100,8
SHIPITEM08495,SHIP02837,PROD177,39
SHIPITEM08496,SHIP02838,PROD170,139
SHIPITEM08497,SHIP02838,PROD024,30
SHIPITEM08498,SHIP02838,PROD451,9
SHIPITEM08499,SHIP02839,PROD223,50
SHIPITEM08500,SHIP02839,PROD492,37
SHIPITEM08501,SHIP02839,PROD488,109
SHIPITEM08502,SHIP02840,PROD407,140
SHIPITEM08503,SHIP02840,PROD057,112
SHIPITEM08504,SHIP02840,PROD488,84
SHIPITEM08505,SHIP02841,PROD117,45
SHIPITEM08506,SHIP02841,PROD143,30
SHIPITEM08507,SHIP02841,PROD044,101
SHIPITEM08508,SHIP02841,PROD266,143
SHIPITEM08509,SHIP02841,PROD056,107
SHIPITEM08510,SHIP02842,PROD167,111
SHIPITEM08511,SHIP02842,PROD435,23
SHIPITEM08512,SHIP02842,PROD110,57
SHIPITEM08513,SHIP02843,PROD264,102
SHIPITEM08514,SHIP02843,PROD232,132
SHIPITEM08515,SHIP02843,PROD270,125
SHIPITEM08516,SHIP02843,PROD409,123
SHIPITEM08517,SHIP02844,PROD349,55
SHIPITEM08518,SHIP02844,PROD300,46
SHIPITEM08519,SHIP02844,PROD125,7
SHIPITEM08520,SHIP02845,PROD187,43
SHIPITEM08521,SHIP02845,PROD436,146
SHIPITEM08522,SHIP02845,PROD247,87
SHIPITEM08523,SHIP02845,PROD110,149
SHIPITEM08524,SHIP02845,PROD045,26
SHIPITEM08525,SHIP02845,PROD198,108
SHIPITEM08526,SHIP02845,PROD310,22
SHIPITEM08527,SHIP02845,PROD190,96
SHIPITEM08528,SHIP02845,PROD221,144
SHIPITEM08529,SHIP02845,PROD479,43
SHIPITEM08530,SHIP02846,PROD463,114
SHIPITEM08531,SHIP02846,PROD006,115
SHIPITEM08532,SHIP02846,PROD121,124
SHIPITEM08533,SHIP02846,PROD411,88
SHIPITEM08534,SHIP02847,PROD478,130
SHIPITEM08535,SHIP02847,PROD245,121
SHIPITEM08536,SHIP02847,PROD118,120
SHIPITEM08537,SHIP02847,PROD113,57
SHIPITEM08538,SHIP02848,PROD370,88
SHIPITEM08539,SHIP02848,PROD098,125
SHIPITEM08540,SHIP02848,PROD208,77
SHIPITEM08541,SHIP02849,PROD267,91
SHIPITEM08542,SHIP02850,PROD095,80
SHIPITEM08543,SHIP02850,PROD188,84
SHIPITEM08544,SHIP02850,PROD244,63
SHIPITEM08545,SHIP02851,PROD445,53
SHIPITEM08546,SHIP02851,PROD080,69
SHIPITEM08547,SHIP02851,PROD492,31
SHIPITEM08548,SHIP02852,PROD296,32
SHIPITEM08549,SHIP02852,PROD315,25
SHIPITEM08550,SHIP02852,PROD343,112
SHIPITEM08551,SHIP02852,PROD475,133
SHIPITEM08552,SHIP02853,PROD050,130
SHIPITEM08553,SHIP02853,PROD442,98
SHIPITEM08554,SHIP02853,PROD463,114
SHIPITEM08555,SHIP02853,PROD122,77
SHIPITEM08556,SHIP02854,PROD194,47
SHIPITEM08557,SHIP02854,PROD255,56
SHIPITEM08558,SHIP02854,PROD311,148
SHIPITEM08559,SHIP02854,PROD450,77
SHIPITEM08560,SHIP02854,PROD239,44
SHIPITEM08561,SHIP02855,PROD204,98
SHIPITEM08562,SHIP02855,PROD491,78
SHIPITEM08563,SHIP02856,PROD380,62
SHIPITEM08564,SHIP02856,PROD015,139
SHIPITEM08565,SHIP02856,PROD460,8
SHIPITEM08566,SHIP02856,PROD453,30
SHIPITEM08567,SHIP02857,PROD459,79
SHIPITEM08568,SHIP02857,PROD132,108
SHIPITEM08569,SHIP02858,PROD293,63
SHIPITEM08570,SHIP02858,PROD229,92
SHIPITEM08571,SHIP02859,PROD251,16
SHIPITEM08572,SHIP02859,PROD384,56
SHIPITEM08573,SHIP02859,PROD157,63
SHIPITEM08574,SHIP02860,PROD078,15
SHIPITEM08575,SHIP02860,PROD270,110
SHIPITEM08576,SHIP02860,PROD107,141
SHIPITEM08577,SHIP02860,PROD428,71
SHIPITEM08578,SHIP02861,PROD164,88
SHIPITEM08579,SHIP02861,PROD047,103
SHIPITEM08580,SHIP02862,PROD419,83
SHIPITEM08581,SHIP02862,PROD122,150
SHIPITEM08582,SHIP02862,PROD001,40
SHIPITEM08583,SHIP02862,PROD120,15
SHIPITEM08584,SHIP02863,PROD097,17
SHIPITEM08585,SHIP02863,PROD335,57
SHIPITEM08586,SHIP02864,PROD278,90
SHIPITEM08587,SHIP02865,PROD383,79
SHIPITEM08588,SHIP02865,PROD084,62
SHIPITEM08589,SHIP02866,PROD008,78
SHIPITEM08590,SHIP02866,PROD364,145
SHIPITEM08591,SHIP02867,PROD450,97
SHIPITEM08592,SHIP02867,PROD393,97
SHIPITEM08593,SHIP02867,PROD476,112
SHIPITEM08594,SHIP02868,PROD462,107
SHIPITEM08595,SHIP02868,PROD100,94
SHIPITEM08596,SHIP02869,PROD175,124
SHIPITEM08597,SHIP02869,PROD245,127
SHIPITEM08598,SHIP02869,PROD158,99
SHIPITEM08599,SHIP02869,PROD126,112
SHIPITEM08600,SHIP02869,PROD154,80
SHIPITEM08601,SHIP02870,PROD101,102
SHIPITEM08602,SHIP02870,PROD079,19
SHIPITEM08603,SHIP02870,PROD417,76
SHIPITEM08604,SHIP02870,PROD299,66
SHIPITEM08605,SHIP02871,PROD407,35
SHIPITEM08606,SHIP02871,PROD047,121
SHIPITEM08607,SHIP02871,PROD079,7
SHIPITEM08608,SHIP02872,PROD216,147
SHIPITEM08609,SHIP02872,PROD391,77
SHIPITEM08610,SHIP02872,PROD180,56
SHIPITEM08611,SHIP02872,PROD014,53
SHIPITEM08612,SHIP02873,PROD055,120
SHIPITEM08613,SHIP02874,PROD282,110
SHIPITEM08614,SHIP02874,PROD084,144
SHIPITEM08615,SHIP02874,PROD248,30
SHIPITEM08616,SHIP02875,PROD215,129
SHIPITEM08617,SHIP02875,PROD148,69
SHIPITEM08618,SHIP02875,PROD075,62
SHIPITEM08619,SHIP02875,PROD028,124
SHIPITEM08620,SHIP02876,PROD416,83
SHIPITEM08621,SHIP02876,PROD244,38
SHIPITEM08622,SHIP02876,PROD252,98
SHIPITEM08623,SHIP02876,PROD261,35
SHIPITEM08624,SHIP02877,PROD174,128
SHIPITEM08625,SHIP02877,PROD334,148
SHIPITEM08626,SHIP02877,PROD258,118
SHIPITEM08627,SHIP02877,PROD280,24
SHIPITEM08628,SHIP02878,PROD341,121
SHIPITEM08629,SHIP02878,PROD252,92
SHIPITEM08630,SHIP02878,PROD440,60
SHIPITEM08631,SHIP02879,PROD479,127
SHIPITEM08632,SHIP02879,PROD401,15
SHIPITEM08633,SHIP02879,PROD240,115
SHIPITEM08634,SHIP02880,PROD306,94
SHIPITEM08635,SHIP02880,PROD371,26
SHIPITEM08636,SHIP02880,PROD190,91
SHIPITEM08637,SHIP02881,PROD475,43
SHIPITEM08638,SHIP02881,PROD078,116
SHIPITEM08639,SHIP02881,PROD283,43
SHIPITEM08640,SHIP02882,PROD209,110
SHIPITEM08641,SHIP02883,PROD286,83
SHIPITEM08642,SHIP02884,PROD188,100
SHIPITEM08643,SHIP02884,PROD163,23
SHIPITEM08644,SHIP02884,PROD140,33
SHIPITEM08645,SHIP02885,PROD400,99
SHIPITEM08646,SHIP02885,PROD298,136
SHIPITEM08647,SHIP02886,PROD048,94
SHIPITEM08648,SHIP02886,PROD497,117
SHIPITEM08649,SHIP02887,PROD216,83
SHIPITEM08650,SHIP02888,PROD498,52
SHIPITEM08651,SHIP02888,PROD207,59
SHIPITEM08652,SHIP02888,PROD225,5
SHIPITEM08653,SHIP02889,PROD495,110
SHIPITEM08654,SHIP02889,PROD151,81
SHIPITEM08655,SHIP02889,PROD113,76
SHIPITEM08656,SHIP02889,PROD376,62
SHIPITEM08657,SHIP02890,PROD007,134
SHIPITEM08658,SHIP02890,PROD355,126
SHIPITEM08659,SHIP02890,PROD286,114
SHIPITEM08660,SHIP02891,PROD388,74
SHIPITEM08661,SHIP02892,PROD249,106
SHIPITEM08662,SHIP02892,PROD062,41
SHIPITEM08663,SHIP02892,PROD381,148
SHIPITEM08664,SHIP02892,PROD188,82
SHIPITEM08665,SHIP02892,PROD225,147
SHIPITEM08666,SHIP02893,PROD111,27
SHIPITEM08667,SHIP02893,PROD173,139
SHIPITEM08668,SHIP02893,PROD373,112
SHIPITEM08669,SHIP02894,PROD413,148
SHIPITEM08670,SHIP02894,PROD251,145
SHIPITEM08671,SHIP02895,PROD426,116
SHIPITEM08672,SHIP02895,PROD444,121
SHIPITEM08673,SHIP02896,PROD090,47
SHIPITEM08674,SHIP02896,PROD032,63
SHIPITEM08675,SHIP02896,PROD323,33
SHIPITEM08676,SHIP02896,PROD327,65
SHIPITEM08677,SHIP02896,PROD013,16
SHIPITEM08678,SHIP02897,PROD394,76
SHIPITEM08679,SHIP02897,PROD443,85
SHIPITEM08680,SHIP02898,PROD145,81
SHIPITEM08681,SHIP02898,PROD470,83
SHIPITEM08682,SHIP02899,PROD017,38
SHIPITEM08683,SHIP02899,PROD117,82
SHIPITEM08684,SHIP02899,PROD240,122
SHIPITEM08685,SHIP02899,PROD066,46
SHIPITEM08686,SHIP02900,PROD028,111
SHIPITEM08687,SHIP02900,PROD181,10
SHIPITEM08688,SHIP02900,PROD205,86
SHIPITEM08689,SHIP02900,PROD457,142
SHIPITEM08690,SHIP02900,PROD301,20
SHIPITEM08691,SHIP02901,PROD015,107
SHIPITEM08692,SHIP02902,PROD258,89
SHIPITEM08693,SHIP02902,PROD147,91
SHIPITEM08694,SHIP02902,PROD202,92
SHIPITEM08695,SHIP02902,PROD103,102
SHIPITEM08696,SHIP02902,PROD297,69
SHIPITEM08697,SHIP02903,PROD484,141
SHIPITEM08698,SHIP02903,PROD438,34
SHIPITEM08699,SHIP02904,PROD237,5
SHIPITEM08700,SHIP02904,PROD360,34
SHIPITEM08701,SHIP02905,PROD003,76
SHIPITEM08702,SHIP02905,PROD259,122
SHIPITEM08703,SHIP02905,PROD022,81
SHIPITEM08704,SHIP02905,PROD430,16
SHIPITEM08705,SHIP02905,PROD442,95
SHIPITEM08706,SHIP02906,PROD265,134
SHIPITEM08707,SHIP02906,PROD465,22
SHIPITEM08708,SHIP02906,PROD268,52
SHIPITEM08709,SHIP02906,PROD260,19
SHIPITEM08710,SHIP02906,PROD067,52
SHIPITEM08711,SHIP02906,PROD458,124
SHIPITEM08712,SHIP02906,PROD191,46
SHIPITEM08713,SHIP02907,PROD330,23
SHIPITEM08714,SHIP02908,PROD175,108
SHIPITEM08715,SHIP02908,PROD020,94
SHIPITEM08716,SHIP02908,PROD393,118
SHIPITEM08717,SHIP02909,PROD276,91
SHIPITEM08718,SHIP02910,PROD239,138
SHIPITEM08719,SHIP02910,PROD136,105
SHIPITEM08720,SHIP02910,PROD321,110
SHIPITEM08721,SHIP02910,PROD068,126
SHIPITEM08722,SHIP02911,PROD089,54
SHIPITEM08723,SHIP02912,PROD077,119
SHIPITEM08724,SHIP02912,PROD283,140
SHIPITEM08725,SHIP02912,PROD401,20
SHIPITEM08726,SHIP02913,PROD013,132
SHIPITEM08727,SHIP02914,PROD465,39
SHIPITEM08728,SHIP02914,PROD028,27
SHIPITEM08729,SHIP02914,PROD176,131
SHIPITEM08730,SHIP02914,PROD463,123
SHIPITEM08731,SHIP02914,PROD479,95
SHIPITEM08732,SHIP02915,PROD424,122
SHIPITEM08733,SHIP02915,PROD318,106
SHIPITEM08734,SHIP02915,PROD074,148
SHIPITEM08735,SHIP02915,PROD255,69
SHIPITEM08736,SHIP02916,PROD085,16
SHIPITEM08737,SHIP02916,PROD147,143
SHIPITEM08738,SHIP02916,PROD324,104
SHIPITEM08739,SHIP02917,PROD129,140
SHIPITEM08740,SHIP02917,PROD126,149
SHIPITEM08741,SHIP02917,PROD205,87
SHIPITEM08742,SHIP02917,PROD213,131
SHIPITEM08743,SHIP02918,PROD189,113
SHIPITEM08744,SHIP02918,PROD117,69
SHIPITEM08745,SHIP02918,PROD168,37
SHIPITEM08746,SHIP02919,PROD091,36
SHIPITEM08747,SHIP02919,PROD353,116
SHIPITEM08748,SHIP02919,PROD396,67
SHIPITEM08749,SHIP02920,PROD005,144
SHIPITEM08750,SHIP02920,PROD347,119
SHIPITEM08751,SHIP02921,PROD013,111
SHIPITEM08752,SHIP02921,PROD229,65
SHIPITEM08753,SHIP02921,PROD275,143
SHIPITEM08754,SHIP02922,PROD165,44
SHIPITEM08755,SHIP02922,PROD246,103
SHIPITEM08756,SHIP02922,PROD366,146
SHIPITEM08757,SHIP02922,PROD393,40
SHIPITEM08758,SHIP02923,PROD122,27
SHIPITEM08759,SHIP02923,PROD242,106
SHIPITEM08760,SHIP02923,PROD404,18
SHIPITEM08761,SHIP02923,PROD172,105
SHIPITEM08762,SHIP02924,PROD024,59
SHIPITEM08763,SHIP02924,PROD446,88
SHIPITEM08764,SHIP02924,PROD498,25
SHIPITEM08765,SHIP02925,PROD020,126
SHIPITEM08766,SHIP02925,PROD001,79
SHIPITEM08767,SHIP02926,PROD143,81
SHIPITEM08768,SHIP02926,PROD267,143
SHIPITEM08769,SHIP02926,PROD119,54
SHIPITEM08770,SHIP02927,PROD190,107
SHIPITEM08771,SHIP02927,PROD009,84
SHIPITEM08772,SHIP02928,PROD442,88
SHIPITEM08773,SHIP02928,PROD432,109
SHIPITEM08774,SHIP02928,PROD305,43
SHIPITEM08775,SHIP02929,PROD265,91
SHIPITEM08776,SHIP02929,PROD493,148
SHIPITEM08777,SHIP02929,PROD496,115
SHIPITEM08778,SHIP02929,PROD447,72
SHIPITEM08779,SHIP02930,PROD452,8
SHIPITEM08780,SHIP02930,PROD402,134
SHIPITEM08781,SHIP02931,PROD279,82
SHIPITEM08782,SHIP02931,PROD473,136
SHIPITEM08783,SHIP02931,PROD085,128
SHIPITEM08784,SHIP02932,PROD115,47
SHIPITEM08785,SHIP02932,PROD212,134
SHIPITEM08786,SHIP02933,PROD170,89
SHIPITEM08787,SHIP02934,PROD458,13
SHIPITEM08788,SHIP02934,PROD428,101
SHIPITEM08789,SHIP02935,PROD424,6
SHIPITEM08790,SHIP02935,PROD027,104
SHIPITEM08791,SHIP02935,PROD008,126
SHIPITEM08792,SHIP02936,PROD313,43
SHIPITEM08793,SHIP02936,PROD037,13
SHIPITEM08794,SHIP02936,PROD488,32
SHIPITEM08795,SHIP02937,PROD465,138
SHIPITEM08796,SHIP02937,PROD381,52
SHIPITEM08797,SHIP02937,PROD451,17
SHIPITEM08798,SHIP02937,PROD075,94
SHIPITEM08799,SHIP02938,PROD448,6
SHIPITEM08800,SHIP02938,PROD305,64
SHIPITEM08801,SHIP02938,PROD363,121
SHIPITEM08802,SHIP02938,PROD299,7
SHIPITEM08803,SHIP02938,PROD336,127
SHIPITEM08804,SHIP02939,PROD314,8
SHIPITEM08805,SHIP02939,PROD073,89
SHIPITEM08806,SHIP02939,PROD089,110
SHIPITEM08807,SHIP02939,PROD049,22
SHIPITEM08808,SHIP02940,PROD326,128
SHIPITEM08809,SHIP02940,PROD289,94
SHIPITEM08810,SHIP02941,PROD344,143
SHIPITEM08811,SHIP02941,PROD032,58
SHIPITEM08812,SHIP02941,PROD226,98
SHIPITEM08813,SHIP02941,PROD274,79
SHIPITEM08814,SHIP02942,PROD468,35
SHIPITEM08815,SHIP02942,PROD068,38
SHIPITEM08816,SHIP02942,PROD358,10
SHIPITEM08817,SHIP02943,PROD450,150
SHIPITEM08818,SHIP02943,PROD165,8
SHIPITEM08819,SHIP02943,PROD003,127
SHIPITEM08820,SHIP02943,PROD299,14
SHIPITEM08821,SHIP02944,PROD189,143
SHIPITEM08822,SHIP02944,PROD322,82
SHIPITEM08823,SHIP02945,PROD133,63
SHIPITEM08824,SHIP02945,PROD062,104
SHIPITEM08825,SHIP02945,PROD164,29
SHIPITEM08826,SHIP02945,PROD055,44
SHIPITEM08827,SHIP02946,PROD218,36
SHIPITEM08828,SHIP02946,PROD475,52
SHIPITEM08829,SHIP02946,PROD493,125
SHIPITEM08830,SHIP02946,PROD014,139
SHIPITEM08831,SHIP02947,PROD252,69
SHIPITEM08832,SHIP02947,PROD219,7
SHIPITEM08833,SHIP02947,PROD024,38
SHIPITEM08834,SHIP02947,PROD085,108
SHIPITEM08835,SHIP02948,PROD217,145
SHIPITEM08836,SHIP02949,PROD082,29
SHIPITEM08837,SHIP02949,PROD294,13
SHIPITEM08838,SHIP02950,PROD306,115
SHIPITEM08839,SHIP02950,PROD035,128
SHIPITEM08840,SHIP02950,PROD217,15
SHIPITEM08841,SHIP02950,PROD308,141
SHIPITEM08842,SHIP02951,PROD235,38
SHIPITEM08843,SHIP02951,PROD284,95
SHIPITEM08844,SHIP02952,PROD397,26
SHIPITEM08845,SHIP02952,PROD410,125
SHIPITEM08846,SHIP02952,PROD025,16
SHIPITEM08847,SHIP02953,PROD007,148
SHIPITEM08848,SHIP02953,PROD128,28
SHIPITEM08849,SHIP02954,PROD073,52
SHIPITEM08850,SHIP02954,PROD210,69
SHIPITEM08851,SHIP02954,PROD047,71
SHIPITEM08852,SHIP02955,PROD432,93
SHIPITEM08853,SHIP02955,PROD292,112
SHIPITEM08854,SHIP02955,PROD479,134
SHIPITEM08855,SHIP02956,PROD085,62
SHIPITEM08856,SHIP02956,PROD247,70
SHIPITEM08857,SHIP02957,PROD222,130
SHIPITEM08858,SHIP02957,PROD094,137
SHIPITEM08859,SHIP02957,PROD170,149
SHIPITEM08860,SHIP02957,PROD319,114
SHIPITEM08861,SHIP02957,PROD309,139
SHIPITEM08862,SHIP02958,PROD430,12
SHIPITEM08863,SHIP02958,PROD339,101
SHIPITEM08864,SHIP02958,PROD172,128
SHIPITEM08865,SHIP02959,PROD005,91
SHIPITEM08866,SHIP02959,PROD268,48
SHIPITEM08867,SHIP02959,PROD121,53
SHIPITEM08868,SHIP02960,PROD310,112
SHIPITEM08869,SHIP02960,PROD420,40
SHIPITEM08870,SHIP02960,PROD487,127
SHIPITEM08871,SHIP02960,PROD410,127
SHIPITEM08872,SHIP02960,PROD265,12
SHIPITEM08873,SHIP02961,PROD394,49
SHIPITEM08874,SHIP02962,PROD054,53
SHIPITEM08875,SHIP02962,PROD405,25
SHIPITEM08876,SHIP02963,PROD313,29
SHIPITEM08877,SHIP02963,PROD357,40
SHIPITEM08878,SHIP02963,PROD407,66
SHIPITEM08879,SHIP02964,PROD178,55
SHIPITEM08880,SHIP02964,PROD442,95
SHIPITEM08881,SHIP02964,PROD099,31
SHIPITEM08882,SHIP02965,PROD194,104
SHIPITEM08883,SHIP02965,PROD357,143
SHIPITEM08884,SHIP02965,PROD152,84
SHIPITEM08885,SHIP02966,PROD309,63
SHIPITEM08886,SHIP02966,PROD146,100
SHIPITEM08887,SHIP02966,PROD234,28
SHIPITEM08888,SHIP02966,PROD452,111
SHIPITEM08889,SHIP02966,PROD054,34
SHIPITEM08890,SHIP02966,PROD156,130
SHIPITEM08891,SHIP02967,PROD126,69
SHIPITEM08892,SHIP02967,PROD296,122
SHIPITEM08893,SHIP02968,PROD116,56
SHIPITEM08894,SHIP02968,PROD117,101
SHIPITEM08895,SHIP02969,PROD330,86
SHIPITEM08896,SHIP02970,PROD465,103
SHIPITEM08897,SHIP02971,PROD097,100
SHIPITEM08898,SHIP02971,PROD303,127
SHIPITEM08899,SHIP02972,PROD107,70
SHIPITEM08900,SHIP02973,PROD156,103
SHIPITEM08901,SHIP02973,PROD439,47
SHIPITEM08902,SHIP02973,PROD395,17
SHIPITEM08903,SHIP02974,PROD436,76
SHIPITEM08904,SHIP02974,PROD020,40
SHIPITEM08905,SHIP02974,PROD040,127
SHIPITEM08906,SHIP02975,PROD121,90
SHIPITEM08907,SHIP02975,PROD188,132
SHIPITEM08908,SHIP02975,PROD134,12
SHIPITEM08909,SHIP02975,PROD028,26
SHIPITEM08910,SHIP02975,PROD398,68
SHIPITEM08911,SHIP02975,PROD429,110
SHIPITEM08912,SHIP02976,PROD116,74
SHIPITEM08913,SHIP02976,PROD467,89
SHIPITEM08914,SHIP02976,PROD277,123
SHIPITEM08915,SHIP02977,PROD211,25
SHIPITEM08916,SHIP02977,PROD354,79
SHIPITEM08917,SHIP02977,PROD291,145
SHIPITEM08918,SHIP02978,PROD041,127
SHIPITEM08919,SHIP02978,PROD206,24
SHIPITEM08920,SHIP02978,PROD055,60
SHIPITEM08921,SHIP02979,PROD408,130
SHIPITEM08922,SHIP02979,PROD494,32
SHIPITEM08923,SHIP02979,PROD454,26
SHIPITEM08924,SHIP02980,PROD008,17
SHIPITEM08925,SHIP02980,PROD215,109
SHIPITEM08926,SHIP02980,PROD289,116
SHIPITEM08927,SHIP02980,PROD486,26
SHIPITEM08928,SHIP02981,PROD066,137
SHIPITEM08929,SHIP02981,PROD443,122
SHIPITEM08930,SHIP02981,PROD298,70
SHIPITEM08931,SHIP02981,PROD285,111
SHIPITEM08932,SHIP02982,PROD166,102
SHIPITEM08933,SHIP02982,PROD053,25
SHIPITEM08934,SHIP02983,PROD417,114
SHIPITEM08935,SHIP02983,PROD457,34
SHIPITEM08936,SHIP02984,PROD106,54
SHIPITEM08937,SHIP02984,PROD305,14
SHIPITEM08938,SHIP02984,PROD389,14
SHIPITEM08939,SHIP02985,PROD332,148
SHIPITEM08940,SHIP02985,PROD073,63
SHIPITEM08941,SHIP02985,PROD078,6
SHIPITEM08942,SHIP02986,PROD114,25
SHIPITEM08943,SHIP02986,PROD155,146
SHIPITEM08944,SHIP02986,PROD468,111
SHIPITEM08945,SHIP02986,PROD272,96
SHIPITEM08946,SHIP02987,PROD458,25
SHIPITEM08947,SHIP02987,PROD224,73
SHIPITEM08948,SHIP02987,PROD348,150
SHIPITEM08949,SHIP02987,PROD431,15
SHIPITEM08950,SHIP02987,PROD388,145
SHIPITEM08951,SHIP02987,PROD283,146
SHIPITEM08952,SHIP02988,PROD088,8
SHIPITEM08953,SHIP02988,PROD432,146
SHIPITEM08954,SHIP02988,PROD014,49
SHIPITEM08955,SHIP02988,PROD104,122
SHIPITEM08956,SHIP02988,PROD381,60
SHIPITEM08957,SHIP02989,PROD196,110
SHIPITEM08958,SHIP02989,PROD174,125
SHIPITEM08959,SHIP02990,PROD181,13
SHIPITEM08960,SHIP02990,PROD396,88
SHIPITEM08961,SHIP02990,PROD132,146
SHIPITEM08962,SHIP02990,PROD093,44
SHIPITEM08963,SHIP02991,PROD461,87
SHIPITEM08964,SHIP02991,PROD330,102
SHIPITEM08965,SHIP02991,PROD156,120
SHIPITEM08966,SHIP02991,PROD148,13
SHIPITEM08967,SHIP02991,PROD216,33
SHIPITEM08968,SHIP02992,PROD310,146
SHIPITEM08969,SHIP02992,PROD433,133
SHIPITEM08970,SHIP02992,PROD470,96
SHIPITEM08971,SHIP02992,PROD463,144
SHIPITEM08972,SHIP02993,PROD408,81
SHIPITEM08973,SHIP02993,PROD184,21
SHIPITEM08974,SHIP02993,PROD268,76
SHIPITEM08975,SHIP02994,PROD010,117
SHIPITEM08976,SHIP02994,PROD178,61
SHIPITEM08977,SHIP02994,PROD093,75
SHIPITEM08978,SHIP02994,PROD182,149
SHIPITEM08979,SHIP02995,PROD111,57
SHIPITEM08980,SHIP02995,PROD021,134
SHIPITEM08981,SHIP02995,PROD266,41
SHIPITEM08982,SHIP02996,PROD423,21
SHIPITEM08983,SHIP02996,PROD418,86
SHIPITEM08984,SHIP02996,PROD031,70
SHIPITEM08985,SHIP02996,PROD005,45
SHIPITEM08986,SHIP02997,PROD155,45
SHIPITEM08987,SHIP02997,PROD102,58
SHIPITEM08988,SHIP02997,PROD355,6
SHIPITEM08989,SHIP02997,PROD428,125
SHIPITEM08990,SHIP02998,PROD148,94
SHIPITEM08991,SHIP02998,PROD435,53
SHIPITEM08992,SHIP02998,PROD362,73
SHIPITEM08993,SHIP02999,PROD029,79
SHIPITEM08994,SHIP02999,PROD425,150
SHIPITEM08995,SHIP02999,PROD343,17
SHIPITEM08996,SHIP02999,PROD490,42
SHIPITEM08997,SHIP02999,PROD239,100
SHIPITEM08998,SHIP03000,PROD235,143
SHIPITEM08999,SHIP03000,PROD322,20
SHIPITEM09000,SHIP03000,PROD084,82
