shipment_id,sales_order_id,carrier_name,tracking_number,origin,destination,status,eta,actual_delivery,shipping_cost
SHIP00001,SO00001,DB Schenker,TRK-DB -54122278,"Los Angeles, CA, USA","Querétaro, Taiwan",Delivered,2025-12-26,2025-12-27,275.15
SHIP00002,SO00002,FedEx Freight,TRK-FED-45757924,"Guadalajara, Mexico","Suzhou, Germany",Returned,2025-09-22,2025-10-01,895.25
SHIP00003,SO00003,Maersk Logistics,TRK-MAE-79886887,"Frankfurt, Germany","Seoul, United States",Delivered,2026-05-09,2026-05-08,155.0
SHIP00004,SO00004,Maersk Logistics,TRK-MAE-37853656,"Rotterdam, Netherlands","Tokyo, Taiwan",In Transit,2025-11-29,,802.84
SHIP00005,SO00005,DHL Express,TRK-DHL-22641359,"Munich, Germany","Stuttgart, Mexico",Delivered,2026-06-07,2026-06-10,201.91
SHIP00006,SO00006,UPS Supply Chain,TRK-UPS-64202130,"Shenzhen, China","Munich, United States",Delivered,2026-02-08,2026-02-07,1797.13
SHIP00007,SO00007,Kuehne + Nagel,TRK-KUE-69857543,"Melbourne, Australia","Birmingham, Mexico",Delivered,2026-03-03,2026-03-04,1488.89
SHIP00008,SO00008,Kuehne + Nagel,TRK-KUE-89711281,"Monterrey, Mexico","Incheon, Mexico",Delivered,2026-01-07,2026-01-06,224.39
SHIP00009,SO00009,Maersk Logistics,TRK-MAE-41875047,"Monterrey, Mexico","Osaka, United States",In Transit,2025-10-10,,911.53
SHIP00010,SO00010,Kuehne + Nagel,TRK-KUE-76894466,"Frankfurt, Germany","Tokyo, India",Delivered,2026-06-11,2026-06-12,1477.73
SHIP00011,SO00011,Kuehne + Nagel,TRK-KUE-11206707,"Guadalajara, Mexico","Seoul, Taiwan",In Transit,2026-04-06,,299.17
SHIP00012,SO00012,FedEx Freight,TRK-FED-14848119,"Tokyo, Japan","Hai Phong, Germany",In Transit,2026-01-19,,450.94
SHIP00013,SO00013,UPS Supply Chain,TRK-UPS-18384998,"Tokyo, Japan","Tokyo, Vietnam",In Transit,2026-06-20,,168.95
SHIP00014,SO00014,Kuehne + Nagel,TRK-KUE-67507493,Singapore,"Osaka, Japan",Delayed,2025-12-28,,771.78
SHIP00015,SO00015,Maersk Logistics,TRK-MAE-88137385,"Pune, India","Munich, United States",Delivered,2026-07-22,2026-07-23,105.71
SHIP00016,SO00016,Kuehne + Nagel,TRK-KUE-68389980,"Frankfurt, Germany","Birmingham, Vietnam",In Transit,2025-10-28,,625.86
SHIP00017,SO00017,DHL Express,TRK-DHL-86922302,"Yokohama, Japan","Tokyo, India",Delivered,2026-07-25,2026-07-24,750.37
SHIP00018,SO00018,FedEx Freight,TRK-FED-81555415,"Bengaluru, India","Suzhou, Vietnam",Delivered,2026-01-26,2026-01-26,639.82
SHIP00019,SO00019,UPS Supply Chain,TRK-UPS-82302358,"Tokyo, Japan","Querétaro, Germany",In Transit,2025-12-08,,681.49
SHIP00020,SO00020,Kuehne + Nagel,TRK-KUE-26423580,"Bengaluru, India","Suzhou, Germany",In Transit,2026-02-06,,928.24
SHIP00021,SO00021,FedEx Freight,TRK-FED-88312127,"Rotterdam, Netherlands","Hamilton, Mexico",In Transit,2026-05-08,,345.31
SHIP00022,SO00022,Kuehne + Nagel,TRK-KUE-44427668,Singapore,"Querétaro, Japan",In Transit,2026-02-03,,781.29
SHIP00023,SO00023,Kuehne + Nagel,TRK-KUE-40398297,"Guadalajara, Mexico","Birmingham, Japan",In Transit,2026-03-07,,823.01
SHIP00024,SO00024,FedEx Freight,TRK-FED-85888348,"Detroit, MI, USA","Incheon, Germany",Delivered,2026-03-13,2026-03-14,1327.32
SHIP00025,SO00025,UPS Supply Chain,TRK-UPS-74257983,"Dallas, TX, USA","Ningbo, Germany",Delivered,2026-04-09,2026-04-09,1622.66
SHIP00026,SO00026,UPS Supply Chain,TRK-UPS-57828675,"Atlanta, GA, USA","Querétaro, Germany",Delivered,2025-12-19,2025-12-19,1488.6
SHIP00027,SO00027,Kuehne + Nagel,TRK-KUE-12943985,"Munich, Germany","Monterrey, India",In Transit,2026-06-23,,128.26
SHIP00028,SO00028,UPS Supply Chain,TRK-UPS-28392875,"Melbourne, Australia","Stuttgart, United States",Preparing,2026-01-30,,1433.9
SHIP00029,SO00029,DHL Express,TRK-DHL-35563478,"Los Angeles, CA, USA","Incheon, United States",In Transit,2026-07-26,,1766.63
SHIP00030,SO00030,Kuehne + Nagel,TRK-KUE-24035241,"Guadalajara, Mexico","Stuttgart, China",Delivered,2025-12-02,2025-12-03,1199.37
SHIP00031,SO00031,Maersk Logistics,TRK-MAE-37832341,"London, UK","Shenzhen, United Kingdom",Delivered,2026-03-30,2026-03-29,1070.34
SHIP00032,SO00032,FedEx Freight,TRK-FED-37497588,"Incheon, South Korea","Ningbo, India",Delivered,2026-07-07,2026-07-06,771.28
SHIP00033,SO00033,UPS Supply Chain,TRK-UPS-56143618,"Frankfurt, Germany","Querétaro, China",Preparing,2026-01-08,,496.92
SHIP00034,SO00034,DHL Express,TRK-DHL-55840925,"Hamburg, Germany","Bengaluru, United Kingdom",In Transit,2026-06-30,,1573.4
SHIP00035,SO00035,UPS Supply Chain,TRK-UPS-77640434,"Seattle, WA, USA","Bengaluru, Germany",In Transit,2025-12-03,,1482.88
SHIP00036,SO00036,UPS Supply Chain,TRK-UPS-75056111,"Monterrey, Mexico","Hamilton, United Kingdom",Delivered,2026-04-21,2026-04-21,328.79
SHIP00037,SO00037,DB Schenker,TRK-DB -76526454,"Dallas, TX, USA","Hamilton, Germany",In Transit,2025-10-11,,1682.64
SHIP00038,SO00038,UPS Supply Chain,TRK-UPS-75612497,"Rotterdam, Netherlands","Osaka, Canada",In Transit,2026-04-13,,145.37
SHIP00039,SO00039,DB Schenker,TRK-DB -92341156,"Frankfurt, Germany","Detroit, Germany",Delivered,2025-10-13,2025-10-13,712.43
SHIP00040,SO00040,FedEx Freight,TRK-FED-25870443,"Stuttgart, Germany","Hamilton, Germany",Returned,2026-05-16,2026-05-21,853.66
SHIP00041,SO00041,UPS Supply Chain,TRK-UPS-79340680,"Bengaluru, India","Nagoya, United States",Delivered,2026-02-06,2026-02-09,1809.16
SHIP00042,SO00042,DHL Express,TRK-DHL-74797358,"Hamburg, Germany","Osaka, United Kingdom",In Transit,2026-01-02,,1082.09
SHIP00043,SO00043,DHL Express,TRK-DHL-43326008,"Monterrey, Mexico","Hamilton, India",Delivered,2025-10-24,2025-10-25,352.44
SHIP00044,SO00044,Kuehne + Nagel,TRK-KUE-17523200,"Taipei, Taiwan","Dortmund, Japan",Preparing,2025-12-02,,861.15
SHIP00045,SO00045,UPS Supply Chain,TRK-UPS-99335310,"Stuttgart, Germany","Munich, Germany",Delivered,2025-09-20,2025-09-21,1792.74
SHIP00046,SO00046,FedEx Freight,TRK-FED-49166734,"Bengaluru, India","Dortmund, South Korea",Preparing,2026-07-21,,1108.27
SHIP00047,SO00047,FedEx Freight,TRK-FED-53577857,"Incheon, South Korea","Incheon, Japan",Delivered,2025-12-27,2025-12-28,1609.57
SHIP00048,SO00048,FedEx Freight,TRK-FED-42436940,"Los Angeles, CA, USA","Osaka, Germany",Delivered,2025-12-22,2025-12-27,840.14
SHIP00049,SO00049,FedEx Freight,TRK-FED-32074182,Singapore,"Taipei, Japan",In Transit,2026-07-13,,751.86
SHIP00050,SO00050,Maersk Logistics,TRK-MAE-36151198,"Rotterdam, Netherlands","Stuttgart, India",In Transit,2025-09-16,,240.07
SHIP00051,SO00051,DHL Express,TRK-DHL-86008274,Singapore,"Birmingham, Japan",Delivered,2026-03-30,2026-03-30,694.89
SHIP00052,SO00052,Maersk Logistics,TRK-MAE-22131725,"Monterrey, Mexico","Hai Phong, South Korea",In Transit,2026-01-15,,1047.96
SHIP00053,SO00053,DB Schenker,TRK-DB -95610708,"London, UK","Hsinchu, Japan",Delivered,2025-11-01,2025-11-01,172.07
SHIP00054,SO00054,FedEx Freight,TRK-FED-55227362,"Detroit, MI, USA","Pune, Germany",In Transit,2025-10-26,,994.66
SHIP00055,SO00055,DHL Express,TRK-DHL-50429895,"Monterrey, Mexico","Dallas, Germany",Delivered,2026-04-15,2026-04-15,1577.62
SHIP00056,SO00056,UPS Supply Chain,TRK-UPS-73387768,"Detroit, MI, USA","Pune, Taiwan",In Transit,2026-05-08,,727.45
SHIP00057,SO00057,UPS Supply Chain,TRK-UPS-34712645,Singapore,"Nagoya, Germany",In Transit,2026-01-20,,613.67
SHIP00058,SO00058,Kuehne + Nagel,TRK-KUE-65889797,"Taipei, Taiwan","Taipei, United States",In Transit,2025-11-30,,1086.57
SHIP00059,SO00059,DHL Express,TRK-DHL-99319246,"Incheon, South Korea","Taipei, South Korea",Delivered,2026-03-31,2026-04-01,849.85
SHIP00060,SO00060,FedEx Freight,TRK-FED-70741468,"London, UK","Taipei, Germany",Delivered,2026-07-04,2026-07-05,1629.32
SHIP00061,SO00061,DHL Express,TRK-DHL-31253775,"Shenzhen, China","Seoul, India",Delivered,2025-12-29,2025-12-29,453.78
SHIP00062,SO00062,DHL Express,TRK-DHL-78594524,"Taipei, Taiwan","Osaka, China",Preparing,2026-05-30,,1070.87
SHIP00063,SO00063,UPS Supply Chain,TRK-UPS-98040486,"Shenzhen, China","Hsinchu, United Kingdom",In Transit,2026-03-19,,1252.97
SHIP00064,SO00064,DB Schenker,TRK-DB -26633988,Singapore,"Nagoya, India",Preparing,2026-03-26,,1814.11
SHIP00065,SO00065,FedEx Freight,TRK-FED-31241246,"Guadalajara, Mexico","Querétaro, United States",Delivered,2025-10-15,2025-10-16,806.92
SHIP00066,SO00066,FedEx Freight,TRK-FED-37505457,"Tokyo, Japan","Dallas, South Korea",Delivered,2026-02-27,2026-03-04,1460.19
SHIP00067,SO00067,UPS Supply Chain,TRK-UPS-83328774,"London, UK","Birmingham, Taiwan",Delivered,2025-12-08,2025-12-08,1363.71
SHIP00068,SO00068,UPS Supply Chain,TRK-UPS-53695366,"Seattle, WA, USA","Birmingham, Mexico",Delivered,2026-05-08,2026-05-07,179.88
SHIP00069,SO00069,FedEx Freight,TRK-FED-76420213,"Monterrey, Mexico","Querétaro, Taiwan",Delivered,2025-11-24,2025-11-25,1433.07
SHIP00070,SO00070,UPS Supply Chain,TRK-UPS-31281570,"Pune, India","Nagoya, India",In Transit,2026-05-01,,1158.53
SHIP00071,SO00071,Maersk Logistics,TRK-MAE-27276446,"Frankfurt, Germany","Shenzhen, Mexico",In Transit,2026-01-09,,1627.51
SHIP00072,SO00072,DHL Express,TRK-DHL-57146633,"Dallas, TX, USA","Ningbo, Germany",In Transit,2026-05-04,,1558.09
SHIP00073,SO00073,FedEx Freight,TRK-FED-47915647,"Chicago, IL, USA","Dallas, South Korea",Delivered,2026-01-17,2026-01-18,985.8
SHIP00074,SO00074,UPS Supply Chain,TRK-UPS-91325647,"Hamburg, Germany","Osaka, Japan",Returned,2026-02-22,2026-02-27,353.17
SHIP00075,SO00075,Maersk Logistics,TRK-MAE-15998100,"Monterrey, Mexico","Dortmund, Mexico",Delayed,2025-11-01,,1151.68
SHIP00076,SO00076,UPS Supply Chain,TRK-UPS-42532780,"Osaka, Japan","Detroit, United States",Delayed,2026-06-10,,1777.06
SHIP00077,SO00077,DB Schenker,TRK-DB -45262106,"Stuttgart, Germany","Seoul, Germany",Returned,2025-10-06,2025-10-11,497.44
SHIP00078,SO00078,DB Schenker,TRK-DB -71743731,"Hamburg, Germany","Chicago, India",Delivered,2026-02-22,2026-02-21,180.11
SHIP00079,SO00079,Kuehne + Nagel,TRK-KUE-24676831,"Yokohama, Japan","Dortmund, India",Delivered,2026-03-12,2026-03-17,1773.52
SHIP00080,SO00080,Kuehne + Nagel,TRK-KUE-35645457,"Munich, Germany","Chicago, Canada",Preparing,2026-01-23,,1369.82
SHIP00081,SO00081,DHL Express,TRK-DHL-67281831,"Bengaluru, India","Hamilton, Japan",Delayed,2026-01-15,,1679.24
SHIP00082,SO00082,DB Schenker,TRK-DB -19592747,"Seattle, WA, USA","Nagoya, South Korea",Delivered,2026-03-04,2026-03-05,476.99
SHIP00083,SO00083,Maersk Logistics,TRK-MAE-99468120,"Tokyo, Japan","Stuttgart, Mexico",In Transit,2026-05-18,,1463.37
SHIP00084,SO00084,UPS Supply Chain,TRK-UPS-37284553,"Hamburg, Germany","Nagoya, Germany",In Transit,2025-12-19,,264.7
SHIP00085,SO00085,DB Schenker,TRK-DB -36014440,"Hamburg, Germany","Stuttgart, Taiwan",In Transit,2025-10-26,,1324.59
SHIP00086,SO00086,FedEx Freight,TRK-FED-89006494,"Melbourne, Australia","Ningbo, Japan",Delivered,2025-09-25,2025-09-25,1802.54
SHIP00087,SO00087,Maersk Logistics,TRK-MAE-94854799,"Tokyo, Japan","Stuttgart, United States",Preparing,2026-02-12,,1035.92
SHIP00088,SO00088,Kuehne + Nagel,TRK-KUE-91534604,"Seattle, WA, USA","Dortmund, China",Delivered,2025-10-07,2025-10-07,795.25
SHIP00089,SO00089,Kuehne + Nagel,TRK-KUE-14723472,"Rotterdam, Netherlands","Munich, Mexico",Delivered,2025-12-14,2025-12-15,710.74
SHIP00090,SO00090,DHL Express,TRK-DHL-68329606,"Atlanta, GA, USA","Dallas, South Korea",Delivered,2025-10-15,2025-10-15,456.54
SHIP00091,SO00091,DHL Express,TRK-DHL-58915939,"Tokyo, Japan","Bengaluru, Germany",Delivered,2026-06-15,2026-06-16,1201.95
SHIP00092,SO00092,UPS Supply Chain,TRK-UPS-44755782,"Frankfurt, Germany","Incheon, Germany",Delivered,2026-07-11,2026-07-14,1324.04
SHIP00093,SO00093,Maersk Logistics,TRK-MAE-14511005,"Stuttgart, Germany","Dallas, Germany",Delivered,2026-04-05,2026-04-09,567.9
SHIP00094,SO00094,UPS Supply Chain,TRK-UPS-90857368,"Seattle, WA, USA","Taipei, India",Delivered,2026-05-28,2026-06-04,379.99
SHIP00095,SO00095,FedEx Freight,TRK-FED-44043991,"Shenzhen, China","Suzhou, Taiwan",Delayed,2026-07-13,,1139.72
SHIP00096,SO00096,DB Schenker,TRK-DB -63631657,"Stuttgart, Germany","Querétaro, Taiwan",Delivered,2025-09-30,2025-09-30,783.9
SHIP00097,SO00097,DHL Express,TRK-DHL-58065535,"Detroit, MI, USA","Dortmund, Mexico",In Transit,2026-07-24,,201.94
SHIP00098,SO00098,UPS Supply Chain,TRK-UPS-21092155,"Seattle, WA, USA","Taipei, Japan",Delivered,2026-01-01,2025-12-31,1058.44
SHIP00099,SO00099,DHL Express,TRK-DHL-21755207,"Stuttgart, Germany","Nagoya, Germany",Preparing,2026-01-09,,1290.69
SHIP00100,SO00100,DB Schenker,TRK-DB -81165486,"Tokyo, Japan","Hai Phong, Japan",Delivered,2025-12-29,2025-12-30,1164.08
SHIP00101,SO00101,DB Schenker,TRK-DB -64446056,"Incheon, South Korea","Hamilton, Japan",Delayed,2026-07-22,,1839.13
SHIP00102,SO00102,Kuehne + Nagel,TRK-KUE-31987451,Singapore,"Hamilton, Germany",Preparing,2026-03-09,,129.55
SHIP00103,SO00103,DHL Express,TRK-DHL-89219373,"Bengaluru, India","Ningbo, Canada",Delivered,2026-04-30,2026-05-05,1047.83
SHIP00104,SO00104,Maersk Logistics,TRK-MAE-82538498,Singapore,"Nagoya, United States",Delayed,2026-02-16,,1621.7
SHIP00105,SO00105,Kuehne + Nagel,TRK-KUE-30717900,"Los Angeles, CA, USA","Dortmund, United States",Delivered,2026-05-11,2026-05-11,754.22
SHIP00106,SO00106,DHL Express,TRK-DHL-15068349,"Munich, Germany","Birmingham, India",Delayed,2025-10-10,,499.73
SHIP00107,SO00107,FedEx Freight,TRK-FED-59679577,"Stuttgart, Germany","Tokyo, India",Preparing,2026-07-11,,1735.95
SHIP00108,SO00108,Kuehne + Nagel,TRK-KUE-46837833,"Melbourne, Australia","Bengaluru, United Kingdom",Delivered,2025-11-23,2025-11-23,1636.77
SHIP00109,SO00109,UPS Supply Chain,TRK-UPS-99428163,"Detroit, MI, USA","Hamilton, South Korea",Preparing,2026-03-27,,479.22
SHIP00110,SO00110,Maersk Logistics,TRK-MAE-99434258,"Tokyo, Japan","Dallas, China",Delivered,2026-06-14,2026-06-13,1385.44
SHIP00111,SO00111,Kuehne + Nagel,TRK-KUE-44246240,"Los Angeles, CA, USA","Seoul, China",In Transit,2025-09-27,,547.75
SHIP00112,SO00112,DB Schenker,TRK-DB -63793305,"Tokyo, Japan","Dallas, Canada",Delivered,2025-09-28,2025-09-27,826.52
SHIP00113,SO00113,Maersk Logistics,TRK-MAE-11761439,"Frankfurt, Germany","Ningbo, Vietnam",Delivered,2026-05-04,2026-05-04,1437.44
SHIP00114,SO00114,UPS Supply Chain,TRK-UPS-97566218,"Rotterdam, Netherlands","Osaka, Taiwan",Delivered,2026-05-11,2026-05-10,1339.87
SHIP00115,SO00115,UPS Supply Chain,TRK-UPS-40682745,"Rotterdam, Netherlands","Incheon, South Korea",Delivered,2026-07-23,2026-07-22,1244.38
SHIP00116,SO00116,Maersk Logistics,TRK-MAE-31903949,"Osaka, Japan","Monterrey, Mexico",Delivered,2025-10-19,2025-10-20,1773.39
SHIP00117,SO00117,DHL Express,TRK-DHL-69786337,"Munich, Germany","Hai Phong, India",Delivered,2026-07-10,2026-07-09,345.18
SHIP00118,SO00118,DHL Express,TRK-DHL-97627963,"Stuttgart, Germany","Detroit, Mexico",Delayed,2025-11-08,,1593.87
SHIP00119,SO00119,UPS Supply Chain,TRK-UPS-47404526,"Shenzhen, China","Detroit, India",Delivered,2026-02-27,2026-02-28,1758.49
SHIP00120,SO00120,FedEx Freight,TRK-FED-83146445,"Tokyo, Japan","Seoul, Germany",Delivered,2026-05-29,2026-05-29,745.2
SHIP00121,SO00121,FedEx Freight,TRK-FED-63383502,"Tokyo, Japan","Incheon, South Korea",Preparing,2026-04-22,,679.32
SHIP00122,SO00122,DB Schenker,TRK-DB -42683561,"Taipei, Taiwan","Detroit, South Korea",In Transit,2026-02-17,,429.2
SHIP00123,SO00123,Maersk Logistics,TRK-MAE-28041322,"Los Angeles, CA, USA","Taipei, China",Delivered,2026-03-02,2026-03-03,560.72
SHIP00124,SO00124,DB Schenker,TRK-DB -91341590,"Monterrey, Mexico","Suzhou, Germany",In Transit,2025-10-13,,1816.32
SHIP00125,SO00125,DB Schenker,TRK-DB -65643298,"Bengaluru, India","Bengaluru, India",Preparing,2025-10-15,,459.12
SHIP00126,SO00126,UPS Supply Chain,TRK-UPS-86263971,"Tokyo, Japan","Chicago, Japan",In Transit,2026-05-22,,73.59
SHIP00127,SO00127,Kuehne + Nagel,TRK-KUE-89790817,"Yokohama, Japan","Querétaro, India",In Transit,2026-02-25,,1481.54
SHIP00128,SO00128,FedEx Freight,TRK-FED-75200666,"Rotterdam, Netherlands","Hsinchu, Japan",Delivered,2026-06-27,2026-06-26,1677.92
SHIP00129,SO00129,UPS Supply Chain,TRK-UPS-26516534,"Seattle, WA, USA","Hsinchu, China",Delivered,2026-06-21,2026-06-22,955.74
SHIP00130,SO00130,UPS Supply Chain,TRK-UPS-97783708,"Tokyo, Japan","Chicago, Germany",Preparing,2025-10-25,,272.16
SHIP00131,SO00131,UPS Supply Chain,TRK-UPS-81970530,Singapore,"Stuttgart, United States",Returned,2025-12-13,2025-12-22,976.19
SHIP00132,SO00132,DB Schenker,TRK-DB -83785516,"Melbourne, Australia","Pune, Mexico",Delivered,2026-03-09,2026-03-08,1436.37
SHIP00133,SO00133,DHL Express,TRK-DHL-14176034,"Tokyo, Japan","Shenzhen, Japan",Returned,2026-04-21,2026-04-30,1748.61
SHIP00134,SO00134,DB Schenker,TRK-DB -52358834,"Yokohama, Japan","Birmingham, Taiwan",Preparing,2025-09-17,,888.05
SHIP00135,SO00135,Kuehne + Nagel,TRK-KUE-65257128,"Incheon, South Korea","Birmingham, China",Preparing,2026-04-25,,178.45
SHIP00136,SO00136,Kuehne + Nagel,TRK-KUE-79830785,"Dallas, TX, USA","Bengaluru, United States",In Transit,2026-03-07,,1800.09
SHIP00137,SO00137,Kuehne + Nagel,TRK-KUE-79505008,"Shenzhen, China","Dallas, India",Returned,2026-03-29,2026-04-05,708.86
SHIP00138,SO00138,DHL Express,TRK-DHL-80954745,"Toronto, Canada","Osaka, Germany",Returned,2025-12-04,2025-12-12,663.26
SHIP00139,SO00139,UPS Supply Chain,TRK-UPS-17574267,"Bengaluru, India","Chicago, Vietnam",In Transit,2026-02-23,,186.12
SHIP00140,SO00140,FedEx Freight,TRK-FED-85026082,"Hamburg, Germany","Chicago, United Kingdom",Preparing,2026-02-24,,1171.56
SHIP00141,SO00141,DHL Express,TRK-DHL-48830260,"Guadalajara, Mexico","Osaka, Mexico",Delivered,2026-06-03,2026-06-02,1401.86
SHIP00142,SO00142,FedEx Freight,TRK-FED-42452479,"Toronto, Canada","Stuttgart, Taiwan",Delivered,2026-01-30,2026-01-30,945.52
SHIP00143,SO00143,DHL Express,TRK-DHL-57457421,"Guadalajara, Mexico","Nagoya, China",In Transit,2026-07-22,,687.56
SHIP00144,SO00144,UPS Supply Chain,TRK-UPS-67580049,"Los Angeles, CA, USA","Dortmund, Germany",Delayed,2026-05-27,,1185.44
SHIP00145,SO00145,DHL Express,TRK-DHL-84427337,"Melbourne, Australia","Seoul, India",Returned,2026-01-15,2026-01-21,65.2
SHIP00146,SO00146,Maersk Logistics,TRK-MAE-53359691,"Incheon, South Korea","Bengaluru, Mexico",In Transit,2025-10-08,,247.31
SHIP00147,SO00147,Kuehne + Nagel,TRK-KUE-22963453,"Frankfurt, Germany","Ningbo, Taiwan",Delivered,2026-06-06,2026-06-05,160.64
SHIP00148,SO00148,DHL Express,TRK-DHL-81648270,"Taipei, Taiwan","Bengaluru, Japan",Delayed,2025-12-05,,1791.75
SHIP00149,SO00149,UPS Supply Chain,TRK-UPS-92228995,"Detroit, MI, USA","Bengaluru, China",Delivered,2026-03-19,2026-03-23,1790.44
SHIP00150,SO00150,DHL Express,TRK-DHL-95644831,"Shenzhen, China","Birmingham, India",Delivered,2026-02-07,2026-02-08,167.65
SHIP00151,SO00151,Kuehne + Nagel,TRK-KUE-15687884,"Detroit, MI, USA","Birmingham, United States",Delivered,2026-07-03,2026-07-03,1794.34
SHIP00152,SO00152,Maersk Logistics,TRK-MAE-23883221,"Munich, Germany","Hai Phong, United States",Delivered,2026-05-19,2026-05-18,1641.21
SHIP00153,SO00153,DB Schenker,TRK-DB -11728856,"Chicago, IL, USA","Osaka, Canada",Delivered,2026-02-16,2026-02-17,690.54
SHIP00154,SO00154,DHL Express,TRK-DHL-33000637,"Monterrey, Mexico","Birmingham, United States",Delivered,2026-03-20,2026-03-19,510.47
SHIP00155,SO00155,FedEx Freight,TRK-FED-78795441,"Incheon, South Korea","Shenzhen, China",Delivered,2026-01-31,2026-01-30,1369.93
SHIP00156,SO00156,Maersk Logistics,TRK-MAE-51322866,"Stuttgart, Germany","Stuttgart, United States",In Transit,2026-03-28,,500.8
SHIP00157,SO00157,Kuehne + Nagel,TRK-KUE-67448727,"Yokohama, Japan","Detroit, United States",In Transit,2025-11-02,,267.32
SHIP00158,SO00158,DB Schenker,TRK-DB -66674629,"Shenzhen, China","Pune, South Korea",Returned,2026-04-30,2026-05-07,593.58
SHIP00159,SO00159,UPS Supply Chain,TRK-UPS-39743713,"Atlanta, GA, USA","Suzhou, Germany",Preparing,2026-02-04,,701.1
SHIP00160,SO00160,Kuehne + Nagel,TRK-KUE-47328125,"Rotterdam, Netherlands","Shenzhen, Germany",Delivered,2025-12-02,2025-12-03,1198.49
SHIP00161,SO00161,Maersk Logistics,TRK-MAE-46095552,"Seattle, WA, USA","Monterrey, United States",Delivered,2025-09-17,2025-09-16,719.33
SHIP00162,SO00162,UPS Supply Chain,TRK-UPS-89596376,"Stuttgart, Germany","Pune, Germany",Delivered,2026-06-30,2026-06-30,928.97
SHIP00163,SO00163,Maersk Logistics,TRK-MAE-61995569,"Bengaluru, India","Seoul, Germany",Preparing,2026-04-25,,859.7
SHIP00164,SO00164,Kuehne + Nagel,TRK-KUE-57710016,"Dallas, TX, USA","Hai Phong, Germany",Delivered,2025-12-27,2025-12-29,530.16
SHIP00165,SO00165,DHL Express,TRK-DHL-87879287,"Toronto, Canada","Ningbo, Vietnam",In Transit,2026-04-25,,1506.96
SHIP00166,SO00166,DB Schenker,TRK-DB -68482135,"Toronto, Canada","Tokyo, Japan",In Transit,2025-11-19,,709.77
SHIP00167,SO00167,DHL Express,TRK-DHL-14283533,"Osaka, Japan","Shenzhen, United Kingdom",In Transit,2025-12-27,,1301.15
SHIP00168,SO00168,DHL Express,TRK-DHL-46734388,"Seattle, WA, USA","Ningbo, India",Delivered,2026-06-05,2026-06-05,398.02
SHIP00169,SO00169,FedEx Freight,TRK-FED-66225685,"Munich, Germany","Osaka, Germany",Delivered,2026-06-29,2026-06-29,998.75
SHIP00170,SO00170,DHL Express,TRK-DHL-48681132,"Yokohama, Japan","Stuttgart, Vietnam",Delivered,2026-02-15,2026-02-14,1052.17
SHIP00171,SO00171,FedEx Freight,TRK-FED-14405869,"Toronto, Canada","Osaka, India",Delivered,2026-01-20,2026-01-20,1526.51
SHIP00172,SO00172,DHL Express,TRK-DHL-40832240,"Osaka, Japan","Ningbo, Taiwan",Delayed,2025-11-22,,541.78
SHIP00173,SO00173,Kuehne + Nagel,TRK-KUE-26693713,"Pune, India","Munich, Japan",Preparing,2026-01-26,,343.23
SHIP00174,SO00174,Maersk Logistics,TRK-MAE-76858714,"Seattle, WA, USA","Bengaluru, United Kingdom",Delivered,2026-07-10,2026-07-09,1448.45
SHIP00175,SO00175,Maersk Logistics,TRK-MAE-85141781,Singapore,"Dortmund, India",Delivered,2025-12-13,2025-12-14,1083.17
SHIP00176,SO00176,UPS Supply Chain,TRK-UPS-16375208,"Pune, India","Tokyo, Vietnam",Delivered,2026-06-15,2026-06-16,1600.88
SHIP00177,SO00177,UPS Supply Chain,TRK-UPS-39938850,"Bengaluru, India","Dortmund, India",In Transit,2026-02-21,,347.33
SHIP00178,SO00178,Kuehne + Nagel,TRK-KUE-38575628,"Taipei, Taiwan","Dallas, South Korea",Delivered,2025-10-27,2025-10-26,925.52
SHIP00179,SO00179,Kuehne + Nagel,TRK-KUE-90028845,"Los Angeles, CA, USA","Dallas, United States",Delivered,2025-12-11,2025-12-11,1362.62
SHIP00180,SO00180,FedEx Freight,TRK-FED-55695876,"Hamburg, Germany","Detroit, India",Delivered,2026-01-31,2026-01-30,1649.71
SHIP00181,SO00181,FedEx Freight,TRK-FED-91905226,"Tokyo, Japan","Incheon, Japan",Preparing,2026-06-14,,1099.59
SHIP00182,SO00182,Maersk Logistics,TRK-MAE-92323594,"Rotterdam, Netherlands","Munich, China",Preparing,2025-11-21,,231.9
SHIP00183,SO00183,Maersk Logistics,TRK-MAE-34012648,"Toronto, Canada","Hai Phong, China",Delivered,2025-11-02,2025-11-03,1698.84
SHIP00184,SO00184,Maersk Logistics,TRK-MAE-20050386,"London, UK","Incheon, Mexico",Preparing,2025-10-08,,414.5
SHIP00185,SO00185,FedEx Freight,TRK-FED-63802059,"Bengaluru, India","Munich, Japan",Delivered,2026-03-23,2026-03-26,1789.57
SHIP00186,SO00186,UPS Supply Chain,TRK-UPS-76563283,"Hamburg, Germany","Nagoya, United States",In Transit,2026-02-16,,1429.87
SHIP00187,SO00187,Kuehne + Nagel,TRK-KUE-77481802,"Frankfurt, Germany","Pune, South Korea",Delayed,2026-07-10,,1454.18
SHIP00188,SO00188,FedEx Freight,TRK-FED-82174006,"Monterrey, Mexico","Suzhou, United States",In Transit,2026-04-21,,334.55
SHIP00189,SO00189,DHL Express,TRK-DHL-85392342,Singapore,"Tokyo, Taiwan",Delayed,2026-07-02,,887.54
SHIP00190,SO00190,DHL Express,TRK-DHL-21772447,"Toronto, Canada","Birmingham, Mexico",In Transit,2026-05-14,,194.9
SHIP00191,SO00191,DHL Express,TRK-DHL-23407101,"Atlanta, GA, USA","Monterrey, Taiwan",Delivered,2026-01-29,2026-01-28,286.07
SHIP00192,SO00192,DB Schenker,TRK-DB -99111880,"Chicago, IL, USA","Munich, Taiwan",In Transit,2026-07-25,,1815.43
SHIP00193,SO00193,FedEx Freight,TRK-FED-12154528,"Monterrey, Mexico","Hai Phong, Vietnam",Delayed,2026-06-20,,944.4
SHIP00194,SO00194,Maersk Logistics,TRK-MAE-89632366,"Yokohama, Japan","Munich, China",Delayed,2025-12-26,,726.83
SHIP00195,SO00195,Kuehne + Nagel,TRK-KUE-29947330,"Osaka, Japan","Birmingham, South Korea",Delivered,2026-02-04,2026-02-05,443.96
SHIP00196,SO00196,DB Schenker,TRK-DB -79403554,"Tokyo, Japan","Ningbo, United States",Delivered,2026-04-27,2026-04-28,561.69
SHIP00197,SO00197,Maersk Logistics,TRK-MAE-22254981,"Frankfurt, Germany","Ningbo, Mexico",Delivered,2026-05-28,2026-05-29,1804.27
SHIP00198,SO00198,UPS Supply Chain,TRK-UPS-91256758,"Chicago, IL, USA","Hai Phong, Taiwan",Delayed,2026-03-14,,1478.4
SHIP00199,SO00199,UPS Supply Chain,TRK-UPS-20253315,"London, UK","Monterrey, United States",Delivered,2026-07-14,2026-07-16,1798.39
SHIP00200,SO00200,Kuehne + Nagel,TRK-KUE-32528907,"Frankfurt, Germany","Dortmund, South Korea",Delayed,2026-05-16,,1009.65
SHIP00201,SO00201,DB Schenker,TRK-DB -43503997,"Yokohama, Japan","Hsinchu, China",Delayed,2026-05-04,,1737.65
SHIP00202,SO00202,Maersk Logistics,TRK-MAE-46853607,"Atlanta, GA, USA","Detroit, Japan",Delivered,2026-02-05,2026-02-06,1706.2
SHIP00203,SO00203,DB Schenker,TRK-DB -50542364,"Los Angeles, CA, USA","Nagoya, Japan",Delayed,2026-04-20,,1554.41
SHIP00204,SO00204,FedEx Freight,TRK-FED-83740080,"Yokohama, Japan","Hsinchu, Germany",In Transit,2026-03-31,,1381.04
SHIP00205,SO00205,Kuehne + Nagel,TRK-KUE-46942776,"Frankfurt, Germany","Taipei, United States",In Transit,2025-11-22,,1508.33
SHIP00206,SO00206,DB Schenker,TRK-DB -19283292,"Melbourne, Australia","Munich, Taiwan",Delivered,2026-02-05,2026-02-06,196.84
SHIP00207,SO00207,Maersk Logistics,TRK-MAE-43789835,"Atlanta, GA, USA","Bengaluru, Taiwan",Delivered,2026-06-28,2026-06-27,1431.95
SHIP00208,SO00208,Kuehne + Nagel,TRK-KUE-27176564,"Rotterdam, Netherlands","Hamilton, China",Delivered,2026-06-25,2026-06-30,953.13
SHIP00209,SO00209,Maersk Logistics,TRK-MAE-41065810,"Monterrey, Mexico","Bengaluru, Japan",In Transit,2025-10-18,,1008.97
SHIP00210,SO00210,Maersk Logistics,TRK-MAE-27792028,"London, UK","Hsinchu, Germany",In Transit,2026-05-03,,1150.68
SHIP00211,SO00211,DB Schenker,TRK-DB -75726790,"Yokohama, Japan","Shenzhen, India",Delivered,2025-10-05,2025-10-04,1548.1
SHIP00212,SO00212,DHL Express,TRK-DHL-16219955,"Stuttgart, Germany","Osaka, Taiwan",Delivered,2025-12-25,2025-12-26,962.34
SHIP00213,SO00213,DB Schenker,TRK-DB -90212800,"London, UK","Stuttgart, Vietnam",Delivered,2026-04-22,2026-04-22,721.0
SHIP00214,SO00214,Kuehne + Nagel,TRK-KUE-69117031,"Munich, Germany","Monterrey, Germany",In Transit,2026-02-05,,1767.32
SHIP00215,SO00215,DB Schenker,TRK-DB -66904824,Singapore,"Hai Phong, Germany",Delivered,2025-12-19,2025-12-26,654.26
SHIP00216,SO00216,FedEx Freight,TRK-FED-19742070,"Osaka, Japan","Tokyo, Germany",Delivered,2026-07-23,2026-07-23,321.93
SHIP00217,SO00217,Kuehne + Nagel,TRK-KUE-42408911,"Melbourne, Australia","Ningbo, India",In Transit,2025-09-13,,1587.33
SHIP00218,SO00218,FedEx Freight,TRK-FED-10175488,"Atlanta, GA, USA","Osaka, United States",In Transit,2025-12-26,,214.24
SHIP00219,SO00219,Maersk Logistics,TRK-MAE-49138004,Singapore,"Hsinchu, China",In Transit,2026-07-24,,371.41
SHIP00220,SO00220,FedEx Freight,TRK-FED-64162584,"Bengaluru, India","Bengaluru, China",In Transit,2026-06-12,,197.94
SHIP00221,SO00221,DB Schenker,TRK-DB -12634982,"Osaka, Japan","Monterrey, United States",Delivered,2026-03-17,2026-03-17,1201.64
SHIP00222,SO00222,FedEx Freight,TRK-FED-23326053,"Dallas, TX, USA","Tokyo, Japan",In Transit,2026-03-18,,522.95
SHIP00223,SO00223,DB Schenker,TRK-DB -95878726,"Monterrey, Mexico","Detroit, Germany",Delayed,2026-02-25,,381.3
SHIP00224,SO00224,Maersk Logistics,TRK-MAE-77187503,"Hamburg, Germany","Detroit, Canada",Delayed,2025-10-21,,840.24
SHIP00225,SO00225,Maersk Logistics,TRK-MAE-95221016,"Dallas, TX, USA","Nagoya, Japan",Delayed,2026-07-17,,492.95
SHIP00226,SO00226,UPS Supply Chain,TRK-UPS-58728675,Singapore,"Nagoya, United States",Preparing,2026-01-24,,227.0
SHIP00227,SO00227,DHL Express,TRK-DHL-30946919,"London, UK","Osaka, Japan",Delivered,2026-04-06,2026-04-08,1132.41
SHIP00228,SO00228,UPS Supply Chain,TRK-UPS-32049874,"Toronto, Canada","Hamilton, Mexico",Delayed,2026-01-02,,122.06
SHIP00229,SO00229,DHL Express,TRK-DHL-83934645,"Seattle, WA, USA","Hamilton, Germany",Preparing,2025-11-03,,637.65
SHIP00230,SO00230,Kuehne + Nagel,TRK-KUE-57360655,"Pune, India","Pune, United States",Delivered,2026-01-18,2026-01-19,1192.53
SHIP00231,SO00231,FedEx Freight,TRK-FED-60756552,"Tokyo, Japan","Ningbo, United States",In Transit,2026-04-23,,233.63
SHIP00232,SO00232,Kuehne + Nagel,TRK-KUE-34358036,"Hamburg, Germany","Chicago, United Kingdom",Delivered,2026-05-29,2026-05-29,478.46
SHIP00233,SO00233,Maersk Logistics,TRK-MAE-10513121,"Tokyo, Japan","Incheon, United States",Delivered,2026-03-01,2026-03-01,276.53
SHIP00234,SO00234,FedEx Freight,TRK-FED-42793217,"Hamburg, Germany","Nagoya, Taiwan",In Transit,2025-10-11,,643.06
SHIP00235,SO00235,DHL Express,TRK-DHL-17611812,"Shenzhen, China","Stuttgart, United States",Delivered,2026-06-07,2026-06-06,447.05
SHIP00236,SO00236,Maersk Logistics,TRK-MAE-95208409,Singapore,"Suzhou, India",Delivered,2025-12-12,2025-12-12,354.72
SHIP00237,SO00237,DHL Express,TRK-DHL-37566546,"Frankfurt, Germany","Hai Phong, China",In Transit,2026-06-17,,1317.59
SHIP00238,SO00238,Kuehne + Nagel,TRK-KUE-12517363,"Los Angeles, CA, USA","Dallas, Japan",Returned,2025-10-17,2025-10-22,1834.1
SHIP00239,SO00239,UPS Supply Chain,TRK-UPS-30296454,"Munich, Germany","Querétaro, Mexico",In Transit,2025-11-27,,278.83
SHIP00240,SO00240,DB Schenker,TRK-DB -48205369,"Frankfurt, Germany","Munich, China",Delivered,2026-03-24,2026-03-28,1234.81
SHIP00241,SO00241,Kuehne + Nagel,TRK-KUE-62686156,"Osaka, Japan","Pune, India",Delayed,2026-03-30,,1332.48
SHIP00242,SO00242,DB Schenker,TRK-DB -23022399,"Incheon, South Korea","Suzhou, Taiwan",In Transit,2025-11-24,,1632.68
SHIP00243,SO00243,Maersk Logistics,TRK-MAE-80248212,"Chicago, IL, USA","Osaka, Taiwan",Delivered,2025-11-20,2025-11-19,201.93
SHIP00244,SO00244,DHL Express,TRK-DHL-47406093,"Chicago, IL, USA","Hai Phong, Japan",Delivered,2026-07-07,2026-07-06,943.87
SHIP00245,SO00245,FedEx Freight,TRK-FED-64317615,"Dallas, TX, USA","Incheon, United States",Delivered,2026-06-17,2026-06-18,1154.88
SHIP00246,SO00246,DB Schenker,TRK-DB -75657959,"Munich, Germany","Incheon, South Korea",Preparing,2026-05-23,,188.41
SHIP00247,SO00247,DHL Express,TRK-DHL-53219492,"Pune, India","Munich, Japan",Delayed,2025-11-13,,1430.0
SHIP00248,SO00248,Kuehne + Nagel,TRK-KUE-19504242,"Guadalajara, Mexico","Pune, Japan",Delivered,2026-03-27,2026-03-27,789.68
SHIP00249,SO00249,DHL Express,TRK-DHL-75858196,"Chicago, IL, USA","Detroit, Mexico",In Transit,2025-12-04,,1697.19
SHIP00250,SO00250,DHL Express,TRK-DHL-81400282,"Dallas, TX, USA","Hai Phong, China",Returned,2026-03-06,2026-03-16,410.95
SHIP00251,SO00251,DHL Express,TRK-DHL-67392625,"Monterrey, Mexico","Tokyo, United Kingdom",Delivered,2026-01-02,2026-01-02,468.56
SHIP00252,SO00252,UPS Supply Chain,TRK-UPS-61672554,"Tokyo, Japan","Tokyo, Taiwan",In Transit,2025-11-30,,1629.87
SHIP00253,SO00253,DHL Express,TRK-DHL-82195586,"Guadalajara, Mexico","Ningbo, China",Delivered,2025-09-10,2025-09-11,654.76
SHIP00254,SO00254,DHL Express,TRK-DHL-30885527,"Monterrey, Mexico","Birmingham, China",Delivered,2026-03-23,2026-03-22,564.92
SHIP00255,SO00255,DB Schenker,TRK-DB -89218859,"Frankfurt, Germany","Tokyo, China",In Transit,2025-11-19,,1122.74
SHIP00256,SO00256,Kuehne + Nagel,TRK-KUE-77767832,"Hamburg, Germany","Hamilton, China",Returned,2025-12-10,2025-12-17,117.57
SHIP00257,SO00257,FedEx Freight,TRK-FED-88344227,"Tokyo, Japan","Birmingham, United States",Delivered,2025-10-23,2025-10-22,743.53
SHIP00258,SO00258,DB Schenker,TRK-DB -92850229,"Stuttgart, Germany","Chicago, Japan",In Transit,2026-06-25,,1729.4
SHIP00259,SO00259,DB Schenker,TRK-DB -92801712,"Hamburg, Germany","Seoul, Japan",Delivered,2026-02-10,2026-02-11,1569.55
SHIP00260,SO00260,DHL Express,TRK-DHL-85432406,"Tokyo, Japan","Tokyo, United States",Delivered,2026-01-07,2026-01-08,1637.9
SHIP00261,SO00261,FedEx Freight,TRK-FED-59445791,"Guadalajara, Mexico","Querétaro, Mexico",Delivered,2025-09-29,2025-09-28,267.16
SHIP00262,SO00262,DHL Express,TRK-DHL-41238343,"Los Angeles, CA, USA","Ningbo, Japan",Delivered,2025-11-05,2025-11-12,709.93
SHIP00263,SO00263,Kuehne + Nagel,TRK-KUE-43591394,"Incheon, South Korea","Osaka, Germany",Delivered,2026-01-05,2026-01-04,704.65
SHIP00264,SO00264,Kuehne + Nagel,TRK-KUE-80816880,"Shenzhen, China","Incheon, Germany",Delivered,2026-04-17,2026-04-23,940.98
SHIP00265,SO00265,UPS Supply Chain,TRK-UPS-57320709,"Shenzhen, China","Dallas, Japan",In Transit,2026-05-03,,115.33
SHIP00266,SO00266,UPS Supply Chain,TRK-UPS-57971873,"Bengaluru, India","Osaka, Japan",Delayed,2026-06-06,,1771.49
SHIP00267,SO00267,FedEx Freight,TRK-FED-68523509,"London, UK","Hamilton, China",Delivered,2026-07-10,2026-07-11,381.41
SHIP00268,SO00268,FedEx Freight,TRK-FED-65391351,"Tokyo, Japan","Suzhou, China",Delivered,2026-07-09,2026-07-08,1236.62
SHIP00269,SO00269,FedEx Freight,TRK-FED-62708024,"Melbourne, Australia","Detroit, Mexico",Preparing,2026-02-23,,626.66
SHIP00270,SO00270,Kuehne + Nagel,TRK-KUE-77597242,"Detroit, MI, USA","Chicago, Taiwan",Delivered,2026-06-28,2026-06-29,1099.11
SHIP00271,SO00271,FedEx Freight,TRK-FED-20762786,"Guadalajara, Mexico","Pune, China",Delivered,2026-04-18,2026-04-18,1708.69
SHIP00272,SO00272,DHL Express,TRK-DHL-27428613,"Guadalajara, Mexico","Chicago, South Korea",Delivered,2026-04-25,2026-05-02,561.65
SHIP00273,SO00273,Kuehne + Nagel,TRK-KUE-89501896,"Seattle, WA, USA","Seoul, South Korea",Delivered,2025-11-08,2025-11-09,1456.35
SHIP00274,SO00274,FedEx Freight,TRK-FED-82124051,"Monterrey, Mexico","Detroit, China",Delayed,2026-05-14,,971.7
SHIP00275,SO00275,Maersk Logistics,TRK-MAE-44564506,"Rotterdam, Netherlands","Ningbo, Japan",Delivered,2025-10-09,2025-10-09,1205.25
SHIP00276,SO00276,Kuehne + Nagel,TRK-KUE-89839362,"Munich, Germany","Nagoya, Mexico",Delivered,2025-11-17,2025-11-18,1720.63
SHIP00277,SO00277,UPS Supply Chain,TRK-UPS-26351716,"Detroit, MI, USA","Ningbo, United States",Delayed,2025-09-24,,456.33
SHIP00278,SO00278,FedEx Freight,TRK-FED-39604156,"Taipei, Taiwan","Suzhou, China",Delivered,2026-02-21,2026-02-22,1368.54
SHIP00279,SO00279,Kuehne + Nagel,TRK-KUE-20581018,"Detroit, MI, USA","Birmingham, South Korea",Delayed,2026-04-06,,79.74
SHIP00280,SO00280,Kuehne + Nagel,TRK-KUE-44077352,"Seattle, WA, USA","Munich, Taiwan",In Transit,2025-12-10,,554.11
SHIP00281,SO00281,UPS Supply Chain,TRK-UPS-60152534,"Tokyo, Japan","Dortmund, China",Delivered,2025-10-20,2025-10-19,1757.22
SHIP00282,SO00282,DHL Express,TRK-DHL-10429835,"Frankfurt, Germany","Shenzhen, Japan",Delayed,2025-09-19,,199.66
SHIP00283,SO00283,DHL Express,TRK-DHL-33599278,"Atlanta, GA, USA","Chicago, Mexico",Delivered,2026-01-16,2026-01-17,589.76
SHIP00284,SO00284,DB Schenker,TRK-DB -63281556,"Munich, Germany","Dortmund, Japan",Preparing,2026-04-14,,746.38
SHIP00285,SO00285,Maersk Logistics,TRK-MAE-54947671,"Seattle, WA, USA","Hai Phong, Germany",In Transit,2026-01-22,,209.71
SHIP00286,SO00286,DHL Express,TRK-DHL-36918544,"Guadalajara, Mexico","Taipei, India",Delivered,2025-09-24,2025-09-27,1571.23
SHIP00287,SO00287,FedEx Freight,TRK-FED-70931660,"Toronto, Canada","Suzhou, China",Delivered,2025-10-31,2025-10-30,1395.21
SHIP00288,SO00288,DB Schenker,TRK-DB -17204719,Singapore,"Seoul, China",Delivered,2025-12-29,2025-12-30,440.83
SHIP00289,SO00289,UPS Supply Chain,TRK-UPS-10474229,"Tokyo, Japan","Hsinchu, Germany",Preparing,2026-05-08,,1115.11
SHIP00290,SO00290,UPS Supply Chain,TRK-UPS-14216867,"Munich, Germany","Taipei, China",In Transit,2026-06-24,,596.97
SHIP00291,SO00291,DB Schenker,TRK-DB -37774611,"Seattle, WA, USA","Ningbo, Japan",Delivered,2025-10-27,2025-10-27,1567.67
SHIP00292,SO00292,DB Schenker,TRK-DB -65452172,"Atlanta, GA, USA","Detroit, Japan",Preparing,2026-04-24,,1313.02
SHIP00293,SO00293,Maersk Logistics,TRK-MAE-25113073,"Dallas, TX, USA","Birmingham, Germany",Delivered,2025-12-18,2025-12-17,411.53
SHIP00294,SO00294,DB Schenker,TRK-DB -71047450,"Munich, Germany","Hai Phong, Japan",Delivered,2026-01-25,2026-01-24,1272.22
SHIP00295,SO00295,UPS Supply Chain,TRK-UPS-58044553,"Hamburg, Germany","Ningbo, Taiwan",Delivered,2026-03-30,2026-04-07,281.05
SHIP00296,SO00296,Kuehne + Nagel,TRK-KUE-45659915,"Hamburg, Germany","Birmingham, Taiwan",Delivered,2026-02-16,2026-02-16,494.18
SHIP00297,SO00297,UPS Supply Chain,TRK-UPS-40158481,"Chicago, IL, USA","Hamilton, China",Delivered,2026-01-29,2026-01-29,176.34
SHIP00298,SO00298,Maersk Logistics,TRK-MAE-94953404,Singapore,"Tokyo, United Kingdom",In Transit,2026-03-23,,539.43
SHIP00299,SO00299,DB Schenker,TRK-DB -48671506,"Yokohama, Japan","Dallas, United States",Delivered,2026-01-07,2026-01-08,390.01
SHIP00300,SO00300,DB Schenker,TRK-DB -38861981,"Detroit, MI, USA","Monterrey, United Kingdom",Delivered,2026-02-11,2026-02-11,1087.48
SHIP00301,SO00301,Kuehne + Nagel,TRK-KUE-80016658,"Munich, Germany","Monterrey, Germany",In Transit,2025-10-13,,161.35
SHIP00302,SO00302,UPS Supply Chain,TRK-UPS-25640042,"Melbourne, Australia","Querétaro, Germany",Delayed,2026-05-07,,415.83
SHIP00303,SO00303,DHL Express,TRK-DHL-86277749,"Shenzhen, China","Birmingham, Germany",Delivered,2026-02-23,2026-02-22,1310.53
SHIP00304,SO00304,DB Schenker,TRK-DB -84341905,"Bengaluru, India","Taipei, Germany",Delivered,2025-10-13,2025-10-13,1350.62
SHIP00305,SO00305,FedEx Freight,TRK-FED-14599152,"Shenzhen, China","Dallas, Germany",Delivered,2026-07-21,2026-07-27,439.67
SHIP00306,SO00306,DHL Express,TRK-DHL-62991228,"Guadalajara, Mexico","Dortmund, Germany",Delivered,2025-11-09,2025-11-09,1032.11
SHIP00307,SO00307,DB Schenker,TRK-DB -27508331,"Toronto, Canada","Tokyo, China",In Transit,2026-01-20,,1363.38
SHIP00308,SO00308,DB Schenker,TRK-DB -78828417,"London, UK","Querétaro, United States",Delivered,2026-01-07,2026-01-08,1819.71
SHIP00309,SO00309,DHL Express,TRK-DHL-97240810,"Osaka, Japan","Pune, United States",Delivered,2025-10-11,2025-10-14,968.73
SHIP00310,SO00310,DHL Express,TRK-DHL-49493630,"Dallas, TX, USA","Dortmund, India",Delivered,2025-09-13,2025-09-13,916.94
SHIP00311,SO00311,DB Schenker,TRK-DB -28908977,"London, UK","Ningbo, United States",Delivered,2025-11-21,2025-11-28,944.98
SHIP00312,SO00312,UPS Supply Chain,TRK-UPS-16373476,"Hamburg, Germany","Seoul, United Kingdom",Delayed,2026-05-10,,166.92
SHIP00313,SO00313,DB Schenker,TRK-DB -19804345,"Atlanta, GA, USA","Nagoya, Germany",In Transit,2025-12-08,,1214.57
SHIP00314,SO00314,DB Schenker,TRK-DB -10699421,"Chicago, IL, USA","Monterrey, South Korea",Delivered,2026-01-27,2026-01-26,1276.24
SHIP00315,SO00315,Kuehne + Nagel,TRK-KUE-74919222,"Stuttgart, Germany","Ningbo, Germany",Delivered,2025-09-30,2025-09-30,655.65
SHIP00316,SO00316,Kuehne + Nagel,TRK-KUE-12718967,"Chicago, IL, USA","Munich, India",Preparing,2025-10-16,,1648.86
SHIP00317,SO00317,DHL Express,TRK-DHL-64771151,"Chicago, IL, USA","Querétaro, Mexico",Delivered,2026-01-09,2026-01-08,909.48
SHIP00318,SO00318,DHL Express,TRK-DHL-34215109,"Osaka, Japan","Monterrey, India",Delivered,2026-05-02,2026-05-03,1360.01
SHIP00319,SO00319,FedEx Freight,TRK-FED-29214231,"Los Angeles, CA, USA","Detroit, India",Delayed,2026-06-18,,1773.81
SHIP00320,SO00320,Kuehne + Nagel,TRK-KUE-24277359,"Los Angeles, CA, USA","Stuttgart, India",Delivered,2026-05-24,2026-05-25,127.23
SHIP00321,SO00321,Maersk Logistics,TRK-MAE-83785342,Singapore,"Dallas, United States",Delivered,2026-04-27,2026-04-27,1364.81
SHIP00322,SO00322,DB Schenker,TRK-DB -63474910,"Dallas, TX, USA","Querétaro, Germany",Delivered,2026-05-22,2026-05-23,389.7
SHIP00323,SO00323,Maersk Logistics,TRK-MAE-12033232,"Frankfurt, Germany","Tokyo, Germany",Delivered,2025-09-29,2025-09-30,1217.66
SHIP00324,SO00324,Maersk Logistics,TRK-MAE-42473528,"Incheon, South Korea","Seoul, Taiwan",In Transit,2026-05-02,,158.11
SHIP00325,SO00325,UPS Supply Chain,TRK-UPS-76695854,Singapore,"Chicago, South Korea",In Transit,2026-03-31,,180.52
SHIP00326,SO00326,UPS Supply Chain,TRK-UPS-93014754,"Tokyo, Japan","Querétaro, South Korea",Delivered,2026-05-12,2026-05-11,1806.41
SHIP00327,SO00327,UPS Supply Chain,TRK-UPS-15431372,"Taipei, Taiwan","Dallas, China",In Transit,2026-05-15,,1186.17
SHIP00328,SO00328,Kuehne + Nagel,TRK-KUE-48067079,"Los Angeles, CA, USA","Detroit, Mexico",Delivered,2026-03-29,2026-03-30,1281.16
SHIP00329,SO00329,UPS Supply Chain,TRK-UPS-42918802,"Pune, India","Hsinchu, United Kingdom",In Transit,2026-06-06,,659.45
SHIP00330,SO00330,Kuehne + Nagel,TRK-KUE-36054981,"Shenzhen, China","Nagoya, United States",Delivered,2026-01-25,2026-01-25,1252.15
SHIP00331,SO00331,UPS Supply Chain,TRK-UPS-81642799,"Guadalajara, Mexico","Osaka, Germany",Delayed,2026-01-06,,1100.99
SHIP00332,SO00332,Maersk Logistics,TRK-MAE-87847194,"Frankfurt, Germany","Monterrey, Germany",Delivered,2026-05-09,2026-05-13,1126.78
SHIP00333,SO00333,Kuehne + Nagel,TRK-KUE-44849045,"Melbourne, Australia","Chicago, United Kingdom",In Transit,2025-09-14,,829.21
SHIP00334,SO00334,DB Schenker,TRK-DB -62901281,"Detroit, MI, USA","Tokyo, Japan",In Transit,2026-03-29,,858.96
SHIP00335,SO00335,Kuehne + Nagel,TRK-KUE-11913827,"Yokohama, Japan","Hamilton, Taiwan",Delivered,2026-07-09,2026-07-09,800.43
SHIP00336,SO00336,UPS Supply Chain,TRK-UPS-54564736,"Osaka, Japan","Bengaluru, Germany",In Transit,2025-09-28,,183.25
SHIP00337,SO00337,DB Schenker,TRK-DB -74073500,"Incheon, South Korea","Chicago, Germany",In Transit,2025-09-18,,1542.72
SHIP00338,SO00338,UPS Supply Chain,TRK-UPS-46024389,"Stuttgart, Germany","Ningbo, Vietnam",Delivered,2026-05-28,2026-05-28,1421.05
SHIP00339,SO00339,UPS Supply Chain,TRK-UPS-20507253,"Tokyo, Japan","Tokyo, Germany",In Transit,2026-05-05,,696.51
SHIP00340,SO00340,Maersk Logistics,TRK-MAE-87062730,"Yokohama, Japan","Hamilton, Germany",Delayed,2026-02-16,,1567.88
SHIP00341,SO00341,Kuehne + Nagel,TRK-KUE-77002050,"Bengaluru, India","Birmingham, United Kingdom",In Transit,2025-09-29,,378.9
SHIP00342,SO00342,DHL Express,TRK-DHL-71446320,"Atlanta, GA, USA","Bengaluru, United States",Delivered,2026-01-25,2026-01-24,1619.4
SHIP00343,SO00343,UPS Supply Chain,TRK-UPS-53247591,"Osaka, Japan","Seoul, China",Delivered,2026-07-03,2026-07-10,1051.24
SHIP00344,SO00344,DB Schenker,TRK-DB -68862551,"Atlanta, GA, USA","Birmingham, Germany",Returned,2026-06-04,2026-06-09,1321.27
SHIP00345,SO00345,Maersk Logistics,TRK-MAE-93252916,"Pune, India","Nagoya, Vietnam",In Transit,2025-10-15,,1672.05
SHIP00346,SO00346,DB Schenker,TRK-DB -72351461,"Munich, Germany","Hamilton, India",Delivered,2025-10-15,2025-10-15,132.53
SHIP00347,SO00347,FedEx Freight,TRK-FED-94852088,"Osaka, Japan","Pune, Japan",In Transit,2026-04-02,,429.58
SHIP00348,SO00348,DB Schenker,TRK-DB -73393416,"Guadalajara, Mexico","Hsinchu, China",Delayed,2026-02-09,,406.35
SHIP00349,SO00349,DB Schenker,TRK-DB -74633728,"Dallas, TX, USA","Bengaluru, Vietnam",Delayed,2026-03-21,,1417.21
SHIP00350,SO00350,Kuehne + Nagel,TRK-KUE-51148442,"Pune, India","Ningbo, Germany",Delivered,2026-07-12,2026-07-13,288.68
SHIP00351,SO00351,DB Schenker,TRK-DB -30059346,"Seattle, WA, USA","Pune, Germany",Delivered,2026-04-19,2026-04-19,1591.31
SHIP00352,SO00352,UPS Supply Chain,TRK-UPS-93326559,"Frankfurt, Germany","Taipei, Germany",Delivered,2026-04-23,2026-04-30,1333.98
SHIP00353,SO00353,UPS Supply Chain,TRK-UPS-59339614,"Melbourne, Australia","Nagoya, China",Delivered,2026-03-26,2026-03-26,176.37
SHIP00354,SO00354,Maersk Logistics,TRK-MAE-61942855,"Yokohama, Japan","Suzhou, Japan",Delivered,2026-06-10,2026-06-11,693.07
SHIP00355,SO00355,Maersk Logistics,TRK-MAE-74930855,"Frankfurt, Germany","Nagoya, Taiwan",Delivered,2025-10-18,2025-10-17,469.39
SHIP00356,SO00356,UPS Supply Chain,TRK-UPS-68094271,Singapore,"Bengaluru, Japan",In Transit,2026-03-24,,1599.08
SHIP00357,SO00357,DB Schenker,TRK-DB -82667286,"Osaka, Japan","Incheon, Mexico",Delivered,2026-03-31,2026-03-30,757.21
SHIP00358,SO00358,FedEx Freight,TRK-FED-90805088,"Monterrey, Mexico","Dortmund, South Korea",Delivered,2025-12-01,2025-12-08,1365.31
SHIP00359,SO00359,DHL Express,TRK-DHL-33270221,"Chicago, IL, USA","Birmingham, Japan",Returned,2025-09-30,2025-10-06,246.57
SHIP00360,SO00360,DHL Express,TRK-DHL-38294808,Singapore,"Osaka, Japan",Delivered,2026-03-12,2026-03-11,1563.59
SHIP00361,SO00361,UPS Supply Chain,TRK-UPS-41217738,"Stuttgart, Germany","Ningbo, India",Delayed,2026-02-09,,1341.72
SHIP00362,SO00362,DHL Express,TRK-DHL-35569289,"Toronto, Canada","Querétaro, Mexico",In Transit,2026-07-17,,624.64
SHIP00363,SO00363,Maersk Logistics,TRK-MAE-20135745,"Hamburg, Germany","Birmingham, China",In Transit,2025-10-21,,1489.6
SHIP00364,SO00364,DB Schenker,TRK-DB -41573534,"Seattle, WA, USA","Munich, Taiwan",In Transit,2025-11-12,,893.44
SHIP00365,SO00365,DB Schenker,TRK-DB -67105376,"Chicago, IL, USA","Stuttgart, Japan",In Transit,2025-10-16,,1353.23
SHIP00366,SO00366,FedEx Freight,TRK-FED-41280328,"Stuttgart, Germany","Dallas, India",In Transit,2026-03-02,,1493.16
SHIP00367,SO00367,Maersk Logistics,TRK-MAE-46065697,"Pune, India","Incheon, India",In Transit,2025-09-12,,785.97
SHIP00368,SO00368,Maersk Logistics,TRK-MAE-59738733,"Taipei, Taiwan","Ningbo, Canada",Delivered,2026-01-09,2026-01-11,1205.77
SHIP00369,SO00369,UPS Supply Chain,TRK-UPS-59384686,"Dallas, TX, USA","Tokyo, Japan",Delivered,2026-04-07,2026-04-08,306.34
SHIP00370,SO00370,DHL Express,TRK-DHL-57234643,"Incheon, South Korea","Birmingham, United States",In Transit,2025-11-16,,1072.26
SHIP00371,SO00371,Maersk Logistics,TRK-MAE-64598545,"Dallas, TX, USA","Taipei, United Kingdom",Delivered,2026-07-03,2026-07-04,1171.53
SHIP00372,SO00372,Kuehne + Nagel,TRK-KUE-62786904,"Stuttgart, Germany","Tokyo, Japan",Preparing,2025-12-20,,646.07
SHIP00373,SO00373,DHL Express,TRK-DHL-92160784,"Atlanta, GA, USA","Bengaluru, Germany",Delivered,2026-04-08,2026-04-09,1669.13
SHIP00374,SO00374,UPS Supply Chain,TRK-UPS-38991244,"Osaka, Japan","Tokyo, Japan",Delivered,2026-06-02,2026-06-01,1737.09
SHIP00375,SO00375,Maersk Logistics,TRK-MAE-38196143,"Chicago, IL, USA","Chicago, Mexico",Delivered,2025-12-20,2025-12-20,1105.68
SHIP00376,SO00376,Kuehne + Nagel,TRK-KUE-87605331,"Yokohama, Japan","Dortmund, South Korea",Delivered,2026-06-12,2026-06-18,1275.92
SHIP00377,SO00377,UPS Supply Chain,TRK-UPS-83885625,"Stuttgart, Germany","Monterrey, China",Delivered,2025-09-14,2025-09-15,1750.1
SHIP00378,SO00378,Maersk Logistics,TRK-MAE-82921348,"Guadalajara, Mexico","Nagoya, Japan",In Transit,2026-07-10,,1072.17
SHIP00379,SO00379,UPS Supply Chain,TRK-UPS-58556560,"Pune, India","Shenzhen, Germany",Delivered,2026-02-03,2026-02-03,1303.93
SHIP00380,SO00380,DB Schenker,TRK-DB -54591241,"Stuttgart, Germany","Nagoya, Canada",Delayed,2025-09-25,,363.87
SHIP00381,SO00381,DB Schenker,TRK-DB -76855085,"Hamburg, Germany","Hamilton, Vietnam",Preparing,2025-09-22,,349.84
SHIP00382,SO00382,Maersk Logistics,TRK-MAE-93336138,Singapore,"Suzhou, Mexico",Delivered,2025-11-29,2025-11-30,1311.45
SHIP00383,SO00383,Maersk Logistics,TRK-MAE-36000179,"Osaka, Japan","Dallas, South Korea",Delivered,2026-03-29,2026-03-28,389.57
SHIP00384,SO00384,UPS Supply Chain,TRK-UPS-58744644,"Los Angeles, CA, USA","Stuttgart, China",In Transit,2025-11-03,,507.66
SHIP00385,SO00385,FedEx Freight,TRK-FED-39411170,"Taipei, Taiwan","Pune, United Kingdom",Delivered,2026-01-17,2026-01-22,94.3
SHIP00386,SO00386,DB Schenker,TRK-DB -96981933,"Frankfurt, Germany","Tokyo, Canada",In Transit,2026-06-23,,1753.83
SHIP00387,SO00387,UPS Supply Chain,TRK-UPS-26676354,"Dallas, TX, USA","Hamilton, South Korea",Delivered,2026-03-04,2026-03-04,1696.96
SHIP00388,SO00388,UPS Supply Chain,TRK-UPS-20899793,"Tokyo, Japan","Hsinchu, India",Delivered,2025-10-10,2025-10-11,633.41
SHIP00389,SO00389,FedEx Freight,TRK-FED-51146686,"Monterrey, Mexico","Pune, China",Preparing,2026-03-23,,1056.85
SHIP00390,SO00390,Maersk Logistics,TRK-MAE-98129924,"Melbourne, Australia","Seoul, China",In Transit,2026-05-12,,1015.43
SHIP00391,SO00391,DB Schenker,TRK-DB -11682518,"Toronto, Canada","Monterrey, United Kingdom",In Transit,2026-03-03,,1034.09
SHIP00392,SO00392,DHL Express,TRK-DHL-21886704,"Toronto, Canada","Querétaro, United States",Preparing,2025-12-07,,840.78
SHIP00393,SO00393,Kuehne + Nagel,TRK-KUE-99359830,"Bengaluru, India","Detroit, Japan",In Transit,2025-09-21,,1238.7
SHIP00394,SO00394,DB Schenker,TRK-DB -26629767,"Osaka, Japan","Dortmund, South Korea",Delivered,2026-02-19,2026-02-18,346.83
SHIP00395,SO00395,DHL Express,TRK-DHL-55566809,"Melbourne, Australia","Tokyo, India",Delivered,2026-04-14,2026-04-13,107.39
SHIP00396,SO00396,Kuehne + Nagel,TRK-KUE-90768561,"Stuttgart, Germany","Hsinchu, United Kingdom",Delayed,2026-05-26,,965.0
SHIP00397,SO00397,UPS Supply Chain,TRK-UPS-31043837,"Osaka, Japan","Chicago, United Kingdom",Delivered,2026-07-22,2026-07-21,741.09
SHIP00398,SO00398,UPS Supply Chain,TRK-UPS-30146640,Singapore,"Seoul, Germany",Delivered,2025-12-27,2025-12-26,567.71
SHIP00399,SO00399,Maersk Logistics,TRK-MAE-34242013,"Yokohama, Japan","Seoul, United States",Delayed,2025-09-29,,300.04
SHIP00400,SO00400,UPS Supply Chain,TRK-UPS-56230986,"Melbourne, Australia","Birmingham, South Korea",Delayed,2026-02-09,,1549.87
SHIP00401,SO00401,Kuehne + Nagel,TRK-KUE-60560789,"Incheon, South Korea","Taipei, India",Preparing,2026-01-20,,1318.66
SHIP00402,SO00402,DB Schenker,TRK-DB -70739929,"Stuttgart, Germany","Bengaluru, China",Delivered,2025-11-13,2025-11-17,1583.29
SHIP00403,SO00403,UPS Supply Chain,TRK-UPS-80062866,"Guadalajara, Mexico","Stuttgart, South Korea",Delayed,2025-12-07,,761.83
SHIP00404,SO00404,FedEx Freight,TRK-FED-59403756,"Monterrey, Mexico","Dallas, Mexico",Delivered,2026-05-29,2026-05-28,1293.4
SHIP00405,SO00405,DHL Express,TRK-DHL-42116222,"Tokyo, Japan","Querétaro, Germany",Delivered,2026-06-22,2026-06-23,184.78
SHIP00406,SO00406,DB Schenker,TRK-DB -19442031,"Detroit, MI, USA","Incheon, Japan",Preparing,2026-02-04,,1815.21
SHIP00407,SO00407,UPS Supply Chain,TRK-UPS-60255871,"Rotterdam, Netherlands","Stuttgart, India",Delayed,2026-03-26,,1095.61
SHIP00408,SO00408,Maersk Logistics,TRK-MAE-76058481,"Stuttgart, Germany","Nagoya, China",In Transit,2026-04-18,,1340.67
SHIP00409,SO00409,Kuehne + Nagel,TRK-KUE-71248476,"Yokohama, Japan","Hsinchu, Germany",Delayed,2025-10-31,,959.18
SHIP00410,SO00410,Kuehne + Nagel,TRK-KUE-80121095,"Munich, Germany","Munich, South Korea",Returned,2026-06-16,2026-06-21,1373.22
SHIP00411,SO00411,DB Schenker,TRK-DB -39471372,"Shenzhen, China","Tokyo, Japan",In Transit,2026-04-30,,1564.37
SHIP00412,SO00412,DHL Express,TRK-DHL-27497441,"Munich, Germany","Detroit, Japan",Delivered,2026-02-04,2026-02-05,879.63
SHIP00413,SO00413,UPS Supply Chain,TRK-UPS-70146473,"Tokyo, Japan","Taipei, Taiwan",Returned,2026-05-01,2026-05-08,1101.36
SHIP00414,SO00414,DB Schenker,TRK-DB -89462264,"Tokyo, Japan","Munich, Mexico",Preparing,2026-04-30,,1391.35
SHIP00415,SO00415,FedEx Freight,TRK-FED-57787693,"Hamburg, Germany","Suzhou, Germany",In Transit,2025-11-13,,1393.44
SHIP00416,SO00416,FedEx Freight,TRK-FED-13455917,"Guadalajara, Mexico","Ningbo, Germany",Delivered,2025-11-30,2025-11-30,1205.01
SHIP00417,SO00417,FedEx Freight,TRK-FED-94031880,"London, UK","Hsinchu, Japan",In Transit,2026-01-18,,275.74
SHIP00418,SO00418,DB Schenker,TRK-DB -31157067,"Monterrey, Mexico","Dallas, United States",In Transit,2025-11-24,,1460.19
SHIP00419,SO00419,UPS Supply Chain,TRK-UPS-67711162,"Hamburg, Germany","Nagoya, China",Delivered,2026-05-28,2026-05-29,1249.21
SHIP00420,SO00420,FedEx Freight,TRK-FED-28096286,Singapore,"Nagoya, India",Delivered,2025-09-17,2025-09-24,450.78
SHIP00421,SO00421,DB Schenker,TRK-DB -13628421,"Seattle, WA, USA","Querétaro, Canada",Delivered,2025-09-10,2025-09-09,537.18
SHIP00422,SO00422,FedEx Freight,TRK-FED-16346763,"Pune, India","Birmingham, South Korea",In Transit,2026-07-04,,398.54
SHIP00423,SO00423,UPS Supply Chain,TRK-UPS-51075972,"Frankfurt, Germany","Dortmund, United States",In Transit,2026-05-20,,851.77
SHIP00424,SO00424,FedEx Freight,TRK-FED-79780836,"Munich, Germany","Detroit, United States",Delivered,2026-06-10,2026-06-10,910.03
SHIP00425,SO00425,DHL Express,TRK-DHL-77371632,"Frankfurt, Germany","Taipei, South Korea",Delivered,2025-09-17,2025-09-18,1602.81
SHIP00426,SO00426,Maersk Logistics,TRK-MAE-98517369,"Taipei, Taiwan","Hsinchu, Germany",Delivered,2026-01-27,2026-01-27,1430.92
SHIP00427,SO00427,UPS Supply Chain,TRK-UPS-74234305,"Dallas, TX, USA","Pune, Japan",Delivered,2026-03-24,2026-03-25,1381.77
SHIP00428,SO00428,FedEx Freight,TRK-FED-49343418,"Osaka, Japan","Querétaro, Germany",Delivered,2026-01-16,2026-01-17,1762.07
SHIP00429,SO00429,Kuehne + Nagel,TRK-KUE-41178758,"Dallas, TX, USA","Seoul, Japan",Delivered,2026-02-26,2026-02-27,1431.19
SHIP00430,SO00430,Maersk Logistics,TRK-MAE-19595435,"Rotterdam, Netherlands","Pune, Mexico",Delivered,2025-09-11,2025-09-10,311.02
SHIP00431,SO00431,FedEx Freight,TRK-FED-94254965,"Chicago, IL, USA","Incheon, Mexico",Delivered,2025-11-19,2025-11-19,689.23
SHIP00432,SO00432,Kuehne + Nagel,TRK-KUE-59965979,"Dallas, TX, USA","Ningbo, China",Delivered,2025-12-05,2025-12-06,322.26
SHIP00433,SO00433,FedEx Freight,TRK-FED-44742615,"Osaka, Japan","Hai Phong, United Kingdom",Delayed,2026-01-22,,926.04
SHIP00434,SO00434,Maersk Logistics,TRK-MAE-55556032,"Tokyo, Japan","Monterrey, South Korea",In Transit,2026-02-13,,191.68
SHIP00435,SO00435,FedEx Freight,TRK-FED-61539837,"Hamburg, Germany","Dortmund, United States",In Transit,2025-11-08,,1222.49
SHIP00436,SO00436,DHL Express,TRK-DHL-98975348,"Los Angeles, CA, USA","Munich, United States",Delivered,2026-02-16,2026-02-23,886.25
SHIP00437,SO00437,Kuehne + Nagel,TRK-KUE-83880473,"Chicago, IL, USA","Munich, United Kingdom",In Transit,2026-01-21,,1469.48
SHIP00438,SO00438,Kuehne + Nagel,TRK-KUE-63555255,"Toronto, Canada","Munich, Germany",Delivered,2025-12-13,2025-12-12,493.97
SHIP00439,SO00439,UPS Supply Chain,TRK-UPS-22781125,"Guadalajara, Mexico","Dallas, United States",Delivered,2026-02-11,2026-02-12,1659.81
SHIP00440,SO00440,FedEx Freight,TRK-FED-26791643,"Dallas, TX, USA","Hsinchu, China",Delivered,2025-11-24,2025-12-01,509.29
SHIP00441,SO00441,DHL Express,TRK-DHL-92936902,"Incheon, South Korea","Osaka, India",In Transit,2026-04-26,,1516.21
SHIP00442,SO00442,FedEx Freight,TRK-FED-33262536,"Pune, India","Hsinchu, United States",Preparing,2026-02-12,,1447.54
SHIP00443,SO00443,UPS Supply Chain,TRK-UPS-91928896,"Dallas, TX, USA","Incheon, Taiwan",In Transit,2025-10-25,,891.91
SHIP00444,SO00444,DHL Express,TRK-DHL-53822108,"Pune, India","Osaka, China",In Transit,2026-05-18,,1253.21
SHIP00445,SO00445,DHL Express,TRK-DHL-19160135,"Chicago, IL, USA","Ningbo, Germany",Delivered,2026-03-21,2026-03-22,144.6
SHIP00446,SO00446,Kuehne + Nagel,TRK-KUE-91546067,"Bengaluru, India","Ningbo, China",In Transit,2025-12-06,,53.25
SHIP00447,SO00447,DHL Express,TRK-DHL-99899818,"Rotterdam, Netherlands","Seoul, Canada",Preparing,2025-12-03,,1368.76
SHIP00448,SO00448,DHL Express,TRK-DHL-63889666,"Taipei, Taiwan","Shenzhen, Germany",Delivered,2025-11-19,2025-11-19,376.81
SHIP00449,SO00449,DB Schenker,TRK-DB -46803707,"Yokohama, Japan","Pune, Japan",Delivered,2025-10-02,2025-10-01,278.75
SHIP00450,SO00450,UPS Supply Chain,TRK-UPS-74663913,"Incheon, South Korea","Hamilton, Japan",Delayed,2026-07-19,,459.72
SHIP00451,SO00451,DB Schenker,TRK-DB -38205392,"Melbourne, Australia","Suzhou, Germany",Preparing,2026-05-07,,1011.22
SHIP00452,SO00452,FedEx Freight,TRK-FED-44850297,"Detroit, MI, USA","Suzhou, Mexico",In Transit,2026-01-11,,677.59
SHIP00453,SO00453,Maersk Logistics,TRK-MAE-84733628,"London, UK","Birmingham, Mexico",In Transit,2026-02-14,,1773.24
SHIP00454,SO00454,Kuehne + Nagel,TRK-KUE-59300590,"Stuttgart, Germany","Dortmund, India",Delivered,2025-09-15,2025-09-14,124.21
SHIP00455,SO00455,FedEx Freight,TRK-FED-95511758,"Guadalajara, Mexico","Taipei, Mexico",Delivered,2026-04-30,2026-04-30,831.12
SHIP00456,SO00456,Maersk Logistics,TRK-MAE-90275638,"Incheon, South Korea","Suzhou, Germany",Delivered,2026-03-09,2026-03-09,1380.22
SHIP00457,SO00457,Kuehne + Nagel,TRK-KUE-58958019,"Pune, India","Ningbo, China",In Transit,2025-12-05,,553.17
SHIP00458,SO00458,Kuehne + Nagel,TRK-KUE-16417642,"Los Angeles, CA, USA","Taipei, United Kingdom",Delayed,2026-05-03,,107.44
SHIP00459,SO00459,DHL Express,TRK-DHL-69980123,"London, UK","Ningbo, China",Delivered,2026-04-29,2026-04-30,466.92
SHIP00460,SO00460,FedEx Freight,TRK-FED-42754690,"Shenzhen, China","Querétaro, Japan",Delivered,2026-05-02,2026-05-02,1393.51
SHIP00461,SO00461,UPS Supply Chain,TRK-UPS-80534139,"Osaka, Japan","Chicago, Japan",Delivered,2026-06-28,2026-06-29,1054.46
SHIP00462,SO00462,UPS Supply Chain,TRK-UPS-48427699,"Frankfurt, Germany","Shenzhen, Taiwan",Delivered,2025-12-15,2025-12-16,1757.53
SHIP00463,SO00463,DB Schenker,TRK-DB -47386365,"Tokyo, Japan","Detroit, Germany",Delivered,2026-06-01,2026-05-31,969.42
SHIP00464,SO00464,UPS Supply Chain,TRK-UPS-15172676,"Seattle, WA, USA","Birmingham, Mexico",Delayed,2025-10-09,,473.31
SHIP00465,SO00465,Kuehne + Nagel,TRK-KUE-42612934,"Tokyo, Japan","Hamilton, United Kingdom",Delivered,2026-06-20,2026-06-19,1710.02
SHIP00466,SO00466,UPS Supply Chain,TRK-UPS-22461095,"Toronto, Canada","Dallas, United States",Delivered,2026-01-19,2026-01-20,1701.73
SHIP00467,SO00467,Kuehne + Nagel,TRK-KUE-92855952,"Yokohama, Japan","Suzhou, Germany",Delivered,2026-06-11,2026-06-12,1274.19
SHIP00468,SO00468,UPS Supply Chain,TRK-UPS-55426338,"Seattle, WA, USA","Hai Phong, China",Delivered,2026-07-22,2026-07-21,919.72
SHIP00469,SO00469,UPS Supply Chain,TRK-UPS-31387835,"London, UK","Hamilton, India",Preparing,2026-04-16,,223.05
SHIP00470,SO00470,UPS Supply Chain,TRK-UPS-52937661,"Guadalajara, Mexico","Dallas, Germany",Delayed,2026-01-15,,1495.63
SHIP00471,SO00471,UPS Supply Chain,TRK-UPS-31780085,"Frankfurt, Germany","Osaka, Germany",Delivered,2026-05-27,2026-05-27,781.74
SHIP00472,SO00472,UPS Supply Chain,TRK-UPS-91064561,"Bengaluru, India","Taipei, China",Delivered,2025-12-10,2025-12-11,1849.42
SHIP00473,SO00473,DHL Express,TRK-DHL-32606013,"Atlanta, GA, USA","Tokyo, Mexico",Delivered,2025-11-23,2025-11-24,1060.95
SHIP00474,SO00474,UPS Supply Chain,TRK-UPS-46746554,"Dallas, TX, USA","Osaka, Vietnam",Delivered,2026-03-04,2026-03-03,1182.36
SHIP00475,SO00475,DB Schenker,TRK-DB -76354281,"Chicago, IL, USA","Suzhou, South Korea",In Transit,2026-01-14,,595.38
SHIP00476,SO00476,UPS Supply Chain,TRK-UPS-14888594,"Rotterdam, Netherlands","Birmingham, Mexico",In Transit,2026-02-09,,707.35
SHIP00477,SO00477,DHL Express,TRK-DHL-25239735,"Dallas, TX, USA","Dortmund, India",Delivered,2026-01-24,2026-01-24,526.41
SHIP00478,SO00478,Maersk Logistics,TRK-MAE-68597453,"Tokyo, Japan","Hamilton, United States",Delivered,2026-02-07,2026-02-08,992.05
SHIP00479,SO00479,Maersk Logistics,TRK-MAE-89757596,"Chicago, IL, USA","Pune, China",Preparing,2026-01-09,,1439.11
SHIP00480,SO00480,Maersk Logistics,TRK-MAE-48888348,"Bengaluru, India","Shenzhen, China",Delivered,2026-07-09,2026-07-10,1683.55
SHIP00481,SO00481,UPS Supply Chain,TRK-UPS-56548927,"Los Angeles, CA, USA","Seoul, Japan",Preparing,2026-02-16,,786.74
SHIP00482,SO00482,Kuehne + Nagel,TRK-KUE-49829811,Singapore,"Hamilton, United States",Delivered,2026-04-18,2026-04-18,112.75
SHIP00483,SO00483,DHL Express,TRK-DHL-99451722,"Osaka, Japan","Incheon, Canada",Delivered,2025-09-13,2025-09-12,1455.52
SHIP00484,SO00484,DB Schenker,TRK-DB -37355929,"Frankfurt, Germany","Shenzhen, Canada",In Transit,2026-05-25,,829.0
SHIP00485,SO00485,FedEx Freight,TRK-FED-82832665,"Yokohama, Japan","Hai Phong, Vietnam",In Transit,2025-11-06,,257.69
SHIP00486,SO00486,DHL Express,TRK-DHL-14333986,"Toronto, Canada","Chicago, United States",Delivered,2026-04-21,2026-04-29,590.09
SHIP00487,SO00487,DB Schenker,TRK-DB -82859707,"Melbourne, Australia","Chicago, United States",Delivered,2025-12-17,2025-12-16,702.11
SHIP00488,SO00488,FedEx Freight,TRK-FED-29790915,"Yokohama, Japan","Ningbo, United States",In Transit,2025-09-17,,759.16
SHIP00489,SO00489,UPS Supply Chain,TRK-UPS-19078777,"Incheon, South Korea","Dallas, Mexico",Delivered,2026-02-28,2026-02-27,1245.01
SHIP00490,SO00490,FedEx Freight,TRK-FED-41046495,"Shenzhen, China","Incheon, Japan",Delivered,2026-01-26,2026-02-03,432.61
SHIP00491,SO00491,DB Schenker,TRK-DB -35975441,"Seattle, WA, USA","Dallas, Germany",Delayed,2025-11-27,,1718.53
SHIP00492,SO00492,DB Schenker,TRK-DB -19879307,"Yokohama, Japan","Nagoya, Vietnam",Delivered,2026-05-05,2026-05-06,1128.62
SHIP00493,SO00493,FedEx Freight,TRK-FED-45094012,"Monterrey, Mexico","Seoul, Taiwan",Delivered,2026-04-17,2026-04-17,875.98
SHIP00494,SO00494,UPS Supply Chain,TRK-UPS-42303041,"Hamburg, Germany","Monterrey, United States",Delivered,2025-12-23,2025-12-23,534.27
SHIP00495,SO00495,Kuehne + Nagel,TRK-KUE-66007866,"Guadalajara, Mexico","Pune, United States",Delayed,2026-07-14,,1462.23
SHIP00496,SO00496,DB Schenker,TRK-DB -56887708,"Monterrey, Mexico","Birmingham, Taiwan",Delivered,2026-04-15,2026-04-16,501.71
SHIP00497,SO00497,Maersk Logistics,TRK-MAE-45922103,"Toronto, Canada","Chicago, Vietnam",Preparing,2025-12-27,,713.56
SHIP00498,SO00498,FedEx Freight,TRK-FED-96516455,"Rotterdam, Netherlands","Nagoya, Taiwan",Delivered,2026-01-30,2026-01-30,703.53
SHIP00499,SO00499,FedEx Freight,TRK-FED-19362330,"Guadalajara, Mexico","Seoul, Germany",Delivered,2025-10-03,2025-10-02,457.44
SHIP00500,SO00500,UPS Supply Chain,TRK-UPS-26581105,"Osaka, Japan","Birmingham, United States",Preparing,2026-03-27,,1608.93
SHIP00501,SO00501,UPS Supply Chain,TRK-UPS-58975503,"Frankfurt, Germany","Munich, South Korea",Delivered,2026-03-02,2026-03-02,1452.37
SHIP00502,SO00502,DHL Express,TRK-DHL-26793957,"Pune, India","Bengaluru, Mexico",Delivered,2026-03-12,2026-03-15,920.19
SHIP00503,SO00503,DHL Express,TRK-DHL-40431684,"Shenzhen, China","Monterrey, Canada",Delivered,2025-10-29,2025-10-29,1245.18
SHIP00504,SO00504,Maersk Logistics,TRK-MAE-85365930,"Dallas, TX, USA","Pune, Mexico",Delivered,2026-05-18,2026-05-19,904.17
SHIP00505,SO00505,Kuehne + Nagel,TRK-KUE-66819873,"Incheon, South Korea","Birmingham, Japan",Delivered,2026-03-29,2026-03-29,602.5
SHIP00506,SO00506,Kuehne + Nagel,TRK-KUE-99266001,"Guadalajara, Mexico","Taipei, Japan",Delayed,2025-12-27,,1388.15
SHIP00507,SO00507,DB Schenker,TRK-DB -24985247,"Pune, India","Chicago, Mexico",Delivered,2026-04-05,2026-04-05,1515.85
SHIP00508,SO00508,DHL Express,TRK-DHL-50464124,"Melbourne, Australia","Munich, Germany",Delivered,2026-02-24,2026-02-23,1686.02
SHIP00509,SO00509,FedEx Freight,TRK-FED-54570388,"Chicago, IL, USA","Hamilton, Vietnam",Preparing,2025-09-29,,1410.91
SHIP00510,SO00510,Maersk Logistics,TRK-MAE-70600309,"Yokohama, Japan","Shenzhen, United States",Delivered,2025-12-07,2025-12-07,1032.12
SHIP00511,SO00511,DHL Express,TRK-DHL-67610675,"Detroit, MI, USA","Nagoya, United States",Delivered,2026-05-06,2026-05-07,1583.06
SHIP00512,SO00512,FedEx Freight,TRK-FED-41496184,"Taipei, Taiwan","Ningbo, China",Delivered,2026-05-11,2026-05-11,1296.12
SHIP00513,SO00513,DHL Express,TRK-DHL-32065257,"Yokohama, Japan","Hsinchu, Vietnam",Preparing,2025-11-09,,1672.16
SHIP00514,SO00514,Kuehne + Nagel,TRK-KUE-38130422,"Pune, India","Osaka, Taiwan",Delivered,2026-01-22,2026-01-22,153.09
SHIP00515,SO00515,Maersk Logistics,TRK-MAE-64687805,"Taipei, Taiwan","Hai Phong, Germany",Delivered,2025-10-13,2025-10-12,1502.41
SHIP00516,SO00516,DB Schenker,TRK-DB -68123736,"Yokohama, Japan","Nagoya, China",In Transit,2025-12-19,,1162.59
SHIP00517,SO00517,Kuehne + Nagel,TRK-KUE-94638531,"Toronto, Canada","Hsinchu, Japan",Delayed,2026-05-09,,902.52
SHIP00518,SO00518,Kuehne + Nagel,TRK-KUE-45175460,"Melbourne, Australia","Pune, United States",In Transit,2026-06-18,,776.19
SHIP00519,SO00519,Kuehne + Nagel,TRK-KUE-20962889,"Atlanta, GA, USA","Ningbo, United States",Delivered,2026-02-09,2026-02-08,54.39
SHIP00520,SO00520,DHL Express,TRK-DHL-77528882,"Los Angeles, CA, USA","Tokyo, United States",Delivered,2025-10-12,2025-10-12,1299.63
SHIP00521,SO00521,UPS Supply Chain,TRK-UPS-41465697,"Seattle, WA, USA","Stuttgart, Germany",Delivered,2025-09-23,2025-09-22,90.86
SHIP00522,SO00522,UPS Supply Chain,TRK-UPS-79872521,"Seattle, WA, USA","Dortmund, Japan",In Transit,2026-03-23,,458.86
SHIP00523,SO00523,Kuehne + Nagel,TRK-KUE-87027893,"Seattle, WA, USA","Incheon, Vietnam",Preparing,2025-10-28,,698.88
SHIP00524,SO00524,FedEx Freight,TRK-FED-67208425,"Rotterdam, Netherlands","Tokyo, South Korea",Delivered,2026-03-09,2026-03-10,1676.94
SHIP00525,SO00525,DB Schenker,TRK-DB -75703151,"Rotterdam, Netherlands","Seoul, India",Delivered,2025-09-12,2025-09-13,711.87
SHIP00526,SO00526,FedEx Freight,TRK-FED-21169415,"Rotterdam, Netherlands","Suzhou, Canada",Preparing,2026-05-16,,1372.24
SHIP00527,SO00527,FedEx Freight,TRK-FED-49517079,"Pune, India","Shenzhen, Mexico",Preparing,2026-03-13,,1032.54
SHIP00528,SO00528,Maersk Logistics,TRK-MAE-62524230,"Bengaluru, India","Hamilton, Germany",In Transit,2026-01-11,,1730.5
SHIP00529,SO00529,DHL Express,TRK-DHL-61702885,"Rotterdam, Netherlands","Munich, China",Delivered,2026-01-31,2026-02-01,1682.37
SHIP00530,SO00530,DHL Express,TRK-DHL-36270426,"Toronto, Canada","Seoul, Japan",Delayed,2026-06-19,,1312.75
SHIP00531,SO00531,Kuehne + Nagel,TRK-KUE-77088295,Singapore,"Chicago, Canada",Preparing,2026-07-17,,176.64
SHIP00532,SO00532,Kuehne + Nagel,TRK-KUE-46636880,"Yokohama, Japan","Osaka, Taiwan",Delivered,2026-02-03,2026-02-04,1411.0
SHIP00533,SO00533,Kuehne + Nagel,TRK-KUE-65140655,"Hamburg, Germany","Seoul, South Korea",Delivered,2026-06-04,2026-06-12,1764.5
SHIP00534,SO00534,Kuehne + Nagel,TRK-KUE-49574590,"Shenzhen, China","Tokyo, South Korea",Delayed,2026-05-03,,1410.03
SHIP00535,SO00535,DB Schenker,TRK-DB -72652114,"Munich, Germany","Monterrey, China",In Transit,2026-03-14,,83.73
SHIP00536,SO00536,Kuehne + Nagel,TRK-KUE-38533956,"Munich, Germany","Dortmund, Japan",In Transit,2026-01-08,,1628.97
SHIP00537,SO00537,Kuehne + Nagel,TRK-KUE-24217027,"Osaka, Japan","Munich, Germany",In Transit,2026-03-31,,241.44
SHIP00538,SO00538,Kuehne + Nagel,TRK-KUE-98551659,"Seattle, WA, USA","Birmingham, Japan",In Transit,2026-05-16,,1789.14
SHIP00539,SO00539,UPS Supply Chain,TRK-UPS-62182828,"Incheon, South Korea","Suzhou, Germany",Delivered,2025-11-11,2025-11-11,818.6
SHIP00540,SO00540,FedEx Freight,TRK-FED-75439182,"Rotterdam, Netherlands","Pune, Taiwan",Delivered,2026-02-18,2026-02-18,1075.71
SHIP00541,SO00541,DHL Express,TRK-DHL-18192572,"Detroit, MI, USA","Ningbo, India",Delivered,2026-05-13,2026-05-14,1382.11
SHIP00542,SO00542,UPS Supply Chain,TRK-UPS-68784479,"Stuttgart, Germany","Tokyo, Mexico",In Transit,2026-04-16,,1000.8
SHIP00543,SO00543,FedEx Freight,TRK-FED-90668314,"Frankfurt, Germany","Bengaluru, Germany",In Transit,2026-01-03,,633.54
SHIP00544,SO00544,FedEx Freight,TRK-FED-14720364,"Seattle, WA, USA","Stuttgart, China",In Transit,2026-03-09,,422.93
SHIP00545,SO00545,UPS Supply Chain,TRK-UPS-23969285,"Pune, India","Incheon, Germany",In Transit,2025-09-19,,1799.72
SHIP00546,SO00546,DHL Express,TRK-DHL-95035210,"Toronto, Canada","Tokyo, United States",Delivered,2025-09-18,2025-09-17,1394.82
SHIP00547,SO00547,FedEx Freight,TRK-FED-66704646,"Munich, Germany","Tokyo, Mexico",Delivered,2025-10-05,2025-10-04,431.71
SHIP00548,SO00548,DB Schenker,TRK-DB -86273431,"Tokyo, Japan","Dortmund, United Kingdom",Delivered,2025-11-19,2025-11-20,605.67
SHIP00549,SO00549,UPS Supply Chain,TRK-UPS-30261981,"Hamburg, Germany","Birmingham, China",Delivered,2026-06-14,2026-06-20,1026.29
SHIP00550,SO00550,Maersk Logistics,TRK-MAE-59639971,"Taipei, Taiwan","Shenzhen, Japan",Delivered,2026-06-18,2026-06-17,771.0
SHIP00551,SO00551,UPS Supply Chain,TRK-UPS-32416221,"Hamburg, Germany","Chicago, Vietnam",In Transit,2026-02-15,,1750.48
SHIP00552,SO00552,FedEx Freight,TRK-FED-22976295,"Chicago, IL, USA","Taipei, Mexico",Delivered,2026-05-03,2026-05-03,527.51
SHIP00553,SO00553,Kuehne + Nagel,TRK-KUE-15629260,"Yokohama, Japan","Incheon, Japan",In Transit,2026-05-20,,1357.21
SHIP00554,SO00554,Kuehne + Nagel,TRK-KUE-94364189,"Guadalajara, Mexico","Munich, China",In Transit,2025-10-07,,355.85
SHIP00555,SO00555,DHL Express,TRK-DHL-26065136,"Toronto, Canada","Tokyo, Vietnam",Delivered,2026-05-31,2026-06-04,1362.81
SHIP00556,SO00556,Maersk Logistics,TRK-MAE-95340813,"Frankfurt, Germany","Nagoya, United States",In Transit,2026-01-20,,657.75
SHIP00557,SO00557,DB Schenker,TRK-DB -83087244,"Rotterdam, Netherlands","Hai Phong, Mexico",Delayed,2026-02-06,,1474.01
SHIP00558,SO00558,UPS Supply Chain,TRK-UPS-99156682,"Stuttgart, Germany","Hsinchu, Vietnam",Delivered,2025-11-27,2025-11-28,1834.19
SHIP00559,SO00559,UPS Supply Chain,TRK-UPS-95946797,"Tokyo, Japan","Munich, China",Delivered,2026-01-21,2026-01-20,1090.33
SHIP00560,SO00560,Kuehne + Nagel,TRK-KUE-64111481,"Tokyo, Japan","Ningbo, Japan",Preparing,2026-02-05,,1262.01
SHIP00561,SO00561,DHL Express,TRK-DHL-79013189,"Tokyo, Japan","Ningbo, Taiwan",In Transit,2026-05-28,,1828.29
SHIP00562,SO00562,UPS Supply Chain,TRK-UPS-85811047,"Taipei, Taiwan","Nagoya, Mexico",Delivered,2025-12-27,2025-12-26,959.46
SHIP00563,SO00563,DB Schenker,TRK-DB -94399158,"Atlanta, GA, USA","Detroit, South Korea",Delayed,2026-04-10,,849.15
SHIP00564,SO00564,Kuehne + Nagel,TRK-KUE-75210330,"Rotterdam, Netherlands","Bengaluru, Taiwan",Preparing,2026-01-12,,362.01
SHIP00565,SO00565,Maersk Logistics,TRK-MAE-68287879,"Dallas, TX, USA","Chicago, China",Preparing,2025-12-29,,662.96
SHIP00566,SO00566,Kuehne + Nagel,TRK-KUE-89147353,"Melbourne, Australia","Monterrey, Mexico",Delivered,2026-03-14,2026-03-15,1406.16
SHIP00567,SO00567,Kuehne + Nagel,TRK-KUE-97838691,"Shenzhen, China","Munich, Germany",Preparing,2025-10-15,,451.05
SHIP00568,SO00568,Maersk Logistics,TRK-MAE-11544315,"Incheon, South Korea","Pune, South Korea",Preparing,2025-11-18,,185.51
SHIP00569,SO00569,DHL Express,TRK-DHL-95264433,"Yokohama, Japan","Ningbo, Germany",Returned,2026-06-26,2026-07-03,696.14
SHIP00570,SO00570,DB Schenker,TRK-DB -68256229,"Dallas, TX, USA","Chicago, China",Delivered,2025-12-16,2025-12-17,934.89
SHIP00571,SO00571,Kuehne + Nagel,TRK-KUE-17655732,"Chicago, IL, USA","Querétaro, Mexico",Delivered,2026-03-31,2026-04-01,395.37
SHIP00572,SO00572,FedEx Freight,TRK-FED-98652533,"Rotterdam, Netherlands","Hamilton, South Korea",Delivered,2026-02-18,2026-02-19,1085.96
SHIP00573,SO00573,DHL Express,TRK-DHL-36621695,"Osaka, Japan","Taipei, Japan",Delivered,2026-02-14,2026-02-14,202.4
SHIP00574,SO00574,Maersk Logistics,TRK-MAE-42483284,"Tokyo, Japan","Dortmund, Taiwan",Delivered,2026-04-06,2026-04-07,414.4
SHIP00575,SO00575,Kuehne + Nagel,TRK-KUE-47192797,"Osaka, Japan","Seoul, United States",Delivered,2025-09-24,2025-10-01,178.45
SHIP00576,SO00576,Kuehne + Nagel,TRK-KUE-43987117,"Yokohama, Japan","Shenzhen, Germany",Preparing,2026-05-19,,1766.92
SHIP00577,SO00577,DB Schenker,TRK-DB -74851537,"Bengaluru, India","Taipei, South Korea",In Transit,2026-05-08,,680.13
SHIP00578,SO00578,FedEx Freight,TRK-FED-68375370,"Monterrey, Mexico","Bengaluru, China",Preparing,2025-10-25,,325.04
SHIP00579,SO00579,UPS Supply Chain,TRK-UPS-82562814,"Stuttgart, Germany","Chicago, South Korea",In Transit,2026-01-28,,942.65
SHIP00580,SO00580,UPS Supply Chain,TRK-UPS-40651458,"Osaka, Japan","Pune, United States",In Transit,2026-06-20,,1494.16
SHIP00581,SO00581,FedEx Freight,TRK-FED-61314092,"Yokohama, Japan","Dortmund, South Korea",In Transit,2026-04-14,,258.21
SHIP00582,SO00582,Maersk Logistics,TRK-MAE-10071311,"Detroit, MI, USA","Bengaluru, South Korea",Preparing,2026-04-13,,1107.53
SHIP00583,SO00583,DB Schenker,TRK-DB -13213087,"Atlanta, GA, USA","Pune, China",Delivered,2025-11-30,2025-11-29,1327.8
SHIP00584,SO00584,Kuehne + Nagel,TRK-KUE-69463019,"Yokohama, Japan","Chicago, Germany",Delivered,2026-05-23,2026-05-23,882.51
SHIP00585,SO00585,Kuehne + Nagel,TRK-KUE-74713358,"Bengaluru, India","Suzhou, South Korea",Delivered,2026-03-22,2026-03-22,1747.67
SHIP00586,SO00586,DB Schenker,TRK-DB -53228796,"Frankfurt, Germany","Osaka, India",Delivered,2026-01-21,2026-01-21,50.41
SHIP00587,SO00587,DB Schenker,TRK-DB -38664910,"Frankfurt, Germany","Taipei, Japan",Delayed,2025-12-18,,411.49
SHIP00588,SO00588,FedEx Freight,TRK-FED-52981780,Singapore,"Stuttgart, Germany",Delayed,2025-10-13,,1584.21
SHIP00589,SO00589,DB Schenker,TRK-DB -97186314,"Detroit, MI, USA","Bengaluru, Japan",Delivered,2025-10-02,2025-10-03,402.17
SHIP00590,SO00590,DHL Express,TRK-DHL-95074009,"Rotterdam, Netherlands","Hai Phong, Germany",In Transit,2025-10-11,,852.21
SHIP00591,SO00591,Maersk Logistics,TRK-MAE-81313077,"Tokyo, Japan","Stuttgart, United States",In Transit,2026-07-15,,1113.84
SHIP00592,SO00592,Kuehne + Nagel,TRK-KUE-43793645,"Stuttgart, Germany","Hsinchu, China",Delivered,2026-03-03,2026-03-02,1042.35
SHIP00593,SO00593,Maersk Logistics,TRK-MAE-50823735,"Osaka, Japan","Chicago, China",Delivered,2026-05-29,2026-05-28,936.22
SHIP00594,SO00594,Kuehne + Nagel,TRK-KUE-18457887,"Atlanta, GA, USA","Chicago, Japan",Delivered,2025-12-16,2025-12-16,1414.24
SHIP00595,SO00595,Maersk Logistics,TRK-MAE-77353825,"Bengaluru, India","Hai Phong, United States",Delivered,2026-03-31,2026-04-01,1150.92
SHIP00596,SO00596,DB Schenker,TRK-DB -21753638,"Los Angeles, CA, USA","Osaka, Germany",Delayed,2026-02-09,,1676.57
SHIP00597,SO00597,DB Schenker,TRK-DB -32365137,"Guadalajara, Mexico","Munich, Canada",Delivered,2026-05-03,2026-05-03,161.29
SHIP00598,SO00598,Maersk Logistics,TRK-MAE-62792673,"Chicago, IL, USA","Osaka, India",Delivered,2026-06-01,2026-06-01,1121.29
SHIP00599,SO00599,FedEx Freight,TRK-FED-84337676,"Osaka, Japan","Hai Phong, Germany",Delivered,2025-12-03,2025-12-02,129.89
SHIP00600,SO00600,Kuehne + Nagel,TRK-KUE-90995686,"Hamburg, Germany","Chicago, India",Delivered,2026-05-24,2026-05-25,1006.6
SHIP00601,SO00601,UPS Supply Chain,TRK-UPS-51201086,"Los Angeles, CA, USA","Birmingham, China",Delivered,2026-03-19,2026-03-27,337.13
SHIP00602,SO00602,UPS Supply Chain,TRK-UPS-14059489,"Incheon, South Korea","Suzhou, Mexico",Delivered,2026-04-28,2026-04-28,601.5
SHIP00603,SO00603,DHL Express,TRK-DHL-99364255,"Chicago, IL, USA","Suzhou, China",In Transit,2026-03-12,,1245.16
SHIP00604,SO00604,DHL Express,TRK-DHL-86089245,"Pune, India","Chicago, United Kingdom",Delivered,2026-04-24,2026-04-23,1450.06
SHIP00605,SO00605,FedEx Freight,TRK-FED-57716501,"Tokyo, Japan","Dallas, Taiwan",Delayed,2026-03-14,,1702.17
SHIP00606,SO00606,Kuehne + Nagel,TRK-KUE-59191782,"Stuttgart, Germany","Munich, Taiwan",Delivered,2026-04-23,2026-04-22,126.91
SHIP00607,SO00607,UPS Supply Chain,TRK-UPS-76884665,"Tokyo, Japan","Monterrey, Japan",Preparing,2026-06-13,,737.12
SHIP00608,SO00608,Kuehne + Nagel,TRK-KUE-17174468,"Incheon, South Korea","Tokyo, United Kingdom",Delayed,2026-05-31,,301.34
SHIP00609,SO00609,DHL Express,TRK-DHL-78403503,"Detroit, MI, USA","Detroit, Taiwan",Delivered,2025-11-04,2025-11-05,944.14
SHIP00610,SO00610,Kuehne + Nagel,TRK-KUE-62679839,"Frankfurt, Germany","Querétaro, China",In Transit,2025-10-14,,1321.97
SHIP00611,SO00611,Maersk Logistics,TRK-MAE-47427202,"Taipei, Taiwan","Pune, India",Preparing,2026-03-31,,1686.19
SHIP00612,SO00612,FedEx Freight,TRK-FED-67241211,"Atlanta, GA, USA","Suzhou, Taiwan",Delivered,2025-09-20,2025-09-20,949.02
SHIP00613,SO00613,Kuehne + Nagel,TRK-KUE-52537841,"Shenzhen, China","Shenzhen, India",In Transit,2026-04-21,,1485.46
SHIP00614,SO00614,UPS Supply Chain,TRK-UPS-92193709,"Yokohama, Japan","Munich, Taiwan",In Transit,2025-11-16,,605.71
SHIP00615,SO00615,UPS Supply Chain,TRK-UPS-18510118,"Munich, Germany","Nagoya, South Korea",Delivered,2026-04-15,2026-04-16,695.39
SHIP00616,SO00616,DB Schenker,TRK-DB -69067426,"Munich, Germany","Bengaluru, Japan",Delivered,2026-03-13,2026-03-15,1282.69
SHIP00617,SO00617,Maersk Logistics,TRK-MAE-22302665,"Monterrey, Mexico","Stuttgart, Mexico",Delayed,2025-10-22,,730.01
SHIP00618,SO00618,DHL Express,TRK-DHL-53646373,"Yokohama, Japan","Hamilton, United States",Delivered,2026-05-29,2026-05-30,805.67
SHIP00619,SO00619,Kuehne + Nagel,TRK-KUE-68769035,"Seattle, WA, USA","Ningbo, Mexico",Delayed,2025-09-18,,445.53
SHIP00620,SO00620,FedEx Freight,TRK-FED-53163073,"Incheon, South Korea","Seoul, United States",Delayed,2025-12-16,,1735.63
SHIP00621,SO00621,DHL Express,TRK-DHL-36324361,"Guadalajara, Mexico","Tokyo, United States",Delivered,2026-06-04,2026-06-03,850.21
SHIP00622,SO00622,DHL Express,TRK-DHL-68137927,"Hamburg, Germany","Dortmund, India",Delivered,2026-06-04,2026-06-04,1279.4
SHIP00623,SO00623,Kuehne + Nagel,TRK-KUE-97542803,"Melbourne, Australia","Bengaluru, Japan",In Transit,2025-11-19,,1616.72
SHIP00624,SO00624,Maersk Logistics,TRK-MAE-64791535,"Munich, Germany","Incheon, Japan",Delivered,2025-12-25,2025-12-24,1698.75
SHIP00625,SO00625,UPS Supply Chain,TRK-UPS-12204350,"Yokohama, Japan","Pune, China",Delayed,2025-09-24,,160.34
SHIP00626,SO00626,FedEx Freight,TRK-FED-57386543,"Munich, Germany","Incheon, Japan",In Transit,2025-11-06,,1582.65
SHIP00627,SO00627,Maersk Logistics,TRK-MAE-92107050,"Shenzhen, China","Dallas, United States",Delivered,2025-11-26,2025-11-26,975.03
SHIP00628,SO00628,UPS Supply Chain,TRK-UPS-38190985,"Rotterdam, Netherlands","Taipei, Germany",Delivered,2026-05-13,2026-05-12,1393.17
SHIP00629,SO00629,UPS Supply Chain,TRK-UPS-42945634,"Melbourne, Australia","Osaka, China",Delivered,2026-05-20,2026-05-19,1783.4
SHIP00630,SO00630,Kuehne + Nagel,TRK-KUE-11980934,"Melbourne, Australia","Dortmund, India",Delivered,2026-01-31,2026-01-31,823.05
SHIP00631,SO00631,Maersk Logistics,TRK-MAE-40301842,"Guadalajara, Mexico","Osaka, China",Delivered,2025-12-20,2025-12-21,675.75
SHIP00632,SO00632,FedEx Freight,TRK-FED-52758488,"Bengaluru, India","Suzhou, Japan",Delivered,2026-02-10,2026-02-11,443.55
SHIP00633,SO00633,DHL Express,TRK-DHL-48579148,"Seattle, WA, USA","Munich, China",In Transit,2026-02-14,,540.16
SHIP00634,SO00634,Maersk Logistics,TRK-MAE-13433507,"Incheon, South Korea","Seoul, Japan",Delivered,2025-11-23,2025-11-24,911.81
SHIP00635,SO00635,FedEx Freight,TRK-FED-27295020,Singapore,"Chicago, South Korea",Delivered,2025-09-13,2025-09-12,1284.8
SHIP00636,SO00636,Maersk Logistics,TRK-MAE-86984645,"Seattle, WA, USA","Dortmund, India",Delivered,2026-05-22,2026-05-27,396.54
SHIP00637,SO00637,Kuehne + Nagel,TRK-KUE-46029082,"Los Angeles, CA, USA","Ningbo, India",Delivered,2026-04-22,2026-04-22,890.87
SHIP00638,SO00638,Maersk Logistics,TRK-MAE-25055375,"Seattle, WA, USA","Querétaro, China",Delivered,2026-06-30,2026-07-01,1188.37
SHIP00639,SO00639,DB Schenker,TRK-DB -54530613,"Dallas, TX, USA","Shenzhen, United States",Delayed,2025-09-20,,1715.46
SHIP00640,SO00640,Kuehne + Nagel,TRK-KUE-43169631,"Monterrey, Mexico","Detroit, Vietnam",Delivered,2026-02-21,2026-02-20,237.63
SHIP00641,SO00641,FedEx Freight,TRK-FED-70041049,Singapore,"Ningbo, India",Delivered,2025-11-29,2025-11-29,1507.94
SHIP00642,SO00642,UPS Supply Chain,TRK-UPS-33574539,"Atlanta, GA, USA","Incheon, Germany",Delivered,2026-03-10,2026-03-10,1479.69
SHIP00643,SO00643,UPS Supply Chain,TRK-UPS-37412732,"Hamburg, Germany","Seoul, Taiwan",Delivered,2026-06-26,2026-06-26,1572.27
SHIP00644,SO00644,DHL Express,TRK-DHL-57702720,"Rotterdam, Netherlands","Incheon, India",In Transit,2025-11-05,,1093.57
SHIP00645,SO00645,Kuehne + Nagel,TRK-KUE-37856033,"Munich, Germany","Querétaro, India",Delivered,2025-10-14,2025-10-14,1105.43
SHIP00646,SO00646,UPS Supply Chain,TRK-UPS-33747952,"Guadalajara, Mexico","Munich, Japan",Delivered,2026-07-11,2026-07-10,1350.28
SHIP00647,SO00647,Maersk Logistics,TRK-MAE-70696276,"London, UK","Monterrey, Taiwan",In Transit,2026-06-12,,854.41
SHIP00648,SO00648,Maersk Logistics,TRK-MAE-12559800,"London, UK","Pune, China",Delivered,2026-07-07,2026-07-07,84.86
SHIP00649,SO00649,FedEx Freight,TRK-FED-51378464,"Dallas, TX, USA","Chicago, Germany",Delayed,2025-12-23,,821.37
SHIP00650,SO00650,DHL Express,TRK-DHL-31230283,"Munich, Germany","Dallas, China",Delivered,2025-10-29,2025-10-30,777.43
SHIP00651,SO00651,FedEx Freight,TRK-FED-93971549,"Pune, India","Taipei, Mexico",Preparing,2025-09-20,,1155.16
SHIP00652,SO00652,DB Schenker,TRK-DB -63376820,"Hamburg, Germany","Hsinchu, India",In Transit,2026-05-11,,1651.06
SHIP00653,SO00653,UPS Supply Chain,TRK-UPS-59756160,"Pune, India","Dortmund, Germany",In Transit,2025-10-21,,885.61
SHIP00654,SO00654,DB Schenker,TRK-DB -58873429,"Toronto, Canada","Hamilton, Canada",Delivered,2025-12-08,2025-12-08,885.46
SHIP00655,SO00655,Kuehne + Nagel,TRK-KUE-11376221,"Pune, India","Ningbo, United Kingdom",Delivered,2026-06-22,2026-06-23,641.48
SHIP00656,SO00656,DHL Express,TRK-DHL-97491821,"Dallas, TX, USA","Nagoya, Japan",Preparing,2026-06-11,,833.96
SHIP00657,SO00657,Kuehne + Nagel,TRK-KUE-40069363,"Rotterdam, Netherlands","Dallas, South Korea",In Transit,2026-04-15,,302.36
SHIP00658,SO00658,Kuehne + Nagel,TRK-KUE-75810095,"Toronto, Canada","Hamilton, Germany",Delivered,2025-09-25,2025-09-26,790.27
SHIP00659,SO00659,DHL Express,TRK-DHL-72270739,"Hamburg, Germany","Ningbo, Germany",Delivered,2026-01-12,2026-01-13,1810.94
SHIP00660,SO00660,Maersk Logistics,TRK-MAE-48804525,"Atlanta, GA, USA","Hsinchu, Taiwan",Delivered,2025-11-18,2025-11-18,333.58
SHIP00661,SO00661,DB Schenker,TRK-DB -57276263,"Dallas, TX, USA","Tokyo, Germany",Delivered,2025-10-04,2025-10-12,1811.66
SHIP00662,SO00662,Maersk Logistics,TRK-MAE-25019012,"Detroit, MI, USA","Chicago, South Korea",Delivered,2026-05-04,2026-05-03,175.47
SHIP00663,SO00663,DHL Express,TRK-DHL-56739061,"Yokohama, Japan","Ningbo, South Korea",Delivered,2025-10-13,2025-10-20,1735.21
SHIP00664,SO00664,DHL Express,TRK-DHL-98694237,"Munich, Germany","Detroit, Japan",In Transit,2025-11-08,,61.45
SHIP00665,SO00665,Kuehne + Nagel,TRK-KUE-61808955,"Bengaluru, India","Suzhou, Japan",In Transit,2025-12-12,,785.81
SHIP00666,SO00666,Maersk Logistics,TRK-MAE-59784363,"Munich, Germany","Shenzhen, China",In Transit,2026-07-13,,1088.06
SHIP00667,SO00667,DB Schenker,TRK-DB -54705347,"Dallas, TX, USA","Taipei, Japan",Delayed,2026-02-05,,922.15
SHIP00668,SO00668,Kuehne + Nagel,TRK-KUE-18030026,"London, UK","Bengaluru, United States",Delivered,2026-01-23,2026-01-23,1055.82
SHIP00669,SO00669,DB Schenker,TRK-DB -25327587,"Melbourne, Australia","Munich, Mexico",Delivered,2026-04-06,2026-04-07,150.08
SHIP00670,SO00670,Kuehne + Nagel,TRK-KUE-48968756,"Detroit, MI, USA","Ningbo, Germany",Delivered,2026-02-10,2026-02-11,298.15
SHIP00671,SO00671,FedEx Freight,TRK-FED-14476099,"Shenzhen, China","Munich, China",Delivered,2025-10-08,2025-10-08,523.98
SHIP00672,SO00672,DHL Express,TRK-DHL-45705349,"Toronto, Canada","Incheon, Taiwan",In Transit,2025-10-05,,870.18
SHIP00673,SO00673,Kuehne + Nagel,TRK-KUE-54493944,"Munich, Germany","Shenzhen, Germany",Delivered,2026-02-18,2026-02-18,68.17
SHIP00674,SO00674,Kuehne + Nagel,TRK-KUE-49458039,"Atlanta, GA, USA","Birmingham, United Kingdom",Preparing,2025-12-21,,201.28
SHIP00675,SO00675,DB Schenker,TRK-DB -62863850,"Osaka, Japan","Tokyo, China",Delayed,2026-03-17,,226.68
SHIP00676,SO00676,UPS Supply Chain,TRK-UPS-97514403,"Dallas, TX, USA","Shenzhen, United States",In Transit,2025-10-21,,908.61
SHIP00677,SO00677,Kuehne + Nagel,TRK-KUE-45580802,"Dallas, TX, USA","Dortmund, Vietnam",Delayed,2026-04-21,,699.15
SHIP00678,SO00678,UPS Supply Chain,TRK-UPS-38082323,"Chicago, IL, USA","Chicago, United States",Delivered,2026-03-25,2026-03-25,1664.7
SHIP00679,SO00679,Maersk Logistics,TRK-MAE-14426070,"Incheon, South Korea","Monterrey, India",In Transit,2026-05-23,,1422.76
SHIP00680,SO00680,DB Schenker,TRK-DB -14168253,"Toronto, Canada","Dallas, United States",Delivered,2026-06-29,2026-06-30,1420.05
SHIP00681,SO00681,Kuehne + Nagel,TRK-KUE-38054782,"Seattle, WA, USA","Dortmund, Japan",In Transit,2026-01-15,,862.43
SHIP00682,SO00682,Maersk Logistics,TRK-MAE-57012654,"Guadalajara, Mexico","Shenzhen, China",In Transit,2026-04-17,,919.98
SHIP00683,SO00683,Kuehne + Nagel,TRK-KUE-50571287,"Melbourne, Australia","Incheon, United States",Preparing,2026-07-16,,995.88
SHIP00684,SO00684,Kuehne + Nagel,TRK-KUE-24034033,"Dallas, TX, USA","Detroit, Vietnam",Preparing,2026-06-07,,67.24
SHIP00685,SO00685,UPS Supply Chain,TRK-UPS-51090365,"Osaka, Japan","Osaka, South Korea",Preparing,2025-12-11,,1701.97
SHIP00686,SO00686,Kuehne + Nagel,TRK-KUE-70182422,"Hamburg, Germany","Incheon, Germany",Delivered,2026-07-19,2026-07-19,564.48
SHIP00687,SO00687,DB Schenker,TRK-DB -93236454,"Taipei, Taiwan","Hamilton, Japan",Delivered,2025-12-23,2025-12-30,947.23
SHIP00688,SO00688,UPS Supply Chain,TRK-UPS-66110690,"Stuttgart, Germany","Ningbo, Canada",Delivered,2026-06-13,2026-06-14,235.1
SHIP00689,SO00689,FedEx Freight,TRK-FED-73237422,"Stuttgart, Germany","Monterrey, South Korea",In Transit,2026-02-16,,127.2
SHIP00690,SO00690,DB Schenker,TRK-DB -81591593,"Seattle, WA, USA","Osaka, South Korea",In Transit,2026-02-27,,635.12
SHIP00691,SO00691,FedEx Freight,TRK-FED-89293186,"Pune, India","Dallas, United Kingdom",Delivered,2026-03-27,2026-03-28,488.97
SHIP00692,SO00692,UPS Supply Chain,TRK-UPS-67050629,"Atlanta, GA, USA","Hsinchu, Mexico",Delivered,2026-03-17,2026-03-23,678.12
SHIP00693,SO00693,DHL Express,TRK-DHL-61455871,"Taipei, Taiwan","Ningbo, Germany",Preparing,2025-09-16,,1160.38
SHIP00694,SO00694,Kuehne + Nagel,TRK-KUE-37219553,"Stuttgart, Germany","Stuttgart, South Korea",Delivered,2026-04-05,2026-04-05,670.9
SHIP00695,SO00695,DB Schenker,TRK-DB -41194538,"Pune, India","Hai Phong, Japan",Returned,2026-06-29,2026-07-09,1810.42
SHIP00696,SO00696,UPS Supply Chain,TRK-UPS-45663482,"Shenzhen, China","Detroit, Canada",In Transit,2026-02-22,,799.03
SHIP00697,SO00697,DB Schenker,TRK-DB -15412441,"Tokyo, Japan","Suzhou, Germany",Delivered,2025-12-02,2025-12-01,1621.6
SHIP00698,SO00698,FedEx Freight,TRK-FED-34475413,"Osaka, Japan","Bengaluru, Japan",Preparing,2026-02-13,,936.39
SHIP00699,SO00699,DHL Express,TRK-DHL-89367045,Singapore,"Chicago, Germany",Delayed,2026-02-04,,1428.32
SHIP00700,SO00700,DHL Express,TRK-DHL-78975919,"Toronto, Canada","Hsinchu, Mexico",Preparing,2026-05-11,,399.18
SHIP00701,SO00701,Maersk Logistics,TRK-MAE-10753855,"Dallas, TX, USA","Querétaro, United States",In Transit,2026-06-05,,811.4
SHIP00702,SO00702,DHL Express,TRK-DHL-64816262,"Chicago, IL, USA","Birmingham, Mexico",Preparing,2025-10-11,,656.19
SHIP00703,SO00703,UPS Supply Chain,TRK-UPS-89128123,"Los Angeles, CA, USA","Querétaro, China",In Transit,2025-11-22,,1471.11
SHIP00704,SO00704,DB Schenker,TRK-DB -64203802,"Atlanta, GA, USA","Hsinchu, Vietnam",Delivered,2026-04-10,2026-04-11,1141.26
SHIP00705,SO00705,FedEx Freight,TRK-FED-93704683,"Hamburg, Germany","Munich, South Korea",Delivered,2025-11-06,2025-11-05,871.82
SHIP00706,SO00706,DB Schenker,TRK-DB -83748151,"Taipei, Taiwan","Dortmund, Canada",Delivered,2025-09-25,2025-09-24,264.34
SHIP00707,SO00707,Kuehne + Nagel,TRK-KUE-47705523,"Pune, India","Stuttgart, United States",Preparing,2026-05-02,,1463.43
SHIP00708,SO00708,Maersk Logistics,TRK-MAE-96926216,"Frankfurt, Germany","Querétaro, Germany",In Transit,2025-12-27,,349.05
SHIP00709,SO00709,DB Schenker,TRK-DB -91934791,"London, UK","Incheon, South Korea",In Transit,2026-06-22,,624.58
SHIP00710,SO00710,Kuehne + Nagel,TRK-KUE-88718095,"Toronto, Canada","Ningbo, United States",In Transit,2026-05-20,,1222.85
SHIP00711,SO00711,FedEx Freight,TRK-FED-68352858,"Osaka, Japan","Nagoya, Mexico",In Transit,2026-01-13,,1364.1
SHIP00712,SO00712,DHL Express,TRK-DHL-40949213,"Osaka, Japan","Ningbo, Vietnam",Delivered,2026-04-29,2026-04-28,851.68
SHIP00713,SO00713,FedEx Freight,TRK-FED-59566282,"Chicago, IL, USA","Osaka, Japan",Delayed,2026-04-29,,1296.76
SHIP00714,SO00714,DB Schenker,TRK-DB -71599661,"Munich, Germany","Ningbo, China",Returned,2026-04-07,2026-04-15,1603.7
SHIP00715,SO00715,DB Schenker,TRK-DB -34240683,"Tokyo, Japan","Detroit, Taiwan",Delivered,2026-01-22,2026-01-23,951.13
SHIP00716,SO00716,Maersk Logistics,TRK-MAE-96090286,"Taipei, Taiwan","Seoul, China",Delivered,2025-10-20,2025-10-19,1331.2
SHIP00717,SO00717,UPS Supply Chain,TRK-UPS-98232551,"Guadalajara, Mexico","Tokyo, United States",Preparing,2025-12-14,,736.3
SHIP00718,SO00718,UPS Supply Chain,TRK-UPS-43815735,"Osaka, Japan","Stuttgart, South Korea",Delivered,2025-12-22,2025-12-23,1463.42
SHIP00719,SO00719,UPS Supply Chain,TRK-UPS-56721660,"Munich, Germany","Dortmund, Germany",Delivered,2026-04-02,2026-04-09,1624.06
SHIP00720,SO00720,UPS Supply Chain,TRK-UPS-81725861,"Melbourne, Australia","Nagoya, United States",Delayed,2026-04-02,,1518.77
SHIP00721,SO00721,DHL Express,TRK-DHL-14222297,"Atlanta, GA, USA","Nagoya, Japan",Delivered,2026-03-24,2026-03-25,1216.07
SHIP00722,SO00722,Kuehne + Nagel,TRK-KUE-64486968,"Los Angeles, CA, USA","Monterrey, Japan",In Transit,2025-12-19,,762.48
SHIP00723,SO00723,DHL Express,TRK-DHL-69723375,"Frankfurt, Germany","Hai Phong, Vietnam",Delivered,2026-04-28,2026-04-27,1577.05
SHIP00724,SO00724,FedEx Freight,TRK-FED-32544927,"Hamburg, Germany","Taipei, United States",Delivered,2026-04-21,2026-04-22,729.2
SHIP00725,SO00725,Maersk Logistics,TRK-MAE-82932385,"Guadalajara, Mexico","Chicago, Germany",Delivered,2026-07-08,2026-07-07,1835.77
SHIP00726,SO00726,DHL Express,TRK-DHL-39395837,"Seattle, WA, USA","Querétaro, South Korea",Returned,2025-11-30,2025-12-09,1842.71
SHIP00727,SO00727,Kuehne + Nagel,TRK-KUE-93441902,"Seattle, WA, USA","Detroit, China",Delivered,2025-10-13,2025-10-13,1742.63
SHIP00728,SO00728,Maersk Logistics,TRK-MAE-71085677,"Chicago, IL, USA","Hai Phong, Germany",Delivered,2025-10-26,2025-10-26,1649.2
SHIP00729,SO00729,Kuehne + Nagel,TRK-KUE-95739202,"Osaka, Japan","Incheon, Mexico",Preparing,2025-11-29,,88.82
SHIP00730,SO00730,Kuehne + Nagel,TRK-KUE-16983260,"Bengaluru, India","Chicago, Mexico",Delivered,2026-05-26,2026-05-25,633.78
SHIP00731,SO00731,DHL Express,TRK-DHL-29345809,"Stuttgart, Germany","Pune, China",Delayed,2026-01-01,,1758.42
SHIP00732,SO00732,Maersk Logistics,TRK-MAE-11405728,"Tokyo, Japan","Stuttgart, United States",In Transit,2026-07-11,,986.93
SHIP00733,SO00733,Kuehne + Nagel,TRK-KUE-31691024,"Los Angeles, CA, USA","Osaka, South Korea",Delivered,2026-02-07,2026-02-08,516.6
SHIP00734,SO00734,DB Schenker,TRK-DB -71798674,"Seattle, WA, USA","Nagoya, Germany",Delivered,2026-04-21,2026-04-20,1186.37
SHIP00735,SO00735,UPS Supply Chain,TRK-UPS-90918093,"Seattle, WA, USA","Munich, Taiwan",Delayed,2026-01-22,,643.08
SHIP00736,SO00736,DHL Express,TRK-DHL-32518618,"Chicago, IL, USA","Birmingham, Canada",Returned,2025-11-07,2025-11-12,610.33
SHIP00737,SO00737,Kuehne + Nagel,TRK-KUE-39795300,"Bengaluru, India","Seoul, Japan",In Transit,2025-12-23,,1232.27
SHIP00738,SO00738,DHL Express,TRK-DHL-41285275,"Monterrey, Mexico","Incheon, Taiwan",Delivered,2026-03-18,2026-03-18,1678.06
SHIP00739,SO00739,FedEx Freight,TRK-FED-31405132,"Frankfurt, Germany","Detroit, Canada",In Transit,2025-12-08,,488.47
SHIP00740,SO00740,Maersk Logistics,TRK-MAE-60127734,"Detroit, MI, USA","Nagoya, United Kingdom",In Transit,2025-10-19,,555.09
SHIP00741,SO00741,Maersk Logistics,TRK-MAE-87124966,"Tokyo, Japan","Querétaro, Mexico",Delayed,2026-05-07,,131.58
SHIP00742,SO00742,Kuehne + Nagel,TRK-KUE-92003428,Singapore,"Shenzhen, Taiwan",Delivered,2025-11-04,2025-11-06,1442.46
SHIP00743,SO00743,Kuehne + Nagel,TRK-KUE-63899779,"Melbourne, Australia","Hai Phong, Mexico",Delivered,2026-04-16,2026-04-19,697.38
SHIP00744,SO00744,DHL Express,TRK-DHL-16236035,"Chicago, IL, USA","Osaka, United States",In Transit,2026-01-07,,951.13
SHIP00745,SO00745,Maersk Logistics,TRK-MAE-21625376,"Yokohama, Japan","Taipei, China",Preparing,2026-07-20,,1423.38
SHIP00746,SO00746,FedEx Freight,TRK-FED-98246346,"Frankfurt, Germany","Stuttgart, Japan",Preparing,2025-10-19,,541.37
SHIP00747,SO00747,UPS Supply Chain,TRK-UPS-14891880,"Osaka, Japan","Munich, Mexico",In Transit,2025-10-03,,558.45
SHIP00748,SO00748,DHL Express,TRK-DHL-75205623,"Atlanta, GA, USA","Querétaro, United States",Preparing,2026-02-01,,1692.72
SHIP00749,SO00749,Kuehne + Nagel,TRK-KUE-43867043,"Melbourne, Australia","Munich, Taiwan",In Transit,2026-02-15,,1022.98
SHIP00750,SO00750,UPS Supply Chain,TRK-UPS-23598640,"Chicago, IL, USA","Querétaro, Taiwan",Delayed,2026-02-05,,734.83
SHIP00751,SO00751,FedEx Freight,TRK-FED-94387559,"Frankfurt, Germany","Dortmund, Japan",In Transit,2025-11-01,,1722.56
SHIP00752,SO00752,FedEx Freight,TRK-FED-43725612,"Incheon, South Korea","Nagoya, United States",Delivered,2026-03-16,2026-03-24,656.28
SHIP00753,SO00753,FedEx Freight,TRK-FED-59577545,"Los Angeles, CA, USA","Hsinchu, Germany",In Transit,2026-06-08,,767.98
SHIP00754,SO00754,Kuehne + Nagel,TRK-KUE-42631177,"Munich, Germany","Monterrey, Taiwan",Delivered,2026-01-14,2026-01-13,1701.99
SHIP00755,SO00755,FedEx Freight,TRK-FED-86018916,"Toronto, Canada","Bengaluru, Mexico",Delivered,2026-06-14,2026-06-14,891.72
SHIP00756,SO00756,Maersk Logistics,TRK-MAE-47341589,"London, UK","Incheon, Germany",Delayed,2025-11-21,,1722.62
SHIP00757,SO00757,DB Schenker,TRK-DB -91054800,"Osaka, Japan","Seoul, Germany",Delayed,2026-05-22,,233.18
SHIP00758,SO00758,UPS Supply Chain,TRK-UPS-74050298,"Los Angeles, CA, USA","Seoul, India",In Transit,2026-07-13,,695.2
SHIP00759,SO00759,Maersk Logistics,TRK-MAE-78031113,"Shenzhen, China","Hamilton, Canada",Delivered,2026-04-14,2026-04-14,1147.82
SHIP00760,SO00760,Maersk Logistics,TRK-MAE-25344190,"Atlanta, GA, USA","Hsinchu, United States",Delivered,2026-03-22,2026-03-21,495.46
SHIP00761,SO00761,DB Schenker,TRK-DB -26980269,"Toronto, Canada","Birmingham, South Korea",Delivered,2026-02-25,2026-03-04,518.83
SHIP00762,SO00762,Maersk Logistics,TRK-MAE-90996300,"Los Angeles, CA, USA","Dallas, South Korea",Delivered,2025-10-17,2025-10-18,1732.64
SHIP00763,SO00763,UPS Supply Chain,TRK-UPS-65825600,"Frankfurt, Germany","Chicago, United States",Delivered,2025-11-24,2025-11-29,266.54
SHIP00764,SO00764,Kuehne + Nagel,TRK-KUE-67286190,"Stuttgart, Germany","Detroit, China",Delivered,2026-06-02,2026-06-02,194.23
SHIP00765,SO00765,Kuehne + Nagel,TRK-KUE-35083811,"Osaka, Japan","Birmingham, Mexico",Preparing,2026-07-04,,1120.22
SHIP00766,SO00766,UPS Supply Chain,TRK-UPS-17331902,"Shenzhen, China","Munich, Germany",In Transit,2026-06-04,,1738.06
SHIP00767,SO00767,Maersk Logistics,TRK-MAE-23523447,Singapore,"Hsinchu, Mexico",Delivered,2026-05-07,2026-05-06,813.44
SHIP00768,SO00768,DHL Express,TRK-DHL-79283777,"Stuttgart, Germany","Osaka, Germany",Delivered,2026-01-15,2026-01-16,1830.32
SHIP00769,SO00769,DB Schenker,TRK-DB -39276574,"Los Angeles, CA, USA","Birmingham, United States",In Transit,2026-04-27,,1324.84
SHIP00770,SO00770,DB Schenker,TRK-DB -51192500,Singapore,"Shenzhen, Japan",In Transit,2026-07-08,,625.31
SHIP00771,SO00771,DB Schenker,TRK-DB -10990159,"Monterrey, Mexico","Nagoya, United States",Delivered,2025-11-18,2025-11-17,704.49
SHIP00772,SO00772,Kuehne + Nagel,TRK-KUE-43622044,"Frankfurt, Germany","Tokyo, Japan",Delivered,2025-11-07,2025-11-06,1399.6
SHIP00773,SO00773,FedEx Freight,TRK-FED-88018089,"Incheon, South Korea","Ningbo, Japan",Delivered,2026-06-15,2026-06-19,1496.99
SHIP00774,SO00774,Maersk Logistics,TRK-MAE-56246270,"Bengaluru, India","Pune, Mexico",Delivered,2026-03-18,2026-03-18,462.38
SHIP00775,SO00775,Maersk Logistics,TRK-MAE-72243570,"Toronto, Canada","Hai Phong, Mexico",Delivered,2026-01-20,2026-01-20,836.27
SHIP00776,SO00776,DHL Express,TRK-DHL-23517261,"Tokyo, Japan","Dortmund, Mexico",Returned,2025-11-14,2025-11-21,1775.47
SHIP00777,SO00777,DB Schenker,TRK-DB -22790849,"London, UK","Ningbo, United States",Preparing,2026-04-22,,1129.81
SHIP00778,SO00778,DHL Express,TRK-DHL-18145198,"Frankfurt, Germany","Suzhou, Japan",Delivered,2026-04-06,2026-04-12,273.5
SHIP00779,SO00779,Maersk Logistics,TRK-MAE-28609683,"Taipei, Taiwan","Suzhou, Mexico",Delivered,2026-07-14,2026-07-13,1005.29
SHIP00780,SO00780,DHL Express,TRK-DHL-94527377,"Atlanta, GA, USA","Birmingham, South Korea",Delivered,2026-07-02,2026-07-03,1514.62
SHIP00781,SO00781,DB Schenker,TRK-DB -10892679,"Osaka, Japan","Munich, United States",Delivered,2026-02-08,2026-02-07,188.41
SHIP00782,SO00782,Kuehne + Nagel,TRK-KUE-55667099,"Pune, India","Nagoya, China",Delayed,2026-07-02,,1102.45
SHIP00783,SO00783,DHL Express,TRK-DHL-41645863,"Seattle, WA, USA","Taipei, China",Delayed,2026-07-13,,1021.07
SHIP00784,SO00784,DHL Express,TRK-DHL-34137556,"Seattle, WA, USA","Suzhou, Japan",In Transit,2025-09-20,,1472.1
SHIP00785,SO00785,FedEx Freight,TRK-FED-23346473,"Hamburg, Germany","Tokyo, Vietnam",Returned,2026-03-27,2026-04-04,821.39
SHIP00786,SO00786,FedEx Freight,TRK-FED-13151532,"Seattle, WA, USA","Hsinchu, Germany",Delivered,2025-11-09,2025-11-09,1317.81
SHIP00787,SO00787,DB Schenker,TRK-DB -50618257,"Osaka, Japan","Querétaro, United States",Delivered,2026-01-13,2026-01-13,421.52
SHIP00788,SO00788,Maersk Logistics,TRK-MAE-83133532,"Osaka, Japan","Hsinchu, United States",Delayed,2026-05-06,,1411.6
SHIP00789,SO00789,Kuehne + Nagel,TRK-KUE-43321431,"Chicago, IL, USA","Detroit, Taiwan",Delivered,2026-02-04,2026-02-05,1395.69
SHIP00790,SO00790,DB Schenker,TRK-DB -28005313,"Incheon, South Korea","Monterrey, India",Delayed,2025-09-14,,1426.15
SHIP00791,SO00791,UPS Supply Chain,TRK-UPS-55210793,"Incheon, South Korea","Tokyo, United States",Delivered,2025-12-21,2025-12-22,1575.89
SHIP00792,SO00792,Kuehne + Nagel,TRK-KUE-21027654,"Seattle, WA, USA","Monterrey, China",In Transit,2026-07-19,,602.7
SHIP00793,SO00793,UPS Supply Chain,TRK-UPS-49074614,"Hamburg, Germany","Shenzhen, India",Preparing,2026-02-10,,884.02
SHIP00794,SO00794,DB Schenker,TRK-DB -95335656,"Shenzhen, China","Hai Phong, China",Returned,2025-11-07,2025-11-15,1090.79
SHIP00795,SO00795,Maersk Logistics,TRK-MAE-96618883,"Seattle, WA, USA","Hsinchu, Germany",Preparing,2026-06-21,,546.72
SHIP00796,SO00796,UPS Supply Chain,TRK-UPS-17304509,"Melbourne, Australia","Seoul, Taiwan",Preparing,2025-10-24,,1625.1
SHIP00797,SO00797,FedEx Freight,TRK-FED-69205636,"Munich, Germany","Shenzhen, Vietnam",Preparing,2026-01-29,,1456.53
SHIP00798,SO00798,Maersk Logistics,TRK-MAE-12210530,"Los Angeles, CA, USA","Tokyo, United Kingdom",Delivered,2026-05-01,2026-05-02,1082.38
SHIP00799,SO00799,FedEx Freight,TRK-FED-53235664,"Incheon, South Korea","Monterrey, Germany",Delivered,2025-10-29,2025-11-03,1438.79
SHIP00800,SO00800,DHL Express,TRK-DHL-95449067,Singapore,"Hamilton, United States",In Transit,2026-02-04,,622.07
SHIP00801,SO00801,Kuehne + Nagel,TRK-KUE-88184431,"Guadalajara, Mexico","Birmingham, Japan",Delivered,2026-01-09,2026-01-09,1835.54
SHIP00802,SO00802,DB Schenker,TRK-DB -37836365,"Incheon, South Korea","Hai Phong, China",Delivered,2026-03-25,2026-03-25,179.52
SHIP00803,SO00803,Maersk Logistics,TRK-MAE-15836626,"Guadalajara, Mexico","Chicago, United States",Preparing,2026-03-15,,1436.24
SHIP00804,SO00804,FedEx Freight,TRK-FED-84475968,Singapore,"Pune, Japan",Preparing,2026-02-04,,543.3
SHIP00805,SO00805,Kuehne + Nagel,TRK-KUE-38697310,"Atlanta, GA, USA","Birmingham, South Korea",Returned,2026-04-03,2026-04-08,102.15
SHIP00806,SO00806,DHL Express,TRK-DHL-47533549,"Atlanta, GA, USA","Dallas, South Korea",In Transit,2026-02-17,,769.94
SHIP00807,SO00807,Kuehne + Nagel,TRK-KUE-66570995,"Detroit, MI, USA","Monterrey, Mexico",In Transit,2026-07-11,,650.43
SHIP00808,SO00808,Maersk Logistics,TRK-MAE-64537040,"Atlanta, GA, USA","Detroit, Vietnam",Delayed,2025-10-31,,1211.02
SHIP00809,SO00809,DB Schenker,TRK-DB -69622426,"Taipei, Taiwan","Hsinchu, South Korea",In Transit,2025-12-09,,1127.69
SHIP00810,SO00810,Maersk Logistics,TRK-MAE-63415522,"Stuttgart, Germany","Pune, South Korea",In Transit,2026-01-01,,945.39
SHIP00811,SO00811,Maersk Logistics,TRK-MAE-78273728,"Taipei, Taiwan","Tokyo, Taiwan",In Transit,2025-11-16,,1074.05
SHIP00812,SO00812,DB Schenker,TRK-DB -65605971,"Toronto, Canada","Stuttgart, South Korea",In Transit,2026-01-29,,1795.76
SHIP00813,SO00813,Maersk Logistics,TRK-MAE-61806716,"Monterrey, Mexico","Dortmund, South Korea",Delivered,2026-03-24,2026-03-28,1501.83
SHIP00814,SO00814,UPS Supply Chain,TRK-UPS-32636845,"Munich, Germany","Hamilton, United States",In Transit,2025-11-29,,1739.19
SHIP00815,SO00815,Maersk Logistics,TRK-MAE-17523880,"Stuttgart, Germany","Birmingham, China",Preparing,2025-09-26,,1826.22
SHIP00816,SO00816,Maersk Logistics,TRK-MAE-26713179,"Atlanta, GA, USA","Suzhou, Vietnam",In Transit,2026-06-26,,1247.08
SHIP00817,SO00817,DB Schenker,TRK-DB -63703872,"Melbourne, Australia","Tokyo, United States",Delivered,2026-01-21,2026-01-20,1713.61
SHIP00818,SO00818,Maersk Logistics,TRK-MAE-24323804,"Dallas, TX, USA","Ningbo, Taiwan",Delivered,2025-10-31,2025-11-01,1360.48
SHIP00819,SO00819,DB Schenker,TRK-DB -79738309,"Munich, Germany","Munich, Vietnam",In Transit,2026-03-16,,541.61
SHIP00820,SO00820,DB Schenker,TRK-DB -21488708,"Munich, Germany","Hamilton, United Kingdom",In Transit,2025-11-24,,534.13
SHIP00821,SO00821,DHL Express,TRK-DHL-44693852,"Dallas, TX, USA","Hamilton, Japan",Delayed,2026-02-03,,1735.43
SHIP00822,SO00822,Kuehne + Nagel,TRK-KUE-87945279,"Atlanta, GA, USA","Incheon, Japan",Delivered,2026-02-13,2026-02-12,145.87
SHIP00823,SO00823,UPS Supply Chain,TRK-UPS-54139066,"Rotterdam, Netherlands","Detroit, China",Delivered,2026-06-17,2026-06-20,636.05
SHIP00824,SO00824,UPS Supply Chain,TRK-UPS-54732343,"Stuttgart, Germany","Stuttgart, Vietnam",Delivered,2026-05-29,2026-05-29,1250.05
SHIP00825,SO00825,UPS Supply Chain,TRK-UPS-69417590,"Munich, Germany","Chicago, China",Delayed,2025-10-07,,1663.39
SHIP00826,SO00826,Maersk Logistics,TRK-MAE-93751277,"Rotterdam, Netherlands","Hai Phong, South Korea",In Transit,2026-03-01,,397.05
SHIP00827,SO00827,DHL Express,TRK-DHL-17180116,"Tokyo, Japan","Ningbo, Germany",In Transit,2025-12-19,,1609.87
SHIP00828,SO00828,DB Schenker,TRK-DB -97988433,"Frankfurt, Germany","Munich, Taiwan",In Transit,2026-05-18,,1720.63
SHIP00829,SO00829,Maersk Logistics,TRK-MAE-84335760,Singapore,"Hamilton, United States",Delayed,2026-03-11,,715.42
SHIP00830,SO00830,UPS Supply Chain,TRK-UPS-36239691,"Atlanta, GA, USA","Hamilton, Taiwan",Delivered,2026-02-24,2026-02-24,908.1
SHIP00831,SO00831,DHL Express,TRK-DHL-36025254,"Los Angeles, CA, USA","Hsinchu, South Korea",Delivered,2025-11-17,2025-11-18,1236.22
SHIP00832,SO00832,UPS Supply Chain,TRK-UPS-90099762,"Osaka, Japan","Tokyo, Japan",Preparing,2026-04-19,,1133.23
SHIP00833,SO00833,FedEx Freight,TRK-FED-13405341,"Yokohama, Japan","Osaka, Mexico",Delivered,2025-09-30,2025-10-03,941.73
SHIP00834,SO00834,Maersk Logistics,TRK-MAE-11183260,"Melbourne, Australia","Detroit, Mexico",Delivered,2025-11-16,2025-11-15,1658.27
SHIP00835,SO00835,Kuehne + Nagel,TRK-KUE-47087244,"Los Angeles, CA, USA","Birmingham, Mexico",Delivered,2025-12-05,2025-12-06,1669.76
SHIP00836,SO00836,FedEx Freight,TRK-FED-26166646,"Toronto, Canada","Stuttgart, United Kingdom",Preparing,2026-03-15,,1013.42
SHIP00837,SO00837,UPS Supply Chain,TRK-UPS-86693107,"Los Angeles, CA, USA","Stuttgart, Germany",Preparing,2026-06-06,,1788.97
SHIP00838,SO00838,DHL Express,TRK-DHL-16308953,"Atlanta, GA, USA","Monterrey, Japan",Delivered,2025-10-03,2025-10-04,968.34
SHIP00839,SO00839,FedEx Freight,TRK-FED-71209738,"Atlanta, GA, USA","Nagoya, Taiwan",Delivered,2026-05-28,2026-06-04,879.94
SHIP00840,SO00840,UPS Supply Chain,TRK-UPS-58206588,"Seattle, WA, USA","Hamilton, Taiwan",Delivered,2025-09-11,2025-09-10,1360.56
SHIP00841,SO00841,Maersk Logistics,TRK-MAE-42105834,"Hamburg, Germany","Incheon, United States",In Transit,2026-05-27,,1608.93
SHIP00842,SO00842,FedEx Freight,TRK-FED-26772846,"Los Angeles, CA, USA","Taipei, Mexico",Delivered,2026-07-23,2026-07-23,985.23
SHIP00843,SO00843,DHL Express,TRK-DHL-30772842,"Osaka, Japan","Taipei, Mexico",Delivered,2026-07-15,2026-07-16,336.85
SHIP00844,SO00844,UPS Supply Chain,TRK-UPS-64628519,"Monterrey, Mexico","Dallas, United States",Delivered,2026-02-24,2026-02-24,695.62
SHIP00845,SO00845,Maersk Logistics,TRK-MAE-56018826,"Frankfurt, Germany","Incheon, India",Delivered,2026-06-27,2026-06-26,1629.46
SHIP00846,SO00846,Kuehne + Nagel,TRK-KUE-12336048,"Detroit, MI, USA","Nagoya, China",Delivered,2026-07-18,2026-07-18,1041.29
SHIP00847,SO00847,Kuehne + Nagel,TRK-KUE-76422604,"Monterrey, Mexico","Hsinchu, China",In Transit,2026-02-24,,1731.47
SHIP00848,SO00848,Maersk Logistics,TRK-MAE-42805079,Singapore,"Hamilton, Germany",Delivered,2025-10-02,2025-10-02,1740.23
SHIP00849,SO00849,Kuehne + Nagel,TRK-KUE-88205501,"Hamburg, Germany","Hsinchu, Japan",In Transit,2026-04-14,,156.88
SHIP00850,SO00850,Kuehne + Nagel,TRK-KUE-87516427,"Rotterdam, Netherlands","Incheon, India",Preparing,2026-03-27,,571.87
SHIP00851,SO00851,Maersk Logistics,TRK-MAE-52411304,"Hamburg, Germany","Bengaluru, South Korea",Returned,2026-01-14,2026-01-20,868.39
SHIP00852,SO00852,UPS Supply Chain,TRK-UPS-94990070,"Incheon, South Korea","Pune, Germany",In Transit,2026-01-04,,1599.65
SHIP00853,SO00853,DHL Express,TRK-DHL-21956820,"Chicago, IL, USA","Hai Phong, Germany",In Transit,2026-03-31,,1827.56
SHIP00854,SO00854,DB Schenker,TRK-DB -96721942,"Yokohama, Japan","Querétaro, South Korea",In Transit,2026-05-31,,844.61
SHIP00855,SO00855,UPS Supply Chain,TRK-UPS-88565324,"Tokyo, Japan","Munich, Germany",Preparing,2026-02-15,,1029.82
SHIP00856,SO00856,FedEx Freight,TRK-FED-23094422,"Pune, India","Querétaro, Canada",Delayed,2026-06-12,,719.94
SHIP00857,SO00857,DB Schenker,TRK-DB -44935940,"Bengaluru, India","Suzhou, China",Delivered,2026-07-25,2026-07-29,699.23
SHIP00858,SO00858,Kuehne + Nagel,TRK-KUE-74029083,"Munich, Germany","Monterrey, India",Delayed,2026-04-05,,1247.51
SHIP00859,SO00859,DB Schenker,TRK-DB -40362401,"Los Angeles, CA, USA","Incheon, China",Delivered,2025-09-19,2025-09-20,537.38
SHIP00860,SO00860,DB Schenker,TRK-DB -54559846,"Chicago, IL, USA","Monterrey, Mexico",In Transit,2026-04-11,,726.83
SHIP00861,SO00861,DHL Express,TRK-DHL-24749528,"London, UK","Taipei, India",Delivered,2026-03-26,2026-03-25,220.04
SHIP00862,SO00862,Kuehne + Nagel,TRK-KUE-40731159,"Tokyo, Japan","Seoul, Germany",In Transit,2026-03-01,,1324.59
SHIP00863,SO00863,FedEx Freight,TRK-FED-56108829,"Yokohama, Japan","Bengaluru, Canada",Delayed,2025-09-22,,554.78
SHIP00864,SO00864,DHL Express,TRK-DHL-76523480,"Pune, India","Hamilton, South Korea",Delivered,2026-02-06,2026-02-07,1197.97
SHIP00865,SO00865,FedEx Freight,TRK-FED-22311687,"Yokohama, Japan","Seoul, United States",Delivered,2025-09-15,2025-09-14,1115.74
SHIP00866,SO00866,DB Schenker,TRK-DB -65624425,"Shenzhen, China","Chicago, South Korea",Delivered,2025-10-03,2025-10-04,1570.58
SHIP00867,SO00867,DB Schenker,TRK-DB -63513397,Singapore,"Dallas, Japan",Delivered,2026-07-13,2026-07-13,124.37
SHIP00868,SO00868,DHL Express,TRK-DHL-65827483,"Shenzhen, China","Birmingham, United States",Delayed,2025-12-13,,843.62
SHIP00869,SO00869,DHL Express,TRK-DHL-39399336,"Hamburg, Germany","Pune, China",Delivered,2025-12-19,2025-12-20,782.43
SHIP00870,SO00870,FedEx Freight,TRK-FED-90510250,"Tokyo, Japan","Chicago, China",Delayed,2026-02-16,,602.59
SHIP00871,SO00871,DHL Express,TRK-DHL-31452515,"Stuttgart, Germany","Querétaro, United States",Delivered,2025-11-18,2025-11-18,811.15
SHIP00872,SO00872,Kuehne + Nagel,TRK-KUE-13911289,"Guadalajara, Mexico","Ningbo, India",Delivered,2026-07-26,2026-07-25,1718.38
SHIP00873,SO00873,DHL Express,TRK-DHL-92818679,"Melbourne, Australia","Tokyo, Germany",In Transit,2026-01-01,,1077.08
SHIP00874,SO00874,DB Schenker,TRK-DB -32525080,Singapore,"Hai Phong, United States",Delivered,2026-08-01,2026-08-02,1468.16
SHIP00875,SO00875,Maersk Logistics,TRK-MAE-80788069,"Chicago, IL, USA","Hsinchu, Germany",Delivered,2026-01-05,2026-01-04,107.08
SHIP00876,SO00876,DHL Express,TRK-DHL-44839543,"Yokohama, Japan","Pune, Japan",In Transit,2025-12-01,,1368.65
SHIP00877,SO00877,DHL Express,TRK-DHL-15869242,"Incheon, South Korea","Suzhou, Mexico",Delivered,2026-05-30,2026-05-29,150.72
SHIP00878,SO00878,DHL Express,TRK-DHL-37680536,"Dallas, TX, USA","Detroit, Japan",Delivered,2026-01-24,2026-01-25,1765.63
SHIP00879,SO00879,DB Schenker,TRK-DB -90995694,"Dallas, TX, USA","Pune, Japan",Delivered,2025-09-16,2025-09-24,392.52
SHIP00880,SO00880,DB Schenker,TRK-DB -50860975,"Detroit, MI, USA","Hamilton, Germany",In Transit,2026-04-14,,327.87
SHIP00881,SO00881,DB Schenker,TRK-DB -92267951,"Dallas, TX, USA","Detroit, United States",Delivered,2026-05-29,2026-05-28,1504.03
SHIP00882,SO00882,Maersk Logistics,TRK-MAE-27014113,"Pune, India","Seoul, Canada",Delayed,2026-06-06,,1770.29
SHIP00883,SO00883,DB Schenker,TRK-DB -28515896,"Rotterdam, Netherlands","Monterrey, United Kingdom",Delivered,2025-09-24,2025-09-24,267.88
SHIP00884,SO00884,DHL Express,TRK-DHL-85055943,Singapore,"Hsinchu, Vietnam",Delivered,2026-03-09,2026-03-08,831.84
SHIP00885,SO00885,DHL Express,TRK-DHL-52554506,"Monterrey, Mexico","Nagoya, Germany",Preparing,2025-09-16,,249.7
SHIP00886,SO00886,UPS Supply Chain,TRK-UPS-37499767,"Hamburg, Germany","Pune, India",In Transit,2026-04-30,,793.26
SHIP00887,SO00887,Maersk Logistics,TRK-MAE-21651169,"Toronto, Canada","Stuttgart, Vietnam",Delivered,2025-10-24,2025-10-23,1754.41
SHIP00888,SO00888,DHL Express,TRK-DHL-98296812,"Taipei, Taiwan","Stuttgart, Taiwan",In Transit,2026-06-01,,228.06
SHIP00889,SO00889,Kuehne + Nagel,TRK-KUE-45967670,"Bengaluru, India","Tokyo, Germany",In Transit,2026-07-01,,245.68
SHIP00890,SO00890,UPS Supply Chain,TRK-UPS-31009668,"Detroit, MI, USA","Dallas, Taiwan",Delayed,2026-01-25,,1427.94
SHIP00891,SO00891,FedEx Freight,TRK-FED-48978250,"Rotterdam, Netherlands","Suzhou, Germany",Delivered,2025-11-15,2025-11-16,550.79
SHIP00892,SO00892,Maersk Logistics,TRK-MAE-26188818,"Frankfurt, Germany","Taipei, Germany",Delivered,2025-09-15,2025-09-14,692.83
SHIP00893,SO00893,DHL Express,TRK-DHL-77265378,"Tokyo, Japan","Shenzhen, United States",Delivered,2026-04-19,2026-04-22,662.29
SHIP00894,SO00894,DHL Express,TRK-DHL-15775825,"Los Angeles, CA, USA","Stuttgart, Taiwan",Delivered,2025-09-30,2025-10-04,1810.54
SHIP00895,SO00895,Kuehne + Nagel,TRK-KUE-99630870,"Atlanta, GA, USA","Ningbo, South Korea",In Transit,2026-05-24,,543.53
SHIP00896,SO00896,UPS Supply Chain,TRK-UPS-90380867,"Guadalajara, Mexico","Detroit, China",Delayed,2026-07-04,,719.04
SHIP00897,SO00897,Maersk Logistics,TRK-MAE-49068424,"Monterrey, Mexico","Pune, Japan",Delivered,2026-03-07,2026-03-08,1735.47
SHIP00898,SO00898,FedEx Freight,TRK-FED-81736717,"Seattle, WA, USA","Dortmund, Japan",In Transit,2026-06-01,,1378.28
SHIP00899,SO00899,DB Schenker,TRK-DB -14588975,"Munich, Germany","Querétaro, Mexico",In Transit,2026-02-19,,1359.66
SHIP00900,SO00900,FedEx Freight,TRK-FED-62163523,"Osaka, Japan","Osaka, Canada",Delivered,2026-01-16,2026-01-16,1165.01
SHIP00901,SO00901,FedEx Freight,TRK-FED-12411383,"Toronto, Canada","Munich, Taiwan",In Transit,2026-07-16,,1446.01
SHIP00902,SO00902,Kuehne + Nagel,TRK-KUE-20798549,"Hamburg, Germany","Ningbo, Japan",In Transit,2025-11-11,,1271.69
SHIP00903,SO00903,UPS Supply Chain,TRK-UPS-63003119,"Tokyo, Japan","Shenzhen, United States",Preparing,2025-09-29,,330.8
SHIP00904,SO00904,DB Schenker,TRK-DB -73575882,"Rotterdam, Netherlands","Stuttgart, Taiwan",Delivered,2025-09-10,2025-09-09,255.17
SHIP00905,SO00905,Maersk Logistics,TRK-MAE-18234630,"Seattle, WA, USA","Stuttgart, Germany",In Transit,2026-04-12,,1286.69
SHIP00906,SO00906,FedEx Freight,TRK-FED-29960032,"Detroit, MI, USA","Chicago, United States",Delivered,2026-02-07,2026-02-07,669.95
SHIP00907,SO00907,DB Schenker,TRK-DB -78593915,"Incheon, South Korea","Nagoya, China",Delivered,2025-11-15,2025-11-15,972.37
SHIP00908,SO00908,UPS Supply Chain,TRK-UPS-90489904,"Atlanta, GA, USA","Stuttgart, Germany",Returned,2025-12-13,2025-12-21,1203.75
SHIP00909,SO00909,DB Schenker,TRK-DB -34361513,"Atlanta, GA, USA","Dallas, Canada",Preparing,2025-12-09,,856.72
SHIP00910,SO00910,Kuehne + Nagel,TRK-KUE-55854258,"Osaka, Japan","Incheon, China",Delivered,2026-04-05,2026-04-05,994.25
SHIP00911,SO00911,FedEx Freight,TRK-FED-64106842,"Munich, Germany","Dortmund, United States",Delivered,2026-01-16,2026-01-17,1739.79
SHIP00912,SO00912,DB Schenker,TRK-DB -72188506,"Shenzhen, China","Taipei, Taiwan",Delivered,2026-03-18,2026-03-24,1601.23
SHIP00913,SO00913,DB Schenker,TRK-DB -33835140,"Taipei, Taiwan","Birmingham, China",Delivered,2026-07-04,2026-07-04,1024.11
SHIP00914,SO00914,DB Schenker,TRK-DB -72703533,"Hamburg, Germany","Suzhou, Vietnam",In Transit,2026-07-02,,101.5
SHIP00915,SO00915,UPS Supply Chain,TRK-UPS-31178500,"Munich, Germany","Hsinchu, Germany",Preparing,2026-01-08,,291.86
SHIP00916,SO00916,Maersk Logistics,TRK-MAE-41198127,"London, UK","Birmingham, United States",Preparing,2026-04-29,,1784.99
SHIP00917,SO00917,Kuehne + Nagel,TRK-KUE-79435757,"Taipei, Taiwan","Hamilton, United Kingdom",Delayed,2026-05-30,,1558.63
SHIP00918,SO00918,Maersk Logistics,TRK-MAE-30526635,Singapore,"Hsinchu, United Kingdom",Delivered,2026-05-02,2026-05-02,67.34
SHIP00919,SO00919,DB Schenker,TRK-DB -30770110,"Detroit, MI, USA","Hsinchu, South Korea",Delivered,2026-07-18,2026-07-18,1489.87
SHIP00920,SO00920,Kuehne + Nagel,TRK-KUE-12440969,"Hamburg, Germany","Querétaro, Mexico",In Transit,2025-09-05,,826.32
SHIP00921,SO00921,Maersk Logistics,TRK-MAE-90584059,"London, UK","Hsinchu, China",Delivered,2026-07-08,2026-07-07,764.36
SHIP00922,SO00922,Maersk Logistics,TRK-MAE-37379852,"Frankfurt, Germany","Seoul, Vietnam",In Transit,2026-03-25,,1512.82
SHIP00923,SO00923,DB Schenker,TRK-DB -44727877,"Incheon, South Korea","Shenzhen, Japan",Delivered,2026-04-29,2026-04-30,1086.83
SHIP00924,SO00924,Maersk Logistics,TRK-MAE-47903418,"Taipei, Taiwan","Tokyo, South Korea",In Transit,2026-05-02,,1204.82
SHIP00925,SO00925,DHL Express,TRK-DHL-81112159,"Stuttgart, Germany","Dortmund, Germany",Delivered,2026-05-09,2026-05-09,1598.91
SHIP00926,SO00926,DB Schenker,TRK-DB -60554126,"Osaka, Japan","Munich, India",In Transit,2025-11-01,,1570.02
SHIP00927,SO00927,FedEx Freight,TRK-FED-75692809,"Rotterdam, Netherlands","Pune, Japan",Delivered,2025-11-25,2025-11-26,818.38
SHIP00928,SO00928,Maersk Logistics,TRK-MAE-10245615,"Stuttgart, Germany","Dortmund, Japan",In Transit,2026-05-07,,1761.9
SHIP00929,SO00929,DHL Express,TRK-DHL-44354759,"Guadalajara, Mexico","Shenzhen, China",Delivered,2026-07-25,2026-07-26,1605.32
SHIP00930,SO00930,DB Schenker,TRK-DB -89575476,"Shenzhen, China","Ningbo, Mexico",In Transit,2025-12-03,,947.03
SHIP00931,SO00931,Maersk Logistics,TRK-MAE-36604210,"Stuttgart, Germany","Dallas, China",Delivered,2025-12-20,2025-12-21,199.86
SHIP00932,SO00932,DB Schenker,TRK-DB -65061577,"Monterrey, Mexico","Pune, Mexico",Preparing,2026-03-30,,869.04
SHIP00933,SO00933,Maersk Logistics,TRK-MAE-76043930,"Dallas, TX, USA","Detroit, Mexico",Delivered,2025-10-27,2025-10-26,1641.4
SHIP00934,SO00934,UPS Supply Chain,TRK-UPS-72255545,"Shenzhen, China","Tokyo, Taiwan",Delivered,2025-10-21,2025-10-22,407.92
SHIP00935,SO00935,DB Schenker,TRK-DB -43453401,"Yokohama, Japan","Bengaluru, Japan",Delivered,2026-07-13,2026-07-13,1298.7
SHIP00936,SO00936,DHL Express,TRK-DHL-30933144,"Pune, India","Seoul, Vietnam",Delivered,2026-04-18,2026-04-18,1542.79
SHIP00937,SO00937,DB Schenker,TRK-DB -21645299,"Seattle, WA, USA","Birmingham, Vietnam",Delayed,2025-10-25,,1785.63
SHIP00938,SO00938,Maersk Logistics,TRK-MAE-22355118,Singapore,"Bengaluru, Japan",In Transit,2026-07-08,,1699.37
SHIP00939,SO00939,FedEx Freight,TRK-FED-36523572,"Osaka, Japan","Hai Phong, Germany",Delivered,2025-10-19,2025-10-18,797.66
SHIP00940,SO00940,DB Schenker,TRK-DB -82750794,"Seattle, WA, USA","Seoul, United States",Delivered,2025-12-26,2025-12-25,1042.09
SHIP00941,SO00941,DB Schenker,TRK-DB -97249336,"Taipei, Taiwan","Ningbo, United States",Delivered,2026-01-11,2026-01-11,1184.73
SHIP00942,SO00942,Kuehne + Nagel,TRK-KUE-36295235,"Hamburg, Germany","Tokyo, China",Delayed,2025-10-30,,46.78
SHIP00943,SO00943,Kuehne + Nagel,TRK-KUE-32867755,"Dallas, TX, USA","Shenzhen, Mexico",Delivered,2026-03-18,2026-03-17,153.75
SHIP00944,SO00944,Maersk Logistics,TRK-MAE-40848031,"Tokyo, Japan","Stuttgart, United Kingdom",Delayed,2026-07-22,,628.84
SHIP00945,SO00945,UPS Supply Chain,TRK-UPS-36445685,"Munich, Germany","Seoul, India",Delivered,2026-03-21,2026-03-20,1426.8
SHIP00946,SO00946,Maersk Logistics,TRK-MAE-47655380,"Incheon, South Korea","Bengaluru, Mexico",Delivered,2026-06-21,2026-06-21,119.6
SHIP00947,SO00947,Kuehne + Nagel,TRK-KUE-13610906,"Guadalajara, Mexico","Shenzhen, United States",Delivered,2025-10-16,2025-10-24,1278.0
SHIP00948,SO00948,Maersk Logistics,TRK-MAE-11553269,"Stuttgart, Germany","Shenzhen, India",In Transit,2026-07-10,,224.13
SHIP00949,SO00949,Kuehne + Nagel,TRK-KUE-53801562,"Toronto, Canada","Seoul, United States",Delivered,2026-03-05,2026-03-04,1215.67
SHIP00950,SO00950,UPS Supply Chain,TRK-UPS-46627141,"Chicago, IL, USA","Monterrey, Germany",Delivered,2026-05-06,2026-05-06,1792.06
SHIP00951,SO00951,Maersk Logistics,TRK-MAE-62355728,"Yokohama, Japan","Hsinchu, Germany",Delivered,2026-05-03,2026-05-02,1694.0
SHIP00952,SO00952,DB Schenker,TRK-DB -54869293,"Incheon, South Korea","Dortmund, United States",Delivered,2025-12-16,2025-12-15,839.51
SHIP00953,SO00953,DB Schenker,TRK-DB -24999597,"Osaka, Japan","Suzhou, India",Delivered,2026-04-06,2026-04-14,1517.4
SHIP00954,SO00954,FedEx Freight,TRK-FED-91454992,"Incheon, South Korea","Dallas, Japan",Delayed,2026-02-09,,445.5
SHIP00955,SO00955,DB Schenker,TRK-DB -38937366,"Osaka, Japan","Suzhou, Mexico",Delivered,2025-11-06,2025-11-07,399.39
SHIP00956,SO00956,Kuehne + Nagel,TRK-KUE-61296408,"Melbourne, Australia","Osaka, United States",Delivered,2025-11-25,2025-11-25,164.18
SHIP00957,SO00957,FedEx Freight,TRK-FED-94109436,"Pune, India","Tokyo, South Korea",Delivered,2026-02-23,2026-02-22,332.4
SHIP00958,SO00958,DHL Express,TRK-DHL-77113605,"Stuttgart, Germany","Shenzhen, Germany",Delivered,2026-07-17,2026-07-16,1763.92
SHIP00959,SO00959,FedEx Freight,TRK-FED-73891716,"Yokohama, Japan","Hsinchu, China",Preparing,2025-10-12,,835.51
SHIP00960,SO00960,Maersk Logistics,TRK-MAE-55409286,"Chicago, IL, USA","Bengaluru, Japan",Delivered,2026-04-18,2026-04-19,389.07
SHIP00961,SO00961,Maersk Logistics,TRK-MAE-32955237,"Osaka, Japan","Detroit, United States",Delayed,2026-05-15,,808.14
SHIP00962,SO00962,Maersk Logistics,TRK-MAE-26613347,"Tokyo, Japan","Monterrey, India",Preparing,2026-03-25,,874.11
SHIP00963,SO00963,UPS Supply Chain,TRK-UPS-71335163,"Tokyo, Japan","Dallas, Germany",Preparing,2026-02-24,,891.69
SHIP00964,SO00964,FedEx Freight,TRK-FED-30274299,"Incheon, South Korea","Dallas, Germany",In Transit,2025-10-07,,843.34
SHIP00965,SO00965,DHL Express,TRK-DHL-86297996,"Chicago, IL, USA","Birmingham, Japan",Delivered,2025-09-18,2025-09-17,364.26
SHIP00966,SO00966,UPS Supply Chain,TRK-UPS-47675911,"Pune, India","Stuttgart, South Korea",In Transit,2026-03-26,,1361.1
SHIP00967,SO00967,UPS Supply Chain,TRK-UPS-67564884,"Atlanta, GA, USA","Dallas, China",Preparing,2026-03-23,,643.28
SHIP00968,SO00968,Kuehne + Nagel,TRK-KUE-65694132,"Pune, India","Dallas, Taiwan",In Transit,2026-06-26,,342.8
SHIP00969,SO00969,Kuehne + Nagel,TRK-KUE-55300705,"Frankfurt, Germany","Stuttgart, Taiwan",Delayed,2026-01-24,,1765.3
SHIP00970,SO00970,DHL Express,TRK-DHL-91407105,"Los Angeles, CA, USA","Munich, South Korea",Delivered,2026-02-21,2026-02-21,226.77
SHIP00971,SO00971,Maersk Logistics,TRK-MAE-93297123,"Guadalajara, Mexico","Shenzhen, Mexico",Delayed,2025-11-23,,1115.02
SHIP00972,SO00972,Maersk Logistics,TRK-MAE-37363423,"Osaka, Japan","Bengaluru, China",Delivered,2026-07-23,2026-07-24,762.04
SHIP00973,SO00973,UPS Supply Chain,TRK-UPS-99163052,"Yokohama, Japan","Dortmund, Japan",Delivered,2026-01-29,2026-01-28,1336.17
SHIP00974,SO00974,DB Schenker,TRK-DB -69352408,"Hamburg, Germany","Seoul, South Korea",Preparing,2026-06-13,,276.15
SHIP00975,SO00975,Kuehne + Nagel,TRK-KUE-75362578,"Taipei, Taiwan","Detroit, South Korea",Preparing,2026-04-07,,534.66
SHIP00976,SO00976,DB Schenker,TRK-DB -90258953,"Melbourne, Australia","Suzhou, India",In Transit,2026-03-22,,675.12
SHIP00977,SO00977,UPS Supply Chain,TRK-UPS-37062713,"Pune, India","Dallas, United States",In Transit,2026-05-25,,1029.96
SHIP00978,SO00978,Maersk Logistics,TRK-MAE-23762146,"Incheon, South Korea","Shenzhen, Germany",Delivered,2026-05-07,2026-05-08,648.8
SHIP00979,SO00979,FedEx Freight,TRK-FED-26048479,"Munich, Germany","Tokyo, Taiwan",In Transit,2026-04-02,,1496.71
SHIP00980,SO00980,UPS Supply Chain,TRK-UPS-66554369,"Shenzhen, China","Dortmund, Mexico",Delivered,2026-01-27,2026-01-26,1578.61
SHIP00981,SO00981,DB Schenker,TRK-DB -12897414,"Incheon, South Korea","Chicago, South Korea",Delivered,2025-10-07,2025-10-06,877.02
SHIP00982,SO00982,DHL Express,TRK-DHL-40148399,"Seattle, WA, USA","Bengaluru, India",Delivered,2025-11-15,2025-11-15,635.64
SHIP00983,SO00983,Kuehne + Nagel,TRK-KUE-28847218,"Toronto, Canada","Osaka, United States",Delivered,2025-10-08,2025-10-09,315.16
SHIP00984,SO00984,UPS Supply Chain,TRK-UPS-14412348,"Atlanta, GA, USA","Hamilton, United States",Preparing,2026-02-07,,1720.26
SHIP00985,SO00985,DHL Express,TRK-DHL-26680101,"Detroit, MI, USA","Suzhou, China",In Transit,2026-03-24,,103.62
SHIP00986,SO00986,Kuehne + Nagel,TRK-KUE-20425766,"Incheon, South Korea","Pune, Taiwan",Delivered,2026-04-20,2026-04-21,555.47
SHIP00987,SO00987,FedEx Freight,TRK-FED-75775015,"Melbourne, Australia","Detroit, Canada",In Transit,2025-10-08,,1846.89
SHIP00988,SO00988,Kuehne + Nagel,TRK-KUE-94724771,"Taipei, Taiwan","Shenzhen, United States",Delivered,2026-02-04,2026-02-08,1769.42
SHIP00989,SO00989,FedEx Freight,TRK-FED-64823318,"Dallas, TX, USA","Suzhou, China",In Transit,2026-07-24,,426.47
SHIP00990,SO00990,FedEx Freight,TRK-FED-39302025,"Munich, Germany","Birmingham, Taiwan",Delivered,2026-05-29,2026-05-30,979.53
SHIP00991,SO00991,UPS Supply Chain,TRK-UPS-90474594,"Tokyo, Japan","Shenzhen, United States",Delivered,2026-05-21,2026-05-23,590.06
SHIP00992,SO00992,DHL Express,TRK-DHL-64993327,"Frankfurt, Germany","Incheon, United States",Delivered,2025-12-03,2025-12-03,963.04
SHIP00993,SO00993,Kuehne + Nagel,TRK-KUE-63342251,"Taipei, Taiwan","Dortmund, United States",Delivered,2026-04-15,2026-04-17,539.09
SHIP00994,SO00994,Maersk Logistics,TRK-MAE-66057893,"Frankfurt, Germany","Munich, China",Delivered,2026-01-21,2026-01-21,1657.68
SHIP00995,SO00995,DHL Express,TRK-DHL-91826035,"Seattle, WA, USA","Osaka, United States",Delivered,2025-12-12,2025-12-14,891.6
SHIP00996,SO00996,UPS Supply Chain,TRK-UPS-73262610,"Frankfurt, Germany","Hamilton, China",In Transit,2026-03-02,,92.45
SHIP00997,SO00997,DHL Express,TRK-DHL-61038585,"Tokyo, Japan","Monterrey, China",Returned,2025-11-24,2025-11-30,852.99
SHIP00998,SO00998,DB Schenker,TRK-DB -78706910,"Frankfurt, Germany","Nagoya, China",Delivered,2026-07-11,2026-07-13,1333.74
SHIP00999,SO00999,Maersk Logistics,TRK-MAE-79932035,"Bengaluru, India","Detroit, Germany",In Transit,2026-04-19,,1227.84
SHIP01000,SO01000,Maersk Logistics,TRK-MAE-66681530,"Tokyo, Japan","Birmingham, Taiwan",Delayed,2025-09-09,,877.94
SHIP01001,SO01001,Maersk Logistics,TRK-MAE-89858878,"Monterrey, Mexico","Pune, Japan",In Transit,2026-07-16,,1078.59
SHIP01002,SO01002,FedEx Freight,TRK-FED-62554626,"London, UK","Hamilton, United States",Delayed,2026-05-18,,1394.0
SHIP01003,SO01003,Kuehne + Nagel,TRK-KUE-98270930,"Atlanta, GA, USA","Hai Phong, United States",In Transit,2026-03-09,,514.55
SHIP01004,SO01004,Kuehne + Nagel,TRK-KUE-59436042,"Stuttgart, Germany","Hamilton, South Korea",Delivered,2026-04-12,2026-04-12,899.26
SHIP01005,SO01005,Maersk Logistics,TRK-MAE-26838926,"Taipei, Taiwan","Dallas, China",In Transit,2026-02-26,,1262.12
SHIP01006,SO01006,Kuehne + Nagel,TRK-KUE-81668929,"Melbourne, Australia","Osaka, Germany",Returned,2025-09-09,2025-09-15,654.3
SHIP01007,SO01007,Kuehne + Nagel,TRK-KUE-57948625,"Munich, Germany","Detroit, Mexico",Delivered,2025-12-24,2025-12-25,903.02
SHIP01008,SO01008,FedEx Freight,TRK-FED-13054793,"Atlanta, GA, USA","Taipei, Mexico",Delivered,2025-10-31,2025-11-01,1117.68
SHIP01009,SO01009,DHL Express,TRK-DHL-59268413,"Hamburg, Germany","Monterrey, United Kingdom",In Transit,2025-09-20,,1200.58
SHIP01010,SO01010,UPS Supply Chain,TRK-UPS-24519185,"London, UK","Seoul, Germany",Delivered,2026-01-31,2026-01-30,1357.16
SHIP01011,SO01011,Kuehne + Nagel,TRK-KUE-46129594,"Detroit, MI, USA","Taipei, Japan",Delivered,2026-04-27,2026-04-27,855.36
SHIP01012,SO01012,FedEx Freight,TRK-FED-29397123,"Osaka, Japan","Suzhou, South Korea",Delivered,2025-10-18,2025-10-19,1622.78
SHIP01013,SO01013,Maersk Logistics,TRK-MAE-57596477,"Incheon, South Korea","Dortmund, United States",Delivered,2026-06-04,2026-06-03,1510.64
SHIP01014,SO01014,DB Schenker,TRK-DB -87862857,"Yokohama, Japan","Seoul, Taiwan",Delayed,2025-10-27,,1834.71
SHIP01015,SO01015,Maersk Logistics,TRK-MAE-24856925,"Dallas, TX, USA","Bengaluru, United States",Delayed,2026-01-09,,705.73
SHIP01016,SO01016,Kuehne + Nagel,TRK-KUE-19214123,"Toronto, Canada","Hsinchu, China",Delivered,2026-01-03,2026-01-02,1369.07
SHIP01017,SO01017,UPS Supply Chain,TRK-UPS-60947636,"Dallas, TX, USA","Nagoya, India",In Transit,2026-04-22,,895.92
SHIP01018,SO01018,Maersk Logistics,TRK-MAE-87433579,"Stuttgart, Germany","Dortmund, China",Delivered,2025-12-27,2025-12-27,1172.88
SHIP01019,SO01019,DHL Express,TRK-DHL-20503906,"Atlanta, GA, USA","Ningbo, Germany",Delivered,2026-03-16,2026-03-15,1398.53
SHIP01020,SO01020,Kuehne + Nagel,TRK-KUE-41229403,"Stuttgart, Germany","Taipei, South Korea",Delivered,2026-02-03,2026-02-03,1370.29
SHIP01021,SO01021,DHL Express,TRK-DHL-65911961,"Detroit, MI, USA","Suzhou, Taiwan",In Transit,2026-03-29,,129.54
SHIP01022,SO01022,Kuehne + Nagel,TRK-KUE-92260070,"Stuttgart, Germany","Detroit, South Korea",Delivered,2026-06-20,2026-06-20,1158.81
SHIP01023,SO01023,FedEx Freight,TRK-FED-92305046,"London, UK","Dallas, Taiwan",Delivered,2026-01-18,2026-01-17,1234.91
SHIP01024,SO01024,DB Schenker,TRK-DB -87408897,"Bengaluru, India","Chicago, Germany",In Transit,2025-10-20,,1719.06
SHIP01025,SO01025,FedEx Freight,TRK-FED-32424966,"Dallas, TX, USA","Seoul, Vietnam",Delivered,2026-05-18,2026-05-17,1728.13
SHIP01026,SO01026,DHL Express,TRK-DHL-28710980,"Chicago, IL, USA","Incheon, India",Delayed,2026-07-05,,1366.42
SHIP01027,SO01027,Kuehne + Nagel,TRK-KUE-98663763,"Munich, Germany","Dallas, United Kingdom",In Transit,2025-10-01,,1383.65
SHIP01028,SO01028,DHL Express,TRK-DHL-61896189,"Monterrey, Mexico","Querétaro, United States",Delivered,2025-10-22,2025-10-23,1044.54
SHIP01029,SO01029,DHL Express,TRK-DHL-79499352,Singapore,"Monterrey, Taiwan",Delayed,2026-04-20,,1828.06
SHIP01030,SO01030,UPS Supply Chain,TRK-UPS-16241211,"Pune, India","Incheon, Vietnam",In Transit,2026-02-15,,1403.48
SHIP01031,SO01031,Maersk Logistics,TRK-MAE-91598483,"London, UK","Ningbo, Mexico",In Transit,2026-03-11,,1124.6
SHIP01032,SO01032,DHL Express,TRK-DHL-42122447,"Toronto, Canada","Dallas, Germany",In Transit,2025-10-20,,778.22
SHIP01033,SO01033,Maersk Logistics,TRK-MAE-93369429,"Atlanta, GA, USA","Shenzhen, United Kingdom",Delayed,2026-03-01,,1523.47
SHIP01034,SO01034,Kuehne + Nagel,TRK-KUE-14084599,"Pune, India","Tokyo, Mexico",Delivered,2026-03-09,2026-03-08,849.77
SHIP01035,SO01035,DHL Express,TRK-DHL-86857338,"Dallas, TX, USA","Stuttgart, Vietnam",Delivered,2025-11-23,2025-11-22,592.5
SHIP01036,SO01036,UPS Supply Chain,TRK-UPS-79736147,"Frankfurt, Germany","Bengaluru, Germany",In Transit,2025-10-22,,987.15
SHIP01037,SO01037,DHL Express,TRK-DHL-19236459,"Munich, Germany","Monterrey, Mexico",In Transit,2026-05-22,,1266.25
SHIP01038,SO01038,Kuehne + Nagel,TRK-KUE-42898569,"Melbourne, Australia","Munich, United States",In Transit,2025-11-27,,975.73
SHIP01039,SO01039,DHL Express,TRK-DHL-50171936,"Rotterdam, Netherlands","Seoul, Taiwan",In Transit,2025-09-16,,1016.43
SHIP01040,SO01040,UPS Supply Chain,TRK-UPS-66726338,"Hamburg, Germany","Osaka, India",Delayed,2026-04-23,,1079.31
SHIP01041,SO01041,DHL Express,TRK-DHL-62337712,"Frankfurt, Germany","Seoul, Germany",Delivered,2025-10-29,2025-10-30,1045.65
SHIP01042,SO01042,UPS Supply Chain,TRK-UPS-51551515,"Yokohama, Japan","Monterrey, Canada",Delivered,2025-10-09,2025-10-08,521.36
SHIP01043,SO01043,DHL Express,TRK-DHL-29805164,"Los Angeles, CA, USA","Tokyo, Mexico",Delivered,2025-12-03,2025-12-02,1501.46
SHIP01044,SO01044,DHL Express,TRK-DHL-65688966,"Toronto, Canada","Chicago, Japan",Delayed,2026-05-21,,729.12
SHIP01045,SO01045,FedEx Freight,TRK-FED-15005074,"Monterrey, Mexico","Seoul, Germany",In Transit,2026-05-10,,950.29
SHIP01046,SO01046,FedEx Freight,TRK-FED-70893185,"Melbourne, Australia","Osaka, United States",Returned,2026-03-21,2026-03-29,1609.36
SHIP01047,SO01047,Kuehne + Nagel,TRK-KUE-32425801,"Yokohama, Japan","Shenzhen, South Korea",Delivered,2026-03-30,2026-03-30,484.53
SHIP01048,SO01048,Maersk Logistics,TRK-MAE-13323695,"Osaka, Japan","Incheon, Taiwan",Delayed,2026-03-09,,303.93
SHIP01049,SO01049,Maersk Logistics,TRK-MAE-93793152,"Bengaluru, India","Stuttgart, Japan",Delivered,2026-06-02,2026-06-02,962.96
SHIP01050,SO01050,UPS Supply Chain,TRK-UPS-90864612,"Yokohama, Japan","Tokyo, Vietnam",In Transit,2026-04-27,,1817.82
SHIP01051,SO01051,DHL Express,TRK-DHL-31836457,"Los Angeles, CA, USA","Incheon, United States",Delivered,2025-10-31,2025-10-30,474.4
SHIP01052,SO01052,UPS Supply Chain,TRK-UPS-42661658,"Monterrey, Mexico","Bengaluru, India",In Transit,2025-12-28,,164.52
SHIP01053,SO01053,DB Schenker,TRK-DB -14757779,"Detroit, MI, USA","Shenzhen, Japan",In Transit,2026-05-04,,76.76
SHIP01054,SO01054,FedEx Freight,TRK-FED-98250282,"Pune, India","Osaka, United Kingdom",Preparing,2025-10-28,,998.88
SHIP01055,SO01055,UPS Supply Chain,TRK-UPS-52801386,"Melbourne, Australia","Detroit, Vietnam",Delivered,2026-02-26,2026-02-25,46.61
SHIP01056,SO01056,FedEx Freight,TRK-FED-88287825,"London, UK","Birmingham, United Kingdom",Delivered,2026-07-20,2026-07-19,826.8
SHIP01057,SO01057,FedEx Freight,TRK-FED-33490403,"Toronto, Canada","Dallas, Mexico",Delivered,2025-09-15,2025-09-14,1526.21
SHIP01058,SO01058,Maersk Logistics,TRK-MAE-39045041,"Atlanta, GA, USA","Seoul, United States",In Transit,2026-03-26,,691.53
SHIP01059,SO01059,DB Schenker,TRK-DB -11417722,"Frankfurt, Germany","Seoul, United Kingdom",Delivered,2026-01-16,2026-01-16,1079.65
SHIP01060,SO01060,DB Schenker,TRK-DB -72385443,"Chicago, IL, USA","Hsinchu, Mexico",Delivered,2026-04-13,2026-04-20,811.35
SHIP01061,SO01061,DHL Express,TRK-DHL-43521577,Singapore,"Osaka, United Kingdom",Delivered,2026-06-21,2026-06-21,1659.76
SHIP01062,SO01062,DHL Express,TRK-DHL-62064059,"Bengaluru, India","Pune, United States",Delivered,2025-10-02,2025-10-01,1583.09
SHIP01063,SO01063,Maersk Logistics,TRK-MAE-17921562,"Bengaluru, India","Ningbo, Mexico",In Transit,2026-04-09,,1811.92
SHIP01064,SO01064,FedEx Freight,TRK-FED-43610763,"Melbourne, Australia","Hsinchu, United Kingdom",Delivered,2025-11-20,2025-11-21,677.65
SHIP01065,SO01065,DHL Express,TRK-DHL-97611530,"Bengaluru, India","Bengaluru, Japan",Delivered,2025-11-22,2025-11-22,1827.99
SHIP01066,SO01066,DB Schenker,TRK-DB -84449167,"Taipei, Taiwan","Stuttgart, Mexico",Delivered,2026-05-25,2026-06-02,240.35
SHIP01067,SO01067,FedEx Freight,TRK-FED-67122318,"Monterrey, Mexico","Osaka, Taiwan",Delivered,2026-02-26,2026-02-25,1096.9
SHIP01068,SO01068,DHL Express,TRK-DHL-11484889,"Stuttgart, Germany","Osaka, Germany",Delivered,2026-01-12,2026-01-11,950.15
SHIP01069,SO01069,Kuehne + Nagel,TRK-KUE-95189182,"Osaka, Japan","Detroit, United States",Delivered,2026-05-12,2026-05-16,1446.36
SHIP01070,SO01070,UPS Supply Chain,TRK-UPS-71292882,"Pune, India","Stuttgart, South Korea",Delayed,2026-06-25,,1343.83
SHIP01071,SO01071,FedEx Freight,TRK-FED-81534178,"London, UK","Shenzhen, India",Delivered,2025-11-19,2025-11-19,1594.23
SHIP01072,SO01072,Maersk Logistics,TRK-MAE-29171573,"Pune, India","Chicago, Vietnam",Delivered,2026-05-01,2026-05-07,1722.21
SHIP01073,SO01073,Maersk Logistics,TRK-MAE-35866264,"Osaka, Japan","Nagoya, South Korea",Preparing,2026-07-24,,1658.36
SHIP01074,SO01074,FedEx Freight,TRK-FED-85164445,"Yokohama, Japan","Osaka, Taiwan",Delivered,2026-05-12,2026-05-12,1353.94
SHIP01075,SO01075,FedEx Freight,TRK-FED-72261071,"Shenzhen, China","Hai Phong, Germany",Delivered,2026-01-30,2026-02-02,368.48
SHIP01076,SO01076,Maersk Logistics,TRK-MAE-80535664,"Toronto, Canada","Querétaro, Japan",In Transit,2026-06-05,,905.68
SHIP01077,SO01077,UPS Supply Chain,TRK-UPS-79016096,"Taipei, Taiwan","Hsinchu, Germany",In Transit,2026-07-08,,126.94
SHIP01078,SO01078,FedEx Freight,TRK-FED-83715972,"Seattle, WA, USA","Querétaro, Mexico",In Transit,2026-03-10,,1561.68
SHIP01079,SO01079,DB Schenker,TRK-DB -28957222,"Shenzhen, China","Querétaro, United States",Delivered,2025-12-21,2025-12-21,1238.38
SHIP01080,SO01080,DB Schenker,TRK-DB -64717502,"Hamburg, Germany","Hsinchu, United Kingdom",Preparing,2025-12-05,,1022.43
SHIP01081,SO01081,Maersk Logistics,TRK-MAE-34344312,"London, UK","Ningbo, United States",Delivered,2025-11-12,2025-11-12,1782.18
SHIP01082,SO01082,FedEx Freight,TRK-FED-17938792,"Guadalajara, Mexico","Tokyo, Germany",Delayed,2025-09-25,,557.22
SHIP01083,SO01083,UPS Supply Chain,TRK-UPS-13886750,"Munich, Germany","Detroit, India",Preparing,2026-03-24,,554.16
SHIP01084,SO01084,FedEx Freight,TRK-FED-41907008,"Stuttgart, Germany","Chicago, South Korea",Preparing,2025-11-14,,519.79
SHIP01085,SO01085,Maersk Logistics,TRK-MAE-27584682,"Bengaluru, India","Incheon, Mexico",Preparing,2025-09-16,,1574.28
SHIP01086,SO01086,DHL Express,TRK-DHL-78884492,"Stuttgart, Germany","Detroit, India",Preparing,2025-10-13,,1716.05
SHIP01087,SO01087,Maersk Logistics,TRK-MAE-43212947,"Tokyo, Japan","Seoul, Japan",Preparing,2026-01-07,,477.97
SHIP01088,SO01088,FedEx Freight,TRK-FED-42721192,"London, UK","Munich, Vietnam",Delivered,2026-03-19,2026-03-19,1021.98
SHIP01089,SO01089,Maersk Logistics,TRK-MAE-98438496,"Dallas, TX, USA","Dortmund, Vietnam",Delivered,2026-05-01,2026-05-01,278.43
SHIP01090,SO01090,Maersk Logistics,TRK-MAE-97440102,"Incheon, South Korea","Stuttgart, Taiwan",Delivered,2026-07-11,2026-07-10,1630.51
SHIP01091,SO01091,FedEx Freight,TRK-FED-48499222,"Dallas, TX, USA","Hai Phong, Japan",Delayed,2026-02-20,,1700.63
SHIP01092,SO01092,Kuehne + Nagel,TRK-KUE-21244539,"Osaka, Japan","Detroit, Germany",Preparing,2025-11-02,,449.09
SHIP01093,SO01093,Kuehne + Nagel,TRK-KUE-66333768,"Hamburg, Germany","Pune, United Kingdom",Delivered,2026-01-06,2026-01-07,1747.47
SHIP01094,SO01094,Maersk Logistics,TRK-MAE-39149452,"Yokohama, Japan","Birmingham, China",Delivered,2025-11-15,2025-11-14,460.51
SHIP01095,SO01095,FedEx Freight,TRK-FED-87409722,"Taipei, Taiwan","Ningbo, China",In Transit,2026-01-15,,1074.48
SHIP01096,SO01096,Kuehne + Nagel,TRK-KUE-93889830,"Hamburg, Germany","Seoul, Japan",Delayed,2026-02-13,,1735.4
SHIP01097,SO01097,Maersk Logistics,TRK-MAE-27299807,"Frankfurt, Germany","Detroit, Mexico",Delayed,2025-12-09,,362.41
SHIP01098,SO01098,FedEx Freight,TRK-FED-52302310,"London, UK","Monterrey, Taiwan",Delivered,2025-09-30,2025-10-01,914.07
SHIP01099,SO01099,DB Schenker,TRK-DB -79324573,"Frankfurt, Germany","Chicago, Germany",Delivered,2025-09-12,2025-09-12,180.42
SHIP01100,SO01100,Kuehne + Nagel,TRK-KUE-80462824,"Frankfurt, Germany","Incheon, China",Delivered,2026-01-25,2026-01-25,832.0
SHIP01101,SO01101,DHL Express,TRK-DHL-51026425,"Munich, Germany","Dallas, Japan",In Transit,2025-11-11,,905.96
SHIP01102,SO01102,FedEx Freight,TRK-FED-80607828,"Melbourne, Australia","Incheon, Germany",Delayed,2025-11-04,,1241.26
SHIP01103,SO01103,FedEx Freight,TRK-FED-74461670,Singapore,"Osaka, United States",Delivered,2026-07-16,2026-07-16,1034.74
SHIP01104,SO01104,FedEx Freight,TRK-FED-39894305,"Detroit, MI, USA","Taipei, China",Delivered,2025-10-22,2025-10-21,977.67
SHIP01105,SO01105,DHL Express,TRK-DHL-77750640,"Munich, Germany","Shenzhen, Taiwan",In Transit,2026-05-27,,1732.74
SHIP01106,SO01106,DB Schenker,TRK-DB -59461564,"Stuttgart, Germany","Chicago, South Korea",Delivered,2026-04-05,2026-04-04,280.95
SHIP01107,SO01107,Kuehne + Nagel,TRK-KUE-51697394,"Munich, Germany","Chicago, India",Delivered,2026-05-26,2026-05-27,205.94
SHIP01108,SO01108,DB Schenker,TRK-DB -17468011,"Incheon, South Korea","Seoul, United Kingdom",Delivered,2025-11-26,2025-11-26,133.94
SHIP01109,SO01109,DHL Express,TRK-DHL-76471148,"Bengaluru, India","Munich, India",In Transit,2025-12-07,,1541.89
SHIP01110,SO01110,DHL Express,TRK-DHL-31561596,"Munich, Germany","Chicago, Japan",Delivered,2026-03-02,2026-03-02,547.18
SHIP01111,SO01111,DB Schenker,TRK-DB -30031413,"Hamburg, Germany","Dortmund, China",Delayed,2025-11-12,,786.94
SHIP01112,SO01112,Kuehne + Nagel,TRK-KUE-64259423,"Atlanta, GA, USA","Pune, Germany",Delivered,2025-11-09,2025-11-10,556.51
SHIP01113,SO01113,Kuehne + Nagel,TRK-KUE-61032310,"Chicago, IL, USA","Dallas, South Korea",Delivered,2026-03-05,2026-03-06,1533.0
SHIP01114,SO01114,DB Schenker,TRK-DB -30184028,"Tokyo, Japan","Stuttgart, Canada",Delivered,2026-03-10,2026-03-10,1220.83
SHIP01115,SO01115,Maersk Logistics,TRK-MAE-82480237,"Hamburg, Germany","Chicago, Taiwan",Preparing,2025-09-13,,403.19
SHIP01116,SO01116,Kuehne + Nagel,TRK-KUE-90707264,"Stuttgart, Germany","Nagoya, China",In Transit,2026-01-12,,964.58
SHIP01117,SO01117,Kuehne + Nagel,TRK-KUE-48569678,"Stuttgart, Germany","Seoul, Vietnam",In Transit,2026-04-22,,991.26
SHIP01118,SO01118,UPS Supply Chain,TRK-UPS-23825533,"Hamburg, Germany","Suzhou, Japan",Delivered,2026-02-12,2026-02-11,873.14
SHIP01119,SO01119,DB Schenker,TRK-DB -96187441,"Toronto, Canada","Pune, Japan",Delivered,2026-02-14,2026-02-15,1596.85
SHIP01120,SO01120,DHL Express,TRK-DHL-95225162,"Atlanta, GA, USA","Stuttgart, Taiwan",Delivered,2026-03-13,2026-03-12,1020.76
SHIP01121,SO01121,UPS Supply Chain,TRK-UPS-71931920,"Taipei, Taiwan","Munich, Taiwan",Preparing,2026-05-08,,1661.42
SHIP01122,SO01122,DB Schenker,TRK-DB -12416454,"London, UK","Birmingham, United States",Delayed,2025-09-23,,523.74
SHIP01123,SO01123,UPS Supply Chain,TRK-UPS-91883724,"Chicago, IL, USA","Osaka, Canada",Delayed,2025-11-18,,1519.12
SHIP01124,SO01124,Kuehne + Nagel,TRK-KUE-91583528,"Rotterdam, Netherlands","Hsinchu, India",Delivered,2025-11-13,2025-11-13,1432.39
SHIP01125,SO01125,UPS Supply Chain,TRK-UPS-47019071,"Hamburg, Germany","Dortmund, Germany",In Transit,2025-12-22,,555.63
SHIP01126,SO01126,Kuehne + Nagel,TRK-KUE-73833714,"Yokohama, Japan","Hamilton, China",Delivered,2026-03-17,2026-03-17,402.01
SHIP01127,SO01127,FedEx Freight,TRK-FED-85600084,"London, UK","Dallas, Germany",Delivered,2026-02-15,2026-02-15,636.73
SHIP01128,SO01128,UPS Supply Chain,TRK-UPS-91342337,"Tokyo, Japan","Dortmund, United States",Delivered,2026-02-06,2026-02-07,284.14
SHIP01129,SO01129,Kuehne + Nagel,TRK-KUE-73013092,"Hamburg, Germany","Hamilton, Germany",Delayed,2026-03-29,,279.43
SHIP01130,SO01130,UPS Supply Chain,TRK-UPS-90769419,"Hamburg, Germany","Bengaluru, Japan",Delivered,2025-11-03,2025-11-07,148.57
SHIP01131,SO01131,DHL Express,TRK-DHL-31022624,"Bengaluru, India","Tokyo, Germany",In Transit,2025-11-29,,1112.5
SHIP01132,SO01132,UPS Supply Chain,TRK-UPS-65143717,"Bengaluru, India","Suzhou, United Kingdom",Delayed,2025-09-15,,143.79
SHIP01133,SO01133,FedEx Freight,TRK-FED-61400089,"Rotterdam, Netherlands","Nagoya, Japan",Delivered,2025-12-28,2025-12-27,1566.6
SHIP01134,SO01134,DB Schenker,TRK-DB -26368055,"Dallas, TX, USA","Detroit, Japan",Delayed,2026-07-31,,1297.52
SHIP01135,SO01135,DB Schenker,TRK-DB -53238326,"Atlanta, GA, USA","Querétaro, Germany",Delivered,2026-07-10,2026-07-11,1638.86
SHIP01136,SO01136,DB Schenker,TRK-DB -74336476,"Incheon, South Korea","Taipei, United States",Delivered,2025-11-03,2025-11-05,365.86
SHIP01137,SO01137,FedEx Freight,TRK-FED-96949470,"Frankfurt, Germany","Detroit, Mexico",In Transit,2026-05-31,,340.43
SHIP01138,SO01138,FedEx Freight,TRK-FED-46519755,"Toronto, Canada","Incheon, Germany",Delivered,2026-02-04,2026-02-04,632.15
SHIP01139,SO01139,DB Schenker,TRK-DB -18250302,"Atlanta, GA, USA","Detroit, Vietnam",Preparing,2026-06-22,,796.85
SHIP01140,SO01140,DB Schenker,TRK-DB -15516347,"Hamburg, Germany","Nagoya, China",Preparing,2026-03-28,,1786.59
SHIP01141,SO01141,FedEx Freight,TRK-FED-63076311,"Atlanta, GA, USA","Shenzhen, Mexico",Preparing,2026-07-15,,1095.35
SHIP01142,SO01142,FedEx Freight,TRK-FED-83282740,"Osaka, Japan","Birmingham, United States",Delayed,2026-05-17,,407.11
SHIP01143,SO01143,FedEx Freight,TRK-FED-86891858,"Detroit, MI, USA","Incheon, United Kingdom",In Transit,2025-12-04,,1357.11
SHIP01144,SO01144,Maersk Logistics,TRK-MAE-85057853,"Yokohama, Japan","Tokyo, Germany",In Transit,2026-01-01,,1722.56
SHIP01145,SO01145,DHL Express,TRK-DHL-46635216,"London, UK","Hsinchu, United States",Delivered,2026-07-10,2026-07-11,1521.15
SHIP01146,SO01146,UPS Supply Chain,TRK-UPS-95451580,"Guadalajara, Mexico","Detroit, India",In Transit,2026-04-24,,1141.74
SHIP01147,SO01147,UPS Supply Chain,TRK-UPS-28827745,"Monterrey, Mexico","Dallas, Germany",Delivered,2026-07-18,2026-07-18,1536.45
SHIP01148,SO01148,Maersk Logistics,TRK-MAE-35353607,"Pune, India","Hamilton, United States",Delivered,2026-01-26,2026-01-27,1224.69
SHIP01149,SO01149,DB Schenker,TRK-DB -73107675,"Tokyo, Japan","Chicago, United Kingdom",Delivered,2026-01-12,2026-01-11,1185.76
SHIP01150,SO01150,FedEx Freight,TRK-FED-82486699,"Osaka, Japan","Shenzhen, China",Delivered,2026-03-01,2026-03-02,1291.75
SHIP01151,SO01151,Maersk Logistics,TRK-MAE-70369159,"Taipei, Taiwan","Osaka, India",Delivered,2026-04-30,2026-05-02,976.99
SHIP01152,SO01152,DHL Express,TRK-DHL-77927596,Singapore,"Querétaro, Japan",In Transit,2025-09-13,,966.49
SHIP01153,SO01153,UPS Supply Chain,TRK-UPS-64947799,"Osaka, Japan","Incheon, South Korea",In Transit,2026-01-12,,102.39
SHIP01154,SO01154,DHL Express,TRK-DHL-63198585,"Frankfurt, Germany","Stuttgart, South Korea",Delayed,2026-07-07,,981.18
SHIP01155,SO01155,Maersk Logistics,TRK-MAE-51407097,Singapore,"Incheon, Japan",Delayed,2026-07-18,,1786.08
SHIP01156,SO01156,FedEx Freight,TRK-FED-34171423,"Seattle, WA, USA","Bengaluru, Mexico",In Transit,2026-06-16,,1116.19
SHIP01157,SO01157,Maersk Logistics,TRK-MAE-93273988,Singapore,"Hsinchu, Vietnam",Delayed,2026-01-19,,1579.48
SHIP01158,SO01158,FedEx Freight,TRK-FED-78026646,"Detroit, MI, USA","Hai Phong, Mexico",Delivered,2025-12-16,2025-12-17,1703.14
SHIP01159,SO01159,Kuehne + Nagel,TRK-KUE-22107613,"Yokohama, Japan","Bengaluru, China",Delivered,2026-01-14,2026-01-14,690.84
SHIP01160,SO01160,FedEx Freight,TRK-FED-51997842,"Shenzhen, China","Ningbo, South Korea",Delivered,2026-05-22,2026-05-21,72.05
SHIP01161,SO01161,DHL Express,TRK-DHL-23834065,"Toronto, Canada","Stuttgart, Taiwan",In Transit,2026-05-31,,1031.78
SHIP01162,SO01162,Maersk Logistics,TRK-MAE-33513858,"Chicago, IL, USA","Querétaro, India",Delivered,2025-09-14,2025-09-15,218.59
SHIP01163,SO01163,UPS Supply Chain,TRK-UPS-89358613,"Yokohama, Japan","Stuttgart, China",Preparing,2026-05-07,,254.35
SHIP01164,SO01164,DHL Express,TRK-DHL-62069564,"Hamburg, Germany","Hai Phong, South Korea",Delivered,2026-01-13,2026-01-14,1544.52
SHIP01165,SO01165,FedEx Freight,TRK-FED-39182362,"Munich, Germany","Dortmund, South Korea",Preparing,2026-07-24,,827.12
SHIP01166,SO01166,FedEx Freight,TRK-FED-77972581,"Tokyo, Japan","Incheon, United States",Delivered,2025-12-28,2025-12-28,914.22
SHIP01167,SO01167,Kuehne + Nagel,TRK-KUE-58893724,"Stuttgart, Germany","Hai Phong, Taiwan",Delivered,2025-10-05,2025-10-06,1171.38
SHIP01168,SO01168,UPS Supply Chain,TRK-UPS-49602779,"Bengaluru, India","Monterrey, Germany",Delivered,2026-05-27,2026-05-27,1133.01
SHIP01169,SO01169,DB Schenker,TRK-DB -76824939,"Seattle, WA, USA","Dallas, Japan",Delivered,2026-01-30,2026-01-29,867.37
SHIP01170,SO01170,Maersk Logistics,TRK-MAE-71506729,"Chicago, IL, USA","Chicago, South Korea",Delivered,2026-03-25,2026-03-26,1358.42
SHIP01171,SO01171,FedEx Freight,TRK-FED-90699765,"Toronto, Canada","Munich, India",In Transit,2026-07-21,,496.59
SHIP01172,SO01172,FedEx Freight,TRK-FED-81448864,"Seattle, WA, USA","Ningbo, Japan",Delivered,2026-04-19,2026-04-19,1020.58
SHIP01173,SO01173,UPS Supply Chain,TRK-UPS-13636215,"Frankfurt, Germany","Pune, South Korea",Delivered,2026-05-12,2026-05-13,1009.05
SHIP01174,SO01174,Maersk Logistics,TRK-MAE-99921078,"Rotterdam, Netherlands","Incheon, India",Delayed,2026-04-20,,567.63
SHIP01175,SO01175,DHL Express,TRK-DHL-24655757,"Bengaluru, India","Dortmund, China",Delayed,2025-09-21,,1525.58
SHIP01176,SO01176,Kuehne + Nagel,TRK-KUE-68546374,"Seattle, WA, USA","Monterrey, United States",Delivered,2025-12-03,2025-12-04,206.57
SHIP01177,SO01177,UPS Supply Chain,TRK-UPS-10460239,Singapore,"Hai Phong, United States",Delayed,2025-12-05,,843.9
SHIP01178,SO01178,FedEx Freight,TRK-FED-79594143,"Monterrey, Mexico","Stuttgart, India",Preparing,2026-06-26,,1271.26
SHIP01179,SO01179,FedEx Freight,TRK-FED-24400694,"London, UK","Incheon, China",Delivered,2025-11-10,2025-11-09,1596.91
SHIP01180,SO01180,DB Schenker,TRK-DB -92622460,"Los Angeles, CA, USA","Hamilton, United States",In Transit,2025-10-17,,197.51
SHIP01181,SO01181,Maersk Logistics,TRK-MAE-22286180,"Shenzhen, China","Dallas, Taiwan",In Transit,2025-10-17,,967.97
SHIP01182,SO01182,DHL Express,TRK-DHL-86463677,"Tokyo, Japan","Ningbo, Taiwan",Delivered,2025-10-20,2025-10-19,185.28
SHIP01183,SO01183,Maersk Logistics,TRK-MAE-45093954,"Yokohama, Japan","Hsinchu, United States",In Transit,2025-10-19,,1768.61
SHIP01184,SO01184,DB Schenker,TRK-DB -48965454,"Pune, India","Pune, China",Preparing,2025-12-06,,1217.15
SHIP01185,SO01185,Kuehne + Nagel,TRK-KUE-93311362,"Dallas, TX, USA","Dortmund, Japan",Delayed,2025-10-13,,892.3
SHIP01186,SO01186,DHL Express,TRK-DHL-76906663,"Frankfurt, Germany","Detroit, Taiwan",Delivered,2026-01-08,2026-01-08,661.99
SHIP01187,SO01187,UPS Supply Chain,TRK-UPS-30676420,"Chicago, IL, USA","Taipei, Japan",Delayed,2025-12-02,,874.09
SHIP01188,SO01188,FedEx Freight,TRK-FED-63702580,"Guadalajara, Mexico","Hamilton, United Kingdom",Preparing,2026-02-20,,942.36
SHIP01189,SO01189,DB Schenker,TRK-DB -43800028,"Detroit, MI, USA","Shenzhen, India",Preparing,2025-11-24,,1290.14
SHIP01190,SO01190,FedEx Freight,TRK-FED-11754520,"Frankfurt, Germany","Querétaro, Japan",In Transit,2026-06-12,,748.6
SHIP01191,SO01191,DHL Express,TRK-DHL-20018254,"Incheon, South Korea","Birmingham, Germany",Delivered,2025-12-21,2025-12-21,601.11
SHIP01192,SO01192,Maersk Logistics,TRK-MAE-66847167,"Munich, Germany","Dortmund, United States",In Transit,2025-10-28,,1017.82
SHIP01193,SO01193,FedEx Freight,TRK-FED-40831120,"Seattle, WA, USA","Birmingham, Vietnam",In Transit,2025-09-17,,851.86
SHIP01194,SO01194,Maersk Logistics,TRK-MAE-96510228,"Pune, India","Detroit, Japan",Delivered,2026-03-01,2026-02-28,635.74
SHIP01195,SO01195,Kuehne + Nagel,TRK-KUE-45134769,"Shenzhen, China","Shenzhen, Japan",Delivered,2026-01-18,2026-01-17,1256.76
SHIP01196,SO01196,FedEx Freight,TRK-FED-71623620,"Detroit, MI, USA","Hai Phong, Mexico",In Transit,2026-02-27,,1069.59
SHIP01197,SO01197,Kuehne + Nagel,TRK-KUE-86206019,"Tokyo, Japan","Hai Phong, United States",In Transit,2025-10-25,,1012.81
SHIP01198,SO01198,DHL Express,TRK-DHL-58385379,"Monterrey, Mexico","Querétaro, India",Delivered,2026-01-03,2026-01-02,1430.68
SHIP01199,SO01199,Maersk Logistics,TRK-MAE-87080799,"Hamburg, Germany","Monterrey, United States",Delivered,2026-03-02,2026-03-02,1648.53
SHIP01200,SO01200,DHL Express,TRK-DHL-77734372,"London, UK","Hsinchu, India",Delivered,2026-01-28,2026-01-29,1492.03
SHIP01201,SO01201,FedEx Freight,TRK-FED-74814047,"Yokohama, Japan","Suzhou, United Kingdom",Delayed,2026-02-12,,821.43
SHIP01202,SO01202,Maersk Logistics,TRK-MAE-49812934,"Tokyo, Japan","Taipei, Mexico",In Transit,2026-05-18,,1648.52
SHIP01203,SO01203,DHL Express,TRK-DHL-50653495,Singapore,"Detroit, Vietnam",Delivered,2026-06-13,2026-06-13,178.1
SHIP01204,SO01204,DB Schenker,TRK-DB -91409723,"Rotterdam, Netherlands","Dortmund, Taiwan",In Transit,2025-12-03,,296.31
SHIP01205,SO01205,DHL Express,TRK-DHL-18230885,"Dallas, TX, USA","Pune, China",In Transit,2025-09-16,,1019.51
SHIP01206,SO01206,FedEx Freight,TRK-FED-10090013,"Los Angeles, CA, USA","Hamilton, Germany",Delivered,2026-03-04,2026-03-07,938.65
SHIP01207,SO01207,DB Schenker,TRK-DB -42804940,"Frankfurt, Germany","Suzhou, China",Delayed,2026-07-13,,1520.69
SHIP01208,SO01208,Maersk Logistics,TRK-MAE-88638934,"Hamburg, Germany","Hai Phong, United States",In Transit,2025-09-12,,1020.58
SHIP01209,SO01209,Kuehne + Nagel,TRK-KUE-43736332,"Atlanta, GA, USA","Dortmund, United States",Delivered,2025-09-17,2025-09-16,1500.18
SHIP01210,SO01210,DB Schenker,TRK-DB -82792694,"Guadalajara, Mexico","Munich, Germany",In Transit,2025-09-29,,1285.34
SHIP01211,SO01211,DB Schenker,TRK-DB -80152235,"Osaka, Japan","Dortmund, China",Returned,2026-02-17,2026-02-22,444.0
SHIP01212,SO01212,DB Schenker,TRK-DB -72597496,"Monterrey, Mexico","Bengaluru, Mexico",Delivered,2025-12-23,2025-12-22,1519.91
SHIP01213,SO01213,UPS Supply Chain,TRK-UPS-57125277,"Guadalajara, Mexico","Chicago, South Korea",Delivered,2025-10-12,2025-10-12,617.0
SHIP01214,SO01214,Kuehne + Nagel,TRK-KUE-17678598,"Detroit, MI, USA","Hai Phong, China",In Transit,2026-05-29,,964.13
SHIP01215,SO01215,UPS Supply Chain,TRK-UPS-90765218,"Atlanta, GA, USA","Chicago, Taiwan",Returned,2026-07-01,2026-07-06,1335.41
SHIP01216,SO01216,UPS Supply Chain,TRK-UPS-47831528,"Chicago, IL, USA","Taipei, Germany",Delivered,2026-02-12,2026-02-11,1094.17
SHIP01217,SO01217,FedEx Freight,TRK-FED-54771397,"Hamburg, Germany","Pune, Germany",Delivered,2026-06-12,2026-06-11,1205.7
SHIP01218,SO01218,UPS Supply Chain,TRK-UPS-14388713,"London, UK","Querétaro, United States",Delivered,2025-11-22,2025-11-21,750.28
SHIP01219,SO01219,DB Schenker,TRK-DB -31162911,"Frankfurt, Germany","Bengaluru, Germany",In Transit,2026-05-05,,460.66
SHIP01220,SO01220,DB Schenker,TRK-DB -20415298,"Los Angeles, CA, USA","Ningbo, India",Delivered,2026-02-12,2026-02-13,90.25
SHIP01221,SO01221,FedEx Freight,TRK-FED-61217373,"Toronto, Canada","Querétaro, South Korea",In Transit,2026-04-25,,293.63
SHIP01222,SO01222,Kuehne + Nagel,TRK-KUE-18358081,"Toronto, Canada","Detroit, United States",In Transit,2025-09-28,,1836.11
SHIP01223,SO01223,DB Schenker,TRK-DB -58433290,"Rotterdam, Netherlands","Monterrey, Japan",Preparing,2026-05-19,,1077.1
SHIP01224,SO01224,DB Schenker,TRK-DB -54698246,"London, UK","Osaka, Canada",Delayed,2025-09-16,,1706.31
SHIP01225,SO01225,DB Schenker,TRK-DB -88974917,"Taipei, Taiwan","Tokyo, Germany",In Transit,2025-10-10,,1155.77
SHIP01226,SO01226,Maersk Logistics,TRK-MAE-16950026,Singapore,"Stuttgart, United States",Delivered,2025-11-11,2025-11-11,727.42
SHIP01227,SO01227,DHL Express,TRK-DHL-89911296,"Tokyo, Japan","Stuttgart, Germany",In Transit,2026-04-28,,754.22
SHIP01228,SO01228,Kuehne + Nagel,TRK-KUE-49777520,"Osaka, Japan","Incheon, India",Delayed,2026-02-08,,297.18
SHIP01229,SO01229,Maersk Logistics,TRK-MAE-43663908,"London, UK","Nagoya, Mexico",Delivered,2025-09-15,2025-09-16,849.29
SHIP01230,SO01230,FedEx Freight,TRK-FED-82798702,"Melbourne, Australia","Ningbo, China",Delivered,2025-12-23,2025-12-23,1742.04
SHIP01231,SO01231,Maersk Logistics,TRK-MAE-65836101,"Munich, Germany","Incheon, South Korea",Delivered,2026-06-16,2026-06-17,372.83
SHIP01232,SO01232,DHL Express,TRK-DHL-85446622,"Hamburg, Germany","Stuttgart, Germany",Delivered,2025-11-15,2025-11-14,224.01
SHIP01233,SO01233,Maersk Logistics,TRK-MAE-60438655,"Monterrey, Mexico","Ningbo, India",Delivered,2025-11-01,2025-11-06,923.52
SHIP01234,SO01234,DB Schenker,TRK-DB -94383395,"Bengaluru, India","Hai Phong, Vietnam",Delivered,2026-03-30,2026-03-30,1367.77
SHIP01235,SO01235,FedEx Freight,TRK-FED-64070883,"Guadalajara, Mexico","Hsinchu, Mexico",Delivered,2026-04-11,2026-04-15,767.99
SHIP01236,SO01236,DB Schenker,TRK-DB -41718737,"Bengaluru, India","Querétaro, China",In Transit,2026-06-03,,581.91
SHIP01237,SO01237,FedEx Freight,TRK-FED-70909311,"London, UK","Taipei, India",In Transit,2026-06-18,,1188.83
SHIP01238,SO01238,DHL Express,TRK-DHL-20692116,"Seattle, WA, USA","Osaka, Taiwan",Delivered,2025-09-17,2025-09-18,182.66
SHIP01239,SO01239,UPS Supply Chain,TRK-UPS-24091235,"Pune, India","Dallas, Canada",In Transit,2026-01-25,,795.82
SHIP01240,SO01240,Maersk Logistics,TRK-MAE-79306091,"Munich, Germany","Osaka, India",In Transit,2026-03-16,,683.89
SHIP01241,SO01241,DB Schenker,TRK-DB -50037549,"Yokohama, Japan","Hai Phong, Germany",Delivered,2026-04-29,2026-04-30,356.94
SHIP01242,SO01242,DB Schenker,TRK-DB -69504808,"Guadalajara, Mexico","Osaka, Mexico",Delivered,2026-04-03,2026-04-04,1223.8
SHIP01243,SO01243,FedEx Freight,TRK-FED-14656587,"Incheon, South Korea","Osaka, Vietnam",Delivered,2025-11-25,2025-11-25,1440.94
SHIP01244,SO01244,FedEx Freight,TRK-FED-55243445,"Stuttgart, Germany","Chicago, China",Preparing,2025-11-17,,473.84
SHIP01245,SO01245,Kuehne + Nagel,TRK-KUE-48438523,"Melbourne, Australia","Nagoya, Vietnam",Delivered,2026-02-12,2026-02-19,47.96
SHIP01246,SO01246,DHL Express,TRK-DHL-48648554,"Guadalajara, Mexico","Tokyo, South Korea",Delivered,2026-03-18,2026-03-25,1051.34
SHIP01247,SO01247,UPS Supply Chain,TRK-UPS-80735987,"Munich, Germany","Dortmund, South Korea",Delivered,2026-04-27,2026-04-28,1587.15
SHIP01248,SO01248,UPS Supply Chain,TRK-UPS-31659100,"Pune, India","Dallas, Germany",Preparing,2026-04-19,,829.96
SHIP01249,SO01249,Maersk Logistics,TRK-MAE-69680131,"Pune, India","Hsinchu, South Korea",Delivered,2026-05-07,2026-05-06,1622.38
SHIP01250,SO01250,DHL Express,TRK-DHL-51013189,"Monterrey, Mexico","Hsinchu, Mexico",In Transit,2026-02-22,,391.35
SHIP01251,SO01251,Kuehne + Nagel,TRK-KUE-50965798,"Seattle, WA, USA","Osaka, United States",Delivered,2026-02-02,2026-02-01,529.97
SHIP01252,SO01252,UPS Supply Chain,TRK-UPS-35376445,"Taipei, Taiwan","Nagoya, Taiwan",Delivered,2026-03-09,2026-03-09,69.49
SHIP01253,SO01253,UPS Supply Chain,TRK-UPS-23622643,"Guadalajara, Mexico","Chicago, Japan",In Transit,2026-02-06,,219.13
SHIP01254,SO01254,DHL Express,TRK-DHL-40828571,"Munich, Germany","Bengaluru, Germany",In Transit,2026-07-03,,635.86
SHIP01255,SO01255,DB Schenker,TRK-DB -84607717,"Osaka, Japan","Tokyo, South Korea",Delivered,2026-04-17,2026-04-22,402.16
SHIP01256,SO01256,UPS Supply Chain,TRK-UPS-28920518,"Toronto, Canada","Querétaro, Mexico",Delayed,2026-07-21,,1667.54
SHIP01257,SO01257,FedEx Freight,TRK-FED-96876021,"Toronto, Canada","Suzhou, South Korea",Delayed,2026-01-13,,204.32
SHIP01258,SO01258,Maersk Logistics,TRK-MAE-37235049,"Tokyo, Japan","Chicago, Mexico",In Transit,2026-03-30,,500.91
SHIP01259,SO01259,DB Schenker,TRK-DB -87702050,"Yokohama, Japan","Shenzhen, United States",Preparing,2026-02-27,,1489.74
SHIP01260,SO01260,UPS Supply Chain,TRK-UPS-67706528,"Seattle, WA, USA","Hsinchu, China",Delivered,2025-11-13,2025-11-13,819.71
SHIP01261,SO01261,Maersk Logistics,TRK-MAE-66225231,"Hamburg, Germany","Stuttgart, Taiwan",Delayed,2025-12-28,,1337.5
SHIP01262,SO01262,DB Schenker,TRK-DB -97774515,"Monterrey, Mexico","Nagoya, South Korea",In Transit,2026-04-30,,1324.68
SHIP01263,SO01263,Maersk Logistics,TRK-MAE-59947493,"Bengaluru, India","Birmingham, Germany",Delayed,2025-11-02,,444.86
SHIP01264,SO01264,DB Schenker,TRK-DB -41315798,"Monterrey, Mexico","Detroit, India",In Transit,2025-12-14,,771.51
SHIP01265,SO01265,Maersk Logistics,TRK-MAE-42095505,"Pune, India","Querétaro, United States",Delivered,2025-12-10,2025-12-10,470.89
SHIP01266,SO01266,UPS Supply Chain,TRK-UPS-40336862,"Tokyo, Japan","Seoul, Germany",Delivered,2026-03-24,2026-03-25,483.33
SHIP01267,SO01267,DB Schenker,TRK-DB -56419959,"Frankfurt, Germany","Chicago, United Kingdom",Delivered,2026-02-09,2026-02-09,74.76
SHIP01268,SO01268,FedEx Freight,TRK-FED-32047531,"Guadalajara, Mexico","Incheon, China",Preparing,2026-06-06,,503.44
SHIP01269,SO01269,Maersk Logistics,TRK-MAE-98757516,"Dallas, TX, USA","Seoul, Japan",Delivered,2026-02-09,2026-02-09,1684.92
SHIP01270,SO01270,UPS Supply Chain,TRK-UPS-66149103,"Osaka, Japan","Stuttgart, China",In Transit,2025-11-25,,1150.61
SHIP01271,SO01271,DHL Express,TRK-DHL-13571109,"Rotterdam, Netherlands","Dallas, Mexico",Delivered,2025-10-25,2025-10-26,1762.12
SHIP01272,SO01272,DB Schenker,TRK-DB -72037151,"Tokyo, Japan","Monterrey, United States",Delivered,2026-01-03,2026-01-07,1488.15
SHIP01273,SO01273,Kuehne + Nagel,TRK-KUE-40737701,Singapore,"Dallas, United States",Delivered,2025-12-20,2025-12-28,722.78
SHIP01274,SO01274,Maersk Logistics,TRK-MAE-45655126,"Bengaluru, India","Incheon, Vietnam",Preparing,2026-01-11,,1089.99
SHIP01275,SO01275,DHL Express,TRK-DHL-54739374,"Los Angeles, CA, USA","Seoul, South Korea",Delivered,2026-03-13,2026-03-14,1340.1
SHIP01276,SO01276,UPS Supply Chain,TRK-UPS-48565395,"Rotterdam, Netherlands","Hsinchu, Germany",Delivered,2025-12-05,2025-12-05,517.51
SHIP01277,SO01277,DB Schenker,TRK-DB -31946590,"Yokohama, Japan","Ningbo, United Kingdom",Delivered,2026-07-23,2026-07-23,616.41
SHIP01278,SO01278,Maersk Logistics,TRK-MAE-22242923,Singapore,"Dortmund, United States",Delivered,2026-05-01,2026-05-03,314.76
SHIP01279,SO01279,Maersk Logistics,TRK-MAE-53258121,"Monterrey, Mexico","Pune, Taiwan",Delayed,2025-10-26,,607.24
SHIP01280,SO01280,Maersk Logistics,TRK-MAE-65688673,"Atlanta, GA, USA","Birmingham, Vietnam",In Transit,2025-11-16,,390.63
SHIP01281,SO01281,Maersk Logistics,TRK-MAE-39845921,"Stuttgart, Germany","Bengaluru, United States",Delivered,2026-06-02,2026-06-03,635.85
SHIP01282,SO01282,DHL Express,TRK-DHL-30454857,"Dallas, TX, USA","Stuttgart, Japan",In Transit,2026-01-29,,558.77
SHIP01283,SO01283,DHL Express,TRK-DHL-51076039,"Rotterdam, Netherlands","Dallas, Japan",Delivered,2026-07-14,2026-07-20,380.52
SHIP01284,SO01284,DHL Express,TRK-DHL-42325448,"Bengaluru, India","Pune, Canada",In Transit,2026-01-18,,282.29
SHIP01285,SO01285,FedEx Freight,TRK-FED-36983203,"Monterrey, Mexico","Querétaro, Germany",Delivered,2026-05-09,2026-05-08,1564.71
SHIP01286,SO01286,DHL Express,TRK-DHL-66243541,"Monterrey, Mexico","Querétaro, Japan",In Transit,2026-02-18,,1696.15
SHIP01287,SO01287,FedEx Freight,TRK-FED-27513984,"Seattle, WA, USA","Pune, United States",Delivered,2026-05-01,2026-04-30,774.05
SHIP01288,SO01288,Maersk Logistics,TRK-MAE-74702757,"Dallas, TX, USA","Birmingham, Japan",In Transit,2026-07-19,,1318.58
SHIP01289,SO01289,DHL Express,TRK-DHL-20717620,"London, UK","Monterrey, Mexico",Delivered,2026-06-23,2026-06-23,408.82
SHIP01290,SO01290,DB Schenker,TRK-DB -23330918,"Monterrey, Mexico","Hsinchu, United Kingdom",Delivered,2026-07-13,2026-07-13,250.88
SHIP01291,SO01291,Maersk Logistics,TRK-MAE-38350417,"Monterrey, Mexico","Chicago, United States",Delivered,2026-06-07,2026-06-07,1087.22
SHIP01292,SO01292,FedEx Freight,TRK-FED-49953143,"London, UK","Munich, China",Delivered,2026-03-21,2026-03-23,439.03
SHIP01293,SO01293,FedEx Freight,TRK-FED-38930504,"Melbourne, Australia","Taipei, Japan",Preparing,2026-02-26,,536.87
SHIP01294,SO01294,DHL Express,TRK-DHL-48147496,"Rotterdam, Netherlands","Dallas, South Korea",Delayed,2025-11-22,,958.9
SHIP01295,SO01295,UPS Supply Chain,TRK-UPS-11935056,"Detroit, MI, USA","Seoul, United States",Delayed,2025-12-04,,1144.9
SHIP01296,SO01296,DHL Express,TRK-DHL-19372801,"Chicago, IL, USA","Incheon, Germany",In Transit,2026-03-09,,182.66
SHIP01297,SO01297,UPS Supply Chain,TRK-UPS-82880590,"Munich, Germany","Tokyo, Mexico",Delivered,2026-01-07,2026-01-07,325.18
SHIP01298,SO01298,Maersk Logistics,TRK-MAE-19340071,"Los Angeles, CA, USA","Hai Phong, United States",Delayed,2025-09-18,,1787.69
SHIP01299,SO01299,Kuehne + Nagel,TRK-KUE-53407873,"Los Angeles, CA, USA","Hsinchu, South Korea",Delivered,2026-07-20,2026-07-19,731.23
SHIP01300,SO01300,DB Schenker,TRK-DB -50402135,"Seattle, WA, USA","Stuttgart, Mexico",Delivered,2026-06-14,2026-06-14,451.46
SHIP01301,SO01301,FedEx Freight,TRK-FED-73271285,Singapore,"Birmingham, India",In Transit,2025-12-20,,692.67
SHIP01302,SO01302,DHL Express,TRK-DHL-21087728,"Osaka, Japan","Dortmund, India",Preparing,2026-01-18,,1716.46
SHIP01303,SO01303,Kuehne + Nagel,TRK-KUE-89748980,"Rotterdam, Netherlands","Seoul, Taiwan",Delivered,2025-10-30,2025-10-30,895.01
SHIP01304,SO01304,DB Schenker,TRK-DB -56593191,Singapore,"Tokyo, United States",Delivered,2025-10-14,2025-10-13,1807.97
SHIP01305,SO01305,Maersk Logistics,TRK-MAE-44038595,"Atlanta, GA, USA","Seoul, Germany",Delivered,2026-05-02,2026-05-02,1657.4
SHIP01306,SO01306,DB Schenker,TRK-DB -40927970,"Taipei, Taiwan","Munich, Taiwan",Delivered,2026-02-21,2026-02-23,647.7
SHIP01307,SO01307,DB Schenker,TRK-DB -82560542,"Osaka, Japan","Detroit, Mexico",In Transit,2026-03-30,,109.81
SHIP01308,SO01308,FedEx Freight,TRK-FED-57028962,"Monterrey, Mexico","Detroit, United States",Delivered,2026-07-09,2026-07-08,965.68
SHIP01309,SO01309,FedEx Freight,TRK-FED-37885600,"Stuttgart, Germany","Bengaluru, India",In Transit,2025-09-20,,725.42
SHIP01310,SO01310,FedEx Freight,TRK-FED-76044148,"Melbourne, Australia","Suzhou, India",Delivered,2026-05-06,2026-05-06,1316.17
SHIP01311,SO01311,DB Schenker,TRK-DB -34801211,"Stuttgart, Germany","Pune, United States",In Transit,2025-12-21,,842.65
SHIP01312,SO01312,Kuehne + Nagel,TRK-KUE-34323119,"Chicago, IL, USA","Chicago, Mexico",Delivered,2026-06-19,2026-06-19,499.12
SHIP01313,SO01313,Kuehne + Nagel,TRK-KUE-44958386,"Stuttgart, Germany","Hai Phong, South Korea",Delivered,2026-02-26,2026-02-25,1738.43
SHIP01314,SO01314,Maersk Logistics,TRK-MAE-30264466,"Dallas, TX, USA","Osaka, South Korea",In Transit,2026-03-23,,1126.71
SHIP01315,SO01315,Maersk Logistics,TRK-MAE-92266588,"Osaka, Japan","Munich, Germany",Delivered,2025-09-20,2025-09-20,178.83
SHIP01316,SO01316,DB Schenker,TRK-DB -97378355,"Dallas, TX, USA","Dortmund, United States",Delivered,2026-04-02,2026-04-03,1671.04
SHIP01317,SO01317,Maersk Logistics,TRK-MAE-15844567,"Bengaluru, India","Querétaro, Taiwan",In Transit,2026-02-23,,1160.36
SHIP01318,SO01318,DB Schenker,TRK-DB -66790795,"Bengaluru, India","Ningbo, Canada",Returned,2026-04-17,2026-04-25,908.83
SHIP01319,SO01319,Maersk Logistics,TRK-MAE-87101649,"London, UK","Dallas, Taiwan",Preparing,2026-07-14,,594.29
SHIP01320,SO01320,DB Schenker,TRK-DB -78016026,"Dallas, TX, USA","Taipei, South Korea",Delivered,2026-06-28,2026-06-28,1799.41
SHIP01321,SO01321,UPS Supply Chain,TRK-UPS-24999188,"Incheon, South Korea","Munich, Mexico",Delivered,2025-11-27,2025-12-01,1339.34
SHIP01322,SO01322,DB Schenker,TRK-DB -92281548,"Munich, Germany","Dortmund, China",Delayed,2025-11-18,,52.23
SHIP01323,SO01323,Kuehne + Nagel,TRK-KUE-19424666,"Shenzhen, China","Stuttgart, South Korea",Delivered,2025-09-28,2025-09-27,325.51
SHIP01324,SO01324,Maersk Logistics,TRK-MAE-88798548,"Chicago, IL, USA","Dallas, Vietnam",Preparing,2026-03-06,,1843.6
SHIP01325,SO01325,FedEx Freight,TRK-FED-90647536,"Pune, India","Seoul, China",Delivered,2026-05-12,2026-05-12,775.02
SHIP01326,SO01326,Maersk Logistics,TRK-MAE-46263239,"Los Angeles, CA, USA","Pune, China",In Transit,2025-11-02,,829.66
SHIP01327,SO01327,FedEx Freight,TRK-FED-54438150,"Atlanta, GA, USA","Hsinchu, Vietnam",In Transit,2025-12-16,,284.26
SHIP01328,SO01328,FedEx Freight,TRK-FED-24974629,"Melbourne, Australia","Incheon, Japan",Preparing,2026-02-12,,1252.21
SHIP01329,SO01329,DB Schenker,TRK-DB -85134564,"Frankfurt, Germany","Shenzhen, Japan",Delivered,2026-05-29,2026-05-28,65.79
SHIP01330,SO01330,Kuehne + Nagel,TRK-KUE-96568123,"Detroit, MI, USA","Chicago, Germany",Delivered,2025-12-06,2025-12-06,1657.98
SHIP01331,SO01331,Maersk Logistics,TRK-MAE-83522102,"Detroit, MI, USA","Pune, India",Delivered,2025-11-08,2025-11-09,1269.81
SHIP01332,SO01332,Kuehne + Nagel,TRK-KUE-53483604,"Guadalajara, Mexico","Birmingham, China",Delayed,2025-09-24,,691.61
SHIP01333,SO01333,FedEx Freight,TRK-FED-35286916,"Seattle, WA, USA","Incheon, India",In Transit,2026-07-23,,865.37
SHIP01334,SO01334,Maersk Logistics,TRK-MAE-14115283,"Yokohama, Japan","Monterrey, Germany",Delivered,2026-04-17,2026-04-16,1097.71
SHIP01335,SO01335,Maersk Logistics,TRK-MAE-10435830,"Osaka, Japan","Ningbo, United Kingdom",Delivered,2025-09-12,2025-09-12,962.22
SHIP01336,SO01336,Maersk Logistics,TRK-MAE-28561941,"Munich, Germany","Seoul, India",Delivered,2026-07-04,2026-07-04,1437.83
SHIP01337,SO01337,DHL Express,TRK-DHL-15243844,"Stuttgart, Germany","Seoul, South Korea",Preparing,2026-02-27,,1123.09
SHIP01338,SO01338,UPS Supply Chain,TRK-UPS-41371539,"Shenzhen, China","Shenzhen, South Korea",In Transit,2025-10-25,,618.61
SHIP01339,SO01339,UPS Supply Chain,TRK-UPS-42530214,"Yokohama, Japan","Dortmund, United States",Delivered,2025-12-17,2025-12-17,829.14
SHIP01340,SO01340,DHL Express,TRK-DHL-39420618,"Osaka, Japan","Osaka, China",Delivered,2026-06-11,2026-06-10,539.78
SHIP01341,SO01341,Maersk Logistics,TRK-MAE-99072959,"Los Angeles, CA, USA","Taipei, Mexico",Delivered,2026-05-19,2026-05-18,1077.33
SHIP01342,SO01342,DHL Express,TRK-DHL-36596149,"Rotterdam, Netherlands","Dallas, Mexico",Delivered,2026-05-25,2026-05-25,536.15
SHIP01343,SO01343,DHL Express,TRK-DHL-44376443,"Incheon, South Korea","Hai Phong, United States",In Transit,2026-02-20,,573.8
SHIP01344,SO01344,DB Schenker,TRK-DB -98171109,"Incheon, South Korea","Detroit, China",Delayed,2026-06-26,,1215.82
SHIP01345,SO01345,DHL Express,TRK-DHL-73744746,"Shenzhen, China","Monterrey, Japan",In Transit,2026-04-14,,1577.21
SHIP01346,SO01346,FedEx Freight,TRK-FED-55769401,"Taipei, Taiwan","Monterrey, India",Preparing,2026-02-18,,1160.12
SHIP01347,SO01347,DB Schenker,TRK-DB -60969718,"Pune, India","Seoul, United Kingdom",Preparing,2026-07-01,,1849.31
SHIP01348,SO01348,UPS Supply Chain,TRK-UPS-70929755,"Dallas, TX, USA","Querétaro, Mexico",Delivered,2026-04-22,2026-04-21,1183.99
SHIP01349,SO01349,FedEx Freight,TRK-FED-78611397,"Guadalajara, Mexico","Taipei, United States",Delivered,2026-06-06,2026-06-06,286.15
SHIP01350,SO01350,Maersk Logistics,TRK-MAE-34771921,"Osaka, Japan","Suzhou, China",In Transit,2026-03-30,,1271.58
SHIP01351,SO01351,DHL Express,TRK-DHL-77703796,"Bengaluru, India","Ningbo, China",Delivered,2026-01-06,2026-01-06,513.86
SHIP01352,SO01352,UPS Supply Chain,TRK-UPS-16544422,"Bengaluru, India","Dortmund, Japan",Delivered,2026-04-29,2026-05-07,1822.12
SHIP01353,SO01353,UPS Supply Chain,TRK-UPS-21629524,"Tokyo, Japan","Incheon, Japan",In Transit,2026-04-30,,883.98
SHIP01354,SO01354,DHL Express,TRK-DHL-30139034,"Taipei, Taiwan","Taipei, Japan",Delayed,2026-01-24,,1367.42
SHIP01355,SO01355,DHL Express,TRK-DHL-96520087,"Melbourne, Australia","Querétaro, Germany",Delivered,2026-03-17,2026-03-18,624.89
SHIP01356,SO01356,DHL Express,TRK-DHL-83148701,"Atlanta, GA, USA","Suzhou, United States",Delivered,2025-10-13,2025-10-14,1095.76
SHIP01357,SO01357,FedEx Freight,TRK-FED-77853051,"Guadalajara, Mexico","Detroit, Germany",Delivered,2026-05-08,2026-05-09,1266.14
SHIP01358,SO01358,UPS Supply Chain,TRK-UPS-93234721,"Incheon, South Korea","Dortmund, Mexico",Delivered,2025-10-09,2025-10-10,1695.0
SHIP01359,SO01359,UPS Supply Chain,TRK-UPS-59714573,"Seattle, WA, USA","Hamilton, Germany",In Transit,2025-10-14,,1513.75
SHIP01360,SO01360,DHL Express,TRK-DHL-40613047,"Yokohama, Japan","Hamilton, China",Delayed,2026-06-20,,179.68
SHIP01361,SO01361,UPS Supply Chain,TRK-UPS-74319533,"Osaka, Japan","Detroit, India",In Transit,2025-11-18,,458.12
SHIP01362,SO01362,Maersk Logistics,TRK-MAE-71887556,"Hamburg, Germany","Hamilton, Taiwan",Delivered,2025-11-25,2025-11-26,1022.66
SHIP01363,SO01363,DHL Express,TRK-DHL-63132794,"Chicago, IL, USA","Hsinchu, India",Delivered,2026-07-15,2026-07-16,1836.62
SHIP01364,SO01364,DHL Express,TRK-DHL-22828698,"Taipei, Taiwan","Detroit, Japan",Delivered,2025-11-30,2025-12-01,1128.87
SHIP01365,SO01365,FedEx Freight,TRK-FED-56512128,"Guadalajara, Mexico","Hai Phong, South Korea",Delivered,2026-07-05,2026-07-06,268.85
SHIP01366,SO01366,DB Schenker,TRK-DB -33775603,"Chicago, IL, USA","Osaka, China",In Transit,2025-12-19,,111.46
SHIP01367,SO01367,Kuehne + Nagel,TRK-KUE-83291724,Singapore,"Seoul, South Korea",Delayed,2026-04-26,,1804.9
SHIP01368,SO01368,DB Schenker,TRK-DB -46226179,"Shenzhen, China","Querétaro, Japan",Delivered,2026-04-07,2026-04-08,1153.33
SHIP01369,SO01369,Kuehne + Nagel,TRK-KUE-59698287,"Seattle, WA, USA","Birmingham, Mexico",Delivered,2025-10-14,2025-10-15,846.83
SHIP01370,SO01370,Kuehne + Nagel,TRK-KUE-16273918,"London, UK","Hamilton, Japan",Returned,2026-04-24,2026-05-01,1223.28
SHIP01371,SO01371,FedEx Freight,TRK-FED-64268643,"Pune, India","Chicago, Vietnam",Delivered,2025-12-10,2025-12-10,1526.72
SHIP01372,SO01372,FedEx Freight,TRK-FED-52445451,"Stuttgart, Germany","Shenzhen, China",Delivered,2026-03-22,2026-03-21,1110.14
SHIP01373,SO01373,UPS Supply Chain,TRK-UPS-77043770,"Incheon, South Korea","Bengaluru, Japan",Delivered,2026-07-07,2026-07-06,685.02
SHIP01374,SO01374,Maersk Logistics,TRK-MAE-53097614,Singapore,"Querétaro, China",Delivered,2026-05-22,2026-05-27,420.44
SHIP01375,SO01375,DB Schenker,TRK-DB -99498542,"Hamburg, Germany","Ningbo, Japan",Delivered,2026-07-01,2026-06-30,78.8
SHIP01376,SO01376,FedEx Freight,TRK-FED-71004993,"Guadalajara, Mexico","Ningbo, Taiwan",Delivered,2026-07-19,2026-07-18,254.47
SHIP01377,SO01377,FedEx Freight,TRK-FED-40449688,"Taipei, Taiwan","Seoul, China",Delivered,2026-02-26,2026-02-27,201.24
SHIP01378,SO01378,DB Schenker,TRK-DB -27971580,"Munich, Germany","Nagoya, Japan",Delivered,2026-05-16,2026-05-17,473.64
SHIP01379,SO01379,DB Schenker,TRK-DB -84812274,"Taipei, Taiwan","Dallas, India",Preparing,2025-12-27,,627.71
SHIP01380,SO01380,Maersk Logistics,TRK-MAE-27964364,"Taipei, Taiwan","Monterrey, United States",Delivered,2026-06-24,2026-06-24,858.62
SHIP01381,SO01381,FedEx Freight,TRK-FED-42124448,"Osaka, Japan","Nagoya, United States",In Transit,2025-10-25,,1455.94
SHIP01382,SO01382,Maersk Logistics,TRK-MAE-32571433,"Melbourne, Australia","Querétaro, Taiwan",Preparing,2026-05-22,,1729.59
SHIP01383,SO01383,DB Schenker,TRK-DB -89267488,"Dallas, TX, USA","Nagoya, South Korea",Delivered,2025-09-16,2025-09-17,1064.2
SHIP01384,SO01384,UPS Supply Chain,TRK-UPS-82923382,"Melbourne, Australia","Hsinchu, China",Preparing,2026-01-22,,1327.04
SHIP01385,SO01385,Maersk Logistics,TRK-MAE-51908979,"Stuttgart, Germany","Osaka, Japan",Delivered,2025-12-06,2025-12-07,136.38
SHIP01386,SO01386,FedEx Freight,TRK-FED-35541719,"Frankfurt, Germany","Shenzhen, Taiwan",In Transit,2026-04-11,,1241.51
SHIP01387,SO01387,FedEx Freight,TRK-FED-50715935,"Incheon, South Korea","Hsinchu, Vietnam",Delivered,2026-06-12,2026-06-12,1090.07
SHIP01388,SO01388,DB Schenker,TRK-DB -48839106,"Los Angeles, CA, USA","Hai Phong, Canada",Delivered,2026-01-15,2026-01-16,408.49
SHIP01389,SO01389,Kuehne + Nagel,TRK-KUE-27565963,"Frankfurt, Germany","Munich, Vietnam",In Transit,2026-01-31,,520.63
SHIP01390,SO01390,DB Schenker,TRK-DB -65077321,"Shenzhen, China","Querétaro, Canada",Delivered,2026-05-06,2026-05-05,1331.49
SHIP01391,SO01391,FedEx Freight,TRK-FED-86530542,"Rotterdam, Netherlands","Stuttgart, Japan",Preparing,2026-06-21,,892.59
SHIP01392,SO01392,Kuehne + Nagel,TRK-KUE-88282829,"Monterrey, Mexico","Hamilton, Taiwan",Delivered,2025-09-21,2025-09-23,355.64
SHIP01393,SO01393,Kuehne + Nagel,TRK-KUE-14676815,"Stuttgart, Germany","Hamilton, China",Delivered,2026-06-24,2026-06-25,701.85
SHIP01394,SO01394,DHL Express,TRK-DHL-62901459,"Detroit, MI, USA","Tokyo, Mexico",In Transit,2026-02-10,,709.63
SHIP01395,SO01395,DB Schenker,TRK-DB -47013630,"Bengaluru, India","Stuttgart, Vietnam",Delivered,2026-02-28,2026-02-28,1149.31
SHIP01396,SO01396,Maersk Logistics,TRK-MAE-53710839,"Dallas, TX, USA","Monterrey, United States",Delayed,2026-07-23,,1316.47
SHIP01397,SO01397,DHL Express,TRK-DHL-28764970,"Frankfurt, Germany","Hai Phong, United States",Delivered,2026-03-22,2026-03-21,337.46
SHIP01398,SO01398,DB Schenker,TRK-DB -19752731,"Guadalajara, Mexico","Seoul, Taiwan",Delivered,2025-10-17,2025-10-18,425.41
SHIP01399,SO01399,DB Schenker,TRK-DB -70141354,"Taipei, Taiwan","Dortmund, Mexico",Delivered,2026-06-17,2026-06-17,358.71
SHIP01400,SO01400,Kuehne + Nagel,TRK-KUE-96869704,Singapore,"Dallas, Germany",Delivered,2026-01-13,2026-01-13,664.0
SHIP01401,SO01401,DHL Express,TRK-DHL-41963808,"Munich, Germany","Seoul, Germany",Delayed,2026-03-12,,64.38
SHIP01402,SO01402,DB Schenker,TRK-DB -81452560,"Pune, India","Nagoya, Vietnam",In Transit,2026-05-21,,1783.61
SHIP01403,SO01403,Maersk Logistics,TRK-MAE-63107167,"Dallas, TX, USA","Hsinchu, China",Delayed,2025-11-26,,1377.96
SHIP01404,SO01404,Kuehne + Nagel,TRK-KUE-97231544,Singapore,"Nagoya, South Korea",Delayed,2026-01-26,,622.38
SHIP01405,SO01405,Kuehne + Nagel,TRK-KUE-92571613,"Toronto, Canada","Dortmund, China",In Transit,2026-01-09,,381.35
SHIP01406,SO01406,FedEx Freight,TRK-FED-29217197,Singapore,"Birmingham, United States",Delivered,2026-07-04,2026-07-03,556.1
SHIP01407,SO01407,FedEx Freight,TRK-FED-43372777,"Yokohama, Japan","Seoul, Japan",In Transit,2025-11-22,,724.74
SHIP01408,SO01408,DHL Express,TRK-DHL-14643189,"Frankfurt, Germany","Nagoya, United States",Delivered,2026-04-10,2026-04-09,531.9
SHIP01409,SO01409,FedEx Freight,TRK-FED-72436947,"Frankfurt, Germany","Hai Phong, China",Delayed,2026-03-07,,971.34
SHIP01410,SO01410,DB Schenker,TRK-DB -24225515,"Guadalajara, Mexico","Pune, Germany",Delivered,2025-12-10,2025-12-12,101.14
SHIP01411,SO01411,UPS Supply Chain,TRK-UPS-22203219,"Yokohama, Japan","Nagoya, Taiwan",Preparing,2026-06-27,,768.77
SHIP01412,SO01412,UPS Supply Chain,TRK-UPS-97746682,"Dallas, TX, USA","Taipei, United States",Delivered,2026-06-14,2026-06-15,802.86
SHIP01413,SO01413,UPS Supply Chain,TRK-UPS-65630865,"Stuttgart, Germany","Nagoya, Taiwan",Delivered,2025-12-16,2025-12-15,68.19
SHIP01414,SO01414,DB Schenker,TRK-DB -71796882,"Monterrey, Mexico","Nagoya, Japan",Delivered,2026-06-10,2026-06-09,1668.25
SHIP01415,SO01415,FedEx Freight,TRK-FED-80316322,"Monterrey, Mexico","Munich, Germany",Delivered,2026-07-15,2026-07-15,1594.52
SHIP01416,SO01416,Maersk Logistics,TRK-MAE-85841770,"Los Angeles, CA, USA","Pune, Germany",Preparing,2026-07-29,,974.88
SHIP01417,SO01417,UPS Supply Chain,TRK-UPS-81056430,"Melbourne, Australia","Taipei, South Korea",Delayed,2026-06-14,,740.77
SHIP01418,SO01418,DHL Express,TRK-DHL-19982573,"Detroit, MI, USA","Osaka, United States",Preparing,2025-09-10,,395.42
SHIP01419,SO01419,Kuehne + Nagel,TRK-KUE-98055659,"Yokohama, Japan","Hai Phong, South Korea",Preparing,2026-05-26,,1418.76
SHIP01420,SO01420,FedEx Freight,TRK-FED-59084830,"Atlanta, GA, USA","Pune, Taiwan",In Transit,2026-04-28,,520.05
SHIP01421,SO01421,DHL Express,TRK-DHL-19098679,"Los Angeles, CA, USA","Tokyo, United Kingdom",Delivered,2026-06-28,2026-07-06,1814.5
SHIP01422,SO01422,DB Schenker,TRK-DB -87796156,"Guadalajara, Mexico","Incheon, United States",Returned,2026-02-05,2026-02-14,1724.99
SHIP01423,SO01423,FedEx Freight,TRK-FED-14510058,Singapore,"Ningbo, China",Delivered,2025-09-13,2025-09-12,1709.4
SHIP01424,SO01424,DB Schenker,TRK-DB -81299371,"Taipei, Taiwan","Incheon, Taiwan",Delivered,2026-03-14,2026-03-15,1361.95
SHIP01425,SO01425,UPS Supply Chain,TRK-UPS-10282792,"Osaka, Japan","Ningbo, India",Delivered,2025-11-19,2025-11-18,1681.11
SHIP01426,SO01426,Kuehne + Nagel,TRK-KUE-24535269,"Incheon, South Korea","Nagoya, China",Delayed,2026-05-05,,785.85
SHIP01427,SO01427,Maersk Logistics,TRK-MAE-22908857,"Incheon, South Korea","Hsinchu, United Kingdom",Returned,2026-02-05,2026-02-13,1746.86
SHIP01428,SO01428,DHL Express,TRK-DHL-34488419,"Chicago, IL, USA","Chicago, China",Delivered,2026-06-02,2026-06-03,1440.22
SHIP01429,SO01429,Kuehne + Nagel,TRK-KUE-47839398,"Hamburg, Germany","Hai Phong, India",Delivered,2026-02-24,2026-02-23,1231.95
SHIP01430,SO01430,Kuehne + Nagel,TRK-KUE-63884188,"Shenzhen, China","Ningbo, South Korea",Delivered,2026-05-02,2026-05-06,557.5
SHIP01431,SO01431,Maersk Logistics,TRK-MAE-23661421,"Frankfurt, Germany","Hsinchu, Germany",Delivered,2025-11-23,2025-11-24,1028.08
SHIP01432,SO01432,DB Schenker,TRK-DB -95246638,"Toronto, Canada","Hamilton, Japan",Delivered,2026-04-06,2026-04-05,1052.73
SHIP01433,SO01433,DHL Express,TRK-DHL-92770934,"Stuttgart, Germany","Hsinchu, United States",Delivered,2026-05-22,2026-05-23,214.5
SHIP01434,SO01434,UPS Supply Chain,TRK-UPS-53801502,"Guadalajara, Mexico","Bengaluru, Japan",Preparing,2026-01-29,,1142.03
SHIP01435,SO01435,UPS Supply Chain,TRK-UPS-77730964,"Chicago, IL, USA","Shenzhen, Japan",Delivered,2025-11-02,2025-11-03,919.51
SHIP01436,SO01436,DHL Express,TRK-DHL-65480995,"Dallas, TX, USA","Stuttgart, Mexico",Returned,2026-06-20,2026-06-30,935.42
SHIP01437,SO01437,DB Schenker,TRK-DB -89398801,"Incheon, South Korea","Stuttgart, Germany",Returned,2025-12-11,2025-12-16,917.89
SHIP01438,SO01438,UPS Supply Chain,TRK-UPS-92661391,"Melbourne, Australia","Querétaro, Japan",In Transit,2026-05-15,,1232.74
SHIP01439,SO01439,Kuehne + Nagel,TRK-KUE-85344105,"Tokyo, Japan","Stuttgart, India",Delivered,2026-05-13,2026-05-12,1082.93
SHIP01440,SO01440,DHL Express,TRK-DHL-47720477,"Los Angeles, CA, USA","Shenzhen, United States",Delivered,2026-01-23,2026-01-23,530.08
SHIP01441,SO01441,DHL Express,TRK-DHL-95438569,"Rotterdam, Netherlands","Stuttgart, China",Delivered,2025-12-26,2025-12-25,177.56
SHIP01442,SO01442,DB Schenker,TRK-DB -54869329,"Bengaluru, India","Birmingham, United States",Delayed,2025-11-30,,72.55
SHIP01443,SO01443,Kuehne + Nagel,TRK-KUE-93160450,"Tokyo, Japan","Nagoya, China",Preparing,2025-10-17,,372.78
SHIP01444,SO01444,DB Schenker,TRK-DB -37549263,"Munich, Germany","Incheon, Japan",Delivered,2025-09-27,2025-09-27,263.32
SHIP01445,SO01445,Kuehne + Nagel,TRK-KUE-53316599,"Taipei, Taiwan","Hai Phong, Japan",In Transit,2025-10-09,,483.21
SHIP01446,SO01446,Maersk Logistics,TRK-MAE-15423941,"Hamburg, Germany","Munich, United States",Delayed,2026-05-07,,1337.78
SHIP01447,SO01447,FedEx Freight,TRK-FED-83458370,"Stuttgart, Germany","Chicago, United Kingdom",Returned,2026-07-12,2026-07-20,1118.68
SHIP01448,SO01448,Kuehne + Nagel,TRK-KUE-21637633,"Melbourne, Australia","Osaka, China",Preparing,2025-09-13,,1132.53
SHIP01449,SO01449,Kuehne + Nagel,TRK-KUE-66776059,"Stuttgart, Germany","Ningbo, Germany",Delivered,2026-05-19,2026-05-19,940.18
SHIP01450,SO01450,DHL Express,TRK-DHL-73644835,"Frankfurt, Germany","Taipei, United Kingdom",Delayed,2025-12-18,,191.87
SHIP01451,SO01451,Kuehne + Nagel,TRK-KUE-15135139,"Seattle, WA, USA","Hamilton, United States",In Transit,2026-07-18,,978.22
SHIP01452,SO01452,Maersk Logistics,TRK-MAE-96608177,"Chicago, IL, USA","Tokyo, United States",Preparing,2026-01-21,,837.35
SHIP01453,SO01453,DB Schenker,TRK-DB -42895315,"Stuttgart, Germany","Suzhou, Taiwan",Delayed,2025-09-22,,1604.64
SHIP01454,SO01454,FedEx Freight,TRK-FED-59321905,"Pune, India","Tokyo, Taiwan",Delayed,2026-01-22,,1815.3
SHIP01455,SO01455,Maersk Logistics,TRK-MAE-36670848,"Rotterdam, Netherlands","Chicago, India",In Transit,2025-12-08,,588.61
SHIP01456,SO01456,UPS Supply Chain,TRK-UPS-81635331,"Toronto, Canada","Bengaluru, Japan",Delivered,2026-01-15,2026-01-20,976.4
SHIP01457,SO01457,DB Schenker,TRK-DB -84317589,"Incheon, South Korea","Tokyo, Japan",Delivered,2025-11-10,2025-11-09,458.76
SHIP01458,SO01458,Maersk Logistics,TRK-MAE-19980001,"Melbourne, Australia","Hamilton, South Korea",Delivered,2026-05-10,2026-05-09,1213.62
SHIP01459,SO01459,FedEx Freight,TRK-FED-38277344,"Melbourne, Australia","Munich, United States",In Transit,2026-05-12,,1199.25
SHIP01460,SO01460,Maersk Logistics,TRK-MAE-38805705,"Detroit, MI, USA","Munich, South Korea",In Transit,2026-06-19,,1634.17
SHIP01461,SO01461,FedEx Freight,TRK-FED-91194654,"Toronto, Canada","Querétaro, Vietnam",In Transit,2026-06-19,,621.86
SHIP01462,SO01462,DHL Express,TRK-DHL-78864710,Singapore,"Shenzhen, United States",In Transit,2026-04-20,,314.23
SHIP01463,SO01463,UPS Supply Chain,TRK-UPS-68051926,"Los Angeles, CA, USA","Ningbo, United States",Delivered,2025-11-22,2025-11-23,249.36
SHIP01464,SO01464,DHL Express,TRK-DHL-93307690,"Los Angeles, CA, USA","Hai Phong, Taiwan",Delivered,2026-07-16,2026-07-16,642.9
SHIP01465,SO01465,DHL Express,TRK-DHL-65740839,"Melbourne, Australia","Chicago, India",Delivered,2026-07-11,2026-07-12,1691.36
SHIP01466,SO01466,Kuehne + Nagel,TRK-KUE-56823215,"Atlanta, GA, USA","Detroit, Taiwan",In Transit,2025-10-27,,288.52
SHIP01467,SO01467,UPS Supply Chain,TRK-UPS-38136678,"Hamburg, Germany","Shenzhen, Taiwan",In Transit,2025-09-22,,984.34
SHIP01468,SO01468,Kuehne + Nagel,TRK-KUE-24664331,"Rotterdam, Netherlands","Incheon, Vietnam",In Transit,2025-10-02,,262.61
SHIP01469,SO01469,Maersk Logistics,TRK-MAE-94182134,"Yokohama, Japan","Detroit, Vietnam",Preparing,2026-05-20,,139.43
SHIP01470,SO01470,UPS Supply Chain,TRK-UPS-38556281,Singapore,"Seoul, Japan",Delivered,2025-09-21,2025-09-20,536.6
SHIP01471,SO01471,Maersk Logistics,TRK-MAE-34518568,"Monterrey, Mexico","Bengaluru, Japan",Delivered,2025-09-24,2025-09-25,933.46
SHIP01472,SO01472,DB Schenker,TRK-DB -87514819,"Monterrey, Mexico","Pune, China",In Transit,2025-11-08,,1795.05
SHIP01473,SO01473,FedEx Freight,TRK-FED-81043995,"Munich, Germany","Dortmund, United States",In Transit,2025-12-03,,476.39
SHIP01474,SO01474,FedEx Freight,TRK-FED-83852325,"Taipei, Taiwan","Chicago, United Kingdom",In Transit,2025-09-22,,1144.38
SHIP01475,SO01475,Kuehne + Nagel,TRK-KUE-99376252,"Osaka, Japan","Chicago, China",Delivered,2026-05-05,2026-05-05,1685.92
SHIP01476,SO01476,FedEx Freight,TRK-FED-69844973,"Guadalajara, Mexico","Stuttgart, Mexico",Delivered,2026-05-12,2026-05-19,1687.43
SHIP01477,SO01477,Kuehne + Nagel,TRK-KUE-49098913,"Toronto, Canada","Osaka, South Korea",Returned,2025-09-18,2025-09-28,1484.25
SHIP01478,SO01478,DB Schenker,TRK-DB -47216981,"Shenzhen, China","Munich, United Kingdom",Delayed,2026-06-01,,1030.54
SHIP01479,SO01479,FedEx Freight,TRK-FED-48843512,"Shenzhen, China","Detroit, United Kingdom",In Transit,2026-03-07,,198.71
SHIP01480,SO01480,UPS Supply Chain,TRK-UPS-39832460,"Yokohama, Japan","Seoul, Vietnam",Delayed,2025-12-25,,1178.67
SHIP01481,SO01481,DB Schenker,TRK-DB -21015402,"Melbourne, Australia","Dortmund, Mexico",In Transit,2025-09-14,,1602.0
SHIP01482,SO01482,FedEx Freight,TRK-FED-35246780,"Shenzhen, China","Shenzhen, Mexico",Delivered,2026-03-28,2026-03-28,1402.26
SHIP01483,SO01483,FedEx Freight,TRK-FED-70961288,"Guadalajara, Mexico","Dortmund, South Korea",Preparing,2026-05-10,,100.69
SHIP01484,SO01484,FedEx Freight,TRK-FED-40969949,"Toronto, Canada","Taipei, India",Delayed,2026-05-25,,282.8
SHIP01485,SO01485,DHL Express,TRK-DHL-65058788,"London, UK","Hamilton, Germany",In Transit,2026-06-19,,145.57
SHIP01486,SO01486,Maersk Logistics,TRK-MAE-63922851,"Toronto, Canada","Bengaluru, Taiwan",In Transit,2026-03-22,,1194.0
SHIP01487,SO01487,Maersk Logistics,TRK-MAE-57934246,"Bengaluru, India","Querétaro, India",Delivered,2025-12-21,2025-12-29,1421.41
SHIP01488,SO01488,UPS Supply Chain,TRK-UPS-15092769,"Pune, India","Hai Phong, Japan",In Transit,2026-05-04,,509.09
SHIP01489,SO01489,Maersk Logistics,TRK-MAE-34064418,"Pune, India","Querétaro, Japan",Preparing,2025-10-19,,1806.67
SHIP01490,SO01490,DHL Express,TRK-DHL-42084325,"Melbourne, Australia","Pune, Vietnam",In Transit,2026-03-25,,1330.13
SHIP01491,SO01491,UPS Supply Chain,TRK-UPS-39246094,"Yokohama, Japan","Shenzhen, Japan",Preparing,2026-01-11,,660.89
SHIP01492,SO01492,DB Schenker,TRK-DB -58873500,"Dallas, TX, USA","Taipei, Taiwan",Delivered,2026-04-30,2026-05-01,271.6
SHIP01493,SO01493,Kuehne + Nagel,TRK-KUE-46417484,"Osaka, Japan","Shenzhen, Mexico",Delivered,2026-01-12,2026-01-15,1455.03
SHIP01494,SO01494,Maersk Logistics,TRK-MAE-97293108,"Atlanta, GA, USA","Shenzhen, United States",In Transit,2026-01-02,,1488.32
SHIP01495,SO01495,Maersk Logistics,TRK-MAE-96937786,"Munich, Germany","Monterrey, United States",Delivered,2025-12-14,2025-12-13,1271.85
SHIP01496,SO01496,UPS Supply Chain,TRK-UPS-44535271,"Munich, Germany","Chicago, China",Preparing,2026-01-24,,859.88
SHIP01497,SO01497,FedEx Freight,TRK-FED-33874704,"Pune, India","Tokyo, South Korea",In Transit,2026-06-18,,446.81
SHIP01498,SO01498,FedEx Freight,TRK-FED-35713150,"Osaka, Japan","Seoul, Germany",In Transit,2026-07-09,,947.25
SHIP01499,SO01499,Maersk Logistics,TRK-MAE-34783038,"Guadalajara, Mexico","Monterrey, Japan",Preparing,2025-12-17,,1074.73
SHIP01500,SO01500,UPS Supply Chain,TRK-UPS-28152306,"London, UK","Stuttgart, Germany",Delivered,2025-11-30,2025-12-01,1149.61
SHIP01501,SO01501,Maersk Logistics,TRK-MAE-24037460,"London, UK","Chicago, Germany",In Transit,2026-07-06,,581.45
SHIP01502,SO01502,DHL Express,TRK-DHL-17215574,"Shenzhen, China","Nagoya, China",Delivered,2026-04-30,2026-04-29,413.34
SHIP01503,SO01503,UPS Supply Chain,TRK-UPS-27320516,"Osaka, Japan","Dortmund, China",Delivered,2026-07-05,2026-07-05,476.66
SHIP01504,SO01504,Maersk Logistics,TRK-MAE-17710205,"Yokohama, Japan","Monterrey, United States",Delivered,2025-11-07,2025-11-11,524.91
SHIP01505,SO01505,Kuehne + Nagel,TRK-KUE-32099513,"Toronto, Canada","Bengaluru, South Korea",Delivered,2026-01-13,2026-01-13,623.1
SHIP01506,SO01506,UPS Supply Chain,TRK-UPS-41186134,Singapore,"Hsinchu, Germany",Preparing,2026-04-06,,262.26
SHIP01507,SO01507,UPS Supply Chain,TRK-UPS-98712241,"Frankfurt, Germany","Stuttgart, United Kingdom",In Transit,2026-07-12,,1100.91
SHIP01508,SO01508,UPS Supply Chain,TRK-UPS-30176173,"Munich, Germany","Incheon, India",Preparing,2026-01-16,,666.07
SHIP01509,SO01509,UPS Supply Chain,TRK-UPS-62573785,"Guadalajara, Mexico","Ningbo, Japan",Delivered,2026-06-17,2026-06-18,59.08
SHIP01510,SO01510,DB Schenker,TRK-DB -34967659,"Rotterdam, Netherlands","Detroit, Mexico",Delivered,2026-01-11,2026-01-10,86.76
SHIP01511,SO01511,DB Schenker,TRK-DB -21725440,"Frankfurt, Germany","Nagoya, Japan",In Transit,2026-01-09,,962.81
SHIP01512,SO01512,DHL Express,TRK-DHL-47082891,"Monterrey, Mexico","Chicago, Germany",Delivered,2026-06-27,2026-07-03,980.44
SHIP01513,SO01513,UPS Supply Chain,TRK-UPS-39027962,"Seattle, WA, USA","Nagoya, Taiwan",In Transit,2026-01-09,,1130.5
SHIP01514,SO01514,DHL Express,TRK-DHL-24031062,"Hamburg, Germany","Monterrey, Taiwan",Returned,2026-06-06,2026-06-14,1347.47
SHIP01515,SO01515,Kuehne + Nagel,TRK-KUE-99000288,"Atlanta, GA, USA","Stuttgart, United Kingdom",Delivered,2026-05-20,2026-05-20,466.15
SHIP01516,SO01516,Kuehne + Nagel,TRK-KUE-27906221,"Seattle, WA, USA","Taipei, Taiwan",Delivered,2025-10-02,2025-10-01,881.56
SHIP01517,SO01517,FedEx Freight,TRK-FED-83263905,"Hamburg, Germany","Munich, United Kingdom",Delivered,2026-03-13,2026-03-21,207.67
SHIP01518,SO01518,FedEx Freight,TRK-FED-13230464,"Tokyo, Japan","Stuttgart, South Korea",Delayed,2026-03-30,,1307.54
SHIP01519,SO01519,DHL Express,TRK-DHL-17124115,"Monterrey, Mexico","Nagoya, Japan",Delivered,2025-11-22,2025-11-21,765.07
SHIP01520,SO01520,FedEx Freight,TRK-FED-26526064,"Munich, Germany","Taipei, Mexico",In Transit,2025-09-28,,554.4
SHIP01521,SO01521,FedEx Freight,TRK-FED-29774373,"Tokyo, Japan","Detroit, Japan",In Transit,2025-12-31,,1546.61
SHIP01522,SO01522,UPS Supply Chain,TRK-UPS-50836580,"Chicago, IL, USA","Stuttgart, United States",Delivered,2025-10-01,2025-10-01,754.63
SHIP01523,SO01523,DHL Express,TRK-DHL-44517471,"Monterrey, Mexico","Hamilton, China",Delivered,2026-03-26,2026-03-27,1583.68
SHIP01524,SO01524,UPS Supply Chain,TRK-UPS-13341136,"Incheon, South Korea","Hsinchu, United States",Returned,2026-04-15,2026-04-23,949.6
SHIP01525,SO01525,FedEx Freight,TRK-FED-94226674,"Osaka, Japan","Hai Phong, Germany",Delivered,2026-01-08,2026-01-12,1548.29
SHIP01526,SO01526,UPS Supply Chain,TRK-UPS-39925193,"Seattle, WA, USA","Seoul, United States",In Transit,2026-06-17,,68.49
SHIP01527,SO01527,UPS Supply Chain,TRK-UPS-70832276,"Atlanta, GA, USA","Bengaluru, Germany",Delivered,2026-07-06,2026-07-07,950.49
SHIP01528,SO01528,Maersk Logistics,TRK-MAE-11891746,"Toronto, Canada","Stuttgart, Germany",Delivered,2026-01-02,2026-01-07,1204.14
SHIP01529,SO01529,UPS Supply Chain,TRK-UPS-73899493,"Seattle, WA, USA","Pune, Germany",Delivered,2026-04-08,2026-04-10,1563.03
SHIP01530,SO01530,Maersk Logistics,TRK-MAE-87596590,"Rotterdam, Netherlands","Chicago, Vietnam",Delivered,2026-05-06,2026-05-07,634.73
SHIP01531,SO01531,DHL Express,TRK-DHL-47716995,"Guadalajara, Mexico","Querétaro, Germany",Delivered,2026-05-26,2026-05-27,1078.7
SHIP01532,SO01532,FedEx Freight,TRK-FED-44985713,"London, UK","Birmingham, Japan",Delivered,2025-11-04,2025-11-04,555.4
SHIP01533,SO01533,Kuehne + Nagel,TRK-KUE-90969140,"Melbourne, Australia","Seoul, Mexico",Preparing,2026-02-23,,1031.88
SHIP01534,SO01534,Maersk Logistics,TRK-MAE-11369839,"Guadalajara, Mexico","Detroit, China",Delivered,2026-07-23,2026-07-22,795.34
SHIP01535,SO01535,Maersk Logistics,TRK-MAE-90921618,"Guadalajara, Mexico","Ningbo, China",Delivered,2026-07-24,2026-07-24,1204.9
SHIP01536,SO01536,UPS Supply Chain,TRK-UPS-40030976,"London, UK","Bengaluru, South Korea",In Transit,2025-11-23,,911.05
SHIP01537,SO01537,Maersk Logistics,TRK-MAE-74095030,Singapore,"Detroit, United States",Delivered,2026-05-05,2026-05-05,1283.08
SHIP01538,SO01538,UPS Supply Chain,TRK-UPS-65927737,"Pune, India","Taipei, Mexico",Delivered,2026-06-04,2026-06-05,901.68
SHIP01539,SO01539,Maersk Logistics,TRK-MAE-89313016,Singapore,"Dortmund, South Korea",Delivered,2025-11-10,2025-11-10,1421.03
SHIP01540,SO01540,FedEx Freight,TRK-FED-24799024,"Melbourne, Australia","Munich, Japan",In Transit,2026-06-11,,722.14
SHIP01541,SO01541,Maersk Logistics,TRK-MAE-92402263,"Frankfurt, Germany","Osaka, Japan",In Transit,2026-06-04,,598.4
SHIP01542,SO01542,DHL Express,TRK-DHL-70304122,"Detroit, MI, USA","Birmingham, United States",In Transit,2026-07-20,,1314.91
SHIP01543,SO01543,FedEx Freight,TRK-FED-22785358,"Toronto, Canada","Querétaro, United Kingdom",Returned,2025-09-27,2025-10-06,1846.3
SHIP01544,SO01544,FedEx Freight,TRK-FED-61420813,"Rotterdam, Netherlands","Osaka, Vietnam",Delivered,2025-09-19,2025-09-22,228.33
SHIP01545,SO01545,DHL Express,TRK-DHL-18095535,"Guadalajara, Mexico","Stuttgart, India",Delivered,2025-12-11,2025-12-11,507.62
SHIP01546,SO01546,Kuehne + Nagel,TRK-KUE-16870169,"Osaka, Japan","Pune, United States",Delivered,2025-11-21,2025-11-20,210.17
SHIP01547,SO01547,Kuehne + Nagel,TRK-KUE-98479675,"Frankfurt, Germany","Bengaluru, Vietnam",Preparing,2025-10-21,,597.24
SHIP01548,SO01548,Maersk Logistics,TRK-MAE-64993151,"Munich, Germany","Ningbo, South Korea",Delayed,2025-11-27,,186.18
SHIP01549,SO01549,FedEx Freight,TRK-FED-58692101,"Incheon, South Korea","Hsinchu, China",Delivered,2026-06-13,2026-06-13,1824.5
SHIP01550,SO01550,DB Schenker,TRK-DB -93234023,"London, UK","Dortmund, China",Delivered,2026-07-16,2026-07-15,1370.87
SHIP01551,SO01551,FedEx Freight,TRK-FED-87919834,"London, UK","Birmingham, China",Delivered,2025-10-12,2025-10-11,456.12
SHIP01552,SO01552,DHL Express,TRK-DHL-13810443,"Monterrey, Mexico","Tokyo, United States",Delivered,2026-05-30,2026-05-31,663.6
SHIP01553,SO01553,UPS Supply Chain,TRK-UPS-71402913,"Toronto, Canada","Nagoya, United States",Delivered,2026-04-28,2026-05-04,433.7
SHIP01554,SO01554,DHL Express,TRK-DHL-95603454,"Shenzhen, China","Querétaro, Canada",Delayed,2026-04-01,,803.93
SHIP01555,SO01555,DB Schenker,TRK-DB -22513008,"Dallas, TX, USA","Osaka, Germany",Returned,2025-10-05,2025-10-14,426.88
SHIP01556,SO01556,DHL Express,TRK-DHL-67246720,"Stuttgart, Germany","Ningbo, South Korea",Delivered,2026-04-27,2026-05-02,1756.51
SHIP01557,SO01557,UPS Supply Chain,TRK-UPS-18550927,"Dallas, TX, USA","Seoul, South Korea",Delivered,2026-07-27,2026-07-30,1519.06
SHIP01558,SO01558,UPS Supply Chain,TRK-UPS-24037806,"Hamburg, Germany","Monterrey, Japan",In Transit,2025-11-14,,1758.6
SHIP01559,SO01559,Maersk Logistics,TRK-MAE-38663282,"Hamburg, Germany","Chicago, China",Delivered,2025-09-17,2025-09-16,208.06
SHIP01560,SO01560,Kuehne + Nagel,TRK-KUE-24995652,"Dallas, TX, USA","Seoul, China",Delivered,2025-10-24,2025-10-26,105.54
SHIP01561,SO01561,Maersk Logistics,TRK-MAE-94954891,"Chicago, IL, USA","Chicago, Germany",Delayed,2025-12-13,,1120.83
SHIP01562,SO01562,DHL Express,TRK-DHL-52236900,"Frankfurt, Germany","Incheon, United States",In Transit,2026-04-06,,852.86
SHIP01563,SO01563,UPS Supply Chain,TRK-UPS-37985187,"Dallas, TX, USA","Birmingham, Vietnam",Delivered,2026-07-01,2026-07-07,754.07
SHIP01564,SO01564,UPS Supply Chain,TRK-UPS-86572103,"Detroit, MI, USA","Suzhou, United States",In Transit,2026-03-24,,338.91
SHIP01565,SO01565,Maersk Logistics,TRK-MAE-62106774,"Munich, Germany","Hai Phong, Mexico",Preparing,2025-10-13,,212.48
SHIP01566,SO01566,FedEx Freight,TRK-FED-88516562,"Pune, India","Munich, China",In Transit,2026-01-05,,1675.69
SHIP01567,SO01567,Maersk Logistics,TRK-MAE-83614950,"Bengaluru, India","Seoul, Mexico",Preparing,2026-01-06,,951.76
SHIP01568,SO01568,FedEx Freight,TRK-FED-83417034,"Chicago, IL, USA","Stuttgart, Japan",Preparing,2026-02-14,,1112.81
SHIP01569,SO01569,Maersk Logistics,TRK-MAE-28368311,"Melbourne, Australia","Taipei, United States",In Transit,2026-07-02,,581.4
SHIP01570,SO01570,Maersk Logistics,TRK-MAE-59678564,"Hamburg, Germany","Detroit, United Kingdom",Delivered,2026-05-25,2026-05-26,610.2
SHIP01571,SO01571,UPS Supply Chain,TRK-UPS-21600016,"Shenzhen, China","Pune, United States",Delivered,2026-07-10,2026-07-11,1537.38
SHIP01572,SO01572,FedEx Freight,TRK-FED-73787656,Singapore,"Suzhou, Japan",Returned,2025-10-21,2025-10-29,910.49
SHIP01573,SO01573,DHL Express,TRK-DHL-28307556,"Atlanta, GA, USA","Hsinchu, Taiwan",Delivered,2026-04-05,2026-04-05,862.53
SHIP01574,SO01574,DHL Express,TRK-DHL-15313245,"Rotterdam, Netherlands","Pune, Japan",Preparing,2025-11-02,,395.87
SHIP01575,SO01575,Maersk Logistics,TRK-MAE-44041669,"Stuttgart, Germany","Munich, India",In Transit,2026-06-03,,243.04
SHIP01576,SO01576,UPS Supply Chain,TRK-UPS-38687356,"Hamburg, Germany","Bengaluru, Japan",Delivered,2026-03-02,2026-03-01,1179.92
SHIP01577,SO01577,Kuehne + Nagel,TRK-KUE-53979834,"Incheon, South Korea","Dallas, Taiwan",In Transit,2026-03-30,,145.8
SHIP01578,SO01578,DB Schenker,TRK-DB -35781209,"Osaka, Japan","Seoul, South Korea",In Transit,2026-06-05,,1037.0
SHIP01579,SO01579,Kuehne + Nagel,TRK-KUE-36466257,"Melbourne, Australia","Tokyo, Germany",Delivered,2025-11-08,2025-11-09,1683.36
SHIP01580,SO01580,FedEx Freight,TRK-FED-13677747,"Osaka, Japan","Querétaro, Japan",Delayed,2026-01-18,,597.85
SHIP01581,SO01581,FedEx Freight,TRK-FED-98509986,"Dallas, TX, USA","Dallas, South Korea",Delivered,2026-04-23,2026-05-01,1377.38
SHIP01582,SO01582,UPS Supply Chain,TRK-UPS-71666393,"Incheon, South Korea","Seoul, South Korea",Delivered,2026-01-04,2026-01-04,601.58
SHIP01583,SO01583,DHL Express,TRK-DHL-97178055,"Chicago, IL, USA","Suzhou, United States",Delivered,2025-09-27,2025-09-26,1600.8
SHIP01584,SO01584,Kuehne + Nagel,TRK-KUE-89243382,"Monterrey, Mexico","Querétaro, China",Preparing,2026-03-02,,1321.84
SHIP01585,SO01585,FedEx Freight,TRK-FED-99492599,"Osaka, Japan","Munich, Canada",In Transit,2025-12-31,,1213.92
SHIP01586,SO01586,UPS Supply Chain,TRK-UPS-15644225,"Osaka, Japan","Hsinchu, Mexico",In Transit,2025-11-11,,1003.66
SHIP01587,SO01587,UPS Supply Chain,TRK-UPS-77931774,"Detroit, MI, USA","Chicago, Japan",Delivered,2025-12-07,2025-12-07,911.05
SHIP01588,SO01588,DHL Express,TRK-DHL-94808075,"Pune, India","Seoul, South Korea",In Transit,2026-02-13,,848.69
SHIP01589,SO01589,DHL Express,TRK-DHL-16980686,"Detroit, MI, USA","Pune, United States",Preparing,2026-04-21,,825.92
SHIP01590,SO01590,UPS Supply Chain,TRK-UPS-83925552,"Detroit, MI, USA","Seoul, India",Delivered,2025-09-17,2025-09-18,697.07
SHIP01591,SO01591,DHL Express,TRK-DHL-87594651,"Frankfurt, Germany","Suzhou, United States",Preparing,2026-03-31,,1499.75
SHIP01592,SO01592,FedEx Freight,TRK-FED-69145384,"Frankfurt, Germany","Monterrey, United States",In Transit,2026-03-20,,902.92
SHIP01593,SO01593,FedEx Freight,TRK-FED-95428425,"Incheon, South Korea","Monterrey, Vietnam",Delivered,2025-09-24,2025-09-23,1122.23
SHIP01594,SO01594,UPS Supply Chain,TRK-UPS-45721307,"Incheon, South Korea","Tokyo, South Korea",In Transit,2025-10-16,,1132.69
SHIP01595,SO01595,FedEx Freight,TRK-FED-28327583,"Pune, India","Suzhou, United States",Preparing,2026-06-25,,1140.65
SHIP01596,SO01596,FedEx Freight,TRK-FED-82071813,"Taipei, Taiwan","Birmingham, Japan",Preparing,2025-09-17,,472.91
SHIP01597,SO01597,Kuehne + Nagel,TRK-KUE-21848922,"Melbourne, Australia","Hamilton, Vietnam",Delayed,2026-02-26,,1637.11
SHIP01598,SO01598,DB Schenker,TRK-DB -57260527,"Guadalajara, Mexico","Hamilton, Vietnam",Delivered,2026-04-25,2026-04-25,1705.8
SHIP01599,SO01599,UPS Supply Chain,TRK-UPS-20076624,"Rotterdam, Netherlands","Incheon, Vietnam",In Transit,2026-06-27,,329.02
SHIP01600,SO01600,DHL Express,TRK-DHL-62660174,"Los Angeles, CA, USA","Ningbo, China",Delivered,2026-04-10,2026-04-09,444.22
SHIP01601,SO01601,DHL Express,TRK-DHL-42433524,"Pune, India","Dallas, India",Delivered,2026-03-01,2026-03-01,1578.9
SHIP01602,SO01602,UPS Supply Chain,TRK-UPS-21917624,"Shenzhen, China","Dallas, Vietnam",Delayed,2026-02-03,,828.18
SHIP01603,SO01603,DB Schenker,TRK-DB -48716072,"Rotterdam, Netherlands","Taipei, Japan",Returned,2026-05-23,2026-05-28,1218.01
SHIP01604,SO01604,FedEx Freight,TRK-FED-32521805,"Munich, Germany","Stuttgart, Mexico",Delivered,2025-10-21,2025-10-20,80.6
SHIP01605,SO01605,DB Schenker,TRK-DB -54705919,"Pune, India","Incheon, United States",Delivered,2025-10-06,2025-10-06,1511.47
SHIP01606,SO01606,Maersk Logistics,TRK-MAE-44937538,"Guadalajara, Mexico","Pune, Mexico",Delivered,2025-12-29,2025-12-29,1137.5
SHIP01607,SO01607,Kuehne + Nagel,TRK-KUE-87752350,"Hamburg, Germany","Hai Phong, United States",Delivered,2026-02-01,2026-02-02,1192.16
SHIP01608,SO01608,Maersk Logistics,TRK-MAE-66301925,"Frankfurt, Germany","Seoul, Canada",Delayed,2026-02-23,,1446.36
SHIP01609,SO01609,DHL Express,TRK-DHL-76404254,"Detroit, MI, USA","Ningbo, Germany",Delayed,2026-07-14,,1054.77
SHIP01610,SO01610,UPS Supply Chain,TRK-UPS-98059274,"Dallas, TX, USA","Suzhou, United States",Preparing,2025-09-07,,162.27
SHIP01611,SO01611,UPS Supply Chain,TRK-UPS-52933182,"Bengaluru, India","Birmingham, United States",Delivered,2026-07-02,2026-07-02,1572.68
SHIP01612,SO01612,Kuehne + Nagel,TRK-KUE-32975261,"Munich, Germany","Hamilton, Mexico",Delivered,2026-02-24,2026-02-28,196.92
SHIP01613,SO01613,FedEx Freight,TRK-FED-78106119,"Rotterdam, Netherlands","Birmingham, Germany",Delivered,2026-06-19,2026-06-24,537.84
SHIP01614,SO01614,DB Schenker,TRK-DB -11415395,"Melbourne, Australia","Shenzhen, Vietnam",Delivered,2025-10-23,2025-10-23,1607.17
SHIP01615,SO01615,FedEx Freight,TRK-FED-20140011,Singapore,"Shenzhen, United States",In Transit,2025-11-11,,707.07
SHIP01616,SO01616,Kuehne + Nagel,TRK-KUE-46709525,Singapore,"Taipei, United States",In Transit,2026-01-29,,281.09
SHIP01617,SO01617,DHL Express,TRK-DHL-23481102,"Tokyo, Japan","Birmingham, Vietnam",Delivered,2026-05-26,2026-05-27,620.58
SHIP01618,SO01618,DB Schenker,TRK-DB -23493051,"London, UK","Dortmund, China",Delivered,2025-11-30,2025-11-29,1740.94
SHIP01619,SO01619,DHL Express,TRK-DHL-90516165,"Detroit, MI, USA","Seoul, India",Preparing,2026-01-09,,1516.08
SHIP01620,SO01620,Kuehne + Nagel,TRK-KUE-56622784,"Incheon, South Korea","Bengaluru, Mexico",In Transit,2026-04-08,,348.75
SHIP01621,SO01621,Kuehne + Nagel,TRK-KUE-55512011,"Stuttgart, Germany","Suzhou, United States",Delayed,2026-04-14,,1722.1
SHIP01622,SO01622,DHL Express,TRK-DHL-41938344,"Munich, Germany","Hamilton, South Korea",Preparing,2026-02-25,,848.53
SHIP01623,SO01623,DB Schenker,TRK-DB -67637667,"Pune, India","Nagoya, United States",Delayed,2025-10-30,,587.32
SHIP01624,SO01624,DHL Express,TRK-DHL-14250667,"Bengaluru, India","Pune, South Korea",Delivered,2026-03-04,2026-03-05,1408.21
SHIP01625,SO01625,FedEx Freight,TRK-FED-57996501,"Shenzhen, China","Hamilton, Japan",Delivered,2026-04-16,2026-04-17,912.36
SHIP01626,SO01626,UPS Supply Chain,TRK-UPS-61956413,"Dallas, TX, USA","Dortmund, India",Delivered,2026-02-05,2026-02-05,1484.69
SHIP01627,SO01627,Kuehne + Nagel,TRK-KUE-80943380,"Osaka, Japan","Tokyo, China",Preparing,2025-10-07,,1132.57
SHIP01628,SO01628,DB Schenker,TRK-DB -73471707,Singapore,"Incheon, China",In Transit,2026-07-15,,1639.45
SHIP01629,SO01629,Kuehne + Nagel,TRK-KUE-54703093,"Atlanta, GA, USA","Munich, China",In Transit,2026-02-08,,721.09
SHIP01630,SO01630,Maersk Logistics,TRK-MAE-46600528,"Stuttgart, Germany","Querétaro, India",In Transit,2025-09-17,,162.86
SHIP01631,SO01631,UPS Supply Chain,TRK-UPS-18884387,"Dallas, TX, USA","Hai Phong, India",Delivered,2026-02-17,2026-02-18,1097.76
SHIP01632,SO01632,Kuehne + Nagel,TRK-KUE-99949380,"Rotterdam, Netherlands","Munich, Taiwan",Preparing,2026-02-24,,799.45
SHIP01633,SO01633,Kuehne + Nagel,TRK-KUE-70157869,"Bengaluru, India","Stuttgart, India",Delivered,2026-04-22,2026-04-30,443.59
SHIP01634,SO01634,Kuehne + Nagel,TRK-KUE-31799993,"Hamburg, Germany","Chicago, South Korea",Delivered,2026-07-20,2026-07-19,1172.36
SHIP01635,SO01635,Maersk Logistics,TRK-MAE-13180115,"Frankfurt, Germany","Munich, India",In Transit,2026-02-06,,646.5
SHIP01636,SO01636,Maersk Logistics,TRK-MAE-87689393,"Toronto, Canada","Stuttgart, South Korea",In Transit,2025-11-23,,481.15
SHIP01637,SO01637,DB Schenker,TRK-DB -87448781,Singapore,"Hamilton, Canada",In Transit,2025-11-08,,1573.65
SHIP01638,SO01638,DHL Express,TRK-DHL-71963970,"Los Angeles, CA, USA","Hai Phong, Mexico",Delayed,2026-07-10,,879.42
SHIP01639,SO01639,UPS Supply Chain,TRK-UPS-92311681,"Detroit, MI, USA","Hai Phong, United States",Delivered,2026-02-23,2026-02-23,1829.94
SHIP01640,SO01640,Kuehne + Nagel,TRK-KUE-94035758,"Detroit, MI, USA","Suzhou, South Korea",Delivered,2025-11-23,2025-11-23,449.5
SHIP01641,SO01641,DHL Express,TRK-DHL-13052787,"Dallas, TX, USA","Hai Phong, India",Delayed,2026-06-01,,815.78
SHIP01642,SO01642,DB Schenker,TRK-DB -34181171,"Rotterdam, Netherlands","Ningbo, South Korea",In Transit,2026-06-30,,1001.34
SHIP01643,SO01643,Kuehne + Nagel,TRK-KUE-58962612,"Detroit, MI, USA","Stuttgart, China",In Transit,2025-10-23,,166.43
SHIP01644,SO01644,FedEx Freight,TRK-FED-78785440,"Stuttgart, Germany","Taipei, Germany",Delivered,2025-09-29,2025-09-28,360.62
SHIP01645,SO01645,FedEx Freight,TRK-FED-97320323,"Dallas, TX, USA","Seoul, China",Delivered,2025-10-16,2025-10-15,287.21
SHIP01646,SO01646,FedEx Freight,TRK-FED-10415005,"Incheon, South Korea","Seoul, Japan",Delivered,2026-04-04,2026-04-04,74.76
SHIP01647,SO01647,Maersk Logistics,TRK-MAE-93243787,"Hamburg, Germany","Suzhou, Germany",Delivered,2026-03-25,2026-03-26,1041.88
SHIP01648,SO01648,UPS Supply Chain,TRK-UPS-28540984,"Incheon, South Korea","Nagoya, United States",In Transit,2025-11-06,,1763.92
SHIP01649,SO01649,DB Schenker,TRK-DB -99624179,"Guadalajara, Mexico","Chicago, Taiwan",In Transit,2026-05-19,,765.46
SHIP01650,SO01650,Maersk Logistics,TRK-MAE-52595801,"Incheon, South Korea","Hai Phong, Mexico",Delivered,2025-09-13,2025-09-12,686.76
SHIP01651,SO01651,Kuehne + Nagel,TRK-KUE-84719322,"Atlanta, GA, USA","Nagoya, Japan",In Transit,2026-05-19,,701.99
SHIP01652,SO01652,DB Schenker,TRK-DB -52689072,"Melbourne, Australia","Shenzhen, Vietnam",In Transit,2025-11-08,,970.44
SHIP01653,SO01653,FedEx Freight,TRK-FED-75178910,"Monterrey, Mexico","Taipei, China",Delivered,2026-06-18,2026-06-25,1271.31
SHIP01654,SO01654,DB Schenker,TRK-DB -12141469,"Rotterdam, Netherlands","Pune, Taiwan",In Transit,2025-11-26,,322.64
SHIP01655,SO01655,DHL Express,TRK-DHL-43379480,"Detroit, MI, USA","Bengaluru, Taiwan",Delivered,2026-02-24,2026-02-25,1540.14
SHIP01656,SO01656,FedEx Freight,TRK-FED-33594709,"Atlanta, GA, USA","Munich, South Korea",Delayed,2026-02-01,,425.16
SHIP01657,SO01657,DHL Express,TRK-DHL-10467670,"Munich, Germany","Hamilton, China",Delivered,2026-06-01,2026-06-01,1582.7
SHIP01658,SO01658,UPS Supply Chain,TRK-UPS-56166526,"Hamburg, Germany","Detroit, Japan",Delivered,2026-06-13,2026-06-14,1296.7
SHIP01659,SO01659,DB Schenker,TRK-DB -32377620,"Bengaluru, India","Chicago, United States",Preparing,2026-05-20,,412.68
SHIP01660,SO01660,UPS Supply Chain,TRK-UPS-48446490,"Dallas, TX, USA","Hsinchu, Japan",In Transit,2025-09-09,,432.33
SHIP01661,SO01661,FedEx Freight,TRK-FED-57332034,"Bengaluru, India","Incheon, China",Delivered,2025-09-13,2025-09-14,74.6
SHIP01662,SO01662,DHL Express,TRK-DHL-42391773,"Hamburg, Germany","Osaka, Japan",Delivered,2025-10-29,2025-10-29,728.96
SHIP01663,SO01663,Kuehne + Nagel,TRK-KUE-41509304,"Los Angeles, CA, USA","Ningbo, Canada",Delivered,2026-07-13,2026-07-13,1811.47
SHIP01664,SO01664,UPS Supply Chain,TRK-UPS-76184321,"London, UK","Hai Phong, Taiwan",Preparing,2026-05-14,,1033.48
SHIP01665,SO01665,DB Schenker,TRK-DB -98114725,"London, UK","Shenzhen, Germany",In Transit,2026-02-21,,1188.94
SHIP01666,SO01666,Maersk Logistics,TRK-MAE-24518753,"Hamburg, Germany","Dallas, Germany",Delivered,2026-03-26,2026-03-25,732.62
SHIP01667,SO01667,FedEx Freight,TRK-FED-58325804,"Incheon, South Korea","Shenzhen, United Kingdom",In Transit,2025-10-01,,1668.37
SHIP01668,SO01668,DHL Express,TRK-DHL-48725293,"Rotterdam, Netherlands","Osaka, Germany",In Transit,2026-04-14,,1245.2
SHIP01669,SO01669,UPS Supply Chain,TRK-UPS-12940594,"Frankfurt, Germany","Bengaluru, India",Delivered,2026-04-06,2026-04-06,571.19
SHIP01670,SO01670,UPS Supply Chain,TRK-UPS-26863932,"Toronto, Canada","Suzhou, India",Delivered,2025-12-27,2025-12-26,1562.52
SHIP01671,SO01671,FedEx Freight,TRK-FED-13911244,"Seattle, WA, USA","Nagoya, Germany",In Transit,2025-09-12,,174.03
SHIP01672,SO01672,Maersk Logistics,TRK-MAE-14767137,"Guadalajara, Mexico","Seoul, Japan",In Transit,2026-03-28,,111.63
SHIP01673,SO01673,DB Schenker,TRK-DB -36014821,"Osaka, Japan","Osaka, Mexico",Delivered,2025-10-18,2025-10-17,148.43
SHIP01674,SO01674,Maersk Logistics,TRK-MAE-75699813,"Toronto, Canada","Detroit, United States",Delivered,2025-09-21,2025-09-22,1586.92
SHIP01675,SO01675,FedEx Freight,TRK-FED-18270130,"Shenzhen, China","Shenzhen, Germany",Delivered,2025-11-07,2025-11-07,221.9
SHIP01676,SO01676,DB Schenker,TRK-DB -94597121,"Melbourne, Australia","Hsinchu, United States",Delivered,2026-06-19,2026-06-19,576.24
SHIP01677,SO01677,FedEx Freight,TRK-FED-61850573,"Seattle, WA, USA","Nagoya, South Korea",In Transit,2026-03-19,,941.51
SHIP01678,SO01678,FedEx Freight,TRK-FED-13836739,"Guadalajara, Mexico","Monterrey, South Korea",Delivered,2025-10-22,2025-10-21,606.17
SHIP01679,SO01679,Kuehne + Nagel,TRK-KUE-98846606,"Seattle, WA, USA","Tokyo, Germany",In Transit,2025-12-16,,889.59
SHIP01680,SO01680,FedEx Freight,TRK-FED-71732462,"Bengaluru, India","Incheon, Canada",In Transit,2025-12-09,,459.19
SHIP01681,SO01681,FedEx Freight,TRK-FED-77290572,"Los Angeles, CA, USA","Dortmund, Mexico",Delayed,2026-02-15,,158.49
SHIP01682,SO01682,UPS Supply Chain,TRK-UPS-81763003,"Tokyo, Japan","Seoul, China",Delivered,2026-03-20,2026-03-19,343.29
SHIP01683,SO01683,FedEx Freight,TRK-FED-66054731,"Chicago, IL, USA","Stuttgart, United Kingdom",Delayed,2026-01-19,,1525.22
SHIP01684,SO01684,Kuehne + Nagel,TRK-KUE-44202219,"Shenzhen, China","Birmingham, South Korea",Delayed,2025-12-04,,1086.27
SHIP01685,SO01685,FedEx Freight,TRK-FED-28742898,"Yokohama, Japan","Munich, Taiwan",In Transit,2026-07-07,,1520.69
SHIP01686,SO01686,UPS Supply Chain,TRK-UPS-47194475,"Atlanta, GA, USA","Ningbo, Mexico",In Transit,2026-04-30,,432.05
SHIP01687,SO01687,Kuehne + Nagel,TRK-KUE-84101506,"Hamburg, Germany","Tokyo, United States",Delivered,2025-11-22,2025-11-21,558.47
SHIP01688,SO01688,Maersk Logistics,TRK-MAE-52248093,"Munich, Germany","Hsinchu, Japan",In Transit,2025-10-27,,347.8
SHIP01689,SO01689,UPS Supply Chain,TRK-UPS-88373244,"Tokyo, Japan","Seoul, Mexico",Delivered,2025-12-08,2025-12-07,1537.3
SHIP01690,SO01690,Kuehne + Nagel,TRK-KUE-54949259,"Dallas, TX, USA","Birmingham, Japan",Delivered,2025-10-28,2025-10-27,1071.12
SHIP01691,SO01691,DHL Express,TRK-DHL-44886615,"Yokohama, Japan","Tokyo, United Kingdom",Delivered,2025-09-29,2025-09-29,492.59
SHIP01692,SO01692,FedEx Freight,TRK-FED-81144143,"Osaka, Japan","Hsinchu, Taiwan",Delivered,2026-06-09,2026-06-10,1125.19
SHIP01693,SO01693,UPS Supply Chain,TRK-UPS-65181429,"Stuttgart, Germany","Pune, Taiwan",Delivered,2026-04-17,2026-04-17,1383.27
SHIP01694,SO01694,DHL Express,TRK-DHL-17944933,Singapore,"Munich, Germany",Preparing,2026-06-20,,1154.52
SHIP01695,SO01695,Kuehne + Nagel,TRK-KUE-91409407,"Shenzhen, China","Shenzhen, United States",Delayed,2026-05-29,,715.04
SHIP01696,SO01696,FedEx Freight,TRK-FED-14194085,"Incheon, South Korea","Incheon, China",Delivered,2026-03-08,2026-03-08,578.84
SHIP01697,SO01697,FedEx Freight,TRK-FED-62242445,"Atlanta, GA, USA","Nagoya, Mexico",Delivered,2025-10-01,2025-09-30,320.91
SHIP01698,SO01698,Kuehne + Nagel,TRK-KUE-60400664,"Bengaluru, India","Dortmund, Taiwan",Delayed,2025-09-15,,588.16
SHIP01699,SO01699,DB Schenker,TRK-DB -79062077,"Pune, India","Birmingham, Germany",In Transit,2026-05-10,,378.76
SHIP01700,SO01700,DB Schenker,TRK-DB -74952028,"Monterrey, Mexico","Tokyo, Vietnam",In Transit,2026-05-02,,71.06
SHIP01701,SO01701,Maersk Logistics,TRK-MAE-38694650,"Melbourne, Australia","Hsinchu, Japan",Delivered,2026-05-16,2026-05-17,250.8
SHIP01702,SO01702,Maersk Logistics,TRK-MAE-94653272,"Rotterdam, Netherlands","Munich, Japan",Delivered,2025-11-10,2025-11-10,113.03
SHIP01703,SO01703,UPS Supply Chain,TRK-UPS-12174301,"Monterrey, Mexico","Ningbo, Germany",Delivered,2026-05-23,2026-05-23,1543.64
SHIP01704,SO01704,DB Schenker,TRK-DB -11406805,"Melbourne, Australia","Incheon, India",Preparing,2025-10-08,,971.63
SHIP01705,SO01705,DB Schenker,TRK-DB -15868151,"Seattle, WA, USA","Shenzhen, Germany",In Transit,2026-02-12,,1149.86
SHIP01706,SO01706,DB Schenker,TRK-DB -97500505,"Tokyo, Japan","Bengaluru, Japan",In Transit,2026-07-16,,1278.2
SHIP01707,SO01707,Maersk Logistics,TRK-MAE-11663304,"Shenzhen, China","Suzhou, Germany",Delayed,2026-02-08,,1659.55
SHIP01708,SO01708,FedEx Freight,TRK-FED-13792860,"Pune, India","Shenzhen, United States",Delivered,2026-04-07,2026-04-12,1516.61
SHIP01709,SO01709,Maersk Logistics,TRK-MAE-46944212,"Hamburg, Germany","Suzhou, Vietnam",In Transit,2026-03-16,,918.58
SHIP01710,SO01710,DHL Express,TRK-DHL-51336924,Singapore,"Hai Phong, United Kingdom",Delivered,2026-06-11,2026-06-12,1544.85
SHIP01711,SO01711,Maersk Logistics,TRK-MAE-10636278,"Guadalajara, Mexico","Nagoya, South Korea",Delivered,2026-06-15,2026-06-14,439.42
SHIP01712,SO01712,DB Schenker,TRK-DB -88047333,"London, UK","Suzhou, Germany",Delivered,2026-03-23,2026-03-24,384.12
SHIP01713,SO01713,Maersk Logistics,TRK-MAE-69079257,"Osaka, Japan","Suzhou, Germany",Delivered,2026-03-17,2026-03-17,962.06
SHIP01714,SO01714,FedEx Freight,TRK-FED-66304312,"Los Angeles, CA, USA","Dallas, India",Delivered,2026-01-09,2026-01-12,1196.91
SHIP01715,SO01715,Kuehne + Nagel,TRK-KUE-69622641,"Toronto, Canada","Taipei, Mexico",Delayed,2026-07-18,,1340.66
SHIP01716,SO01716,DHL Express,TRK-DHL-80195406,"Los Angeles, CA, USA","Dortmund, Japan",Delivered,2025-10-21,2025-10-22,1213.7
SHIP01717,SO01717,FedEx Freight,TRK-FED-41560498,"Chicago, IL, USA","Chicago, Taiwan",Delivered,2025-10-13,2025-10-14,508.18
SHIP01718,SO01718,Maersk Logistics,TRK-MAE-34666962,"Melbourne, Australia","Hai Phong, Canada",Delayed,2026-05-25,,280.59
SHIP01719,SO01719,Kuehne + Nagel,TRK-KUE-40028546,"Detroit, MI, USA","Tokyo, South Korea",In Transit,2026-03-23,,915.25
SHIP01720,SO01720,FedEx Freight,TRK-FED-38596321,"Bengaluru, India","Nagoya, United States",In Transit,2025-10-25,,360.29
SHIP01721,SO01721,Kuehne + Nagel,TRK-KUE-20686820,"Shenzhen, China","Detroit, Japan",Delivered,2026-05-04,2026-05-05,535.69
SHIP01722,SO01722,DB Schenker,TRK-DB -20222949,"Incheon, South Korea","Ningbo, Taiwan",Delivered,2025-12-17,2025-12-16,551.0
SHIP01723,SO01723,Kuehne + Nagel,TRK-KUE-42869822,"Bengaluru, India","Munich, Mexico",Delivered,2026-06-03,2026-06-04,265.85
SHIP01724,SO01724,DB Schenker,TRK-DB -77636988,"Taipei, Taiwan","Osaka, United Kingdom",Delivered,2026-05-31,2026-06-01,47.66
SHIP01725,SO01725,FedEx Freight,TRK-FED-75025616,"Monterrey, Mexico","Hsinchu, India",Preparing,2026-03-31,,368.99
SHIP01726,SO01726,DHL Express,TRK-DHL-70682824,"Chicago, IL, USA","Hamilton, Germany",Delivered,2026-04-26,2026-04-25,1618.86
SHIP01727,SO01727,Maersk Logistics,TRK-MAE-24764852,"Taipei, Taiwan","Incheon, Taiwan",Delivered,2025-11-11,2025-11-12,326.74
SHIP01728,SO01728,FedEx Freight,TRK-FED-40418553,"Munich, Germany","Hamilton, Japan",In Transit,2025-11-22,,1072.09
SHIP01729,SO01729,Kuehne + Nagel,TRK-KUE-63275448,"Atlanta, GA, USA","Incheon, India",Delivered,2026-03-06,2026-03-06,1541.69
SHIP01730,SO01730,Maersk Logistics,TRK-MAE-59659578,"Detroit, MI, USA","Tokyo, Germany",Delivered,2026-04-28,2026-04-29,230.21
SHIP01731,SO01731,Kuehne + Nagel,TRK-KUE-75965813,"Munich, Germany","Nagoya, China",Delayed,2026-07-25,,1200.03
SHIP01732,SO01732,Maersk Logistics,TRK-MAE-60872376,"Melbourne, Australia","Querétaro, Germany",Returned,2026-01-13,2026-01-22,1754.33
SHIP01733,SO01733,DHL Express,TRK-DHL-24157244,Singapore,"Monterrey, India",Preparing,2026-04-13,,1204.8
SHIP01734,SO01734,Kuehne + Nagel,TRK-KUE-23339377,"Pune, India","Detroit, Japan",Delivered,2026-03-02,2026-03-02,923.47
SHIP01735,SO01735,DB Schenker,TRK-DB -22148396,"Chicago, IL, USA","Querétaro, Germany",Delivered,2026-04-01,2026-03-31,988.27
SHIP01736,SO01736,Maersk Logistics,TRK-MAE-13838429,"Munich, Germany","Ningbo, India",In Transit,2025-10-05,,1347.02
SHIP01737,SO01737,Kuehne + Nagel,TRK-KUE-85688043,"Munich, Germany","Pune, China",Preparing,2025-11-14,,1074.03
SHIP01738,SO01738,Kuehne + Nagel,TRK-KUE-29484432,"Chicago, IL, USA","Chicago, Germany",Delivered,2025-12-13,2025-12-14,476.22
SHIP01739,SO01739,DHL Express,TRK-DHL-15667534,"Rotterdam, Netherlands","Incheon, India",Preparing,2025-11-29,,362.79
SHIP01740,SO01740,DHL Express,TRK-DHL-90631455,"Taipei, Taiwan","Suzhou, Japan",Delivered,2026-03-22,2026-03-23,301.79
SHIP01741,SO01741,Maersk Logistics,TRK-MAE-63627417,"Detroit, MI, USA","Nagoya, Germany",Delivered,2025-10-11,2025-10-10,86.31
SHIP01742,SO01742,DB Schenker,TRK-DB -22301970,Singapore,"Ningbo, Vietnam",Delivered,2026-07-13,2026-07-14,582.96
SHIP01743,SO01743,FedEx Freight,TRK-FED-55400592,"Rotterdam, Netherlands","Detroit, Germany",Delayed,2026-01-21,,327.51
SHIP01744,SO01744,DHL Express,TRK-DHL-88409503,Singapore,"Munich, Canada",Delivered,2026-06-23,2026-06-22,222.21
SHIP01745,SO01745,FedEx Freight,TRK-FED-30829757,"Hamburg, Germany","Pune, South Korea",Delivered,2025-12-07,2025-12-06,1048.95
SHIP01746,SO01746,UPS Supply Chain,TRK-UPS-59866629,"Munich, Germany","Munich, Canada",Delivered,2026-02-22,2026-02-21,544.39
SHIP01747,SO01747,Kuehne + Nagel,TRK-KUE-73045373,"Atlanta, GA, USA","Suzhou, Japan",Delivered,2026-04-05,2026-04-06,508.63
SHIP01748,SO01748,DB Schenker,TRK-DB -60299799,"Melbourne, Australia","Birmingham, Canada",Delivered,2026-02-04,2026-02-03,152.32
SHIP01749,SO01749,Kuehne + Nagel,TRK-KUE-27913946,"Tokyo, Japan","Incheon, China",Delayed,2026-05-30,,204.21
SHIP01750,SO01750,UPS Supply Chain,TRK-UPS-85646662,"Dallas, TX, USA","Stuttgart, Vietnam",Delayed,2026-06-26,,1019.41
SHIP01751,SO01751,Kuehne + Nagel,TRK-KUE-25504001,"Melbourne, Australia","Osaka, South Korea",Delayed,2026-02-09,,760.72
SHIP01752,SO01752,Kuehne + Nagel,TRK-KUE-74217889,"Los Angeles, CA, USA","Osaka, United States",Delivered,2026-07-15,2026-07-15,1687.68
SHIP01753,SO01753,DB Schenker,TRK-DB -78741990,"Osaka, Japan","Ningbo, United Kingdom",Preparing,2026-03-22,,615.68
SHIP01754,SO01754,FedEx Freight,TRK-FED-85958368,Singapore,"Hamilton, Mexico",Delivered,2026-01-01,2025-12-31,311.27
SHIP01755,SO01755,FedEx Freight,TRK-FED-90794262,"Munich, Germany","Shenzhen, Canada",Delivered,2026-06-11,2026-06-10,1633.23
SHIP01756,SO01756,FedEx Freight,TRK-FED-15208556,"Frankfurt, Germany","Nagoya, Japan",In Transit,2026-05-13,,787.69
SHIP01757,SO01757,DB Schenker,TRK-DB -43187769,"Guadalajara, Mexico","Hsinchu, India",Preparing,2026-04-16,,1145.9
SHIP01758,SO01758,DB Schenker,TRK-DB -11857107,"Taipei, Taiwan","Dallas, Germany",Delivered,2025-12-16,2025-12-24,796.8
SHIP01759,SO01759,DB Schenker,TRK-DB -90149609,"Monterrey, Mexico","Stuttgart, South Korea",Delivered,2025-10-20,2025-10-19,1705.75
SHIP01760,SO01760,Kuehne + Nagel,TRK-KUE-12017910,"Dallas, TX, USA","Detroit, United States",Delivered,2025-11-20,2025-11-20,744.12
SHIP01761,SO01761,DB Schenker,TRK-DB -60891612,"Seattle, WA, USA","Nagoya, China",Delivered,2025-12-22,2025-12-21,705.22
SHIP01762,SO01762,FedEx Freight,TRK-FED-70175760,"Yokohama, Japan","Ningbo, South Korea",In Transit,2026-05-25,,234.98
SHIP01763,SO01763,Kuehne + Nagel,TRK-KUE-67487868,"Munich, Germany","Chicago, United Kingdom",Returned,2025-12-06,2025-12-11,1776.38
SHIP01764,SO01764,Kuehne + Nagel,TRK-KUE-81886873,"Atlanta, GA, USA","Stuttgart, Germany",Delivered,2026-06-19,2026-06-20,518.1
SHIP01765,SO01765,DB Schenker,TRK-DB -44775195,"Detroit, MI, USA","Taipei, Japan",In Transit,2026-04-29,,1517.41
SHIP01766,SO01766,DB Schenker,TRK-DB -79072229,"Guadalajara, Mexico","Hsinchu, China",In Transit,2025-10-20,,198.27
SHIP01767,SO01767,DB Schenker,TRK-DB -37855668,"Stuttgart, Germany","Birmingham, China",In Transit,2025-10-11,,291.44
SHIP01768,SO01768,DB Schenker,TRK-DB -50800379,"Melbourne, Australia","Osaka, Germany",Delivered,2025-11-27,2025-11-26,171.41
SHIP01769,SO01769,UPS Supply Chain,TRK-UPS-47300673,"Monterrey, Mexico","Bengaluru, Japan",Delivered,2026-01-19,2026-01-20,1808.91
SHIP01770,SO01770,DHL Express,TRK-DHL-52992158,"Rotterdam, Netherlands","Tokyo, China",Delivered,2026-01-10,2026-01-10,1223.07
SHIP01771,SO01771,FedEx Freight,TRK-FED-84049624,"Melbourne, Australia","Pune, Germany",In Transit,2026-05-08,,1041.71
SHIP01772,SO01772,DHL Express,TRK-DHL-14522612,"Munich, Germany","Chicago, Vietnam",Delivered,2026-04-09,2026-04-09,1132.73
SHIP01773,SO01773,DB Schenker,TRK-DB -11268012,"Dallas, TX, USA","Stuttgart, United States",In Transit,2025-10-20,,1422.4
SHIP01774,SO01774,FedEx Freight,TRK-FED-75445878,"Munich, Germany","Chicago, Germany",Preparing,2025-12-17,,624.36
SHIP01775,SO01775,FedEx Freight,TRK-FED-93264636,"Stuttgart, Germany","Nagoya, Vietnam",Delivered,2025-11-09,2025-11-08,1598.39
SHIP01776,SO01776,Maersk Logistics,TRK-MAE-63471802,"Incheon, South Korea","Munich, United States",Preparing,2025-10-30,,112.73
SHIP01777,SO01777,UPS Supply Chain,TRK-UPS-90788330,"Detroit, MI, USA","Incheon, India",Delivered,2025-12-03,2025-12-02,502.51
SHIP01778,SO01778,DB Schenker,TRK-DB -46728832,"Atlanta, GA, USA","Detroit, China",Delivered,2026-05-31,2026-05-31,1176.97
SHIP01779,SO01779,Maersk Logistics,TRK-MAE-31066087,"Bengaluru, India","Stuttgart, United Kingdom",Delivered,2025-10-25,2025-10-25,361.85
SHIP01780,SO01780,DB Schenker,TRK-DB -48000701,"Frankfurt, Germany","Shenzhen, China",Delivered,2026-03-07,2026-03-07,291.37
SHIP01781,SO01781,DB Schenker,TRK-DB -57231683,"Los Angeles, CA, USA","Chicago, China",In Transit,2026-02-03,,501.75
SHIP01782,SO01782,DB Schenker,TRK-DB -72622678,"Bengaluru, India","Dortmund, Mexico",In Transit,2025-12-22,,660.23
SHIP01783,SO01783,FedEx Freight,TRK-FED-96213751,"Munich, Germany","Bengaluru, Taiwan",Delivered,2025-11-03,2025-11-02,1503.05
SHIP01784,SO01784,DHL Express,TRK-DHL-60552229,"Guadalajara, Mexico","Stuttgart, Canada",Delivered,2026-01-16,2026-01-24,1034.99
SHIP01785,SO01785,UPS Supply Chain,TRK-UPS-69699745,"Monterrey, Mexico","Detroit, United Kingdom",Delivered,2026-06-05,2026-06-06,1567.97
SHIP01786,SO01786,DB Schenker,TRK-DB -33811826,"Toronto, Canada","Monterrey, Taiwan",Delivered,2026-02-25,2026-03-04,296.07
SHIP01787,SO01787,UPS Supply Chain,TRK-UPS-92013609,"Atlanta, GA, USA","Shenzhen, United States",Delivered,2025-11-09,2025-11-08,47.5
SHIP01788,SO01788,Kuehne + Nagel,TRK-KUE-75458881,"Shenzhen, China","Osaka, China",Delayed,2025-12-12,,1087.35
SHIP01789,SO01789,DB Schenker,TRK-DB -76030378,"Osaka, Japan","Dallas, Taiwan",Delayed,2025-11-02,,1029.77
SHIP01790,SO01790,DHL Express,TRK-DHL-30417784,"Rotterdam, Netherlands","Detroit, Mexico",In Transit,2026-01-26,,199.8
SHIP01791,SO01791,Maersk Logistics,TRK-MAE-53386149,"Dallas, TX, USA","Shenzhen, Germany",Delivered,2025-09-23,2025-09-23,1359.5
SHIP01792,SO01792,DHL Express,TRK-DHL-80649851,"Seattle, WA, USA","Stuttgart, United States",Delayed,2026-05-19,,1640.34
SHIP01793,SO01793,DB Schenker,TRK-DB -43345496,"Toronto, Canada","Osaka, India",Delivered,2026-06-28,2026-07-01,1763.46
SHIP01794,SO01794,DB Schenker,TRK-DB -74344163,"London, UK","Detroit, Germany",In Transit,2025-09-17,,1280.92
SHIP01795,SO01795,FedEx Freight,TRK-FED-71147961,"Incheon, South Korea","Pune, Japan",In Transit,2025-10-12,,197.54
SHIP01796,SO01796,DHL Express,TRK-DHL-46530021,"Osaka, Japan","Suzhou, United States",Delivered,2026-01-07,2026-01-07,894.91
SHIP01797,SO01797,UPS Supply Chain,TRK-UPS-26742741,"Osaka, Japan","Dallas, Japan",Preparing,2026-05-29,,898.87
SHIP01798,SO01798,DHL Express,TRK-DHL-26848765,"Incheon, South Korea","Ningbo, Japan",Delivered,2025-12-05,2025-12-06,1396.33
SHIP01799,SO01799,FedEx Freight,TRK-FED-92217969,"Tokyo, Japan","Birmingham, China",Delivered,2026-01-06,2026-01-05,1632.45
SHIP01800,SO01800,Maersk Logistics,TRK-MAE-53556644,"Dallas, TX, USA","Chicago, Japan",Preparing,2025-11-12,,1779.64
SHIP01801,SO01801,DB Schenker,TRK-DB -65353281,Singapore,"Munich, United States",Delivered,2025-09-24,2025-09-23,300.55
SHIP01802,SO01802,DHL Express,TRK-DHL-41791021,"Los Angeles, CA, USA","Nagoya, Germany",Delivered,2026-03-18,2026-03-17,1805.07
SHIP01803,SO01803,FedEx Freight,TRK-FED-95642100,"Dallas, TX, USA","Munich, Taiwan",Delivered,2026-05-21,2026-05-24,917.6
SHIP01804,SO01804,UPS Supply Chain,TRK-UPS-45478143,"Taipei, Taiwan","Suzhou, China",Delivered,2026-02-19,2026-02-19,1109.2
SHIP01805,SO01805,Kuehne + Nagel,TRK-KUE-88214864,"Seattle, WA, USA","Nagoya, Taiwan",Preparing,2026-03-19,,1706.22
SHIP01806,SO01806,DHL Express,TRK-DHL-72701704,"Taipei, Taiwan","Bengaluru, India",Delivered,2026-01-09,2026-01-10,1825.18
SHIP01807,SO01807,FedEx Freight,TRK-FED-67320797,"Chicago, IL, USA","Hai Phong, Germany",In Transit,2025-12-20,,1604.71
SHIP01808,SO01808,Maersk Logistics,TRK-MAE-12960457,"Detroit, MI, USA","Nagoya, Germany",In Transit,2025-09-28,,260.56
SHIP01809,SO01809,Kuehne + Nagel,TRK-KUE-59921243,"Yokohama, Japan","Osaka, China",In Transit,2026-02-14,,498.39
SHIP01810,SO01810,FedEx Freight,TRK-FED-86787418,"Tokyo, Japan","Pune, China",Delivered,2026-07-05,2026-07-05,1781.59
SHIP01811,SO01811,DHL Express,TRK-DHL-28865105,"Melbourne, Australia","Osaka, Japan",In Transit,2026-01-31,,511.52
SHIP01812,SO01812,DHL Express,TRK-DHL-85929581,Singapore,"Stuttgart, Germany",Delivered,2026-02-12,2026-02-19,1391.93
SHIP01813,SO01813,FedEx Freight,TRK-FED-36710859,"Osaka, Japan","Hamilton, India",In Transit,2025-12-01,,1529.29
SHIP01814,SO01814,UPS Supply Chain,TRK-UPS-39037359,"Rotterdam, Netherlands","Tokyo, Vietnam",Delivered,2026-07-06,2026-07-07,1034.35
SHIP01815,SO01815,DHL Express,TRK-DHL-49734765,"Munich, Germany","Ningbo, Japan",Preparing,2026-02-24,,846.44
SHIP01816,SO01816,DB Schenker,TRK-DB -87953326,"Shenzhen, China","Chicago, Vietnam",Delivered,2026-01-01,2026-01-02,1814.47
SHIP01817,SO01817,DB Schenker,TRK-DB -90046769,"Chicago, IL, USA","Osaka, India",Delivered,2025-11-24,2025-11-23,895.76
SHIP01818,SO01818,DB Schenker,TRK-DB -77567556,"Taipei, Taiwan","Querétaro, Taiwan",Preparing,2026-05-29,,397.42
SHIP01819,SO01819,Maersk Logistics,TRK-MAE-97725759,"Dallas, TX, USA","Stuttgart, Japan",Delivered,2026-07-28,2026-07-27,1057.56
SHIP01820,SO01820,Maersk Logistics,TRK-MAE-62780122,"Los Angeles, CA, USA","Dallas, India",Delivered,2026-03-30,2026-03-30,1664.93
SHIP01821,SO01821,FedEx Freight,TRK-FED-66075371,"Rotterdam, Netherlands","Pune, Mexico",Delivered,2026-05-03,2026-05-03,1406.21
SHIP01822,SO01822,Kuehne + Nagel,TRK-KUE-79016923,"Monterrey, Mexico","Nagoya, Japan",In Transit,2026-03-08,,404.78
SHIP01823,SO01823,DB Schenker,TRK-DB -16868352,"Monterrey, Mexico","Birmingham, Mexico",Delivered,2025-10-06,2025-10-06,690.55
SHIP01824,SO01824,DB Schenker,TRK-DB -70135987,"Pune, India","Munich, Japan",Delayed,2025-10-05,,1626.86
SHIP01825,SO01825,DHL Express,TRK-DHL-17968379,"Incheon, South Korea","Stuttgart, United States",Preparing,2026-01-02,,183.47
SHIP01826,SO01826,UPS Supply Chain,TRK-UPS-32913788,"Incheon, South Korea","Tokyo, Germany",Delivered,2025-10-28,2025-10-28,1554.75
SHIP01827,SO01827,UPS Supply Chain,TRK-UPS-40352744,"Stuttgart, Germany","Seoul, South Korea",Delivered,2025-12-07,2025-12-06,1175.85
SHIP01828,SO01828,UPS Supply Chain,TRK-UPS-26464735,"Melbourne, Australia","Hsinchu, China",Delivered,2026-03-17,2026-03-18,210.98
SHIP01829,SO01829,Maersk Logistics,TRK-MAE-28025822,"Monterrey, Mexico","Hsinchu, Taiwan",Delivered,2026-07-26,2026-07-25,739.44
SHIP01830,SO01830,UPS Supply Chain,TRK-UPS-20191636,Singapore,"Osaka, United Kingdom",Returned,2025-12-30,2026-01-05,1287.96
SHIP01831,SO01831,DHL Express,TRK-DHL-15084500,"London, UK","Shenzhen, United States",Delivered,2026-04-06,2026-04-06,1707.78
SHIP01832,SO01832,Maersk Logistics,TRK-MAE-21536626,"Atlanta, GA, USA","Detroit, Japan",Delivered,2025-11-22,2025-11-22,1195.95
SHIP01833,SO01833,Maersk Logistics,TRK-MAE-75094650,"Shenzhen, China","Seoul, Vietnam",Delivered,2026-02-03,2026-02-03,377.56
SHIP01834,SO01834,DHL Express,TRK-DHL-18294681,"Melbourne, Australia","Osaka, Germany",Delivered,2025-10-08,2025-10-07,1514.15
SHIP01835,SO01835,DHL Express,TRK-DHL-57194515,"Seattle, WA, USA","Stuttgart, Mexico",Delivered,2025-12-31,2025-12-30,1382.64
SHIP01836,SO01836,Maersk Logistics,TRK-MAE-71530169,"Pune, India","Nagoya, South Korea",Returned,2025-11-09,2025-11-17,1131.18
SHIP01837,SO01837,UPS Supply Chain,TRK-UPS-93985251,"Rotterdam, Netherlands","Nagoya, United States",In Transit,2026-03-22,,1198.92
SHIP01838,SO01838,Maersk Logistics,TRK-MAE-49284125,"Los Angeles, CA, USA","Pune, Mexico",Delivered,2026-06-20,2026-06-20,1660.54
SHIP01839,SO01839,FedEx Freight,TRK-FED-31546177,"Munich, Germany","Birmingham, Japan",In Transit,2026-04-08,,600.58
SHIP01840,SO01840,FedEx Freight,TRK-FED-36676847,"Tokyo, Japan","Hsinchu, Germany",Delivered,2025-11-19,2025-11-18,133.27
SHIP01841,SO01841,Kuehne + Nagel,TRK-KUE-16846338,"Pune, India","Monterrey, China",Delivered,2026-07-10,2026-07-11,657.56
SHIP01842,SO01842,Kuehne + Nagel,TRK-KUE-12777937,"Osaka, Japan","Birmingham, United States",In Transit,2026-04-11,,1707.01
SHIP01843,SO01843,DHL Express,TRK-DHL-11524444,"Tokyo, Japan","Birmingham, Mexico",In Transit,2025-11-23,,1515.6
SHIP01844,SO01844,FedEx Freight,TRK-FED-27292872,"Yokohama, Japan","Monterrey, Germany",Preparing,2025-10-26,,854.63
SHIP01845,SO01845,DB Schenker,TRK-DB -92999429,"Guadalajara, Mexico","Dortmund, South Korea",Delivered,2025-09-13,2025-09-13,1073.36
SHIP01846,SO01846,FedEx Freight,TRK-FED-16293615,"Yokohama, Japan","Monterrey, Mexico",In Transit,2025-12-23,,611.72
SHIP01847,SO01847,DHL Express,TRK-DHL-40128213,"Atlanta, GA, USA","Bengaluru, Germany",Delayed,2026-02-26,,242.51
SHIP01848,SO01848,UPS Supply Chain,TRK-UPS-78230419,"Toronto, Canada","Taipei, China",Delivered,2025-12-04,2025-12-06,712.26
SHIP01849,SO01849,UPS Supply Chain,TRK-UPS-39305521,"Taipei, Taiwan","Monterrey, Taiwan",Delivered,2026-07-02,2026-07-03,1714.21
SHIP01850,SO01850,DB Schenker,TRK-DB -40366457,"Frankfurt, Germany","Tokyo, Japan",Delivered,2026-01-06,2026-01-10,1572.62
SHIP01851,SO01851,DB Schenker,TRK-DB -75844874,"London, UK","Hsinchu, China",Delayed,2026-01-23,,1007.66
SHIP01852,SO01852,FedEx Freight,TRK-FED-16434451,"Guadalajara, Mexico","Incheon, South Korea",Delivered,2025-10-21,2025-10-21,268.23
SHIP01853,SO01853,UPS Supply Chain,TRK-UPS-50941196,"Tokyo, Japan","Munich, South Korea",Delivered,2025-10-17,2025-10-18,270.11
SHIP01854,SO01854,Kuehne + Nagel,TRK-KUE-84883832,"Tokyo, Japan","Suzhou, Germany",Delivered,2026-02-25,2026-02-24,764.32
SHIP01855,SO01855,FedEx Freight,TRK-FED-93757460,"Rotterdam, Netherlands","Ningbo, Canada",Delivered,2026-01-26,2026-01-27,1766.91
SHIP01856,SO01856,FedEx Freight,TRK-FED-48290800,"Detroit, MI, USA","Hai Phong, India",Delivered,2026-04-07,2026-04-06,1437.24
SHIP01857,SO01857,FedEx Freight,TRK-FED-26085896,"Shenzhen, China","Stuttgart, South Korea",Delivered,2025-12-22,2025-12-23,1742.24
SHIP01858,SO01858,Maersk Logistics,TRK-MAE-42040850,"Munich, Germany","Hsinchu, India",Delayed,2025-11-30,,747.88
SHIP01859,SO01859,Maersk Logistics,TRK-MAE-74965786,"Detroit, MI, USA","Bengaluru, United States",In Transit,2026-06-29,,347.28
SHIP01860,SO01860,FedEx Freight,TRK-FED-53634050,"Guadalajara, Mexico","Monterrey, Vietnam",In Transit,2026-03-24,,1227.58
SHIP01861,SO01861,Maersk Logistics,TRK-MAE-63990797,"Yokohama, Japan","Tokyo, Germany",Delivered,2025-12-07,2025-12-06,995.55
SHIP01862,SO01862,UPS Supply Chain,TRK-UPS-40843927,"Tokyo, Japan","Hamilton, Japan",In Transit,2026-06-19,,1739.3
SHIP01863,SO01863,Maersk Logistics,TRK-MAE-63675331,"Rotterdam, Netherlands","Hamilton, Japan",Delivered,2026-07-16,2026-07-16,1062.16
SHIP01864,SO01864,DHL Express,TRK-DHL-90765489,"Munich, Germany","Nagoya, United States",Delivered,2025-12-17,2025-12-16,1685.73
SHIP01865,SO01865,DHL Express,TRK-DHL-14744290,"Tokyo, Japan","Monterrey, Taiwan",In Transit,2025-11-12,,1007.66
SHIP01866,SO01866,Maersk Logistics,TRK-MAE-36757370,"Yokohama, Japan","Birmingham, India",In Transit,2025-11-12,,592.2
SHIP01867,SO01867,DHL Express,TRK-DHL-55942448,"Rotterdam, Netherlands","Bengaluru, China",Delivered,2025-12-28,2025-12-28,978.32
SHIP01868,SO01868,DHL Express,TRK-DHL-24850510,"Pune, India","Ningbo, India",In Transit,2026-05-08,,511.27
SHIP01869,SO01869,Kuehne + Nagel,TRK-KUE-64635155,"Frankfurt, Germany","Chicago, Japan",Delivered,2026-01-21,2026-01-21,1008.33
SHIP01870,SO01870,FedEx Freight,TRK-FED-12826588,"Melbourne, Australia","Bengaluru, United Kingdom",Delivered,2026-06-06,2026-06-06,255.4
SHIP01871,SO01871,Maersk Logistics,TRK-MAE-15912756,"Guadalajara, Mexico","Bengaluru, India",Delayed,2026-02-25,,636.73
SHIP01872,SO01872,Kuehne + Nagel,TRK-KUE-93726863,"Monterrey, Mexico","Suzhou, South Korea",Delivered,2025-09-12,2025-09-12,1308.39
SHIP01873,SO01873,Kuehne + Nagel,TRK-KUE-94185293,"Chicago, IL, USA","Querétaro, China",Delayed,2025-11-26,,1348.21
SHIP01874,SO01874,FedEx Freight,TRK-FED-46532578,"Chicago, IL, USA","Seoul, China",Delivered,2026-01-28,2026-01-28,1728.38
SHIP01875,SO01875,DB Schenker,TRK-DB -97608182,"Stuttgart, Germany","Stuttgart, Germany",Delivered,2026-02-10,2026-02-09,330.14
SHIP01876,SO01876,DB Schenker,TRK-DB -49238668,"Munich, Germany","Hai Phong, Germany",Delivered,2025-11-24,2025-11-25,1019.04
SHIP01877,SO01877,UPS Supply Chain,TRK-UPS-74065747,"London, UK","Bengaluru, South Korea",Delivered,2025-09-17,2025-09-17,1660.83
SHIP01878,SO01878,DB Schenker,TRK-DB -80924181,"Dallas, TX, USA","Seoul, Japan",Preparing,2025-12-24,,454.65
SHIP01879,SO01879,FedEx Freight,TRK-FED-97032389,"Incheon, South Korea","Munich, Taiwan",In Transit,2025-10-28,,1732.32
SHIP01880,SO01880,Maersk Logistics,TRK-MAE-47051644,"Stuttgart, Germany","Bengaluru, United States",Delivered,2026-07-31,2026-07-30,1658.63
SHIP01881,SO01881,Kuehne + Nagel,TRK-KUE-18913047,"Frankfurt, Germany","Osaka, China",In Transit,2026-07-23,,629.9
SHIP01882,SO01882,UPS Supply Chain,TRK-UPS-33997284,"Chicago, IL, USA","Dallas, Mexico",Delivered,2025-09-20,2025-09-20,256.21
SHIP01883,SO01883,DB Schenker,TRK-DB -73203961,"Munich, Germany","Suzhou, Canada",In Transit,2026-03-20,,1702.41
SHIP01884,SO01884,DB Schenker,TRK-DB -24966387,"London, UK","Tokyo, Taiwan",Preparing,2026-07-22,,311.01
SHIP01885,SO01885,Maersk Logistics,TRK-MAE-45060889,"Tokyo, Japan","Munich, Japan",In Transit,2026-01-01,,116.29
SHIP01886,SO01886,UPS Supply Chain,TRK-UPS-19115990,"Shenzhen, China","Pune, China",Preparing,2026-06-01,,1285.04
SHIP01887,SO01887,FedEx Freight,TRK-FED-72597963,"Seattle, WA, USA","Shenzhen, Japan",Delivered,2026-05-31,2026-06-01,1623.32
SHIP01888,SO01888,Maersk Logistics,TRK-MAE-20296518,"Taipei, Taiwan","Osaka, Germany",Delayed,2025-12-06,,529.65
SHIP01889,SO01889,FedEx Freight,TRK-FED-24735095,"Chicago, IL, USA","Hai Phong, Japan",Delayed,2026-03-25,,1014.16
SHIP01890,SO01890,FedEx Freight,TRK-FED-80794240,"Tokyo, Japan","Chicago, Germany",Delayed,2026-04-08,,1646.17
SHIP01891,SO01891,FedEx Freight,TRK-FED-66237518,"Incheon, South Korea","Nagoya, China",In Transit,2026-05-22,,333.74
SHIP01892,SO01892,DHL Express,TRK-DHL-97506057,"Monterrey, Mexico","Seoul, Canada",Preparing,2026-06-04,,1382.23
SHIP01893,SO01893,FedEx Freight,TRK-FED-61187021,"Munich, Germany","Bengaluru, Mexico",Delivered,2026-05-20,2026-05-20,1029.35
SHIP01894,SO01894,DHL Express,TRK-DHL-19982880,"Los Angeles, CA, USA","Munich, India",Preparing,2026-02-23,,1242.5
SHIP01895,SO01895,DB Schenker,TRK-DB -86877480,"Los Angeles, CA, USA","Osaka, Germany",In Transit,2026-02-22,,307.17
SHIP01896,SO01896,DB Schenker,TRK-DB -72948562,"Osaka, Japan","Birmingham, Taiwan",Delivered,2026-01-18,2026-01-17,593.91
SHIP01897,SO01897,Maersk Logistics,TRK-MAE-37348034,"Tokyo, Japan","Hamilton, Vietnam",Delayed,2025-09-23,,1469.56
SHIP01898,SO01898,DB Schenker,TRK-DB -72864226,"Toronto, Canada","Tokyo, Taiwan",Delivered,2026-06-14,2026-06-14,1280.12
SHIP01899,SO01899,FedEx Freight,TRK-FED-91914285,"Taipei, Taiwan","Stuttgart, United States",Preparing,2025-10-31,,1150.78
SHIP01900,SO01900,Kuehne + Nagel,TRK-KUE-40626658,"Yokohama, Japan","Birmingham, Vietnam",Delivered,2026-02-26,2026-02-27,1582.19
SHIP01901,SO01901,Kuehne + Nagel,TRK-KUE-21027409,"Taipei, Taiwan","Osaka, Mexico",In Transit,2026-03-16,,1358.19
SHIP01902,SO01902,UPS Supply Chain,TRK-UPS-46693679,"Shenzhen, China","Pune, Germany",Delivered,2026-06-20,2026-06-21,1748.78
SHIP01903,SO01903,FedEx Freight,TRK-FED-95567630,"Toronto, Canada","Dallas, Vietnam",Delivered,2025-11-17,2025-11-17,1683.23
SHIP01904,SO01904,DB Schenker,TRK-DB -95576474,"Incheon, South Korea","Ningbo, Germany",Delivered,2026-02-11,2026-02-10,244.19
SHIP01905,SO01905,DHL Express,TRK-DHL-65275134,"Munich, Germany","Bengaluru, United States",Preparing,2025-12-10,,1019.38
SHIP01906,SO01906,DB Schenker,TRK-DB -49617464,"Bengaluru, India","Tokyo, Taiwan",In Transit,2026-03-11,,867.19
SHIP01907,SO01907,Kuehne + Nagel,TRK-KUE-94795712,Singapore,"Birmingham, Canada",Delayed,2025-12-20,,1517.58
SHIP01908,SO01908,UPS Supply Chain,TRK-UPS-29724637,"Frankfurt, Germany","Munich, Mexico",Delivered,2026-04-02,2026-04-03,1557.55
SHIP01909,SO01909,Kuehne + Nagel,TRK-KUE-27993595,"Melbourne, Australia","Osaka, United States",Delivered,2026-06-28,2026-06-28,1029.63
SHIP01910,SO01910,FedEx Freight,TRK-FED-84704369,"Munich, Germany","Munich, Germany",Delivered,2025-12-19,2025-12-24,1521.01
SHIP01911,SO01911,FedEx Freight,TRK-FED-66146326,"Yokohama, Japan","Chicago, India",Delivered,2025-11-20,2025-11-23,1175.76
SHIP01912,SO01912,DHL Express,TRK-DHL-53663765,"Chicago, IL, USA","Dortmund, United States",In Transit,2025-12-19,,291.27
SHIP01913,SO01913,Kuehne + Nagel,TRK-KUE-99669837,"Monterrey, Mexico","Pune, India",Delivered,2026-06-16,2026-06-17,459.0
SHIP01914,SO01914,DB Schenker,TRK-DB -70753023,"London, UK","Seoul, United States",Delayed,2025-10-27,,786.56
SHIP01915,SO01915,Kuehne + Nagel,TRK-KUE-97971812,"Rotterdam, Netherlands","Dortmund, United States",Delivered,2026-06-20,2026-06-27,968.96
SHIP01916,SO01916,Kuehne + Nagel,TRK-KUE-74629774,"Dallas, TX, USA","Chicago, Taiwan",In Transit,2026-03-29,,1771.02
SHIP01917,SO01917,Maersk Logistics,TRK-MAE-62114887,"Incheon, South Korea","Osaka, India",In Transit,2025-12-30,,1807.65
SHIP01918,SO01918,Maersk Logistics,TRK-MAE-33219685,"Dallas, TX, USA","Ningbo, United Kingdom",Delivered,2025-09-29,2025-09-30,1238.28
SHIP01919,SO01919,FedEx Freight,TRK-FED-36416899,"Tokyo, Japan","Chicago, Mexico",Delivered,2025-12-07,2025-12-07,1161.48
SHIP01920,SO01920,FedEx Freight,TRK-FED-76252395,"Detroit, MI, USA","Suzhou, South Korea",Preparing,2026-03-05,,47.18
SHIP01921,SO01921,DB Schenker,TRK-DB -84005658,"Pune, India","Hamilton, Germany",Delivered,2026-01-18,2026-01-19,289.48
SHIP01922,SO01922,UPS Supply Chain,TRK-UPS-89169847,"Detroit, MI, USA","Ningbo, Japan",Preparing,2026-02-03,,1835.38
SHIP01923,SO01923,DB Schenker,TRK-DB -96891751,"Toronto, Canada","Bengaluru, South Korea",In Transit,2025-09-15,,150.05
SHIP01924,SO01924,FedEx Freight,TRK-FED-35886442,"Dallas, TX, USA","Pune, Japan",Preparing,2025-11-03,,878.89
SHIP01925,SO01925,FedEx Freight,TRK-FED-91002327,"Melbourne, Australia","Shenzhen, Vietnam",Returned,2026-04-23,2026-05-01,963.0
SHIP01926,SO01926,DHL Express,TRK-DHL-47676842,"Bengaluru, India","Osaka, Taiwan",Delivered,2025-12-29,2025-12-31,366.26
SHIP01927,SO01927,UPS Supply Chain,TRK-UPS-35917538,"Chicago, IL, USA","Birmingham, Vietnam",In Transit,2025-11-28,,832.88
SHIP01928,SO01928,UPS Supply Chain,TRK-UPS-61758667,"Frankfurt, Germany","Osaka, Germany",Delivered,2026-01-11,2026-01-12,1261.99
SHIP01929,SO01929,DB Schenker,TRK-DB -16142237,"Atlanta, GA, USA","Tokyo, United States",In Transit,2026-01-11,,463.19
SHIP01930,SO01930,Kuehne + Nagel,TRK-KUE-58643757,"Toronto, Canada","Stuttgart, Germany",Delayed,2025-10-11,,1066.81
SHIP01931,SO01931,DB Schenker,TRK-DB -21647011,"Seattle, WA, USA","Hsinchu, Mexico",In Transit,2025-09-18,,944.7
SHIP01932,SO01932,DHL Express,TRK-DHL-16035659,"Atlanta, GA, USA","Querétaro, Japan",Preparing,2026-05-30,,768.95
SHIP01933,SO01933,DHL Express,TRK-DHL-39507988,"Monterrey, Mexico","Suzhou, United Kingdom",Delivered,2026-01-15,2026-01-16,1597.35
SHIP01934,SO01934,Kuehne + Nagel,TRK-KUE-78410589,"Hamburg, Germany","Hai Phong, Germany",Delayed,2026-06-05,,1699.84
SHIP01935,SO01935,Maersk Logistics,TRK-MAE-26479372,"Stuttgart, Germany","Suzhou, United States",Delivered,2026-04-15,2026-04-14,67.21
SHIP01936,SO01936,Kuehne + Nagel,TRK-KUE-87844310,"Pune, India","Shenzhen, Japan",In Transit,2026-03-14,,862.3
SHIP01937,SO01937,DHL Express,TRK-DHL-15430767,"Incheon, South Korea","Bengaluru, South Korea",Delivered,2025-09-20,2025-09-19,1577.72
SHIP01938,SO01938,UPS Supply Chain,TRK-UPS-16496914,"Frankfurt, Germany","Chicago, South Korea",In Transit,2025-10-24,,1632.46
SHIP01939,SO01939,Kuehne + Nagel,TRK-KUE-13259735,"Chicago, IL, USA","Seoul, Taiwan",Preparing,2026-01-31,,1195.58
SHIP01940,SO01940,DHL Express,TRK-DHL-66996893,"Pune, India","Suzhou, Taiwan",Delayed,2026-06-23,,323.56
SHIP01941,SO01941,FedEx Freight,TRK-FED-80724514,"Tokyo, Japan","Detroit, China",Returned,2026-04-15,2026-04-23,188.19
SHIP01942,SO01942,DB Schenker,TRK-DB -20273762,"Seattle, WA, USA","Incheon, Mexico",Delivered,2025-12-13,2025-12-14,1631.25
SHIP01943,SO01943,Maersk Logistics,TRK-MAE-49865371,"Osaka, Japan","Ningbo, Canada",Delivered,2026-01-22,2026-01-21,760.05
SHIP01944,SO01944,DB Schenker,TRK-DB -53344006,"Pune, India","Bengaluru, Vietnam",Delivered,2025-12-15,2025-12-16,405.26
SHIP01945,SO01945,DB Schenker,TRK-DB -15800217,Singapore,"Munich, Taiwan",In Transit,2026-06-18,,1563.01
SHIP01946,SO01946,FedEx Freight,TRK-FED-98936755,"Shenzhen, China","Bengaluru, Taiwan",In Transit,2026-07-06,,790.36
SHIP01947,SO01947,DB Schenker,TRK-DB -73258887,"Incheon, South Korea","Taipei, China",Delayed,2026-06-18,,1603.67
SHIP01948,SO01948,DHL Express,TRK-DHL-38045903,"Atlanta, GA, USA","Shenzhen, India",In Transit,2025-10-14,,1783.7
SHIP01949,SO01949,Kuehne + Nagel,TRK-KUE-69690684,"Yokohama, Japan","Taipei, Mexico",Delivered,2026-06-10,2026-06-10,1133.98
SHIP01950,SO01950,UPS Supply Chain,TRK-UPS-41189845,"Tokyo, Japan","Detroit, United Kingdom",Delivered,2025-10-07,2025-10-08,1312.23
SHIP01951,SO01951,FedEx Freight,TRK-FED-95935776,"Monterrey, Mexico","Monterrey, South Korea",Delivered,2026-05-14,2026-05-13,250.44
SHIP01952,SO01952,DB Schenker,TRK-DB -32847182,"Bengaluru, India","Hamilton, United States",Delivered,2026-07-06,2026-07-12,412.1
SHIP01953,SO01953,Kuehne + Nagel,TRK-KUE-68556738,"Munich, Germany","Dallas, China",In Transit,2026-06-02,,946.51
SHIP01954,SO01954,DB Schenker,TRK-DB -77602428,"Los Angeles, CA, USA","Monterrey, India",Returned,2025-09-30,2025-10-10,1236.69
SHIP01955,SO01955,DHL Express,TRK-DHL-99875223,"Taipei, Taiwan","Incheon, China",Delivered,2026-01-14,2026-01-13,993.4
SHIP01956,SO01956,UPS Supply Chain,TRK-UPS-20793208,"Melbourne, Australia","Chicago, United Kingdom",In Transit,2026-02-02,,1773.24
SHIP01957,SO01957,Maersk Logistics,TRK-MAE-52392677,"Taipei, Taiwan","Monterrey, Germany",Delivered,2026-06-14,2026-06-14,1442.19
SHIP01958,SO01958,Maersk Logistics,TRK-MAE-94987365,"London, UK","Hai Phong, Taiwan",Preparing,2026-01-18,,498.37
SHIP01959,SO01959,Maersk Logistics,TRK-MAE-33511868,"Incheon, South Korea","Munich, United States",Returned,2026-07-13,2026-07-21,1092.62
SHIP01960,SO01960,DB Schenker,TRK-DB -98300635,"Rotterdam, Netherlands","Bengaluru, Mexico",Delivered,2026-06-20,2026-06-20,217.34
SHIP01961,SO01961,DHL Express,TRK-DHL-89069440,"Pune, India","Seoul, United States",Delivered,2026-06-18,2026-06-18,1691.72
SHIP01962,SO01962,FedEx Freight,TRK-FED-90781902,"Osaka, Japan","Pune, Canada",Delivered,2025-09-21,2025-09-21,906.62
SHIP01963,SO01963,FedEx Freight,TRK-FED-41963324,"Osaka, Japan","Taipei, Japan",In Transit,2025-10-20,,1777.57
SHIP01964,SO01964,DHL Express,TRK-DHL-40963650,"Toronto, Canada","Chicago, Canada",In Transit,2025-11-24,,923.55
SHIP01965,SO01965,Kuehne + Nagel,TRK-KUE-57229827,"Munich, Germany","Ningbo, United Kingdom",Delivered,2025-10-20,2025-10-21,1033.39
SHIP01966,SO01966,Kuehne + Nagel,TRK-KUE-48970277,"Munich, Germany","Hai Phong, Mexico",Delivered,2025-11-26,2025-11-30,1498.5
SHIP01967,SO01967,Maersk Logistics,TRK-MAE-39461643,"Osaka, Japan","Shenzhen, India",Delivered,2026-03-23,2026-03-24,1138.83
SHIP01968,SO01968,Kuehne + Nagel,TRK-KUE-44160001,"Tokyo, Japan","Seoul, China",Delivered,2026-05-26,2026-05-27,724.85
SHIP01969,SO01969,DHL Express,TRK-DHL-15026028,"Tokyo, Japan","Pune, India",In Transit,2026-06-12,,1028.01
SHIP01970,SO01970,FedEx Freight,TRK-FED-67725399,"Toronto, Canada","Suzhou, Taiwan",Delivered,2026-04-16,2026-04-17,1833.61
SHIP01971,SO01971,Kuehne + Nagel,TRK-KUE-40245600,"Detroit, MI, USA","Birmingham, India",Delayed,2025-09-25,,380.58
SHIP01972,SO01972,UPS Supply Chain,TRK-UPS-33235468,"Hamburg, Germany","Suzhou, United States",In Transit,2026-01-19,,384.08
SHIP01973,SO01973,FedEx Freight,TRK-FED-50287446,"London, UK","Hamilton, Japan",Delivered,2026-01-09,2026-01-08,809.31
SHIP01974,SO01974,Kuehne + Nagel,TRK-KUE-16662995,"Monterrey, Mexico","Monterrey, Germany",In Transit,2026-04-04,,921.73
SHIP01975,SO01975,UPS Supply Chain,TRK-UPS-88248608,"Atlanta, GA, USA","Nagoya, Japan",Preparing,2026-04-26,,496.6
SHIP01976,SO01976,Maersk Logistics,TRK-MAE-78493550,"Frankfurt, Germany","Pune, United States",In Transit,2025-10-12,,1299.68
SHIP01977,SO01977,Kuehne + Nagel,TRK-KUE-12243351,"Los Angeles, CA, USA","Querétaro, India",Delivered,2026-03-15,2026-03-16,1681.04
SHIP01978,SO01978,Maersk Logistics,TRK-MAE-33366341,"Los Angeles, CA, USA","Suzhou, Japan",In Transit,2025-09-19,,1754.35
SHIP01979,SO01979,Maersk Logistics,TRK-MAE-71776667,Singapore,"Taipei, United States",In Transit,2025-10-01,,1673.15
SHIP01980,SO01980,DB Schenker,TRK-DB -38129425,"Melbourne, Australia","Seoul, South Korea",In Transit,2026-01-27,,1031.2
SHIP01981,SO01981,DB Schenker,TRK-DB -54021640,"Detroit, MI, USA","Birmingham, South Korea",In Transit,2025-12-19,,801.8
SHIP01982,SO01982,UPS Supply Chain,TRK-UPS-44310499,"Chicago, IL, USA","Incheon, Germany",In Transit,2026-02-13,,1523.3
SHIP01983,SO01983,Maersk Logistics,TRK-MAE-94285070,"Hamburg, Germany","Dortmund, Japan",Preparing,2026-07-08,,1127.99
SHIP01984,SO01984,Maersk Logistics,TRK-MAE-56135986,"Taipei, Taiwan","Shenzhen, Japan",In Transit,2026-06-28,,606.9
SHIP01985,SO01985,FedEx Freight,TRK-FED-74535290,"Rotterdam, Netherlands","Stuttgart, Japan",Delayed,2026-04-27,,1182.95
SHIP01986,SO01986,FedEx Freight,TRK-FED-22035214,"Atlanta, GA, USA","Bengaluru, South Korea",In Transit,2026-06-08,,1663.34
SHIP01987,SO01987,FedEx Freight,TRK-FED-34123226,"Melbourne, Australia","Monterrey, South Korea",Delivered,2025-12-15,2025-12-16,358.69
SHIP01988,SO01988,Kuehne + Nagel,TRK-KUE-69669965,Singapore,"Taipei, Japan",Delayed,2025-12-21,,1156.34
SHIP01989,SO01989,Maersk Logistics,TRK-MAE-11430187,Singapore,"Stuttgart, India",Delivered,2025-12-07,2025-12-07,911.61
SHIP01990,SO01990,UPS Supply Chain,TRK-UPS-81930014,"Bengaluru, India","Shenzhen, United States",Delivered,2026-05-04,2026-05-03,291.73
SHIP01991,SO01991,FedEx Freight,TRK-FED-16364636,"London, UK","Dortmund, South Korea",Delivered,2026-02-18,2026-02-18,992.02
SHIP01992,SO01992,FedEx Freight,TRK-FED-12804346,"Incheon, South Korea","Bengaluru, Japan",Delayed,2026-02-03,,510.84
SHIP01993,SO01993,FedEx Freight,TRK-FED-37453343,Singapore,"Tokyo, United States",In Transit,2025-11-09,,282.65
SHIP01994,SO01994,Kuehne + Nagel,TRK-KUE-91833647,"Shenzhen, China","Dallas, Germany",Delivered,2026-04-10,2026-04-11,788.56
SHIP01995,SO01995,FedEx Freight,TRK-FED-94915138,"Taipei, Taiwan","Taipei, Taiwan",Delivered,2025-12-30,2025-12-31,873.23
SHIP01996,SO01996,Maersk Logistics,TRK-MAE-98789921,"Hamburg, Germany","Munich, United States",Delivered,2025-12-31,2025-12-30,1329.78
SHIP01997,SO01997,UPS Supply Chain,TRK-UPS-74949523,"Bengaluru, India","Dallas, China",Delivered,2025-09-17,2025-09-19,1793.53
SHIP01998,SO01998,DHL Express,TRK-DHL-74070729,"Atlanta, GA, USA","Dallas, United States",Delivered,2026-06-24,2026-06-24,1391.44
SHIP01999,SO01999,Maersk Logistics,TRK-MAE-48539678,"Pune, India","Dortmund, Mexico",In Transit,2026-02-27,,174.4
SHIP02000,SO02000,Maersk Logistics,TRK-MAE-84024105,Singapore,"Birmingham, United Kingdom",Delivered,2025-10-29,2025-10-28,1164.6
SHIP02001,SO02001,DHL Express,TRK-DHL-10595609,"Hamburg, Germany","Birmingham, Taiwan",Preparing,2025-10-30,,343.69
SHIP02002,SO02002,UPS Supply Chain,TRK-UPS-64886934,"Melbourne, Australia","Hsinchu, Japan",Delivered,2026-05-05,2026-05-06,674.48
SHIP02003,SO02003,Maersk Logistics,TRK-MAE-78482913,"Atlanta, GA, USA","Detroit, South Korea",Delivered,2026-05-08,2026-05-09,951.04
SHIP02004,SO02004,FedEx Freight,TRK-FED-49852175,"Incheon, South Korea","Chicago, Germany",Delivered,2026-02-15,2026-02-15,1676.08
SHIP02005,SO02005,DHL Express,TRK-DHL-49280200,"Melbourne, Australia","Pune, Taiwan",Delayed,2026-02-17,,1371.19
SHIP02006,SO02006,DHL Express,TRK-DHL-69897419,Singapore,"Suzhou, China",In Transit,2025-10-10,,224.86
SHIP02007,SO02007,Kuehne + Nagel,TRK-KUE-39505456,"Detroit, MI, USA","Incheon, India",In Transit,2026-03-09,,223.0
SHIP02008,SO02008,DHL Express,TRK-DHL-74747204,"Melbourne, Australia","Hai Phong, India",In Transit,2025-10-21,,1383.65
SHIP02009,SO02009,FedEx Freight,TRK-FED-67930747,"Melbourne, Australia","Munich, Canada",Delivered,2025-10-04,2025-10-05,420.72
SHIP02010,SO02010,DB Schenker,TRK-DB -53051114,"Monterrey, Mexico","Querétaro, Germany",In Transit,2025-10-03,,693.9
SHIP02011,SO02011,DHL Express,TRK-DHL-12052273,"Guadalajara, Mexico","Hamilton, China",Delivered,2026-01-19,2026-01-19,1497.05
SHIP02012,SO02012,DHL Express,TRK-DHL-80146006,"Seattle, WA, USA","Suzhou, Germany",Preparing,2026-02-22,,655.85
SHIP02013,SO02013,DB Schenker,TRK-DB -90814582,"Dallas, TX, USA","Taipei, Japan",In Transit,2025-09-23,,1436.87
SHIP02014,SO02014,FedEx Freight,TRK-FED-71180406,"Chicago, IL, USA","Hamilton, Japan",Delivered,2026-02-27,2026-02-26,69.32
SHIP02015,SO02015,DHL Express,TRK-DHL-31480949,"Munich, Germany","Taipei, Germany",In Transit,2026-03-01,,1840.08
SHIP02016,SO02016,DHL Express,TRK-DHL-54686641,"Chicago, IL, USA","Birmingham, Taiwan",Delivered,2026-05-11,2026-05-10,782.64
SHIP02017,SO02017,DHL Express,TRK-DHL-29708370,"Hamburg, Germany","Munich, United States",Returned,2026-02-04,2026-02-12,887.32
SHIP02018,SO02018,DHL Express,TRK-DHL-16470775,"Melbourne, Australia","Detroit, United States",Delivered,2026-04-30,2026-05-01,256.56
SHIP02019,SO02019,UPS Supply Chain,TRK-UPS-13722036,"Los Angeles, CA, USA","Pune, India",In Transit,2026-06-05,,891.11
SHIP02020,SO02020,UPS Supply Chain,TRK-UPS-29133410,"Toronto, Canada","Taipei, Germany",In Transit,2025-09-09,,1202.4
SHIP02021,SO02021,FedEx Freight,TRK-FED-91423269,"Tokyo, Japan","Dallas, Japan",Delivered,2025-10-11,2025-10-11,791.86
SHIP02022,SO02022,Kuehne + Nagel,TRK-KUE-89878256,"Shenzhen, China","Incheon, United States",In Transit,2026-06-05,,309.68
SHIP02023,SO02023,Kuehne + Nagel,TRK-KUE-28825174,"Bengaluru, India","Tokyo, India",In Transit,2025-10-20,,1104.59
SHIP02024,SO02024,Kuehne + Nagel,TRK-KUE-54453555,"Los Angeles, CA, USA","Stuttgart, Japan",In Transit,2025-11-08,,1646.16
SHIP02025,SO02025,Kuehne + Nagel,TRK-KUE-19141916,"Taipei, Taiwan","Hamilton, Taiwan",In Transit,2026-07-03,,1130.36
SHIP02026,SO02026,DB Schenker,TRK-DB -36457267,"Shenzhen, China","Stuttgart, Canada",Delivered,2025-12-03,2025-12-03,1735.21
SHIP02027,SO02027,DB Schenker,TRK-DB -68114636,"Taipei, Taiwan","Hsinchu, Japan",Delivered,2026-03-24,2026-03-30,1814.86
SHIP02028,SO02028,DB Schenker,TRK-DB -44752381,"Stuttgart, Germany","Dortmund, Taiwan",Delivered,2026-03-30,2026-03-31,1656.7
SHIP02029,SO02029,Kuehne + Nagel,TRK-KUE-23277674,"Monterrey, Mexico","Hai Phong, United States",Delivered,2026-04-01,2026-04-01,1835.5
SHIP02030,SO02030,DHL Express,TRK-DHL-93800291,"Bengaluru, India","Nagoya, China",In Transit,2026-01-13,,896.89
SHIP02031,SO02031,DB Schenker,TRK-DB -32447374,"Munich, Germany","Pune, Germany",Delivered,2026-05-02,2026-05-03,1634.07
SHIP02032,SO02032,Kuehne + Nagel,TRK-KUE-38634993,"Chicago, IL, USA","Bengaluru, Mexico",In Transit,2026-01-12,,723.43
SHIP02033,SO02033,DB Schenker,TRK-DB -30456936,"Bengaluru, India","Detroit, Vietnam",Preparing,2026-07-09,,1118.93
SHIP02034,SO02034,Maersk Logistics,TRK-MAE-36360623,"Frankfurt, Germany","Tokyo, South Korea",In Transit,2026-05-31,,1064.02
SHIP02035,SO02035,UPS Supply Chain,TRK-UPS-44317086,"Seattle, WA, USA","Osaka, United States",In Transit,2025-12-14,,223.96
SHIP02036,SO02036,Kuehne + Nagel,TRK-KUE-70313517,"Seattle, WA, USA","Incheon, United States",In Transit,2026-06-01,,1011.09
SHIP02037,SO02037,FedEx Freight,TRK-FED-60310960,"Guadalajara, Mexico","Hamilton, China",Delivered,2026-07-09,2026-07-08,1006.15
SHIP02038,SO02038,FedEx Freight,TRK-FED-67972775,"Guadalajara, Mexico","Pune, Germany",Delivered,2026-02-11,2026-02-10,210.74
SHIP02039,SO02039,Kuehne + Nagel,TRK-KUE-51488571,"Yokohama, Japan","Munich, Taiwan",Delivered,2026-05-02,2026-05-08,444.22
SHIP02040,SO02040,DHL Express,TRK-DHL-25065157,"Dallas, TX, USA","Taipei, India",Delivered,2026-03-05,2026-03-04,630.37
SHIP02041,SO02041,Kuehne + Nagel,TRK-KUE-16591306,"Frankfurt, Germany","Bengaluru, South Korea",In Transit,2025-10-08,,1642.19
SHIP02042,SO02042,UPS Supply Chain,TRK-UPS-50358987,"Yokohama, Japan","Incheon, Mexico",Delivered,2026-06-30,2026-07-08,1132.56
SHIP02043,SO02043,DB Schenker,TRK-DB -28700364,"Guadalajara, Mexico","Seoul, United States",In Transit,2026-06-03,,1343.32
SHIP02044,SO02044,DB Schenker,TRK-DB -98018597,"Pune, India","Ningbo, South Korea",Delivered,2026-05-25,2026-05-24,357.41
SHIP02045,SO02045,DB Schenker,TRK-DB -73202931,"Monterrey, Mexico","Pune, India",Delivered,2026-04-18,2026-04-17,1166.31
SHIP02046,SO02046,UPS Supply Chain,TRK-UPS-20707314,"London, UK","Birmingham, United States",Delivered,2026-04-30,2026-05-01,832.84
SHIP02047,SO02047,FedEx Freight,TRK-FED-99768853,"Rotterdam, Netherlands","Monterrey, China",Delivered,2026-03-11,2026-03-10,974.97
SHIP02048,SO02048,FedEx Freight,TRK-FED-83638978,"Frankfurt, Germany","Dortmund, China",Delivered,2025-10-08,2025-10-09,1691.29
SHIP02049,SO02049,DHL Express,TRK-DHL-52074900,"Toronto, Canada","Hsinchu, United States",Preparing,2025-10-03,,1604.16
SHIP02050,SO02050,Kuehne + Nagel,TRK-KUE-37751827,"Melbourne, Australia","Bengaluru, South Korea",Delivered,2026-06-05,2026-06-05,1088.01
SHIP02051,SO02051,UPS Supply Chain,TRK-UPS-40562935,"Melbourne, Australia","Hai Phong, United Kingdom",Delivered,2025-12-19,2025-12-18,80.44
SHIP02052,SO02052,UPS Supply Chain,TRK-UPS-89449097,"Osaka, Japan","Osaka, China",In Transit,2026-01-18,,1194.71
SHIP02053,SO02053,Maersk Logistics,TRK-MAE-18216361,"Toronto, Canada","Dallas, India",Delivered,2025-09-28,2025-09-28,1254.06
SHIP02054,SO02054,DHL Express,TRK-DHL-75624569,"Osaka, Japan","Hamilton, Mexico",Delivered,2026-03-31,2026-04-01,1373.4
SHIP02055,SO02055,Maersk Logistics,TRK-MAE-97188419,"Seattle, WA, USA","Dortmund, South Korea",Delivered,2025-10-19,2025-10-18,1608.0
SHIP02056,SO02056,DHL Express,TRK-DHL-76687627,"Atlanta, GA, USA","Monterrey, India",Preparing,2025-12-04,,1232.69
SHIP02057,SO02057,UPS Supply Chain,TRK-UPS-56818339,"Toronto, Canada","Dortmund, United States",Delivered,2025-10-01,2025-10-01,1186.57
SHIP02058,SO02058,Maersk Logistics,TRK-MAE-34964212,"Atlanta, GA, USA","Pune, United States",In Transit,2025-09-08,,1081.6
SHIP02059,SO02059,DB Schenker,TRK-DB -24618485,"Munich, Germany","Taipei, United States",Preparing,2026-06-06,,780.23
SHIP02060,SO02060,Maersk Logistics,TRK-MAE-82800461,"London, UK","Stuttgart, Mexico",Delivered,2026-02-08,2026-02-09,878.08
SHIP02061,SO02061,Maersk Logistics,TRK-MAE-88117690,"Bengaluru, India","Querétaro, Taiwan",Delivered,2026-04-03,2026-04-02,720.97
SHIP02062,SO02062,UPS Supply Chain,TRK-UPS-44382264,"Monterrey, Mexico","Shenzhen, United States",Delayed,2025-11-16,,1829.61
SHIP02063,SO02063,FedEx Freight,TRK-FED-52034349,"Yokohama, Japan","Chicago, United States",Delayed,2026-05-09,,616.66
SHIP02064,SO02064,Kuehne + Nagel,TRK-KUE-49008023,"Bengaluru, India","Pune, China",Delivered,2026-04-16,2026-04-17,1674.03
SHIP02065,SO02065,DHL Express,TRK-DHL-61529196,"Seattle, WA, USA","Seoul, Germany",Returned,2026-05-14,2026-05-23,1607.75
SHIP02066,SO02066,Kuehne + Nagel,TRK-KUE-71521470,"Shenzhen, China","Suzhou, Taiwan",Delivered,2026-02-27,2026-02-27,188.24
SHIP02067,SO02067,Kuehne + Nagel,TRK-KUE-86215035,"Shenzhen, China","Chicago, Taiwan",Delivered,2026-05-21,2026-05-21,1827.64
SHIP02068,SO02068,Maersk Logistics,TRK-MAE-86382287,"London, UK","Dallas, Taiwan",Preparing,2026-03-30,,702.16
SHIP02069,SO02069,FedEx Freight,TRK-FED-62755573,"Atlanta, GA, USA","Shenzhen, China",Delivered,2026-03-15,2026-03-14,1566.35
SHIP02070,SO02070,Kuehne + Nagel,TRK-KUE-74041799,"Incheon, South Korea","Dortmund, United Kingdom",Delivered,2025-09-20,2025-09-21,917.08
SHIP02071,SO02071,DB Schenker,TRK-DB -35373542,"Munich, Germany","Suzhou, Japan",In Transit,2026-02-25,,590.74
SHIP02072,SO02072,DB Schenker,TRK-DB -21375784,"Los Angeles, CA, USA","Osaka, South Korea",Delivered,2026-06-09,2026-06-16,624.54
SHIP02073,SO02073,UPS Supply Chain,TRK-UPS-22850194,"Tokyo, Japan","Hsinchu, China",In Transit,2026-06-09,,460.79
SHIP02074,SO02074,FedEx Freight,TRK-FED-76119259,"Detroit, MI, USA","Birmingham, Taiwan",Delayed,2025-10-28,,572.39
SHIP02075,SO02075,Kuehne + Nagel,TRK-KUE-35379085,"Dallas, TX, USA","Seoul, Mexico",Preparing,2025-11-30,,439.94
SHIP02076,SO02076,Kuehne + Nagel,TRK-KUE-21160071,"Monterrey, Mexico","Pune, United States",Delivered,2026-04-22,2026-04-23,603.07
SHIP02077,SO02077,UPS Supply Chain,TRK-UPS-81742673,"Dallas, TX, USA","Stuttgart, South Korea",Delivered,2026-03-28,2026-03-27,106.33
SHIP02078,SO02078,Kuehne + Nagel,TRK-KUE-27829885,"Atlanta, GA, USA","Bengaluru, United Kingdom",Delivered,2026-07-04,2026-07-08,1758.04
SHIP02079,SO02079,FedEx Freight,TRK-FED-17676177,"Taipei, Taiwan","Bengaluru, Mexico",Delivered,2025-11-19,2025-11-19,1356.31
SHIP02080,SO02080,Maersk Logistics,TRK-MAE-27725990,"London, UK","Nagoya, Japan",Delivered,2026-02-27,2026-02-27,152.67
SHIP02081,SO02081,Maersk Logistics,TRK-MAE-85131299,"Guadalajara, Mexico","Dallas, Taiwan",Delivered,2026-07-15,2026-07-14,1384.99
SHIP02082,SO02082,DHL Express,TRK-DHL-73897569,"Los Angeles, CA, USA","Dortmund, Vietnam",Preparing,2026-03-11,,715.55
SHIP02083,SO02083,Kuehne + Nagel,TRK-KUE-20345470,"Detroit, MI, USA","Birmingham, United States",Delivered,2026-06-14,2026-06-20,1629.51
SHIP02084,SO02084,UPS Supply Chain,TRK-UPS-86696583,"Chicago, IL, USA","Birmingham, Japan",Delivered,2025-10-02,2025-10-01,335.37
SHIP02085,SO02085,DHL Express,TRK-DHL-36834068,"Atlanta, GA, USA","Monterrey, China",In Transit,2026-06-02,,571.26
SHIP02086,SO02086,UPS Supply Chain,TRK-UPS-20042881,"Bengaluru, India","Stuttgart, South Korea",Delivered,2025-10-12,2025-10-13,1182.34
SHIP02087,SO02087,UPS Supply Chain,TRK-UPS-45027507,"Los Angeles, CA, USA","Pune, Taiwan",In Transit,2026-05-27,,967.97
SHIP02088,SO02088,DB Schenker,TRK-DB -23886749,"Incheon, South Korea","Dortmund, Japan",Preparing,2025-12-04,,130.9
SHIP02089,SO02089,DB Schenker,TRK-DB -96010759,"Shenzhen, China","Hsinchu, India",In Transit,2026-05-26,,1297.88
SHIP02090,SO02090,Maersk Logistics,TRK-MAE-86522429,"Melbourne, Australia","Munich, United States",Delivered,2026-01-22,2026-01-22,1663.8
SHIP02091,SO02091,DB Schenker,TRK-DB -60022206,"Munich, Germany","Incheon, South Korea",Delayed,2026-06-20,,743.31
SHIP02092,SO02092,Maersk Logistics,TRK-MAE-17783492,"Toronto, Canada","Detroit, United States",In Transit,2025-11-12,,1019.95
SHIP02093,SO02093,Maersk Logistics,TRK-MAE-34777242,"Atlanta, GA, USA","Nagoya, India",Delayed,2025-09-08,,568.24
SHIP02094,SO02094,Maersk Logistics,TRK-MAE-80275761,"Atlanta, GA, USA","Ningbo, Germany",Delivered,2026-05-10,2026-05-10,218.22
SHIP02095,SO02095,UPS Supply Chain,TRK-UPS-85391825,"Osaka, Japan","Monterrey, Japan",Delayed,2026-07-31,,724.04
SHIP02096,SO02096,DB Schenker,TRK-DB -66230424,"Pune, India","Querétaro, Mexico",Delivered,2026-05-26,2026-05-27,260.3
SHIP02097,SO02097,DHL Express,TRK-DHL-25971062,"Shenzhen, China","Bengaluru, India",In Transit,2026-04-05,,710.92
SHIP02098,SO02098,UPS Supply Chain,TRK-UPS-17582704,"Rotterdam, Netherlands","Incheon, United Kingdom",Delayed,2026-07-03,,1752.61
SHIP02099,SO02099,Maersk Logistics,TRK-MAE-41454862,"Tokyo, Japan","Hsinchu, Germany",Delivered,2026-06-19,2026-06-20,984.65
SHIP02100,SO02100,UPS Supply Chain,TRK-UPS-66943767,"Yokohama, Japan","Birmingham, Vietnam",Delivered,2026-04-14,2026-04-14,1560.09
SHIP02101,SO02101,DHL Express,TRK-DHL-63189746,"Munich, Germany","Ningbo, Taiwan",Preparing,2026-07-17,,1811.05
SHIP02102,SO02102,DHL Express,TRK-DHL-44820743,"London, UK","Incheon, China",Delivered,2025-09-21,2025-09-22,417.55
SHIP02103,SO02103,Kuehne + Nagel,TRK-KUE-93374619,"Chicago, IL, USA","Hamilton, Germany",Delivered,2026-02-07,2026-02-06,551.28
SHIP02104,SO02104,DHL Express,TRK-DHL-75483569,"Hamburg, Germany","Hamilton, Vietnam",Delivered,2025-11-10,2025-11-15,122.03
SHIP02105,SO02105,Kuehne + Nagel,TRK-KUE-71329449,"Seattle, WA, USA","Birmingham, Japan",Delivered,2025-09-18,2025-09-19,698.58
SHIP02106,SO02106,UPS Supply Chain,TRK-UPS-58963334,"Yokohama, Japan","Birmingham, Japan",Delivered,2026-02-07,2026-02-10,1260.79
SHIP02107,SO02107,DHL Express,TRK-DHL-56147779,"Yokohama, Japan","Monterrey, United Kingdom",Preparing,2025-12-09,,640.6
SHIP02108,SO02108,DB Schenker,TRK-DB -19940503,"Dallas, TX, USA","Nagoya, Japan",Delivered,2025-10-19,2025-10-18,1821.82
SHIP02109,SO02109,FedEx Freight,TRK-FED-60089849,"Tokyo, Japan","Birmingham, India",Preparing,2025-11-12,,1662.73
SHIP02110,SO02110,Kuehne + Nagel,TRK-KUE-73928028,"Melbourne, Australia","Bengaluru, Canada",In Transit,2025-10-27,,1781.81
SHIP02111,SO02111,DB Schenker,TRK-DB -40546166,"Shenzhen, China","Chicago, United States",Delayed,2026-04-28,,708.25
SHIP02112,SO02112,Maersk Logistics,TRK-MAE-59617729,"Detroit, MI, USA","Pune, Germany",In Transit,2025-09-06,,1477.52
SHIP02113,SO02113,DHL Express,TRK-DHL-11712864,"Seattle, WA, USA","Dallas, Japan",Delayed,2026-04-08,,87.66
SHIP02114,SO02114,FedEx Freight,TRK-FED-61789011,"Incheon, South Korea","Nagoya, Germany",In Transit,2026-05-23,,677.99
SHIP02115,SO02115,FedEx Freight,TRK-FED-68719268,"Melbourne, Australia","Taipei, South Korea",Delayed,2026-01-17,,747.26
SHIP02116,SO02116,Kuehne + Nagel,TRK-KUE-52387241,"Frankfurt, Germany","Detroit, United States",Delayed,2025-09-10,,1441.58
SHIP02117,SO02117,DHL Express,TRK-DHL-80935740,"Atlanta, GA, USA","Tokyo, South Korea",Delayed,2026-03-06,,871.91
SHIP02118,SO02118,DB Schenker,TRK-DB -53171886,"Seattle, WA, USA","Incheon, Japan",Delivered,2026-02-09,2026-02-09,150.66
SHIP02119,SO02119,UPS Supply Chain,TRK-UPS-75328966,"Bengaluru, India","Chicago, India",Delayed,2025-10-14,,432.83
SHIP02120,SO02120,DHL Express,TRK-DHL-75857472,"Monterrey, Mexico","Hsinchu, Japan",Delivered,2026-02-19,2026-02-19,1627.23
SHIP02121,SO02121,DB Schenker,TRK-DB -75622535,"Guadalajara, Mexico","Hai Phong, China",Delivered,2026-01-25,2026-01-26,1710.77
SHIP02122,SO02122,DB Schenker,TRK-DB -32571727,"Pune, India","Dallas, Vietnam",In Transit,2026-03-18,,1104.54
SHIP02123,SO02123,DB Schenker,TRK-DB -84052922,"Stuttgart, Germany","Hsinchu, China",Delayed,2026-01-05,,1741.42
SHIP02124,SO02124,DB Schenker,TRK-DB -99522882,"Taipei, Taiwan","Dallas, China",Preparing,2026-02-05,,1495.58
SHIP02125,SO02125,Kuehne + Nagel,TRK-KUE-27977911,"Chicago, IL, USA","Hai Phong, United States",Delivered,2026-06-16,2026-06-15,863.5
SHIP02126,SO02126,DB Schenker,TRK-DB -72153605,"Hamburg, Germany","Bengaluru, United States",In Transit,2025-09-25,,1482.42
SHIP02127,SO02127,DB Schenker,TRK-DB -19558730,"Frankfurt, Germany","Hamilton, United Kingdom",In Transit,2026-04-28,,1235.4
SHIP02128,SO02128,Kuehne + Nagel,TRK-KUE-23861244,"Seattle, WA, USA","Chicago, Mexico",Preparing,2026-04-14,,1468.21
SHIP02129,SO02129,Kuehne + Nagel,TRK-KUE-94181761,"Toronto, Canada","Detroit, Taiwan",Delivered,2025-10-23,2025-10-27,420.63
SHIP02130,SO02130,UPS Supply Chain,TRK-UPS-68284185,"Pune, India","Hsinchu, Germany",Delivered,2026-04-25,2026-04-26,336.47
SHIP02131,SO02131,FedEx Freight,TRK-FED-95933387,"Munich, Germany","Munich, Vietnam",Delivered,2026-06-12,2026-06-12,136.59
SHIP02132,SO02132,Kuehne + Nagel,TRK-KUE-18313886,"Tokyo, Japan","Stuttgart, Germany",Delivered,2026-07-01,2026-07-01,1384.6
SHIP02133,SO02133,DHL Express,TRK-DHL-97940444,"Osaka, Japan","Ningbo, Japan",Preparing,2026-05-31,,223.39
SHIP02134,SO02134,Kuehne + Nagel,TRK-KUE-63775139,"Shenzhen, China","Munich, China",Delivered,2025-11-11,2025-11-12,596.1
SHIP02135,SO02135,DB Schenker,TRK-DB -73788390,"Incheon, South Korea","Suzhou, Japan",Delivered,2025-11-10,2025-11-10,985.9
SHIP02136,SO02136,FedEx Freight,TRK-FED-66120545,"Taipei, Taiwan","Nagoya, China",In Transit,2026-05-28,,620.1
SHIP02137,SO02137,Maersk Logistics,TRK-MAE-50157123,"London, UK","Monterrey, Germany",Delivered,2025-12-19,2025-12-20,666.83
SHIP02138,SO02138,DHL Express,TRK-DHL-37095565,"Los Angeles, CA, USA","Nagoya, Taiwan",Delivered,2026-01-20,2026-01-24,940.52
SHIP02139,SO02139,Kuehne + Nagel,TRK-KUE-25902111,"Stuttgart, Germany","Hai Phong, Vietnam",Delivered,2026-01-30,2026-01-31,1258.07
SHIP02140,SO02140,FedEx Freight,TRK-FED-97142440,"Detroit, MI, USA","Dortmund, Taiwan",Delivered,2025-12-06,2025-12-06,652.36
SHIP02141,SO02141,Maersk Logistics,TRK-MAE-81343733,"Incheon, South Korea","Hai Phong, United Kingdom",Delivered,2025-09-16,2025-09-16,1279.58
SHIP02142,SO02142,Kuehne + Nagel,TRK-KUE-51614148,"Dallas, TX, USA","Querétaro, United States",In Transit,2025-12-15,,275.19
SHIP02143,SO02143,DHL Express,TRK-DHL-19691286,"Hamburg, Germany","Dortmund, Canada",Delivered,2026-03-02,2026-03-01,1194.52
SHIP02144,SO02144,FedEx Freight,TRK-FED-44589789,"Munich, Germany","Stuttgart, United States",Delivered,2026-05-10,2026-05-09,1602.59
SHIP02145,SO02145,DB Schenker,TRK-DB -33474378,"Pune, India","Osaka, Japan",Delivered,2025-12-05,2025-12-05,662.47
SHIP02146,SO02146,Kuehne + Nagel,TRK-KUE-55592292,"Munich, Germany","Taipei, Japan",Delivered,2026-03-09,2026-03-08,216.37
SHIP02147,SO02147,Maersk Logistics,TRK-MAE-76215853,"Stuttgart, Germany","Hsinchu, Mexico",Delivered,2026-03-10,2026-03-15,1274.38
SHIP02148,SO02148,Maersk Logistics,TRK-MAE-80745836,"Guadalajara, Mexico","Osaka, South Korea",Delayed,2026-02-17,,1500.85
SHIP02149,SO02149,Kuehne + Nagel,TRK-KUE-78922793,"Pune, India","Hsinchu, Germany",In Transit,2025-11-30,,295.52
SHIP02150,SO02150,Kuehne + Nagel,TRK-KUE-85951679,"Toronto, Canada","Tokyo, China",Delivered,2025-10-14,2025-10-15,1316.62
SHIP02151,SO02151,DB Schenker,TRK-DB -36948813,"Stuttgart, Germany","Suzhou, Japan",Delivered,2026-05-18,2026-05-17,1709.26
SHIP02152,SO02152,DB Schenker,TRK-DB -77810569,"Shenzhen, China","Stuttgart, United States",Delivered,2026-04-18,2026-04-19,1158.17
SHIP02153,SO02153,FedEx Freight,TRK-FED-66089589,"Yokohama, Japan","Tokyo, United States",Delivered,2025-12-14,2025-12-16,460.68
SHIP02154,SO02154,DHL Express,TRK-DHL-60992451,"Shenzhen, China","Dortmund, United States",Delivered,2026-04-08,2026-04-07,556.21
SHIP02155,SO02155,UPS Supply Chain,TRK-UPS-63944150,"Shenzhen, China","Hai Phong, South Korea",Delivered,2026-01-01,2026-01-01,455.27
SHIP02156,SO02156,Maersk Logistics,TRK-MAE-25819879,Singapore,"Dallas, Germany",In Transit,2026-06-30,,989.56
SHIP02157,SO02157,UPS Supply Chain,TRK-UPS-24454689,"Guadalajara, Mexico","Hai Phong, Mexico",Delivered,2026-02-28,2026-02-28,1765.93
SHIP02158,SO02158,Kuehne + Nagel,TRK-KUE-96784565,"Melbourne, Australia","Hai Phong, Germany",Delivered,2026-06-10,2026-06-10,469.03
SHIP02159,SO02159,DHL Express,TRK-DHL-78370963,"Bengaluru, India","Incheon, Germany",Returned,2026-04-21,2026-04-29,871.78
SHIP02160,SO02160,FedEx Freight,TRK-FED-16785771,"Frankfurt, Germany","Chicago, India",In Transit,2025-11-29,,163.68
SHIP02161,SO02161,Maersk Logistics,TRK-MAE-87265985,"Osaka, Japan","Birmingham, Mexico",In Transit,2025-10-08,,1214.84
SHIP02162,SO02162,DHL Express,TRK-DHL-36932204,"Melbourne, Australia","Monterrey, India",Delivered,2026-04-03,2026-04-07,302.89
SHIP02163,SO02163,FedEx Freight,TRK-FED-51147148,"Atlanta, GA, USA","Detroit, India",Delayed,2025-10-06,,1725.99
SHIP02164,SO02164,DB Schenker,TRK-DB -17954528,"Hamburg, Germany","Monterrey, China",Delivered,2026-02-16,2026-02-15,1545.19
SHIP02165,SO02165,Maersk Logistics,TRK-MAE-69941398,"Taipei, Taiwan","Incheon, Vietnam",Delivered,2025-10-12,2025-10-11,328.15
SHIP02166,SO02166,FedEx Freight,TRK-FED-93282932,"Pune, India","Hamilton, Mexico",Delivered,2026-05-21,2026-05-22,804.39
SHIP02167,SO02167,Kuehne + Nagel,TRK-KUE-71911638,"Toronto, Canada","Shenzhen, China",Delayed,2026-01-07,,1172.92
SHIP02168,SO02168,Kuehne + Nagel,TRK-KUE-86911929,"Chicago, IL, USA","Taipei, Vietnam",Delayed,2026-06-01,,285.77
SHIP02169,SO02169,UPS Supply Chain,TRK-UPS-25021542,"Rotterdam, Netherlands","Pune, Germany",Delivered,2026-05-27,2026-05-28,1343.17
SHIP02170,SO02170,Kuehne + Nagel,TRK-KUE-22271361,"Dallas, TX, USA","Hai Phong, India",In Transit,2026-06-12,,350.36
SHIP02171,SO02171,Kuehne + Nagel,TRK-KUE-48852029,Singapore,"Dortmund, United States",Delivered,2026-02-09,2026-02-08,1724.46
SHIP02172,SO02172,Maersk Logistics,TRK-MAE-74627837,"Rotterdam, Netherlands","Nagoya, Japan",Returned,2025-11-25,2025-12-01,807.47
SHIP02173,SO02173,UPS Supply Chain,TRK-UPS-88688436,"Tokyo, Japan","Nagoya, Taiwan",In Transit,2025-12-25,,946.33
SHIP02174,SO02174,Kuehne + Nagel,TRK-KUE-86677241,"Monterrey, Mexico","Taipei, Japan",Delivered,2026-02-26,2026-02-26,372.85
SHIP02175,SO02175,FedEx Freight,TRK-FED-41457568,"Tokyo, Japan","Detroit, Japan",Preparing,2025-11-02,,961.68
SHIP02176,SO02176,Maersk Logistics,TRK-MAE-11516169,"Monterrey, Mexico","Dortmund, Taiwan",Delivered,2026-02-02,2026-02-03,1090.39
SHIP02177,SO02177,FedEx Freight,TRK-FED-74520868,"Guadalajara, Mexico","Hai Phong, Mexico",In Transit,2025-09-19,,1052.64
SHIP02178,SO02178,Kuehne + Nagel,TRK-KUE-96252346,"Rotterdam, Netherlands","Shenzhen, South Korea",Delivered,2025-11-07,2025-11-06,1427.9
SHIP02179,SO02179,Kuehne + Nagel,TRK-KUE-83398776,"Chicago, IL, USA","Stuttgart, United Kingdom",In Transit,2025-12-09,,1427.2
SHIP02180,SO02180,DHL Express,TRK-DHL-73783107,"Munich, Germany","Pune, Japan",Delivered,2026-07-19,2026-07-26,912.12
SHIP02181,SO02181,Maersk Logistics,TRK-MAE-37449394,Singapore,"Monterrey, South Korea",Preparing,2026-04-16,,264.16
SHIP02182,SO02182,Kuehne + Nagel,TRK-KUE-98374936,"Seattle, WA, USA","Stuttgart, China",Delivered,2026-04-10,2026-04-09,1630.38
SHIP02183,SO02183,FedEx Freight,TRK-FED-95613843,"Yokohama, Japan","Dallas, Mexico",Delayed,2025-12-31,,1667.11
SHIP02184,SO02184,UPS Supply Chain,TRK-UPS-46464949,"Seattle, WA, USA","Seoul, Japan",In Transit,2025-09-22,,1454.28
SHIP02185,SO02185,DB Schenker,TRK-DB -52404429,"Tokyo, Japan","Detroit, Mexico",Delivered,2026-07-06,2026-07-05,1241.37
SHIP02186,SO02186,DHL Express,TRK-DHL-27574261,"Tokyo, Japan","Suzhou, United Kingdom",Delivered,2025-11-09,2025-11-09,1016.61
SHIP02187,SO02187,Maersk Logistics,TRK-MAE-55545006,"Pune, India","Chicago, China",Delivered,2026-05-18,2026-05-17,603.01
SHIP02188,SO02188,Kuehne + Nagel,TRK-KUE-90542268,"Melbourne, Australia","Munich, Japan",In Transit,2026-01-27,,1685.41
SHIP02189,SO02189,Kuehne + Nagel,TRK-KUE-62918045,"Pune, India","Birmingham, China",In Transit,2025-11-21,,265.35
SHIP02190,SO02190,Maersk Logistics,TRK-MAE-78562786,"Stuttgart, Germany","Hai Phong, Taiwan",Delayed,2026-05-20,,1032.94
SHIP02191,SO02191,DB Schenker,TRK-DB -61983567,"Atlanta, GA, USA","Suzhou, China",Delivered,2025-10-03,2025-10-08,894.79
SHIP02192,SO02192,DHL Express,TRK-DHL-65926876,"Frankfurt, Germany","Querétaro, Germany",Delayed,2025-09-26,,440.36
SHIP02193,SO02193,DHL Express,TRK-DHL-75658605,"Munich, Germany","Nagoya, United States",Delivered,2026-07-14,2026-07-14,637.21
SHIP02194,SO02194,UPS Supply Chain,TRK-UPS-56929741,"Guadalajara, Mexico","Suzhou, South Korea",In Transit,2026-01-28,,1684.34
SHIP02195,SO02195,Maersk Logistics,TRK-MAE-89662837,"Tokyo, Japan","Munich, Vietnam",Delivered,2025-12-10,2025-12-09,1115.68
SHIP02196,SO02196,Kuehne + Nagel,TRK-KUE-79451102,"Taipei, Taiwan","Incheon, Vietnam",Delivered,2025-10-06,2025-10-06,1282.2
SHIP02197,SO02197,Maersk Logistics,TRK-MAE-90811280,"Tokyo, Japan","Dortmund, Japan",Preparing,2026-04-27,,727.88
SHIP02198,SO02198,DB Schenker,TRK-DB -14579870,"Rotterdam, Netherlands","Stuttgart, Canada",In Transit,2026-02-04,,1824.61
SHIP02199,SO02199,Kuehne + Nagel,TRK-KUE-95221357,"Tokyo, Japan","Detroit, United States",Delivered,2026-03-23,2026-03-23,914.2
SHIP02200,SO02200,Kuehne + Nagel,TRK-KUE-31551921,"Bengaluru, India","Taipei, Japan",Delivered,2025-11-05,2025-11-06,1826.31
SHIP02201,SO02201,DHL Express,TRK-DHL-79367657,"London, UK","Dortmund, Mexico",Delivered,2026-05-02,2026-05-02,1134.97
SHIP02202,SO02202,FedEx Freight,TRK-FED-78664568,"Yokohama, Japan","Nagoya, United States",Delayed,2025-12-21,,310.15
SHIP02203,SO02203,DB Schenker,TRK-DB -66275071,"Shenzhen, China","Bengaluru, United States",In Transit,2026-07-09,,596.45
SHIP02204,SO02204,Maersk Logistics,TRK-MAE-23041927,"Hamburg, Germany","Dallas, United Kingdom",Delivered,2026-07-13,2026-07-13,1554.49
SHIP02205,SO02205,FedEx Freight,TRK-FED-98828748,"Osaka, Japan","Hsinchu, India",In Transit,2025-10-04,,267.85
SHIP02206,SO02206,UPS Supply Chain,TRK-UPS-50740236,"Taipei, Taiwan","Pune, India",Delayed,2026-05-07,,1778.34
SHIP02207,SO02207,Kuehne + Nagel,TRK-KUE-38863844,"Incheon, South Korea","Suzhou, South Korea",Delivered,2025-10-11,2025-10-18,1252.65
SHIP02208,SO02208,DB Schenker,TRK-DB -20846188,"Shenzhen, China","Dallas, Canada",Delivered,2026-03-08,2026-03-09,82.55
SHIP02209,SO02209,DHL Express,TRK-DHL-44973944,"Seattle, WA, USA","Suzhou, Germany",In Transit,2026-04-28,,1029.82
SHIP02210,SO02210,Kuehne + Nagel,TRK-KUE-76110962,"Detroit, MI, USA","Hsinchu, United States",Delivered,2025-10-06,2025-10-07,1346.59
SHIP02211,SO02211,Kuehne + Nagel,TRK-KUE-34084807,"Dallas, TX, USA","Seoul, South Korea",Delivered,2025-11-10,2025-11-10,1830.69
SHIP02212,SO02212,FedEx Freight,TRK-FED-43921961,"Frankfurt, Germany","Seoul, United Kingdom",Delivered,2026-07-16,2026-07-16,465.6
SHIP02213,SO02213,DB Schenker,TRK-DB -65333782,"Detroit, MI, USA","Ningbo, India",In Transit,2026-06-16,,1835.44
SHIP02214,SO02214,Maersk Logistics,TRK-MAE-56951930,"Osaka, Japan","Ningbo, China",Delayed,2026-01-18,,90.51
SHIP02215,SO02215,Kuehne + Nagel,TRK-KUE-13101665,"Atlanta, GA, USA","Pune, United Kingdom",In Transit,2025-10-14,,328.58
SHIP02216,SO02216,UPS Supply Chain,TRK-UPS-18592043,"Seattle, WA, USA","Pune, South Korea",In Transit,2026-07-10,,1128.44
SHIP02217,SO02217,DB Schenker,TRK-DB -74480733,"Toronto, Canada","Munich, Vietnam",Delivered,2025-12-27,2025-12-26,476.11
SHIP02218,SO02218,Maersk Logistics,TRK-MAE-16914333,"Yokohama, Japan","Hai Phong, Germany",Delayed,2025-09-15,,630.09
SHIP02219,SO02219,UPS Supply Chain,TRK-UPS-30764025,"Shenzhen, China","Dortmund, South Korea",In Transit,2025-09-28,,570.61
SHIP02220,SO02220,Kuehne + Nagel,TRK-KUE-82081498,"Atlanta, GA, USA","Detroit, Germany",Preparing,2026-04-29,,1000.21
SHIP02221,SO02221,UPS Supply Chain,TRK-UPS-27590669,Singapore,"Pune, Japan",In Transit,2026-07-16,,1258.22
SHIP02222,SO02222,UPS Supply Chain,TRK-UPS-68510583,"Rotterdam, Netherlands","Dallas, Germany",Delayed,2025-11-30,,777.16
SHIP02223,SO02223,DHL Express,TRK-DHL-41355925,"London, UK","Tokyo, United States",Delivered,2026-07-26,2026-07-26,1444.43
SHIP02224,SO02224,Maersk Logistics,TRK-MAE-42843894,"Seattle, WA, USA","Monterrey, South Korea",Preparing,2026-02-20,,1526.13
SHIP02225,SO02225,UPS Supply Chain,TRK-UPS-39440006,"Bengaluru, India","Tokyo, Japan",Delivered,2025-10-23,2025-10-24,271.14
SHIP02226,SO02226,UPS Supply Chain,TRK-UPS-22418029,"Chicago, IL, USA","Hsinchu, Vietnam",In Transit,2026-04-05,,1828.95
SHIP02227,SO02227,UPS Supply Chain,TRK-UPS-47371782,"Hamburg, Germany","Birmingham, India",Delivered,2026-05-27,2026-05-28,382.95
SHIP02228,SO02228,FedEx Freight,TRK-FED-64552156,"Dallas, TX, USA","Dortmund, United States",Returned,2026-02-19,2026-02-25,1506.94
SHIP02229,SO02229,DHL Express,TRK-DHL-18806775,Singapore,"Nagoya, United States",Delayed,2026-06-22,,1512.94
SHIP02230,SO02230,FedEx Freight,TRK-FED-69469304,"Incheon, South Korea","Ningbo, Germany",Returned,2025-10-17,2025-10-23,1676.9
SHIP02231,SO02231,DHL Express,TRK-DHL-33466601,Singapore,"Stuttgart, Canada",Delivered,2026-06-17,2026-06-16,1772.87
SHIP02232,SO02232,DHL Express,TRK-DHL-95167565,"Chicago, IL, USA","Munich, Japan",In Transit,2026-03-14,,708.29
SHIP02233,SO02233,Kuehne + Nagel,TRK-KUE-98570422,"Munich, Germany","Birmingham, South Korea",Delivered,2025-12-24,2025-12-25,222.57
SHIP02234,SO02234,FedEx Freight,TRK-FED-52051678,"Stuttgart, Germany","Pune, Germany",Delayed,2026-06-11,,1573.8
SHIP02235,SO02235,Kuehne + Nagel,TRK-KUE-22860375,"Atlanta, GA, USA","Stuttgart, China",Delivered,2025-12-09,2025-12-09,486.12
SHIP02236,SO02236,Kuehne + Nagel,TRK-KUE-33266498,Singapore,"Munich, China",Delivered,2026-06-27,2026-06-26,101.09
SHIP02237,SO02237,Kuehne + Nagel,TRK-KUE-52907485,"Incheon, South Korea","Detroit, Japan",Delayed,2025-12-05,,1296.36
SHIP02238,SO02238,Kuehne + Nagel,TRK-KUE-12959154,"Tokyo, Japan","Monterrey, United States",Delivered,2025-09-28,2025-09-27,812.75
SHIP02239,SO02239,UPS Supply Chain,TRK-UPS-67657907,"Stuttgart, Germany","Seoul, United States",Delivered,2025-12-04,2025-12-08,1622.7
SHIP02240,SO02240,Maersk Logistics,TRK-MAE-66756877,"Bengaluru, India","Suzhou, Taiwan",Preparing,2026-06-13,,200.99
SHIP02241,SO02241,DHL Express,TRK-DHL-37678964,"London, UK","Seoul, India",Delivered,2026-02-06,2026-02-06,1292.49
SHIP02242,SO02242,DHL Express,TRK-DHL-57746490,"Dallas, TX, USA","Dallas, Japan",Delivered,2025-10-03,2025-10-02,1310.59
SHIP02243,SO02243,DHL Express,TRK-DHL-46864439,"Rotterdam, Netherlands","Chicago, Japan",In Transit,2026-03-17,,453.54
SHIP02244,SO02244,Maersk Logistics,TRK-MAE-76266962,"Bengaluru, India","Monterrey, Japan",Delivered,2025-10-07,2025-10-07,551.25
SHIP02245,SO02245,DHL Express,TRK-DHL-97139448,"Stuttgart, Germany","Chicago, United States",Returned,2026-06-06,2026-06-12,1053.27
SHIP02246,SO02246,Maersk Logistics,TRK-MAE-84558580,"Toronto, Canada","Chicago, Canada",Delivered,2026-06-08,2026-06-07,1705.51
SHIP02247,SO02247,FedEx Freight,TRK-FED-76083729,"Melbourne, Australia","Chicago, Mexico",Delivered,2026-02-04,2026-02-07,1209.65
SHIP02248,SO02248,DB Schenker,TRK-DB -23162982,"Detroit, MI, USA","Shenzhen, India",Delayed,2026-06-02,,1628.38
SHIP02249,SO02249,DHL Express,TRK-DHL-80853518,"Chicago, IL, USA","Munich, Japan",Preparing,2025-10-03,,661.04
SHIP02250,SO02250,FedEx Freight,TRK-FED-79108025,"Guadalajara, Mexico","Stuttgart, India",In Transit,2026-01-13,,893.58
SHIP02251,SO02251,DB Schenker,TRK-DB -52808278,"Detroit, MI, USA","Ningbo, Japan",Delivered,2026-05-27,2026-05-28,332.23
SHIP02252,SO02252,DHL Express,TRK-DHL-74753658,"Pune, India","Pune, South Korea",In Transit,2026-05-18,,1490.11
SHIP02253,SO02253,DB Schenker,TRK-DB -98578542,"Monterrey, Mexico","Nagoya, Japan",Delivered,2025-12-07,2025-12-07,1621.86
SHIP02254,SO02254,Maersk Logistics,TRK-MAE-45166845,"Stuttgart, Germany","Detroit, Japan",In Transit,2026-01-08,,523.15
SHIP02255,SO02255,DHL Express,TRK-DHL-40293903,"Osaka, Japan","Shenzhen, China",Delivered,2026-06-28,2026-06-28,1043.87
SHIP02256,SO02256,DHL Express,TRK-DHL-99276515,"Monterrey, Mexico","Hamilton, United States",In Transit,2026-03-02,,1754.51
SHIP02257,SO02257,FedEx Freight,TRK-FED-58257423,"Osaka, Japan","Taipei, Taiwan",Delivered,2025-11-01,2025-10-31,1605.21
SHIP02258,SO02258,FedEx Freight,TRK-FED-49503210,"Guadalajara, Mexico","Incheon, Vietnam",Delivered,2025-12-19,2025-12-20,294.39
SHIP02259,SO02259,FedEx Freight,TRK-FED-60102940,"Monterrey, Mexico","Tokyo, Germany",Delivered,2025-10-25,2025-10-26,1471.58
SHIP02260,SO02260,UPS Supply Chain,TRK-UPS-61134671,"Pune, India","Pune, Canada",Delivered,2025-09-19,2025-09-20,173.54
SHIP02261,SO02261,DB Schenker,TRK-DB -11374888,"Incheon, South Korea","Shenzhen, India",Delivered,2025-09-18,2025-09-18,763.53
SHIP02262,SO02262,FedEx Freight,TRK-FED-81622333,"Hamburg, Germany","Suzhou, South Korea",Delayed,2026-02-11,,963.24
SHIP02263,SO02263,Kuehne + Nagel,TRK-KUE-57923480,"Toronto, Canada","Tokyo, Japan",Delivered,2026-07-09,2026-07-10,870.68
SHIP02264,SO02264,Kuehne + Nagel,TRK-KUE-29146030,"Shenzhen, China","Pune, Canada",Preparing,2026-06-24,,386.6
SHIP02265,SO02265,Kuehne + Nagel,TRK-KUE-37889875,"Incheon, South Korea","Detroit, Germany",In Transit,2025-11-30,,66.12
SHIP02266,SO02266,DB Schenker,TRK-DB -44988260,"Dallas, TX, USA","Monterrey, China",Delayed,2026-02-21,,857.55
SHIP02267,SO02267,DHL Express,TRK-DHL-68809441,Singapore,"Hai Phong, Japan",In Transit,2025-12-27,,1027.56
SHIP02268,SO02268,DHL Express,TRK-DHL-12347297,"Atlanta, GA, USA","Chicago, India",Delivered,2025-11-19,2025-11-27,593.34
SHIP02269,SO02269,Maersk Logistics,TRK-MAE-33192656,"Shenzhen, China","Stuttgart, Germany",Delivered,2025-10-06,2025-10-07,1226.61
SHIP02270,SO02270,Kuehne + Nagel,TRK-KUE-54195138,Singapore,"Monterrey, Japan",In Transit,2026-04-30,,877.15
SHIP02271,SO02271,UPS Supply Chain,TRK-UPS-28196153,"Tokyo, Japan","Osaka, United States",Delivered,2026-03-16,2026-03-16,659.93
SHIP02272,SO02272,Kuehne + Nagel,TRK-KUE-28111670,"Los Angeles, CA, USA","Munich, India",Delivered,2025-11-09,2025-11-10,334.49
SHIP02273,SO02273,FedEx Freight,TRK-FED-35736895,"Taipei, Taiwan","Ningbo, Germany",In Transit,2025-11-08,,1145.76
SHIP02274,SO02274,UPS Supply Chain,TRK-UPS-48580338,"Detroit, MI, USA","Ningbo, Vietnam",Delivered,2026-03-03,2026-03-03,271.25
SHIP02275,SO02275,Maersk Logistics,TRK-MAE-72022882,"Hamburg, Germany","Suzhou, Mexico",Delivered,2026-03-31,2026-03-30,452.69
SHIP02276,SO02276,Maersk Logistics,TRK-MAE-47632201,"Taipei, Taiwan","Birmingham, China",Delivered,2025-10-26,2025-11-01,289.74
SHIP02277,SO02277,Maersk Logistics,TRK-MAE-94725802,"London, UK","Seoul, Germany",Delivered,2025-09-14,2025-09-13,1459.96
SHIP02278,SO02278,Maersk Logistics,TRK-MAE-35177260,"Tokyo, Japan","Taipei, United States",Delivered,2026-05-06,2026-05-08,1426.05
SHIP02279,SO02279,Kuehne + Nagel,TRK-KUE-44381265,"London, UK","Bengaluru, India",Delayed,2025-12-28,,1337.14
SHIP02280,SO02280,DB Schenker,TRK-DB -90309326,"Osaka, Japan","Pune, Mexico",Delivered,2026-03-28,2026-03-27,345.57
SHIP02281,SO02281,DB Schenker,TRK-DB -28064951,"Pune, India","Munich, Japan",Delivered,2025-10-14,2025-10-13,1754.13
SHIP02282,SO02282,UPS Supply Chain,TRK-UPS-60526772,"Incheon, South Korea","Taipei, Mexico",Preparing,2025-10-12,,566.47
SHIP02283,SO02283,DHL Express,TRK-DHL-46672833,"Los Angeles, CA, USA","Nagoya, Germany",Delivered,2026-07-12,2026-07-13,597.79
SHIP02284,SO02284,UPS Supply Chain,TRK-UPS-75790234,"Los Angeles, CA, USA","Querétaro, Japan",In Transit,2026-01-28,,351.94
SHIP02285,SO02285,Kuehne + Nagel,TRK-KUE-90477705,"Dallas, TX, USA","Hsinchu, Japan",In Transit,2025-10-28,,599.27
SHIP02286,SO02286,DHL Express,TRK-DHL-84446544,"Atlanta, GA, USA","Ningbo, Japan",Delivered,2025-10-13,2025-10-13,804.92
SHIP02287,SO02287,DHL Express,TRK-DHL-87122458,"Chicago, IL, USA","Taipei, South Korea",In Transit,2026-03-12,,552.28
SHIP02288,SO02288,Kuehne + Nagel,TRK-KUE-95365867,"Los Angeles, CA, USA","Dortmund, Japan",Delivered,2026-07-20,2026-07-20,1375.07
SHIP02289,SO02289,Maersk Logistics,TRK-MAE-89352039,"Detroit, MI, USA","Pune, Japan",Delivered,2026-07-07,2026-07-09,195.23
SHIP02290,SO02290,Maersk Logistics,TRK-MAE-62685580,"Dallas, TX, USA","Stuttgart, Germany",Delivered,2026-06-17,2026-06-16,725.15
SHIP02291,SO02291,DB Schenker,TRK-DB -79966564,"Los Angeles, CA, USA","Stuttgart, China",Delivered,2026-03-22,2026-03-21,1660.51
SHIP02292,SO02292,Maersk Logistics,TRK-MAE-71542215,"Munich, Germany","Munich, Germany",Delayed,2026-02-09,,706.55
SHIP02293,SO02293,DB Schenker,TRK-DB -79461491,"Atlanta, GA, USA","Hsinchu, Germany",In Transit,2025-09-09,,1026.34
SHIP02294,SO02294,DHL Express,TRK-DHL-80205896,"Osaka, Japan","Stuttgart, Mexico",In Transit,2026-02-15,,1772.21
SHIP02295,SO02295,Kuehne + Nagel,TRK-KUE-47811709,"Munich, Germany","Shenzhen, Mexico",Returned,2026-06-18,2026-06-28,728.5
SHIP02296,SO02296,Kuehne + Nagel,TRK-KUE-72747649,"Frankfurt, Germany","Birmingham, Canada",Preparing,2025-09-10,,1258.62
SHIP02297,SO02297,DB Schenker,TRK-DB -20999036,"Rotterdam, Netherlands","Dortmund, Germany",Delivered,2026-01-03,2026-01-04,234.14
SHIP02298,SO02298,FedEx Freight,TRK-FED-30124551,"Detroit, MI, USA","Hamilton, India",In Transit,2026-07-18,,1045.43
SHIP02299,SO02299,Kuehne + Nagel,TRK-KUE-43849981,Singapore,"Querétaro, China",In Transit,2026-05-31,,1689.79
SHIP02300,SO02300,DHL Express,TRK-DHL-57987303,"Osaka, Japan","Detroit, China",Delivered,2026-03-28,2026-03-27,425.46
SHIP02301,SO02301,DB Schenker,TRK-DB -55992781,"Los Angeles, CA, USA","Querétaro, Mexico",Delivered,2026-07-22,2026-07-23,790.38
SHIP02302,SO02302,UPS Supply Chain,TRK-UPS-30436363,"Stuttgart, Germany","Pune, United States",Delayed,2026-01-02,,269.72
SHIP02303,SO02303,DHL Express,TRK-DHL-75088235,"Rotterdam, Netherlands","Seoul, India",Delivered,2026-01-08,2026-01-09,924.49
SHIP02304,SO02304,UPS Supply Chain,TRK-UPS-10431673,"Melbourne, Australia","Hamilton, Germany",In Transit,2025-09-12,,1293.4
SHIP02305,SO02305,UPS Supply Chain,TRK-UPS-27670630,"Hamburg, Germany","Munich, Mexico",Delivered,2026-04-09,2026-04-09,927.35
SHIP02306,SO02306,FedEx Freight,TRK-FED-47432185,"Osaka, Japan","Detroit, Taiwan",Delivered,2025-11-23,2025-11-23,1465.99
SHIP02307,SO02307,Kuehne + Nagel,TRK-KUE-69228016,"Tokyo, Japan","Taipei, South Korea",Delivered,2025-12-01,2025-11-30,1208.78
SHIP02308,SO02308,FedEx Freight,TRK-FED-56091038,"Tokyo, Japan","Hsinchu, Germany",Delivered,2025-12-19,2025-12-18,1067.35
SHIP02309,SO02309,Kuehne + Nagel,TRK-KUE-59757312,"Bengaluru, India","Shenzhen, Taiwan",Delivered,2026-03-07,2026-03-08,1291.91
SHIP02310,SO02310,Kuehne + Nagel,TRK-KUE-70035688,"Tokyo, Japan","Hai Phong, Germany",Delivered,2026-01-27,2026-01-27,1567.93
SHIP02311,SO02311,DHL Express,TRK-DHL-14705202,"Munich, Germany","Shenzhen, Vietnam",In Transit,2026-05-24,,688.52
SHIP02312,SO02312,DHL Express,TRK-DHL-43280869,"Tokyo, Japan","Taipei, China",Returned,2026-04-09,2026-04-18,1471.71
SHIP02313,SO02313,FedEx Freight,TRK-FED-37813831,"Munich, Germany","Hsinchu, Germany",In Transit,2026-07-28,,1174.13
SHIP02314,SO02314,Kuehne + Nagel,TRK-KUE-49413523,"Los Angeles, CA, USA","Munich, United States",Delivered,2025-10-11,2025-10-11,887.02
SHIP02315,SO02315,DB Schenker,TRK-DB -94797672,"Los Angeles, CA, USA","Osaka, Taiwan",Delayed,2025-09-17,,501.35
SHIP02316,SO02316,Maersk Logistics,TRK-MAE-37793005,"Bengaluru, India","Bengaluru, United States",Delivered,2026-05-22,2026-05-23,1499.67
SHIP02317,SO02317,DB Schenker,TRK-DB -65938369,Singapore,"Nagoya, China",Delivered,2026-06-26,2026-06-26,1712.88
SHIP02318,SO02318,DHL Express,TRK-DHL-98462890,"Atlanta, GA, USA","Osaka, Germany",Delivered,2026-02-16,2026-02-15,682.89
SHIP02319,SO02319,FedEx Freight,TRK-FED-27734347,"Melbourne, Australia","Chicago, Germany",In Transit,2026-06-07,,1791.0
SHIP02320,SO02320,FedEx Freight,TRK-FED-28392692,"Tokyo, Japan","Hamilton, Vietnam",Delivered,2026-03-25,2026-03-25,271.06
SHIP02321,SO02321,FedEx Freight,TRK-FED-13456092,"Dallas, TX, USA","Nagoya, South Korea",In Transit,2026-06-20,,1608.05
SHIP02322,SO02322,DHL Express,TRK-DHL-49999560,"Toronto, Canada","Osaka, India",Preparing,2026-05-07,,1117.59
SHIP02323,SO02323,Kuehne + Nagel,TRK-KUE-23239226,"Hamburg, Germany","Stuttgart, China",Preparing,2026-01-30,,577.15
SHIP02324,SO02324,Kuehne + Nagel,TRK-KUE-73864728,"Melbourne, Australia","Querétaro, Germany",In Transit,2026-07-24,,1734.99
SHIP02325,SO02325,Maersk Logistics,TRK-MAE-82994044,"Incheon, South Korea","Seoul, Germany",Delayed,2026-04-27,,1706.93
SHIP02326,SO02326,DHL Express,TRK-DHL-39440465,"Guadalajara, Mexico","Querétaro, Taiwan",Delivered,2025-09-26,2025-09-25,1479.3
SHIP02327,SO02327,Maersk Logistics,TRK-MAE-22192345,"London, UK","Osaka, Germany",Delivered,2026-06-02,2026-06-03,1587.33
SHIP02328,SO02328,Maersk Logistics,TRK-MAE-65188317,"Monterrey, Mexico","Osaka, United Kingdom",Returned,2026-01-13,2026-01-21,878.98
SHIP02329,SO02329,FedEx Freight,TRK-FED-31509938,"Hamburg, Germany","Pune, South Korea",Delivered,2026-03-30,2026-03-30,684.55
SHIP02330,SO02330,Maersk Logistics,TRK-MAE-18143139,Singapore,"Hsinchu, South Korea",Preparing,2026-05-10,,842.98
SHIP02331,SO02331,UPS Supply Chain,TRK-UPS-11785783,"Osaka, Japan","Hsinchu, United States",In Transit,2026-06-11,,601.23
SHIP02332,SO02332,Kuehne + Nagel,TRK-KUE-85747925,"Melbourne, Australia","Hamilton, Japan",Delivered,2025-09-18,2025-09-17,1085.78
SHIP02333,SO02333,DB Schenker,TRK-DB -75529627,"Incheon, South Korea","Shenzhen, India",Delivered,2025-09-26,2025-09-25,445.04
SHIP02334,SO02334,Kuehne + Nagel,TRK-KUE-12446510,"Guadalajara, Mexico","Stuttgart, Japan",In Transit,2026-06-08,,1005.81
SHIP02335,SO02335,DB Schenker,TRK-DB -55116570,"Osaka, Japan","Taipei, South Korea",Preparing,2025-10-22,,786.36
SHIP02336,SO02336,Kuehne + Nagel,TRK-KUE-34737749,"Rotterdam, Netherlands","Nagoya, Japan",In Transit,2026-02-01,,1254.77
SHIP02337,SO02337,DB Schenker,TRK-DB -68923413,"Shenzhen, China","Seoul, Germany",Delayed,2026-05-13,,662.93
SHIP02338,SO02338,DB Schenker,TRK-DB -97146216,"Hamburg, Germany","Ningbo, United States",Preparing,2026-05-30,,1032.02
SHIP02339,SO02339,Maersk Logistics,TRK-MAE-75324338,"Atlanta, GA, USA","Nagoya, Germany",Delayed,2025-11-13,,1662.08
SHIP02340,SO02340,DB Schenker,TRK-DB -69659850,"Taipei, Taiwan","Pune, Mexico",Delivered,2026-02-26,2026-02-27,347.27
SHIP02341,SO02341,Maersk Logistics,TRK-MAE-16852614,"Atlanta, GA, USA","Hsinchu, China",Delivered,2026-07-13,2026-07-13,61.01
SHIP02342,SO02342,DB Schenker,TRK-DB -24543121,"Rotterdam, Netherlands","Munich, Japan",In Transit,2026-01-19,,775.74
SHIP02343,SO02343,FedEx Freight,TRK-FED-23232951,"Hamburg, Germany","Querétaro, Germany",Delivered,2026-06-01,2026-05-31,811.5
SHIP02344,SO02344,FedEx Freight,TRK-FED-95971859,"Frankfurt, Germany","Incheon, China",Delivered,2025-11-23,2025-11-24,1757.74
SHIP02345,SO02345,FedEx Freight,TRK-FED-26970701,"Munich, Germany","Taipei, Japan",In Transit,2026-06-17,,96.59
SHIP02346,SO02346,Kuehne + Nagel,TRK-KUE-99872292,"Rotterdam, Netherlands","Chicago, Mexico",In Transit,2025-12-12,,305.63
SHIP02347,SO02347,UPS Supply Chain,TRK-UPS-74443543,"Incheon, South Korea","Dortmund, United Kingdom",Delivered,2025-11-18,2025-11-22,1836.92
SHIP02348,SO02348,DHL Express,TRK-DHL-24158209,"Guadalajara, Mexico","Birmingham, Germany",Delivered,2026-05-09,2026-05-15,603.11
SHIP02349,SO02349,UPS Supply Chain,TRK-UPS-67662441,"Incheon, South Korea","Monterrey, United States",Delivered,2026-01-30,2026-02-06,1115.73
SHIP02350,SO02350,DB Schenker,TRK-DB -90476928,"Hamburg, Germany","Detroit, China",Delivered,2026-07-05,2026-07-04,1713.32
SHIP02351,SO02351,Maersk Logistics,TRK-MAE-45749308,"Stuttgart, Germany","Stuttgart, Vietnam",Delivered,2026-03-26,2026-03-27,90.39
SHIP02352,SO02352,FedEx Freight,TRK-FED-29972054,"London, UK","Incheon, Japan",Returned,2026-04-08,2026-04-16,133.96
SHIP02353,SO02353,UPS Supply Chain,TRK-UPS-51032652,"Stuttgart, Germany","Suzhou, China",Delivered,2025-12-06,2025-12-05,896.79
SHIP02354,SO02354,Maersk Logistics,TRK-MAE-74421792,"Yokohama, Japan","Ningbo, Canada",Preparing,2025-12-12,,1459.53
SHIP02355,SO02355,DB Schenker,TRK-DB -27004344,"Shenzhen, China","Dallas, United States",Delayed,2025-10-15,,965.39
SHIP02356,SO02356,DB Schenker,TRK-DB -37617879,"Detroit, MI, USA","Incheon, Germany",In Transit,2026-07-18,,1017.38
SHIP02357,SO02357,FedEx Freight,TRK-FED-79727694,"Detroit, MI, USA","Bengaluru, Germany",Delivered,2025-12-12,2025-12-17,1310.12
SHIP02358,SO02358,UPS Supply Chain,TRK-UPS-61890700,Singapore,"Seoul, Germany",Preparing,2026-04-29,,1437.31
SHIP02359,SO02359,DHL Express,TRK-DHL-79471554,"Chicago, IL, USA","Munich, United States",Delivered,2025-11-06,2025-11-06,1688.37
SHIP02360,SO02360,Maersk Logistics,TRK-MAE-73884918,"Pune, India","Shenzhen, Japan",Delivered,2026-06-27,2026-06-28,1734.11
SHIP02361,SO02361,UPS Supply Chain,TRK-UPS-35486480,"Hamburg, Germany","Nagoya, South Korea",Delayed,2026-05-18,,169.26
SHIP02362,SO02362,UPS Supply Chain,TRK-UPS-56085618,"Shenzhen, China","Monterrey, Vietnam",Preparing,2025-12-07,,1007.53
SHIP02363,SO02363,UPS Supply Chain,TRK-UPS-84437947,"Stuttgart, Germany","Taipei, Taiwan",Delivered,2025-11-13,2025-11-12,395.19
SHIP02364,SO02364,DHL Express,TRK-DHL-80694046,"Chicago, IL, USA","Hsinchu, China",Delivered,2025-09-30,2025-09-30,1423.75
SHIP02365,SO02365,Maersk Logistics,TRK-MAE-91182232,"Shenzhen, China","Detroit, Taiwan",In Transit,2026-06-07,,311.98
SHIP02366,SO02366,DB Schenker,TRK-DB -34635491,"Hamburg, Germany","Monterrey, China",Delivered,2026-01-07,2026-01-07,1775.75
SHIP02367,SO02367,DHL Express,TRK-DHL-51729527,"Yokohama, Japan","Bengaluru, United Kingdom",Delayed,2026-07-18,,1547.79
SHIP02368,SO02368,UPS Supply Chain,TRK-UPS-77347291,"Yokohama, Japan","Suzhou, United States",Preparing,2025-10-30,,581.47
SHIP02369,SO02369,DHL Express,TRK-DHL-85409399,Singapore,"Detroit, United States",Returned,2026-01-03,2026-01-12,1090.96
SHIP02370,SO02370,DB Schenker,TRK-DB -24563687,"Toronto, Canada","Chicago, South Korea",Preparing,2026-05-26,,1086.25
SHIP02371,SO02371,Maersk Logistics,TRK-MAE-47102994,"Detroit, MI, USA","Querétaro, Japan",Delayed,2026-07-18,,748.28
SHIP02372,SO02372,FedEx Freight,TRK-FED-53090753,"Chicago, IL, USA","Incheon, Canada",In Transit,2026-06-24,,1164.55
SHIP02373,SO02373,UPS Supply Chain,TRK-UPS-79997016,"Stuttgart, Germany","Monterrey, South Korea",Delayed,2026-05-23,,870.14
SHIP02374,SO02374,Maersk Logistics,TRK-MAE-27367974,Singapore,"Hsinchu, Japan",Delivered,2025-09-30,2025-09-29,1688.33
SHIP02375,SO02375,Maersk Logistics,TRK-MAE-51889726,"Detroit, MI, USA","Nagoya, United States",Delivered,2026-07-17,2026-07-19,1478.87
SHIP02376,SO02376,FedEx Freight,TRK-FED-83895948,"Seattle, WA, USA","Hsinchu, Germany",In Transit,2025-09-21,,129.3
SHIP02377,SO02377,DHL Express,TRK-DHL-18238580,"Osaka, Japan","Pune, Japan",In Transit,2026-04-07,,1386.99
SHIP02378,SO02378,DHL Express,TRK-DHL-50578326,"Dallas, TX, USA","Dortmund, United States",Returned,2025-12-13,2025-12-23,910.9
SHIP02379,SO02379,Maersk Logistics,TRK-MAE-22947618,"Osaka, Japan","Bengaluru, Germany",Delivered,2026-03-17,2026-03-18,1339.67
SHIP02380,SO02380,UPS Supply Chain,TRK-UPS-65972915,"Shenzhen, China","Munich, United States",Delivered,2025-10-12,2025-10-11,1172.7
SHIP02381,SO02381,Kuehne + Nagel,TRK-KUE-28111600,"Chicago, IL, USA","Suzhou, Vietnam",Returned,2025-12-26,2026-01-03,625.22
SHIP02382,SO02382,FedEx Freight,TRK-FED-84545635,"Stuttgart, Germany","Tokyo, Taiwan",Delivered,2025-12-09,2025-12-09,1741.77
SHIP02383,SO02383,FedEx Freight,TRK-FED-59061344,"Monterrey, Mexico","Chicago, United Kingdom",In Transit,2026-07-29,,1389.72
SHIP02384,SO02384,Maersk Logistics,TRK-MAE-73309606,"Los Angeles, CA, USA","Suzhou, United States",Preparing,2025-11-23,,725.08
SHIP02385,SO02385,Maersk Logistics,TRK-MAE-50355264,"Rotterdam, Netherlands","Shenzhen, China",Delivered,2026-01-15,2026-01-14,1832.37
SHIP02386,SO02386,UPS Supply Chain,TRK-UPS-94463523,"Toronto, Canada","Dallas, Taiwan",Delivered,2026-06-13,2026-06-14,380.37
SHIP02387,SO02387,Kuehne + Nagel,TRK-KUE-63481671,"Bengaluru, India","Incheon, United Kingdom",Delivered,2026-02-24,2026-02-27,684.94
SHIP02388,SO02388,FedEx Freight,TRK-FED-28167636,"Monterrey, Mexico","Osaka, United States",In Transit,2026-02-28,,459.03
SHIP02389,SO02389,Maersk Logistics,TRK-MAE-87713966,"Guadalajara, Mexico","Bengaluru, China",In Transit,2026-01-08,,892.61
SHIP02390,SO02390,Kuehne + Nagel,TRK-KUE-21373829,"Tokyo, Japan","Monterrey, Germany",Delivered,2025-11-29,2025-11-28,598.3
SHIP02391,SO02391,FedEx Freight,TRK-FED-60272395,"Guadalajara, Mexico","Hamilton, Germany",Delayed,2026-05-30,,965.8
SHIP02392,SO02392,Kuehne + Nagel,TRK-KUE-46149782,"Pune, India","Hamilton, United Kingdom",Delivered,2025-10-20,2025-10-21,1676.24
SHIP02393,SO02393,FedEx Freight,TRK-FED-91044678,"Hamburg, Germany","Nagoya, Germany",Preparing,2026-03-04,,1644.04
SHIP02394,SO02394,DB Schenker,TRK-DB -16190640,"Seattle, WA, USA","Pune, China",Delivered,2026-04-26,2026-04-27,834.5
SHIP02395,SO02395,UPS Supply Chain,TRK-UPS-40472507,"Tokyo, Japan","Detroit, China",Delivered,2026-04-01,2026-04-01,1122.83
SHIP02396,SO02396,Maersk Logistics,TRK-MAE-60557044,"Monterrey, Mexico","Birmingham, Germany",Delivered,2026-07-02,2026-07-01,727.99
SHIP02397,SO02397,DHL Express,TRK-DHL-52383842,"Monterrey, Mexico","Hai Phong, India",Returned,2025-12-09,2025-12-14,737.4
SHIP02398,SO02398,DB Schenker,TRK-DB -99360708,"Bengaluru, India","Hai Phong, China",Returned,2026-02-05,2026-02-11,724.0
SHIP02399,SO02399,Maersk Logistics,TRK-MAE-11238262,"Chicago, IL, USA","Dallas, South Korea",Preparing,2026-01-22,,61.06
SHIP02400,SO02400,DB Schenker,TRK-DB -10678076,"Atlanta, GA, USA","Munich, Mexico",Delivered,2025-10-06,2025-10-06,679.44
SHIP02401,SO02401,FedEx Freight,TRK-FED-99908304,"Hamburg, Germany","Osaka, United Kingdom",Delivered,2026-02-08,2026-02-07,1117.8
SHIP02402,SO02402,FedEx Freight,TRK-FED-20575309,"Melbourne, Australia","Taipei, United States",Delivered,2026-06-03,2026-06-11,750.2
SHIP02403,SO02403,DHL Express,TRK-DHL-24046807,"Toronto, Canada","Detroit, India",In Transit,2026-01-02,,312.78
SHIP02404,SO02404,UPS Supply Chain,TRK-UPS-62118392,"Melbourne, Australia","Dallas, South Korea",Delivered,2026-03-05,2026-03-05,279.71
SHIP02405,SO02405,Kuehne + Nagel,TRK-KUE-33211584,"Atlanta, GA, USA","Suzhou, India",Preparing,2025-10-31,,199.43
SHIP02406,SO02406,DB Schenker,TRK-DB -55400300,"Detroit, MI, USA","Bengaluru, Vietnam",Delivered,2025-11-15,2025-11-16,1368.34
SHIP02407,SO02407,Maersk Logistics,TRK-MAE-11752881,"Bengaluru, India","Suzhou, United States",Preparing,2025-10-30,,132.57
SHIP02408,SO02408,DHL Express,TRK-DHL-67991741,"Guadalajara, Mexico","Nagoya, Japan",In Transit,2025-12-18,,379.52
SHIP02409,SO02409,FedEx Freight,TRK-FED-55348185,Singapore,"Chicago, China",Delivered,2026-04-04,2026-04-05,576.39
SHIP02410,SO02410,UPS Supply Chain,TRK-UPS-10874140,"Guadalajara, Mexico","Hsinchu, India",Delivered,2025-12-04,2025-12-05,356.72
SHIP02411,SO02411,UPS Supply Chain,TRK-UPS-63162458,"Rotterdam, Netherlands","Hsinchu, India",Delivered,2026-02-15,2026-02-14,135.34
SHIP02412,SO02412,DHL Express,TRK-DHL-62459897,"Dallas, TX, USA","Bengaluru, Canada",Delivered,2026-05-29,2026-05-30,222.13
SHIP02413,SO02413,FedEx Freight,TRK-FED-63570816,"Shenzhen, China","Birmingham, Japan",Delayed,2026-06-20,,1423.92
SHIP02414,SO02414,DHL Express,TRK-DHL-92124593,"Shenzhen, China","Monterrey, Germany",In Transit,2025-12-06,,1239.06
SHIP02415,SO02415,FedEx Freight,TRK-FED-39760504,"Chicago, IL, USA","Querétaro, Japan",Delivered,2026-02-04,2026-02-04,745.27
SHIP02416,SO02416,FedEx Freight,TRK-FED-86653534,"Osaka, Japan","Osaka, India",Delivered,2026-05-30,2026-05-29,1510.92
SHIP02417,SO02417,UPS Supply Chain,TRK-UPS-82135853,"Seattle, WA, USA","Incheon, Canada",Delivered,2026-03-26,2026-03-30,47.86
SHIP02418,SO02418,DB Schenker,TRK-DB -41937085,"Hamburg, Germany","Hamilton, South Korea",Delivered,2026-04-05,2026-04-04,1090.54
SHIP02419,SO02419,UPS Supply Chain,TRK-UPS-69115951,"Dallas, TX, USA","Osaka, Canada",Delivered,2026-07-21,2026-07-21,921.12
SHIP02420,SO02420,Kuehne + Nagel,TRK-KUE-19979846,"Rotterdam, Netherlands","Monterrey, China",Delivered,2025-09-15,2025-09-20,179.89
SHIP02421,SO02421,FedEx Freight,TRK-FED-65518043,"Stuttgart, Germany","Incheon, Japan",In Transit,2025-10-06,,1161.82
SHIP02422,SO02422,Kuehne + Nagel,TRK-KUE-69303572,"Toronto, Canada","Suzhou, China",Returned,2026-01-15,2026-01-25,1594.42
SHIP02423,SO02423,Kuehne + Nagel,TRK-KUE-25108255,"Melbourne, Australia","Dortmund, China",Delivered,2026-04-10,2026-04-09,1803.37
SHIP02424,SO02424,UPS Supply Chain,TRK-UPS-56168522,"London, UK","Hai Phong, United Kingdom",In Transit,2026-03-12,,74.41
SHIP02425,SO02425,DHL Express,TRK-DHL-79149717,"Hamburg, Germany","Incheon, China",Delayed,2025-10-23,,1622.25
SHIP02426,SO02426,Maersk Logistics,TRK-MAE-23318406,"Shenzhen, China","Hsinchu, Canada",Delivered,2026-04-03,2026-04-02,491.47
SHIP02427,SO02427,Maersk Logistics,TRK-MAE-87495260,"Taipei, Taiwan","Incheon, India",Delivered,2026-02-06,2026-02-06,1291.3
SHIP02428,SO02428,Maersk Logistics,TRK-MAE-21605079,"Guadalajara, Mexico","Monterrey, China",Delivered,2025-10-21,2025-10-22,1802.63
SHIP02429,SO02429,Kuehne + Nagel,TRK-KUE-97677124,"Taipei, Taiwan","Bengaluru, China",Delivered,2026-01-01,2026-01-01,568.59
SHIP02430,SO02430,DB Schenker,TRK-DB -73305730,"Hamburg, Germany","Munich, China",Delivered,2026-06-18,2026-06-18,1764.46
SHIP02431,SO02431,UPS Supply Chain,TRK-UPS-53003145,"Tokyo, Japan","Incheon, Japan",Delivered,2026-02-10,2026-02-10,919.61
SHIP02432,SO02432,UPS Supply Chain,TRK-UPS-29287705,"Monterrey, Mexico","Shenzhen, China",Delivered,2025-11-20,2025-11-21,485.7
SHIP02433,SO02433,Maersk Logistics,TRK-MAE-27029055,"Chicago, IL, USA","Querétaro, United States",In Transit,2026-02-16,,110.46
SHIP02434,SO02434,DHL Express,TRK-DHL-80529190,"Monterrey, Mexico","Tokyo, Japan",Delivered,2026-02-25,2026-02-25,574.97
SHIP02435,SO02435,Kuehne + Nagel,TRK-KUE-20233468,"Tokyo, Japan","Birmingham, Mexico",Delivered,2026-04-23,2026-04-23,1349.11
SHIP02436,SO02436,Kuehne + Nagel,TRK-KUE-81188380,"Detroit, MI, USA","Hsinchu, South Korea",In Transit,2025-12-04,,993.68
SHIP02437,SO02437,DB Schenker,TRK-DB -26580879,"Monterrey, Mexico","Suzhou, Japan",Delivered,2025-09-15,2025-09-16,620.56
SHIP02438,SO02438,FedEx Freight,TRK-FED-13322290,"Yokohama, Japan","Ningbo, United States",In Transit,2025-11-17,,1431.06
SHIP02439,SO02439,Kuehne + Nagel,TRK-KUE-29658429,"Frankfurt, Germany","Dortmund, Germany",Returned,2025-09-27,2025-10-07,204.92
SHIP02440,SO02440,UPS Supply Chain,TRK-UPS-31666303,"Stuttgart, Germany","Hai Phong, Japan",Preparing,2026-05-28,,1083.86
SHIP02441,SO02441,Maersk Logistics,TRK-MAE-64347499,"Yokohama, Japan","Incheon, China",Delayed,2026-02-05,,1254.48
SHIP02442,SO02442,UPS Supply Chain,TRK-UPS-28928078,"Incheon, South Korea","Bengaluru, China",Delayed,2026-06-13,,1838.84
SHIP02443,SO02443,FedEx Freight,TRK-FED-87599017,"Frankfurt, Germany","Chicago, India",Delivered,2025-09-17,2025-09-17,1412.01
SHIP02444,SO02444,DB Schenker,TRK-DB -89076965,"Rotterdam, Netherlands","Hamilton, United Kingdom",Preparing,2026-06-19,,1798.98
SHIP02445,SO02445,UPS Supply Chain,TRK-UPS-61486722,"Atlanta, GA, USA","Ningbo, South Korea",Delivered,2026-05-08,2026-05-08,1141.03
SHIP02446,SO02446,UPS Supply Chain,TRK-UPS-91340144,Singapore,"Ningbo, South Korea",Delivered,2026-07-26,2026-07-27,233.74
SHIP02447,SO02447,FedEx Freight,TRK-FED-35629506,"Pune, India","Incheon, Japan",Delayed,2026-05-18,,395.03
SHIP02448,SO02448,DHL Express,TRK-DHL-48444614,"Dallas, TX, USA","Querétaro, Vietnam",In Transit,2025-10-15,,177.27
SHIP02449,SO02449,UPS Supply Chain,TRK-UPS-49494120,"Hamburg, Germany","Bengaluru, India",Delivered,2026-01-10,2026-01-10,250.46
SHIP02450,SO02450,Kuehne + Nagel,TRK-KUE-49910188,"Detroit, MI, USA","Chicago, United States",In Transit,2026-04-09,,600.28
SHIP02451,SO02451,UPS Supply Chain,TRK-UPS-82810925,"Atlanta, GA, USA","Tokyo, United States",Delivered,2025-09-10,2025-09-11,507.77
SHIP02452,SO02452,UPS Supply Chain,TRK-UPS-67121625,"Bengaluru, India","Shenzhen, Germany",Delivered,2026-03-22,2026-03-28,562.3
SHIP02453,SO02453,Maersk Logistics,TRK-MAE-86509382,"Incheon, South Korea","Taipei, United States",Delayed,2026-02-23,,702.82
SHIP02454,SO02454,Maersk Logistics,TRK-MAE-72254851,"Munich, Germany","Chicago, United States",Delivered,2026-07-21,2026-07-20,1039.0
SHIP02455,SO02455,UPS Supply Chain,TRK-UPS-69974148,"Stuttgart, Germany","Osaka, Germany",In Transit,2026-06-25,,552.0
SHIP02456,SO02456,Kuehne + Nagel,TRK-KUE-32221086,"Pune, India","Pune, India",Delivered,2026-01-17,2026-01-25,1458.71
SHIP02457,SO02457,Maersk Logistics,TRK-MAE-28265282,"Hamburg, Germany","Munich, China",Preparing,2026-05-13,,1272.48
SHIP02458,SO02458,Maersk Logistics,TRK-MAE-51943447,"Incheon, South Korea","Pune, India",Returned,2025-10-31,2025-11-09,858.11
SHIP02459,SO02459,DHL Express,TRK-DHL-73546432,"Yokohama, Japan","Hsinchu, Germany",Preparing,2026-01-02,,1333.35
SHIP02460,SO02460,DHL Express,TRK-DHL-57886587,"Dallas, TX, USA","Munich, United Kingdom",Delayed,2026-03-06,,1302.32
SHIP02461,SO02461,DHL Express,TRK-DHL-77729343,"London, UK","Osaka, Taiwan",Preparing,2025-10-06,,244.19
SHIP02462,SO02462,FedEx Freight,TRK-FED-17069167,"Monterrey, Mexico","Shenzhen, China",Delivered,2026-03-25,2026-03-24,1066.57
SHIP02463,SO02463,DHL Express,TRK-DHL-79518538,"Taipei, Taiwan","Taipei, China",Delivered,2026-01-15,2026-01-15,681.43
SHIP02464,SO02464,Kuehne + Nagel,TRK-KUE-64137538,"Toronto, Canada","Birmingham, South Korea",Delivered,2025-11-02,2025-11-03,745.87
SHIP02465,SO02465,Maersk Logistics,TRK-MAE-82088013,"Melbourne, Australia","Dallas, Mexico",Delivered,2025-10-21,2025-10-21,1492.7
SHIP02466,SO02466,Maersk Logistics,TRK-MAE-13574995,"Munich, Germany","Taipei, Japan",Delivered,2025-10-15,2025-10-16,1356.48
SHIP02467,SO02467,Kuehne + Nagel,TRK-KUE-59627746,"Bengaluru, India","Hai Phong, China",Delayed,2026-01-30,,1839.16
SHIP02468,SO02468,UPS Supply Chain,TRK-UPS-82296855,"Guadalajara, Mexico","Taipei, Japan",Delivered,2026-03-04,2026-03-04,359.66
SHIP02469,SO02469,Kuehne + Nagel,TRK-KUE-80010039,"Los Angeles, CA, USA","Bengaluru, Canada",In Transit,2025-11-25,,155.17
SHIP02470,SO02470,Kuehne + Nagel,TRK-KUE-13490496,"Stuttgart, Germany","Suzhou, Japan",Delivered,2026-01-07,2026-01-06,671.72
SHIP02471,SO02471,Maersk Logistics,TRK-MAE-69495634,"Munich, Germany","Shenzhen, Mexico",Delayed,2025-12-10,,909.47
SHIP02472,SO02472,UPS Supply Chain,TRK-UPS-97894622,"Melbourne, Australia","Chicago, Taiwan",Delivered,2026-02-22,2026-02-23,543.1
SHIP02473,SO02473,DB Schenker,TRK-DB -17470363,"Osaka, Japan","Dallas, United States",Delivered,2025-10-23,2025-10-24,1242.81
SHIP02474,SO02474,Maersk Logistics,TRK-MAE-83890061,"Shenzhen, China","Shenzhen, United States",In Transit,2025-12-03,,56.27
SHIP02475,SO02475,Kuehne + Nagel,TRK-KUE-19112248,"Tokyo, Japan","Birmingham, Mexico",Delayed,2026-01-31,,343.0
SHIP02476,SO02476,Kuehne + Nagel,TRK-KUE-74357425,"Pune, India","Birmingham, Germany",In Transit,2026-02-08,,650.86
SHIP02477,SO02477,Maersk Logistics,TRK-MAE-58357207,"Bengaluru, India","Birmingham, Taiwan",Delivered,2026-07-18,2026-07-21,548.78
SHIP02478,SO02478,UPS Supply Chain,TRK-UPS-62593972,"Dallas, TX, USA","Seoul, Mexico",Delivered,2026-05-21,2026-05-22,1147.76
SHIP02479,SO02479,Maersk Logistics,TRK-MAE-33454981,"Pune, India","Pune, South Korea",Delivered,2026-05-06,2026-05-06,880.17
SHIP02480,SO02480,DHL Express,TRK-DHL-74254593,"Shenzhen, China","Incheon, Mexico",In Transit,2025-09-17,,1633.03
SHIP02481,SO02481,DHL Express,TRK-DHL-73194980,"Munich, Germany","Suzhou, South Korea",Preparing,2026-01-13,,1769.26
SHIP02482,SO02482,Kuehne + Nagel,TRK-KUE-78590802,"Yokohama, Japan","Hai Phong, United States",In Transit,2026-01-03,,255.68
SHIP02483,SO02483,UPS Supply Chain,TRK-UPS-65378193,"Incheon, South Korea","Hsinchu, Mexico",Delivered,2026-07-19,2026-07-20,166.5
SHIP02484,SO02484,FedEx Freight,TRK-FED-87515345,"Bengaluru, India","Bengaluru, China",In Transit,2025-11-02,,1100.79
SHIP02485,SO02485,DB Schenker,TRK-DB -84214613,Singapore,"Dallas, Japan",Delivered,2026-02-20,2026-02-19,638.9
SHIP02486,SO02486,DHL Express,TRK-DHL-12034907,"Atlanta, GA, USA","Detroit, Japan",Delayed,2025-10-22,,1238.69
SHIP02487,SO02487,UPS Supply Chain,TRK-UPS-56918935,"Shenzhen, China","Querétaro, Japan",Delivered,2026-01-12,2026-01-13,138.13
SHIP02488,SO02488,UPS Supply Chain,TRK-UPS-54558318,"Munich, Germany","Bengaluru, Japan",In Transit,2025-10-31,,691.97
SHIP02489,SO02489,FedEx Freight,TRK-FED-50738480,"Taipei, Taiwan","Tokyo, China",Delivered,2026-06-08,2026-06-09,1419.53
SHIP02490,SO02490,FedEx Freight,TRK-FED-20486003,"Rotterdam, Netherlands","Dallas, Mexico",Delayed,2025-12-04,,987.8
SHIP02491,SO02491,Maersk Logistics,TRK-MAE-30816068,"Shenzhen, China","Osaka, United States",In Transit,2026-04-20,,1350.37
SHIP02492,SO02492,UPS Supply Chain,TRK-UPS-71035298,"Monterrey, Mexico","Suzhou, South Korea",Delivered,2026-03-08,2026-03-08,1698.89
SHIP02493,SO02493,UPS Supply Chain,TRK-UPS-74814615,"Detroit, MI, USA","Suzhou, United Kingdom",Delivered,2025-10-27,2025-10-28,1343.05
SHIP02494,SO02494,Kuehne + Nagel,TRK-KUE-98881378,"Hamburg, Germany","Incheon, Vietnam",Delivered,2025-10-20,2025-10-20,507.87
SHIP02495,SO02495,FedEx Freight,TRK-FED-87262319,"Frankfurt, Germany","Bengaluru, United Kingdom",Delivered,2026-05-20,2026-05-21,884.5
SHIP02496,SO02496,DB Schenker,TRK-DB -55883256,"Bengaluru, India","Dallas, Taiwan",Delivered,2026-03-10,2026-03-10,1415.36
SHIP02497,SO02497,Maersk Logistics,TRK-MAE-21962222,"Chicago, IL, USA","Nagoya, China",Delayed,2025-11-25,,709.15
SHIP02498,SO02498,DB Schenker,TRK-DB -20399460,"Guadalajara, Mexico","Stuttgart, India",Delivered,2026-03-01,2026-02-28,1247.31
SHIP02499,SO02499,DHL Express,TRK-DHL-48440402,"Seattle, WA, USA","Querétaro, Taiwan",Delayed,2026-07-12,,746.17
SHIP02500,SO02500,UPS Supply Chain,TRK-UPS-96256350,"Yokohama, Japan","Monterrey, Mexico",Delivered,2026-06-17,2026-06-22,1423.48
SHIP02501,SO02501,FedEx Freight,TRK-FED-83644775,"Incheon, South Korea","Seoul, Japan",Delivered,2026-03-30,2026-03-30,425.87
SHIP02502,SO02502,Maersk Logistics,TRK-MAE-58881440,"London, UK","Ningbo, China",In Transit,2025-11-15,,299.24
SHIP02503,SO02503,DB Schenker,TRK-DB -45537938,"Dallas, TX, USA","Bengaluru, South Korea",Delivered,2025-09-11,2025-09-17,164.91
SHIP02504,SO02504,UPS Supply Chain,TRK-UPS-31866660,"Chicago, IL, USA","Birmingham, Taiwan",Delivered,2026-02-22,2026-02-21,1823.59
SHIP02505,SO02505,FedEx Freight,TRK-FED-33548726,"Monterrey, Mexico","Chicago, United States",Delivered,2026-04-06,2026-04-07,907.36
SHIP02506,SO02506,UPS Supply Chain,TRK-UPS-38508435,"Tokyo, Japan","Munich, Mexico",Delivered,2026-02-24,2026-03-04,601.41
SHIP02507,SO02507,Maersk Logistics,TRK-MAE-42563980,"Yokohama, Japan","Bengaluru, Mexico",Delivered,2025-12-17,2025-12-17,135.55
SHIP02508,SO02508,UPS Supply Chain,TRK-UPS-11175486,"Incheon, South Korea","Bengaluru, Canada",In Transit,2025-10-05,,619.3
SHIP02509,SO02509,Kuehne + Nagel,TRK-KUE-51582247,"Melbourne, Australia","Hai Phong, South Korea",Delivered,2025-11-28,2025-11-27,303.74
SHIP02510,SO02510,Kuehne + Nagel,TRK-KUE-91861492,"Hamburg, Germany","Dortmund, India",In Transit,2026-07-10,,1789.98
SHIP02511,SO02511,DHL Express,TRK-DHL-32680300,"Detroit, MI, USA","Hsinchu, Germany",Delayed,2026-01-11,,1143.95
SHIP02512,SO02512,Maersk Logistics,TRK-MAE-28479639,Singapore,"Nagoya, Mexico",Delivered,2025-11-07,2025-11-06,1515.74
SHIP02513,SO02513,DHL Express,TRK-DHL-66330630,"Stuttgart, Germany","Suzhou, India",Delivered,2026-02-28,2026-02-27,780.26
SHIP02514,SO02514,DB Schenker,TRK-DB -77463502,"Taipei, Taiwan","Dallas, Japan",Delayed,2025-11-15,,1100.33
SHIP02515,SO02515,Kuehne + Nagel,TRK-KUE-69373610,"Hamburg, Germany","Ningbo, Germany",Delivered,2025-10-09,2025-10-08,1495.0
SHIP02516,SO02516,DHL Express,TRK-DHL-14161859,"Dallas, TX, USA","Seoul, Germany",In Transit,2026-06-26,,470.58
SHIP02517,SO02517,Kuehne + Nagel,TRK-KUE-46832041,"Taipei, Taiwan","Hsinchu, India",In Transit,2026-04-17,,343.1
SHIP02518,SO02518,DB Schenker,TRK-DB -31161543,"Bengaluru, India","Taipei, China",In Transit,2025-10-20,,233.19
SHIP02519,SO02519,Kuehne + Nagel,TRK-KUE-34706931,"Munich, Germany","Incheon, United States",Delivered,2026-01-02,2026-01-01,1435.55
SHIP02520,SO02520,UPS Supply Chain,TRK-UPS-55312472,"Frankfurt, Germany","Nagoya, Taiwan",Delivered,2026-03-12,2026-03-14,383.77
SHIP02521,SO02521,DB Schenker,TRK-DB -85510395,"Seattle, WA, USA","Osaka, South Korea",In Transit,2026-01-09,,1170.37
SHIP02522,SO02522,Maersk Logistics,TRK-MAE-54142628,"Taipei, Taiwan","Osaka, Taiwan",In Transit,2026-04-20,,433.04
SHIP02523,SO02523,FedEx Freight,TRK-FED-91852485,"Toronto, Canada","Ningbo, China",Delayed,2025-09-30,,1842.31
SHIP02524,SO02524,DB Schenker,TRK-DB -59589042,"Pune, India","Suzhou, United Kingdom",In Transit,2026-01-26,,824.79
SHIP02525,SO02525,Maersk Logistics,TRK-MAE-79082656,"Chicago, IL, USA","Munich, Germany",In Transit,2025-12-17,,1567.06
SHIP02526,SO02526,Kuehne + Nagel,TRK-KUE-18211926,"Shenzhen, China","Taipei, India",Delivered,2025-12-05,2025-12-06,1154.78
SHIP02527,SO02527,UPS Supply Chain,TRK-UPS-98887785,"Melbourne, Australia","Querétaro, Japan",In Transit,2026-01-23,,1571.18
SHIP02528,SO02528,DHL Express,TRK-DHL-97950598,"Rotterdam, Netherlands","Nagoya, Mexico",Delivered,2026-05-13,2026-05-12,781.43
SHIP02529,SO02529,DB Schenker,TRK-DB -88632480,"Frankfurt, Germany","Suzhou, China",In Transit,2026-05-20,,1778.38
SHIP02530,SO02530,DHL Express,TRK-DHL-34817092,"Pune, India","Taipei, Japan",Delivered,2026-01-13,2026-01-13,836.53
SHIP02531,SO02531,Maersk Logistics,TRK-MAE-20949516,"Osaka, Japan","Nagoya, Germany",Delivered,2025-11-06,2025-11-07,367.09
SHIP02532,SO02532,DHL Express,TRK-DHL-32944101,"London, UK","Dallas, Germany",In Transit,2026-01-31,,532.86
SHIP02533,SO02533,DB Schenker,TRK-DB -66204915,"Guadalajara, Mexico","Pune, United Kingdom",Delivered,2026-02-22,2026-02-22,503.22
SHIP02534,SO02534,Kuehne + Nagel,TRK-KUE-43100687,"Tokyo, Japan","Nagoya, Japan",Delivered,2026-04-12,2026-04-13,460.68
SHIP02535,SO02535,FedEx Freight,TRK-FED-82915660,"Pune, India","Dortmund, India",Delivered,2025-10-15,2025-10-14,1681.11
SHIP02536,SO02536,FedEx Freight,TRK-FED-70272338,"Rotterdam, Netherlands","Hai Phong, Germany",Delivered,2026-02-26,2026-03-01,818.85
SHIP02537,SO02537,DB Schenker,TRK-DB -80433492,"Taipei, Taiwan","Querétaro, Germany",Delivered,2025-12-02,2025-12-01,310.83
SHIP02538,SO02538,FedEx Freight,TRK-FED-70403908,"Atlanta, GA, USA","Suzhou, United States",Delivered,2026-01-05,2026-01-05,1651.85
SHIP02539,SO02539,Kuehne + Nagel,TRK-KUE-69349920,"Osaka, Japan","Tokyo, Taiwan",Delivered,2026-02-17,2026-02-20,1713.04
SHIP02540,SO02540,Kuehne + Nagel,TRK-KUE-49885093,"Dallas, TX, USA","Hai Phong, Vietnam",In Transit,2026-07-14,,995.98
SHIP02541,SO02541,Maersk Logistics,TRK-MAE-31112414,"Frankfurt, Germany","Ningbo, Mexico",Delivered,2026-03-27,2026-03-27,931.09
SHIP02542,SO02542,Kuehne + Nagel,TRK-KUE-22871835,"Atlanta, GA, USA","Hsinchu, Canada",Preparing,2026-06-08,,730.55
SHIP02543,SO02543,FedEx Freight,TRK-FED-95850939,"Detroit, MI, USA","Nagoya, China",Preparing,2025-10-07,,982.33
SHIP02544,SO02544,DHL Express,TRK-DHL-49610713,Singapore,"Shenzhen, Taiwan",Delivered,2025-12-01,2025-12-02,95.43
SHIP02545,SO02545,Maersk Logistics,TRK-MAE-30407260,"Frankfurt, Germany","Shenzhen, Japan",In Transit,2026-07-09,,859.7
SHIP02546,SO02546,DHL Express,TRK-DHL-62780085,"Dallas, TX, USA","Taipei, Mexico",In Transit,2026-05-23,,600.56
SHIP02547,SO02547,DHL Express,TRK-DHL-73071202,"Dallas, TX, USA","Seoul, Germany",Delivered,2026-04-06,2026-04-07,939.41
SHIP02548,SO02548,Maersk Logistics,TRK-MAE-64831629,"Yokohama, Japan","Incheon, United States",Delivered,2026-07-04,2026-07-05,1156.11
SHIP02549,SO02549,Maersk Logistics,TRK-MAE-67529599,"Frankfurt, Germany","Ningbo, Germany",Delivered,2025-10-10,2025-10-11,937.85
SHIP02550,SO02550,Kuehne + Nagel,TRK-KUE-57110714,"Atlanta, GA, USA","Hsinchu, United States",Delivered,2026-03-23,2026-03-30,1420.41
SHIP02551,SO02551,DHL Express,TRK-DHL-14011697,"Hamburg, Germany","Suzhou, United States",In Transit,2026-07-01,,474.9
SHIP02552,SO02552,DHL Express,TRK-DHL-86680411,"Incheon, South Korea","Incheon, United Kingdom",Delivered,2026-04-28,2026-04-27,153.89
SHIP02553,SO02553,UPS Supply Chain,TRK-UPS-41140957,Singapore,"Dortmund, China",Delivered,2026-07-29,2026-07-29,99.94
SHIP02554,SO02554,Maersk Logistics,TRK-MAE-29274509,"Pune, India","Osaka, Mexico",Delivered,2025-10-28,2025-11-04,199.97
SHIP02555,SO02555,DB Schenker,TRK-DB -17421463,"Hamburg, Germany","Detroit, South Korea",Delayed,2026-03-16,,1186.13
SHIP02556,SO02556,Kuehne + Nagel,TRK-KUE-19506621,"Toronto, Canada","Bengaluru, United States",Delivered,2025-11-13,2025-11-16,541.1
SHIP02557,SO02557,DHL Express,TRK-DHL-22442980,"London, UK","Osaka, Japan",Preparing,2026-02-01,,1669.38
SHIP02558,SO02558,UPS Supply Chain,TRK-UPS-25639194,"Guadalajara, Mexico","Seoul, Japan",In Transit,2025-12-02,,1661.44
SHIP02559,SO02559,Kuehne + Nagel,TRK-KUE-58671129,Singapore,"Bengaluru, Japan",Delivered,2025-09-23,2025-10-01,207.04
SHIP02560,SO02560,DB Schenker,TRK-DB -46172250,"Los Angeles, CA, USA","Monterrey, Japan",Preparing,2026-02-20,,973.29
SHIP02561,SO02561,FedEx Freight,TRK-FED-34414215,"Los Angeles, CA, USA","Incheon, Germany",Returned,2025-09-20,2025-09-27,65.41
SHIP02562,SO02562,UPS Supply Chain,TRK-UPS-93696210,"Dallas, TX, USA","Bengaluru, Japan",Delayed,2026-03-10,,452.86
SHIP02563,SO02563,Maersk Logistics,TRK-MAE-60552996,"Osaka, Japan","Ningbo, Japan",Delivered,2026-07-11,2026-07-14,805.23
SHIP02564,SO02564,UPS Supply Chain,TRK-UPS-87300068,"Tokyo, Japan","Dortmund, United States",In Transit,2025-11-11,,1654.5
SHIP02565,SO02565,DHL Express,TRK-DHL-96248981,"Detroit, MI, USA","Hamilton, Mexico",Delivered,2025-10-24,2025-10-25,193.79
SHIP02566,SO02566,Maersk Logistics,TRK-MAE-47471259,"Rotterdam, Netherlands","Osaka, United States",Delivered,2025-11-11,2025-11-12,713.08
SHIP02567,SO02567,Kuehne + Nagel,TRK-KUE-78018677,"Shenzhen, China","Nagoya, Germany",In Transit,2026-07-06,,530.97
SHIP02568,SO02568,DHL Express,TRK-DHL-72930149,"Incheon, South Korea","Monterrey, Germany",Delivered,2025-12-30,2026-01-04,1393.7
SHIP02569,SO02569,Maersk Logistics,TRK-MAE-52653477,"Toronto, Canada","Bengaluru, Vietnam",In Transit,2026-07-07,,952.56
SHIP02570,SO02570,FedEx Freight,TRK-FED-64736050,"Pune, India","Osaka, China",Delayed,2025-12-31,,734.25
SHIP02571,SO02571,DHL Express,TRK-DHL-83524104,"Monterrey, Mexico","Osaka, India",In Transit,2026-07-18,,189.32
SHIP02572,SO02572,DB Schenker,TRK-DB -97258119,"Taipei, Taiwan","Seoul, China",In Transit,2026-02-01,,61.51
SHIP02573,SO02573,DHL Express,TRK-DHL-43468286,Singapore,"Dallas, South Korea",Delivered,2026-07-05,2026-07-05,561.39
SHIP02574,SO02574,DHL Express,TRK-DHL-37939658,"Stuttgart, Germany","Nagoya, China",In Transit,2026-01-25,,1460.46
SHIP02575,SO02575,FedEx Freight,TRK-FED-82098572,"Detroit, MI, USA","Querétaro, United States",In Transit,2026-04-20,,360.55
SHIP02576,SO02576,DHL Express,TRK-DHL-87231432,"Pune, India","Pune, South Korea",Delivered,2025-11-21,2025-11-22,110.76
SHIP02577,SO02577,DHL Express,TRK-DHL-10570235,"Dallas, TX, USA","Osaka, Japan",Delivered,2026-02-19,2026-02-19,635.3
SHIP02578,SO02578,UPS Supply Chain,TRK-UPS-22251960,"Pune, India","Hsinchu, Vietnam",In Transit,2026-02-22,,1096.41
SHIP02579,SO02579,Kuehne + Nagel,TRK-KUE-33664486,"Pune, India","Querétaro, Taiwan",Returned,2025-12-11,2025-12-17,409.93
SHIP02580,SO02580,DHL Express,TRK-DHL-17516845,"Chicago, IL, USA","Querétaro, South Korea",Delayed,2026-01-20,,182.98
SHIP02581,SO02581,UPS Supply Chain,TRK-UPS-27819211,"Seattle, WA, USA","Detroit, South Korea",In Transit,2026-06-03,,1750.93
SHIP02582,SO02582,DB Schenker,TRK-DB -82598751,"Taipei, Taiwan","Shenzhen, United States",Delayed,2026-03-02,,1576.44
SHIP02583,SO02583,DB Schenker,TRK-DB -18808431,"London, UK","Seoul, United States",Delivered,2025-09-18,2025-09-18,1220.44
SHIP02584,SO02584,FedEx Freight,TRK-FED-97192480,"Frankfurt, Germany","Shenzhen, United States",Delivered,2025-09-25,2025-09-25,72.54
SHIP02585,SO02585,UPS Supply Chain,TRK-UPS-94016244,"Melbourne, Australia","Ningbo, Japan",Returned,2026-04-21,2026-04-30,1219.79
SHIP02586,SO02586,Kuehne + Nagel,TRK-KUE-60457382,Singapore,"Detroit, United States",Delivered,2026-04-06,2026-04-07,1812.97
SHIP02587,SO02587,FedEx Freight,TRK-FED-61888029,"Detroit, MI, USA","Stuttgart, Japan",Preparing,2026-02-28,,1323.42
SHIP02588,SO02588,FedEx Freight,TRK-FED-64026475,Singapore,"Querétaro, United Kingdom",Returned,2025-10-29,2025-11-05,313.79
SHIP02589,SO02589,FedEx Freight,TRK-FED-32641121,"Shenzhen, China","Dortmund, China",Delayed,2026-06-26,,964.1
SHIP02590,SO02590,DB Schenker,TRK-DB -88444182,"Bengaluru, India","Incheon, Mexico",Preparing,2026-06-14,,1046.49
SHIP02591,SO02591,FedEx Freight,TRK-FED-17336756,"Hamburg, Germany","Stuttgart, India",Delivered,2026-01-14,2026-01-15,1229.88
SHIP02592,SO02592,FedEx Freight,TRK-FED-22601527,"Osaka, Japan","Tokyo, Germany",In Transit,2025-12-02,,1733.06
SHIP02593,SO02593,Kuehne + Nagel,TRK-KUE-53796787,"Osaka, Japan","Tokyo, Canada",Delayed,2026-07-19,,342.01
SHIP02594,SO02594,UPS Supply Chain,TRK-UPS-25518490,"Bengaluru, India","Pune, India",Delivered,2026-04-28,2026-04-29,658.28
SHIP02595,SO02595,FedEx Freight,TRK-FED-59554510,"Dallas, TX, USA","Dallas, China",Delivered,2026-06-30,2026-07-01,786.86
SHIP02596,SO02596,DB Schenker,TRK-DB -20759568,Singapore,"Tokyo, Japan",In Transit,2025-09-07,,760.2
SHIP02597,SO02597,Kuehne + Nagel,TRK-KUE-58306625,"Stuttgart, Germany","Taipei, United States",Delivered,2026-07-12,2026-07-11,260.87
SHIP02598,SO02598,FedEx Freight,TRK-FED-93150427,"Melbourne, Australia","Stuttgart, United Kingdom",In Transit,2026-05-09,,532.01
SHIP02599,SO02599,FedEx Freight,TRK-FED-76862259,"Pune, India","Hamilton, Mexico",Delayed,2025-10-17,,651.88
SHIP02600,SO02600,Kuehne + Nagel,TRK-KUE-17195575,"Incheon, South Korea","Hai Phong, United States",Delivered,2026-07-23,2026-07-23,286.45
SHIP02601,SO02601,Maersk Logistics,TRK-MAE-12845957,"Monterrey, Mexico","Detroit, Vietnam",Preparing,2026-06-18,,1139.11
SHIP02602,SO02602,Maersk Logistics,TRK-MAE-71348575,"Dallas, TX, USA","Tokyo, United Kingdom",In Transit,2026-04-24,,1246.44
SHIP02603,SO02603,DB Schenker,TRK-DB -54617379,"Rotterdam, Netherlands","Dortmund, Japan",Delivered,2025-12-21,2025-12-21,494.0
SHIP02604,SO02604,FedEx Freight,TRK-FED-45003207,"Los Angeles, CA, USA","Detroit, Taiwan",In Transit,2026-05-04,,708.37
SHIP02605,SO02605,Maersk Logistics,TRK-MAE-96036687,"Tokyo, Japan","Osaka, Mexico",Delayed,2026-06-20,,170.99
SHIP02606,SO02606,UPS Supply Chain,TRK-UPS-13672617,"Tokyo, Japan","Nagoya, Japan",In Transit,2025-10-16,,788.56
SHIP02607,SO02607,DB Schenker,TRK-DB -93085950,"Yokohama, Japan","Birmingham, United States",Delivered,2026-05-04,2026-05-05,1275.06
SHIP02608,SO02608,Maersk Logistics,TRK-MAE-94920334,"Dallas, TX, USA","Birmingham, China",Delivered,2026-05-03,2026-05-02,118.39
SHIP02609,SO02609,Kuehne + Nagel,TRK-KUE-19541276,"Shenzhen, China","Dallas, Mexico",Delivered,2026-03-26,2026-03-31,1330.36
SHIP02610,SO02610,DB Schenker,TRK-DB -41901095,"Chicago, IL, USA","Bengaluru, Taiwan",Delivered,2025-12-22,2025-12-23,1016.03
SHIP02611,SO02611,Kuehne + Nagel,TRK-KUE-41546305,"Frankfurt, Germany","Nagoya, United States",Delivered,2026-02-20,2026-02-19,1577.07
SHIP02612,SO02612,UPS Supply Chain,TRK-UPS-23326013,"Osaka, Japan","Seoul, Mexico",Delayed,2025-09-09,,378.58
SHIP02613,SO02613,DB Schenker,TRK-DB -16988993,"Detroit, MI, USA","Tokyo, Japan",Returned,2025-12-31,2026-01-06,1018.33
SHIP02614,SO02614,Maersk Logistics,TRK-MAE-44974464,"Toronto, Canada","Dortmund, Vietnam",Preparing,2025-10-21,,1771.69
SHIP02615,SO02615,DHL Express,TRK-DHL-93703043,"Hamburg, Germany","Hai Phong, China",Delivered,2026-06-22,2026-06-23,1797.73
SHIP02616,SO02616,FedEx Freight,TRK-FED-18107545,"Tokyo, Japan","Monterrey, Mexico",Delivered,2026-04-22,2026-04-22,439.01
SHIP02617,SO02617,DHL Express,TRK-DHL-65160601,"Incheon, South Korea","Munich, Canada",Delivered,2026-07-19,2026-07-20,555.5
SHIP02618,SO02618,DB Schenker,TRK-DB -93349490,"London, UK","Detroit, Japan",In Transit,2026-03-26,,1500.83
SHIP02619,SO02619,Maersk Logistics,TRK-MAE-90924456,"Frankfurt, Germany","Bengaluru, United Kingdom",In Transit,2025-09-08,,114.19
SHIP02620,SO02620,DB Schenker,TRK-DB -96298936,"Melbourne, Australia","Monterrey, Japan",In Transit,2026-06-29,,463.78
SHIP02621,SO02621,DHL Express,TRK-DHL-82596970,"Monterrey, Mexico","Ningbo, United Kingdom",Delivered,2026-04-28,2026-04-27,1354.25
SHIP02622,SO02622,DB Schenker,TRK-DB -54330001,"Bengaluru, India","Munich, Taiwan",Preparing,2025-09-09,,918.62
SHIP02623,SO02623,DB Schenker,TRK-DB -64932159,"Yokohama, Japan","Taipei, Mexico",In Transit,2025-12-30,,457.42
SHIP02624,SO02624,DB Schenker,TRK-DB -66647070,"Pune, India","Taipei, Japan",Delivered,2026-02-23,2026-02-24,1643.4
SHIP02625,SO02625,UPS Supply Chain,TRK-UPS-94565071,"Frankfurt, Germany","Munich, United Kingdom",Preparing,2026-05-15,,491.46
SHIP02626,SO02626,Kuehne + Nagel,TRK-KUE-54936670,"Taipei, Taiwan","Detroit, Taiwan",In Transit,2026-03-14,,950.62
SHIP02627,SO02627,DB Schenker,TRK-DB -20259004,"Stuttgart, Germany","Birmingham, South Korea",Delivered,2026-03-14,2026-03-15,390.42
SHIP02628,SO02628,Kuehne + Nagel,TRK-KUE-33185955,"Dallas, TX, USA","Querétaro, China",In Transit,2026-03-30,,1655.49
SHIP02629,SO02629,DHL Express,TRK-DHL-11089508,"Atlanta, GA, USA","Hsinchu, Germany",Delivered,2026-02-24,2026-02-25,1424.64
SHIP02630,SO02630,Kuehne + Nagel,TRK-KUE-78259533,"Chicago, IL, USA","Pune, India",Delivered,2026-03-06,2026-03-05,942.01
SHIP02631,SO02631,FedEx Freight,TRK-FED-86812274,"Osaka, Japan","Monterrey, Japan",Delivered,2025-09-17,2025-09-17,67.06
SHIP02632,SO02632,DHL Express,TRK-DHL-84404911,"Pune, India","Querétaro, India",In Transit,2026-06-01,,733.77
SHIP02633,SO02633,Kuehne + Nagel,TRK-KUE-42760498,"Yokohama, Japan","Pune, Mexico",Delayed,2025-11-07,,453.26
SHIP02634,SO02634,Kuehne + Nagel,TRK-KUE-77148309,"Incheon, South Korea","Munich, United States",Delivered,2026-05-14,2026-05-14,1820.83
SHIP02635,SO02635,DB Schenker,TRK-DB -21322060,"Monterrey, Mexico","Chicago, Germany",Delivered,2026-03-26,2026-03-25,336.79
SHIP02636,SO02636,DHL Express,TRK-DHL-16313176,"Frankfurt, Germany","Pune, Taiwan",Delivered,2026-06-04,2026-06-10,1847.82
SHIP02637,SO02637,FedEx Freight,TRK-FED-80051585,"Monterrey, Mexico","Monterrey, Germany",Delayed,2026-05-27,,468.6
SHIP02638,SO02638,Kuehne + Nagel,TRK-KUE-45857367,"Atlanta, GA, USA","Monterrey, Mexico",Delayed,2026-04-10,,508.72
SHIP02639,SO02639,Kuehne + Nagel,TRK-KUE-51106581,"Los Angeles, CA, USA","Hai Phong, Vietnam",In Transit,2026-04-15,,731.84
SHIP02640,SO02640,UPS Supply Chain,TRK-UPS-78185583,"Osaka, Japan","Incheon, China",In Transit,2026-02-16,,1623.43
SHIP02641,SO02641,UPS Supply Chain,TRK-UPS-18303598,"Yokohama, Japan","Seoul, China",In Transit,2025-11-11,,1101.93
SHIP02642,SO02642,DB Schenker,TRK-DB -30777735,"Yokohama, Japan","Tokyo, Vietnam",Delayed,2026-04-09,,1548.55
SHIP02643,SO02643,DB Schenker,TRK-DB -11031475,"Yokohama, Japan","Hai Phong, Canada",In Transit,2026-04-05,,1323.06
SHIP02644,SO02644,FedEx Freight,TRK-FED-58002320,"Los Angeles, CA, USA","Nagoya, Germany",In Transit,2025-11-20,,228.33
SHIP02645,SO02645,Kuehne + Nagel,TRK-KUE-89679470,"Yokohama, Japan","Seoul, China",Delayed,2026-03-30,,423.67
SHIP02646,SO02646,FedEx Freight,TRK-FED-10329309,"Shenzhen, China","Bengaluru, India",Delivered,2026-05-22,2026-05-23,412.17
SHIP02647,SO02647,Maersk Logistics,TRK-MAE-85783986,"Munich, Germany","Hai Phong, Germany",Delivered,2026-05-23,2026-05-26,1126.34
SHIP02648,SO02648,FedEx Freight,TRK-FED-76106684,"Hamburg, Germany","Hsinchu, India",In Transit,2025-11-28,,1821.24
SHIP02649,SO02649,FedEx Freight,TRK-FED-31607882,"Dallas, TX, USA","Suzhou, China",Delivered,2026-03-02,2026-03-03,1415.99
SHIP02650,SO02650,Kuehne + Nagel,TRK-KUE-91931778,"Chicago, IL, USA","Detroit, United States",Delivered,2026-06-28,2026-06-29,196.22
SHIP02651,SO02651,Maersk Logistics,TRK-MAE-88575130,"Los Angeles, CA, USA","Seoul, South Korea",Delayed,2026-05-03,,127.54
SHIP02652,SO02652,Maersk Logistics,TRK-MAE-93594058,"Frankfurt, Germany","Incheon, Japan",Delayed,2025-11-08,,335.92
SHIP02653,SO02653,Kuehne + Nagel,TRK-KUE-46031939,"Munich, Germany","Hai Phong, Germany",Preparing,2026-01-22,,612.75
SHIP02654,SO02654,Kuehne + Nagel,TRK-KUE-15807154,"Osaka, Japan","Hamilton, India",Delayed,2026-01-22,,267.95
SHIP02655,SO02655,Kuehne + Nagel,TRK-KUE-45898048,"Bengaluru, India","Dallas, Germany",Delivered,2026-02-21,2026-02-22,622.96
SHIP02656,SO02656,UPS Supply Chain,TRK-UPS-39295050,"Frankfurt, Germany","Birmingham, South Korea",In Transit,2026-07-02,,789.98
SHIP02657,SO02657,DB Schenker,TRK-DB -76247842,"Taipei, Taiwan","Nagoya, Japan",Preparing,2026-07-05,,1655.89
SHIP02658,SO02658,FedEx Freight,TRK-FED-47189147,"Yokohama, Japan","Nagoya, Japan",Delivered,2026-07-23,2026-07-24,1446.09
SHIP02659,SO02659,FedEx Freight,TRK-FED-99167163,"Osaka, Japan","Seoul, United States",Delivered,2025-10-01,2025-10-01,678.88
SHIP02660,SO02660,Kuehne + Nagel,TRK-KUE-56078398,"Guadalajara, Mexico","Ningbo, United States",In Transit,2026-01-30,,1171.79
SHIP02661,SO02661,UPS Supply Chain,TRK-UPS-90232059,"Monterrey, Mexico","Chicago, United States",Delivered,2026-01-26,2026-01-25,272.93
SHIP02662,SO02662,Kuehne + Nagel,TRK-KUE-56122294,"Pune, India","Ningbo, Japan",Delayed,2026-03-20,,1620.5
SHIP02663,SO02663,DHL Express,TRK-DHL-83733688,Singapore,"Seoul, United States",In Transit,2025-09-19,,1196.31
SHIP02664,SO02664,FedEx Freight,TRK-FED-99734256,"Monterrey, Mexico","Munich, India",Delivered,2025-10-18,2025-10-19,1534.33
SHIP02665,SO02665,DHL Express,TRK-DHL-48538621,"Guadalajara, Mexico","Querétaro, Japan",Delivered,2026-03-22,2026-03-23,199.34
SHIP02666,SO02666,DB Schenker,TRK-DB -52087573,"Munich, Germany","Monterrey, United States",Delivered,2026-05-26,2026-05-26,1376.51
SHIP02667,SO02667,Maersk Logistics,TRK-MAE-42783456,"Chicago, IL, USA","Munich, Taiwan",Delivered,2025-09-10,2025-09-09,1001.17
SHIP02668,SO02668,FedEx Freight,TRK-FED-93599023,"Osaka, Japan","Hamilton, India",Delivered,2025-11-23,2025-11-24,904.62
SHIP02669,SO02669,DB Schenker,TRK-DB -88957666,"Shenzhen, China","Ningbo, Mexico",Delivered,2026-01-23,2026-01-22,1255.3
SHIP02670,SO02670,Maersk Logistics,TRK-MAE-16478860,"Incheon, South Korea","Chicago, China",Delivered,2026-04-24,2026-04-23,766.77
SHIP02671,SO02671,FedEx Freight,TRK-FED-91510122,"Taipei, Taiwan","Munich, Germany",Delivered,2026-01-10,2026-01-10,890.01
SHIP02672,SO02672,UPS Supply Chain,TRK-UPS-39703484,"Pune, India","Bengaluru, United States",Preparing,2025-11-12,,1533.86
SHIP02673,SO02673,UPS Supply Chain,TRK-UPS-80514679,"Dallas, TX, USA","Munich, Vietnam",Returned,2025-12-18,2025-12-23,468.15
SHIP02674,SO02674,UPS Supply Chain,TRK-UPS-54870376,Singapore,"Birmingham, India",Delivered,2026-07-21,2026-07-22,1348.38
SHIP02675,SO02675,DB Schenker,TRK-DB -41705247,"Taipei, Taiwan","Shenzhen, China",Delivered,2026-01-08,2026-01-11,1436.62
SHIP02676,SO02676,Kuehne + Nagel,TRK-KUE-50590388,"Rotterdam, Netherlands","Hai Phong, Canada",Delivered,2026-05-15,2026-05-14,1685.72
SHIP02677,SO02677,Maersk Logistics,TRK-MAE-29848005,"Monterrey, Mexico","Nagoya, Mexico",Delivered,2026-06-14,2026-06-14,316.64
SHIP02678,SO02678,DHL Express,TRK-DHL-70802261,"Dallas, TX, USA","Querétaro, China",Delivered,2026-07-17,2026-07-17,1314.13
SHIP02679,SO02679,Kuehne + Nagel,TRK-KUE-60295187,"Bengaluru, India","Seoul, Germany",Delayed,2025-11-20,,516.7
SHIP02680,SO02680,FedEx Freight,TRK-FED-72441119,"Toronto, Canada","Nagoya, Taiwan",In Transit,2026-02-24,,1760.05
SHIP02681,SO02681,DHL Express,TRK-DHL-36388761,"Chicago, IL, USA","Munich, Germany",In Transit,2026-02-12,,1638.72
SHIP02682,SO02682,FedEx Freight,TRK-FED-25686704,"Taipei, Taiwan","Shenzhen, Vietnam",In Transit,2026-05-03,,775.39
SHIP02683,SO02683,Kuehne + Nagel,TRK-KUE-23902589,"Munich, Germany","Detroit, Vietnam",In Transit,2025-10-09,,87.98
SHIP02684,SO02684,Kuehne + Nagel,TRK-KUE-22118588,"Bengaluru, India","Incheon, Mexico",Delayed,2025-09-09,,1049.6
SHIP02685,SO02685,Kuehne + Nagel,TRK-KUE-97821688,"Shenzhen, China","Monterrey, South Korea",Delivered,2025-12-03,2025-12-03,1059.07
SHIP02686,SO02686,DB Schenker,TRK-DB -25735080,"Taipei, Taiwan","Osaka, China",In Transit,2026-02-17,,1740.61
SHIP02687,SO02687,UPS Supply Chain,TRK-UPS-22140127,"Dallas, TX, USA","Shenzhen, China",Delivered,2026-03-21,2026-03-21,651.85
SHIP02688,SO02688,DB Schenker,TRK-DB -11419621,"Osaka, Japan","Dortmund, United Kingdom",Delivered,2025-12-16,2025-12-17,1119.07
SHIP02689,SO02689,DB Schenker,TRK-DB -69741827,"Taipei, Taiwan","Monterrey, India",Delayed,2026-05-26,,1291.75
SHIP02690,SO02690,DB Schenker,TRK-DB -88072407,"Taipei, Taiwan","Dortmund, China",Returned,2026-08-01,2026-08-07,1400.84
SHIP02691,SO02691,Maersk Logistics,TRK-MAE-76820018,"Munich, Germany","Dortmund, Germany",Delivered,2026-05-25,2026-05-28,1770.17
SHIP02692,SO02692,FedEx Freight,TRK-FED-95743416,"Seattle, WA, USA","Pune, Taiwan",In Transit,2026-04-04,,454.45
SHIP02693,SO02693,FedEx Freight,TRK-FED-42656722,"Melbourne, Australia","Ningbo, United States",In Transit,2026-07-07,,1764.23
SHIP02694,SO02694,FedEx Freight,TRK-FED-64888868,"Atlanta, GA, USA","Osaka, India",Delivered,2026-03-04,2026-03-05,1706.39
SHIP02695,SO02695,FedEx Freight,TRK-FED-45468419,"Dallas, TX, USA","Dallas, Japan",Delivered,2026-04-26,2026-04-26,400.75
SHIP02696,SO02696,Kuehne + Nagel,TRK-KUE-19633182,"Stuttgart, Germany","Birmingham, South Korea",Delivered,2025-09-28,2025-09-29,517.59
SHIP02697,SO02697,Maersk Logistics,TRK-MAE-70868253,"Taipei, Taiwan","Bengaluru, United States",Delivered,2026-01-12,2026-01-12,553.76
SHIP02698,SO02698,DHL Express,TRK-DHL-53741624,"London, UK","Hamilton, United Kingdom",In Transit,2025-09-22,,910.38
SHIP02699,SO02699,DHL Express,TRK-DHL-87283740,"Munich, Germany","Hsinchu, South Korea",Delayed,2025-11-21,,331.78
SHIP02700,SO02700,FedEx Freight,TRK-FED-35350384,"Seattle, WA, USA","Ningbo, Canada",In Transit,2025-09-04,,789.77
SHIP02701,SO02701,Maersk Logistics,TRK-MAE-59439414,"Taipei, Taiwan","Bengaluru, Vietnam",Delivered,2026-04-25,2026-05-03,234.88
SHIP02702,SO02702,Kuehne + Nagel,TRK-KUE-71833758,"Taipei, Taiwan","Incheon, Vietnam",In Transit,2026-04-20,,874.61
SHIP02703,SO02703,FedEx Freight,TRK-FED-81222212,"Bengaluru, India","Monterrey, Canada",Delivered,2026-02-21,2026-02-22,1698.78
SHIP02704,SO02704,DB Schenker,TRK-DB -37349261,"Tokyo, Japan","Querétaro, United States",Delivered,2026-01-21,2026-01-22,841.86
SHIP02705,SO02705,DHL Express,TRK-DHL-36655076,"Seattle, WA, USA","Taipei, Germany",Delivered,2026-04-15,2026-04-16,1106.74
SHIP02706,SO02706,UPS Supply Chain,TRK-UPS-42394123,"Taipei, Taiwan","Incheon, Vietnam",Delivered,2026-01-12,2026-01-12,1311.81
SHIP02707,SO02707,DHL Express,TRK-DHL-98009097,"Frankfurt, Germany","Seoul, India",Delivered,2026-05-19,2026-05-18,320.93
SHIP02708,SO02708,UPS Supply Chain,TRK-UPS-36393913,"Tokyo, Japan","Stuttgart, China",Delivered,2026-02-13,2026-02-13,771.93
SHIP02709,SO02709,Kuehne + Nagel,TRK-KUE-17075578,"Tokyo, Japan","Dallas, United Kingdom",Preparing,2026-06-27,,1702.82
SHIP02710,SO02710,FedEx Freight,TRK-FED-48760682,"Stuttgart, Germany","Hsinchu, Japan",Delayed,2026-02-07,,1581.45
SHIP02711,SO02711,Maersk Logistics,TRK-MAE-69366211,"Frankfurt, Germany","Hsinchu, China",In Transit,2025-10-30,,283.92
SHIP02712,SO02712,Maersk Logistics,TRK-MAE-89651226,"Melbourne, Australia","Hai Phong, Germany",Delivered,2025-09-30,2025-09-30,702.26
SHIP02713,SO02713,DHL Express,TRK-DHL-61203759,"Dallas, TX, USA","Chicago, Taiwan",Delivered,2025-11-17,2025-11-18,487.82
SHIP02714,SO02714,DB Schenker,TRK-DB -38769948,"Taipei, Taiwan","Monterrey, Japan",Delivered,2026-04-10,2026-04-11,1270.51
SHIP02715,SO02715,DB Schenker,TRK-DB -20526143,"Hamburg, Germany","Munich, China",In Transit,2025-11-08,,1271.56
SHIP02716,SO02716,DHL Express,TRK-DHL-53708274,"Yokohama, Japan","Dortmund, Mexico",In Transit,2025-10-19,,263.49
SHIP02717,SO02717,Maersk Logistics,TRK-MAE-85154177,"Osaka, Japan","Hamilton, Germany",Delivered,2025-10-01,2025-09-30,478.14
SHIP02718,SO02718,Kuehne + Nagel,TRK-KUE-57351273,"Guadalajara, Mexico","Osaka, Germany",In Transit,2025-09-23,,109.88
SHIP02719,SO02719,FedEx Freight,TRK-FED-95819148,"Guadalajara, Mexico","Detroit, Japan",Delayed,2025-12-20,,555.32
SHIP02720,SO02720,DB Schenker,TRK-DB -70728265,"Tokyo, Japan","Dallas, United Kingdom",In Transit,2026-03-05,,1010.58
SHIP02721,SO02721,UPS Supply Chain,TRK-UPS-87432103,"Seattle, WA, USA","Incheon, Vietnam",Preparing,2026-01-28,,1732.32
SHIP02722,SO02722,Maersk Logistics,TRK-MAE-48897074,"Osaka, Japan","Querétaro, China",Delivered,2026-05-24,2026-05-25,1236.78
SHIP02723,SO02723,Kuehne + Nagel,TRK-KUE-81636265,"Rotterdam, Netherlands","Bengaluru, Taiwan",Delivered,2026-05-24,2026-05-26,599.81
SHIP02724,SO02724,Maersk Logistics,TRK-MAE-91785002,"Los Angeles, CA, USA","Querétaro, United States",Delivered,2026-03-07,2026-03-07,1607.91
SHIP02725,SO02725,Kuehne + Nagel,TRK-KUE-79733910,"Incheon, South Korea","Shenzhen, Germany",In Transit,2025-10-01,,1436.06
SHIP02726,SO02726,DB Schenker,TRK-DB -97654937,"Osaka, Japan","Suzhou, Germany",Delivered,2026-04-07,2026-04-14,551.93
SHIP02727,SO02727,UPS Supply Chain,TRK-UPS-28743825,"Guadalajara, Mexico","Pune, United States",In Transit,2025-10-12,,451.88
SHIP02728,SO02728,DHL Express,TRK-DHL-23955127,"Detroit, MI, USA","Tokyo, United Kingdom",Delivered,2026-04-05,2026-04-04,1826.21
SHIP02729,SO02729,Kuehne + Nagel,TRK-KUE-89384483,"Monterrey, Mexico","Shenzhen, Germany",Delivered,2026-01-18,2026-01-17,682.01
SHIP02730,SO02730,FedEx Freight,TRK-FED-18349537,"Seattle, WA, USA","Incheon, United Kingdom",In Transit,2025-12-26,,1124.44
SHIP02731,SO02731,UPS Supply Chain,TRK-UPS-49240528,"Dallas, TX, USA","Suzhou, Mexico",Delivered,2026-04-13,2026-04-12,1506.76
SHIP02732,SO02732,Maersk Logistics,TRK-MAE-32327656,"Yokohama, Japan","Munich, Vietnam",In Transit,2025-11-09,,1199.76
SHIP02733,SO02733,UPS Supply Chain,TRK-UPS-76259374,"Monterrey, Mexico","Taipei, China",Delayed,2026-05-19,,243.99
SHIP02734,SO02734,FedEx Freight,TRK-FED-87599977,Singapore,"Monterrey, Japan",Delivered,2025-12-03,2025-12-04,751.5
SHIP02735,SO02735,DB Schenker,TRK-DB -63810057,Singapore,"Pune, China",Delivered,2025-09-11,2025-09-19,418.68
SHIP02736,SO02736,DHL Express,TRK-DHL-87344853,"Osaka, Japan","Monterrey, Germany",Delivered,2025-11-06,2025-11-14,334.54
SHIP02737,SO02737,DB Schenker,TRK-DB -46648354,"Toronto, Canada","Tokyo, Germany",Delivered,2025-10-21,2025-10-24,1268.44
SHIP02738,SO02738,Maersk Logistics,TRK-MAE-50430836,"Guadalajara, Mexico","Querétaro, Japan",In Transit,2026-04-26,,1677.93
SHIP02739,SO02739,Kuehne + Nagel,TRK-KUE-20489835,"Stuttgart, Germany","Hamilton, Vietnam",In Transit,2026-04-05,,1328.48
SHIP02740,SO02740,DHL Express,TRK-DHL-14012266,"Atlanta, GA, USA","Hai Phong, United States",Delivered,2026-06-06,2026-06-06,450.62
SHIP02741,SO02741,FedEx Freight,TRK-FED-65085084,"Munich, Germany","Shenzhen, United Kingdom",Returned,2026-05-10,2026-05-19,1711.24
SHIP02742,SO02742,UPS Supply Chain,TRK-UPS-35045219,"Munich, Germany","Munich, Mexico",Preparing,2025-12-26,,144.22
SHIP02743,SO02743,DHL Express,TRK-DHL-97360110,"Tokyo, Japan","Nagoya, Canada",Delivered,2026-02-09,2026-02-09,1027.44
SHIP02744,SO02744,DHL Express,TRK-DHL-35016926,"Shenzhen, China","Suzhou, Vietnam",Delivered,2026-04-15,2026-04-16,1496.01
SHIP02745,SO02745,UPS Supply Chain,TRK-UPS-47368212,"Monterrey, Mexico","Nagoya, Vietnam",Delivered,2026-02-21,2026-02-22,835.69
SHIP02746,SO02746,Maersk Logistics,TRK-MAE-11782558,"Munich, Germany","Shenzhen, Vietnam",In Transit,2026-07-18,,623.88
SHIP02747,SO02747,DB Schenker,TRK-DB -41717766,"Dallas, TX, USA","Tokyo, India",In Transit,2026-03-11,,1372.78
SHIP02748,SO02748,UPS Supply Chain,TRK-UPS-28358347,Singapore,"Dallas, China",In Transit,2025-11-29,,1823.2
SHIP02749,SO02749,DHL Express,TRK-DHL-66591313,"Stuttgart, Germany","Pune, Japan",Delivered,2026-02-24,2026-02-24,1518.1
SHIP02750,SO02750,UPS Supply Chain,TRK-UPS-87327724,"Stuttgart, Germany","Munich, Japan",In Transit,2026-03-24,,674.4
SHIP02751,SO02751,DB Schenker,TRK-DB -85559709,"Pune, India","Dallas, India",Delayed,2026-05-17,,896.47
SHIP02752,SO02752,FedEx Freight,TRK-FED-19150511,"Taipei, Taiwan","Nagoya, Taiwan",In Transit,2026-04-29,,1508.08
SHIP02753,SO02753,Maersk Logistics,TRK-MAE-49838177,"Seattle, WA, USA","Munich, Germany",Delivered,2026-06-09,2026-06-09,1848.0
SHIP02754,SO02754,Kuehne + Nagel,TRK-KUE-76799911,"Pune, India","Bengaluru, Germany",Delayed,2026-03-01,,1317.87
SHIP02755,SO02755,Kuehne + Nagel,TRK-KUE-46818744,"Taipei, Taiwan","Seoul, Japan",In Transit,2025-11-27,,906.09
SHIP02756,SO02756,Maersk Logistics,TRK-MAE-65014131,"Munich, Germany","Stuttgart, China",Delivered,2026-02-14,2026-02-13,1570.62
SHIP02757,SO02757,UPS Supply Chain,TRK-UPS-66959180,"Detroit, MI, USA","Monterrey, Japan",Delivered,2025-10-23,2025-10-30,147.93
SHIP02758,SO02758,FedEx Freight,TRK-FED-61515010,"Pune, India","Taipei, Canada",In Transit,2026-02-28,,377.36
SHIP02759,SO02759,DB Schenker,TRK-DB -22420744,"Atlanta, GA, USA","Hai Phong, Germany",Delivered,2025-11-09,2025-11-08,1329.03
SHIP02760,SO02760,DHL Express,TRK-DHL-41677339,"Guadalajara, Mexico","Stuttgart, Canada",In Transit,2026-06-26,,484.46
SHIP02761,SO02761,UPS Supply Chain,TRK-UPS-19923857,"Munich, Germany","Dortmund, India",Delivered,2026-02-08,2026-02-09,609.4
SHIP02762,SO02762,DB Schenker,TRK-DB -95085768,"Hamburg, Germany","Osaka, South Korea",Delivered,2026-03-06,2026-03-06,1376.16
SHIP02763,SO02763,DHL Express,TRK-DHL-73179930,Singapore,"Incheon, United States",Delayed,2026-03-21,,1698.02
SHIP02764,SO02764,Maersk Logistics,TRK-MAE-62525785,"Los Angeles, CA, USA","Nagoya, United States",Delivered,2026-04-05,2026-04-05,1270.99
SHIP02765,SO02765,DB Schenker,TRK-DB -29948193,"Frankfurt, Germany","Hamilton, South Korea",Preparing,2026-04-22,,1186.67
SHIP02766,SO02766,DB Schenker,TRK-DB -84190607,"Bengaluru, India","Detroit, China",In Transit,2026-05-27,,755.67
SHIP02767,SO02767,UPS Supply Chain,TRK-UPS-59117583,"Bengaluru, India","Shenzhen, United States",Delivered,2026-06-21,2026-06-22,1440.33
SHIP02768,SO02768,Maersk Logistics,TRK-MAE-49449841,"Taipei, Taiwan","Suzhou, Germany",In Transit,2026-05-06,,958.72
SHIP02769,SO02769,DHL Express,TRK-DHL-59898841,Singapore,"Detroit, Germany",In Transit,2025-09-26,,1810.51
SHIP02770,SO02770,Kuehne + Nagel,TRK-KUE-32660129,"Osaka, Japan","Querétaro, Taiwan",Delivered,2025-12-25,2025-12-24,1073.09
SHIP02771,SO02771,Kuehne + Nagel,TRK-KUE-78757035,"Toronto, Canada","Monterrey, Taiwan",Delivered,2025-12-17,2025-12-17,271.39
SHIP02772,SO02772,DHL Express,TRK-DHL-74710483,"Munich, Germany","Stuttgart, United States",Preparing,2025-09-29,,514.52
SHIP02773,SO02773,Kuehne + Nagel,TRK-KUE-16013841,"Shenzhen, China","Dortmund, China",In Transit,2026-05-03,,1662.45
SHIP02774,SO02774,FedEx Freight,TRK-FED-27791417,"Stuttgart, Germany","Stuttgart, Japan",In Transit,2026-07-11,,468.96
SHIP02775,SO02775,FedEx Freight,TRK-FED-61409506,"Stuttgart, Germany","Bengaluru, India",Delayed,2026-01-17,,1006.36
SHIP02776,SO02776,Kuehne + Nagel,TRK-KUE-96652356,"Hamburg, Germany","Pune, United States",Delivered,2026-05-08,2026-05-08,606.94
SHIP02777,SO02777,UPS Supply Chain,TRK-UPS-99830869,"Seattle, WA, USA","Dallas, Germany",Preparing,2025-10-17,,1484.07
SHIP02778,SO02778,DHL Express,TRK-DHL-83241058,"Toronto, Canada","Osaka, United Kingdom",In Transit,2026-02-02,,127.03
SHIP02779,SO02779,Kuehne + Nagel,TRK-KUE-73809459,"Incheon, South Korea","Dortmund, Japan",In Transit,2026-02-05,,123.6
SHIP02780,SO02780,DHL Express,TRK-DHL-87332454,"Detroit, MI, USA","Dallas, Vietnam",Delayed,2026-02-20,,1250.02
SHIP02781,SO02781,Maersk Logistics,TRK-MAE-47826759,"Pune, India","Birmingham, China",Delivered,2026-07-05,2026-07-06,1109.29
SHIP02782,SO02782,UPS Supply Chain,TRK-UPS-59696958,"Toronto, Canada","Pune, Japan",Delivered,2025-09-27,2025-09-28,1710.69
SHIP02783,SO02783,Maersk Logistics,TRK-MAE-66965876,"Tokyo, Japan","Monterrey, China",In Transit,2025-09-26,,1727.73
SHIP02784,SO02784,Maersk Logistics,TRK-MAE-22018063,"Yokohama, Japan","Munich, Canada",Delivered,2025-09-27,2025-10-05,637.71
SHIP02785,SO02785,Kuehne + Nagel,TRK-KUE-54538253,"Seattle, WA, USA","Seoul, Mexico",In Transit,2026-03-14,,1531.0
SHIP02786,SO02786,DHL Express,TRK-DHL-80506597,"Chicago, IL, USA","Nagoya, China",Delivered,2025-10-03,2025-10-02,252.05
SHIP02787,SO02787,Kuehne + Nagel,TRK-KUE-93436627,"Atlanta, GA, USA","Tokyo, Mexico",In Transit,2026-07-03,,263.72
SHIP02788,SO02788,DB Schenker,TRK-DB -60265172,"Tokyo, Japan","Pune, United States",Delivered,2025-12-12,2025-12-11,247.43
SHIP02789,SO02789,Kuehne + Nagel,TRK-KUE-22075318,"Yokohama, Japan","Seoul, Mexico",Delivered,2026-05-27,2026-05-26,116.14
SHIP02790,SO02790,Maersk Logistics,TRK-MAE-80970338,"Dallas, TX, USA","Hsinchu, United Kingdom",Delivered,2026-07-15,2026-07-15,720.94
SHIP02791,SO02791,Kuehne + Nagel,TRK-KUE-91123501,"Monterrey, Mexico","Detroit, South Korea",In Transit,2026-03-11,,795.39
SHIP02792,SO02792,DHL Express,TRK-DHL-80201816,"Los Angeles, CA, USA","Hai Phong, Japan",Delivered,2025-09-14,2025-09-14,1808.09
SHIP02793,SO02793,DHL Express,TRK-DHL-85146008,"Monterrey, Mexico","Hsinchu, United Kingdom",Delayed,2025-09-29,,1058.62
SHIP02794,SO02794,DHL Express,TRK-DHL-84336009,"Shenzhen, China","Hsinchu, Mexico",In Transit,2026-03-03,,697.69
SHIP02795,SO02795,FedEx Freight,TRK-FED-66063979,"Tokyo, Japan","Taipei, Taiwan",Delivered,2026-07-04,2026-07-03,127.15
SHIP02796,SO02796,Maersk Logistics,TRK-MAE-62221463,"Seattle, WA, USA","Munich, Taiwan",Delivered,2026-01-31,2026-02-06,207.78
SHIP02797,SO02797,FedEx Freight,TRK-FED-95233513,"Seattle, WA, USA","Dallas, United States",Delivered,2026-04-06,2026-04-06,1235.32
SHIP02798,SO02798,FedEx Freight,TRK-FED-35073787,"Shenzhen, China","Nagoya, United States",Delivered,2026-05-11,2026-05-11,1643.68
SHIP02799,SO02799,Kuehne + Nagel,TRK-KUE-93745885,"Yokohama, Japan","Stuttgart, Germany",Preparing,2026-05-20,,560.44
SHIP02800,SO02800,Maersk Logistics,TRK-MAE-54669380,"Dallas, TX, USA","Hai Phong, India",Delivered,2025-09-26,2025-09-26,773.78
SHIP02801,SO02801,DB Schenker,TRK-DB -28982095,"Atlanta, GA, USA","Seoul, India",Delivered,2025-12-24,2025-12-24,45.85
SHIP02802,SO02802,UPS Supply Chain,TRK-UPS-91043489,"Stuttgart, Germany","Dortmund, China",Delayed,2025-11-04,,1179.44
SHIP02803,SO02803,UPS Supply Chain,TRK-UPS-21768427,"Chicago, IL, USA","Querétaro, China",Delivered,2025-12-05,2025-12-05,872.61
SHIP02804,SO02804,DHL Express,TRK-DHL-33974761,"Seattle, WA, USA","Hai Phong, United States",Delivered,2026-07-17,2026-07-16,1528.59
SHIP02805,SO02805,Maersk Logistics,TRK-MAE-61012833,"Melbourne, Australia","Chicago, Japan",Delivered,2025-10-27,2025-10-28,791.27
SHIP02806,SO02806,DB Schenker,TRK-DB -82593663,"Monterrey, Mexico","Birmingham, China",In Transit,2025-10-04,,121.7
SHIP02807,SO02807,Kuehne + Nagel,TRK-KUE-31601931,"Detroit, MI, USA","Hai Phong, Mexico",In Transit,2026-01-01,,1079.58
SHIP02808,SO02808,DB Schenker,TRK-DB -77749751,"Toronto, Canada","Birmingham, Vietnam",Delivered,2026-03-21,2026-03-21,837.36
SHIP02809,SO02809,UPS Supply Chain,TRK-UPS-35090796,"Guadalajara, Mexico","Munich, Taiwan",Delivered,2026-03-28,2026-03-29,1112.01
SHIP02810,SO02810,FedEx Freight,TRK-FED-34454803,"Rotterdam, Netherlands","Monterrey, United States",Preparing,2026-06-29,,175.49
SHIP02811,SO02811,FedEx Freight,TRK-FED-26622444,"Hamburg, Germany","Chicago, Germany",Delivered,2025-11-19,2025-11-18,611.63
SHIP02812,SO02812,Maersk Logistics,TRK-MAE-17261347,"Atlanta, GA, USA","Suzhou, United States",In Transit,2026-04-29,,1264.23
SHIP02813,SO02813,DHL Express,TRK-DHL-49907228,"Atlanta, GA, USA","Birmingham, Vietnam",Delivered,2026-07-23,2026-07-24,434.0
SHIP02814,SO02814,FedEx Freight,TRK-FED-82266776,"Munich, Germany","Hai Phong, South Korea",Delivered,2026-04-23,2026-04-26,362.75
SHIP02815,SO02815,Kuehne + Nagel,TRK-KUE-48686682,"Chicago, IL, USA","Shenzhen, Mexico",Delivered,2025-12-01,2025-12-04,1541.58
SHIP02816,SO02816,FedEx Freight,TRK-FED-98468356,"Bengaluru, India","Taipei, Taiwan",Delivered,2026-04-24,2026-04-25,719.29
SHIP02817,SO02817,Maersk Logistics,TRK-MAE-27410617,"Chicago, IL, USA","Dallas, China",In Transit,2026-02-09,,427.36
SHIP02818,SO02818,Kuehne + Nagel,TRK-KUE-41465678,"Monterrey, Mexico","Pune, Mexico",Delivered,2026-07-24,2026-07-24,1681.64
SHIP02819,SO02819,Kuehne + Nagel,TRK-KUE-95663626,"Frankfurt, Germany","Dallas, Germany",Delivered,2026-03-05,2026-03-12,597.6
SHIP02820,SO02820,Maersk Logistics,TRK-MAE-72995477,"Rotterdam, Netherlands","Shenzhen, United States",Returned,2026-07-12,2026-07-17,1365.89
SHIP02821,SO02821,UPS Supply Chain,TRK-UPS-20686748,"Guadalajara, Mexico","Detroit, India",In Transit,2026-02-03,,1043.36
SHIP02822,SO02822,UPS Supply Chain,TRK-UPS-74729250,"Chicago, IL, USA","Nagoya, United Kingdom",Delayed,2026-01-06,,158.16
SHIP02823,SO02823,Maersk Logistics,TRK-MAE-83330703,"Los Angeles, CA, USA","Taipei, Germany",Delivered,2025-11-26,2025-11-28,1617.39
SHIP02824,SO02824,DHL Express,TRK-DHL-11870156,"Detroit, MI, USA","Detroit, Canada",In Transit,2026-01-19,,227.21
SHIP02825,SO02825,UPS Supply Chain,TRK-UPS-53285103,"Tokyo, Japan","Birmingham, Germany",Delivered,2025-12-18,2025-12-19,606.37
SHIP02826,SO02826,FedEx Freight,TRK-FED-58441902,"Dallas, TX, USA","Shenzhen, Japan",Delivered,2026-06-07,2026-06-06,437.84
SHIP02827,SO02827,FedEx Freight,TRK-FED-67331209,"Frankfurt, Germany","Incheon, China",Delivered,2025-10-06,2025-10-05,1681.53
SHIP02828,SO02828,Kuehne + Nagel,TRK-KUE-51044003,"Pune, India","Monterrey, India",Delayed,2025-11-17,,229.35
SHIP02829,SO02829,FedEx Freight,TRK-FED-62065388,"Seattle, WA, USA","Detroit, Japan",Delivered,2025-10-04,2025-10-04,1490.83
SHIP02830,SO02830,Kuehne + Nagel,TRK-KUE-62137934,"Dallas, TX, USA","Seoul, South Korea",In Transit,2026-05-27,,111.91
SHIP02831,SO02831,UPS Supply Chain,TRK-UPS-48098575,"Dallas, TX, USA","Dortmund, Japan",Preparing,2025-10-29,,1569.36
SHIP02832,SO02832,DHL Express,TRK-DHL-47288818,"Guadalajara, Mexico","Incheon, South Korea",Delivered,2026-02-12,2026-02-11,1622.97
SHIP02833,SO02833,Maersk Logistics,TRK-MAE-92870095,"Frankfurt, Germany","Querétaro, South Korea",Preparing,2025-09-18,,1016.2
SHIP02834,SO02834,Maersk Logistics,TRK-MAE-10716118,"Tokyo, Japan","Stuttgart, United States",Delivered,2026-01-09,2026-01-15,1289.29
SHIP02835,SO02835,FedEx Freight,TRK-FED-80687874,"Toronto, Canada","Birmingham, Mexico",Delivered,2026-03-01,2026-02-28,1384.71
SHIP02836,SO02836,DB Schenker,TRK-DB -94135595,"Atlanta, GA, USA","Hamilton, Taiwan",Delayed,2025-12-29,,1389.21
SHIP02837,SO02837,Maersk Logistics,TRK-MAE-57505434,"Munich, Germany","Detroit, Germany",Delivered,2025-12-11,2025-12-11,1403.49
SHIP02838,SO02838,UPS Supply Chain,TRK-UPS-82518604,"Stuttgart, Germany","Stuttgart, China",Delivered,2026-05-05,2026-05-04,1003.23
SHIP02839,SO02839,DHL Express,TRK-DHL-30587870,"Los Angeles, CA, USA","Dallas, Japan",Delivered,2025-11-14,2025-11-13,696.32
SHIP02840,SO02840,UPS Supply Chain,TRK-UPS-57765088,"Los Angeles, CA, USA","Shenzhen, Germany",Delivered,2025-11-24,2025-11-25,1130.49
SHIP02841,SO02841,DHL Express,TRK-DHL-53053910,"Incheon, South Korea","Birmingham, Mexico",Delivered,2025-10-27,2025-10-28,501.21
SHIP02842,SO02842,Kuehne + Nagel,TRK-KUE-52044776,"Tokyo, Japan","Nagoya, Germany",Delivered,2026-03-24,2026-03-24,1166.66
SHIP02843,SO02843,Kuehne + Nagel,TRK-KUE-37237364,"Detroit, MI, USA","Shenzhen, Japan",Delivered,2026-05-29,2026-05-28,1339.65
SHIP02844,SO02844,Maersk Logistics,TRK-MAE-46311797,"Monterrey, Mexico","Shenzhen, United Kingdom",In Transit,2026-06-28,,1559.16
SHIP02845,SO02845,UPS Supply Chain,TRK-UPS-21793557,"Tokyo, Japan","Pune, Germany",Returned,2026-03-29,2026-04-07,242.82
SHIP02846,SO02846,Maersk Logistics,TRK-MAE-84257728,"Dallas, TX, USA","Bengaluru, South Korea",Delivered,2025-11-01,2025-10-31,1327.68
SHIP02847,SO02847,Maersk Logistics,TRK-MAE-65663904,"Detroit, MI, USA","Hamilton, Japan",Delivered,2026-06-16,2026-06-16,1312.83
SHIP02848,SO02848,UPS Supply Chain,TRK-UPS-49958086,"Los Angeles, CA, USA","Incheon, China",Delivered,2026-06-04,2026-06-08,1380.51
SHIP02849,SO02849,DB Schenker,TRK-DB -82517686,"Tokyo, Japan","Hai Phong, United States",Preparing,2026-06-01,,1012.95
SHIP02850,SO02850,UPS Supply Chain,TRK-UPS-20723366,"London, UK","Dortmund, China",Delivered,2026-01-06,2026-01-06,74.29
SHIP02851,SO02851,DHL Express,TRK-DHL-94275238,"Melbourne, Australia","Shenzhen, United States",Delivered,2026-05-05,2026-05-06,1370.77
SHIP02852,SO02852,FedEx Freight,TRK-FED-73024021,"Stuttgart, Germany","Hamilton, United Kingdom",Delayed,2026-07-11,,1525.55
SHIP02853,SO02853,UPS Supply Chain,TRK-UPS-19391366,"Yokohama, Japan","Incheon, South Korea",Delayed,2025-12-15,,576.47
SHIP02854,SO02854,Kuehne + Nagel,TRK-KUE-22052440,Singapore,"Munich, United States",Delivered,2025-12-02,2025-12-01,308.13
SHIP02855,SO02855,UPS Supply Chain,TRK-UPS-18034573,"Detroit, MI, USA","Dallas, Germany",Delivered,2026-06-04,2026-06-08,1499.96
SHIP02856,SO02856,DB Schenker,TRK-DB -47328214,Singapore,"Detroit, Japan",In Transit,2025-10-05,,71.92
SHIP02857,SO02857,Kuehne + Nagel,TRK-KUE-76681759,"Seattle, WA, USA","Pune, United Kingdom",Delivered,2026-06-21,2026-06-22,1639.79
SHIP02858,SO02858,Kuehne + Nagel,TRK-KUE-91035603,Singapore,"Tokyo, Japan",Delivered,2025-10-12,2025-10-15,1137.01
SHIP02859,SO02859,DHL Express,TRK-DHL-39173165,"Pune, India","Tokyo, China",Delayed,2025-12-01,,417.84
SHIP02860,SO02860,FedEx Freight,TRK-FED-48575510,"Shenzhen, China","Dallas, Japan",Preparing,2025-10-20,,1356.64
SHIP02861,SO02861,DB Schenker,TRK-DB -63476978,"Monterrey, Mexico","Dortmund, Japan",Delivered,2025-10-04,2025-10-05,1558.4
SHIP02862,SO02862,Kuehne + Nagel,TRK-KUE-95740758,"Munich, Germany","Bengaluru, United States",Delivered,2026-03-12,2026-03-20,377.26
SHIP02863,SO02863,UPS Supply Chain,TRK-UPS-54700149,"Incheon, South Korea","Monterrey, South Korea",Delivered,2025-12-16,2025-12-15,456.85
SHIP02864,SO02864,UPS Supply Chain,TRK-UPS-33548664,"Melbourne, Australia","Hsinchu, Taiwan",Delivered,2025-11-28,2025-11-28,333.83
SHIP02865,SO02865,Kuehne + Nagel,TRK-KUE-72327373,Singapore,"Munich, United States",Delivered,2026-06-21,2026-06-21,636.61
SHIP02866,SO02866,FedEx Freight,TRK-FED-58990552,"Hamburg, Germany","Shenzhen, India",Returned,2026-03-23,2026-03-31,1433.26
SHIP02867,SO02867,DB Schenker,TRK-DB -79227204,"Rotterdam, Netherlands","Munich, Mexico",Delayed,2026-02-01,,341.06
SHIP02868,SO02868,UPS Supply Chain,TRK-UPS-82663896,"Toronto, Canada","Shenzhen, South Korea",In Transit,2025-09-08,,464.46
SHIP02869,SO02869,DHL Express,TRK-DHL-28470930,"Toronto, Canada","Nagoya, India",Delayed,2025-11-15,,209.66
SHIP02870,SO02870,Maersk Logistics,TRK-MAE-50531369,"Taipei, Taiwan","Ningbo, United Kingdom",Delayed,2026-05-08,,440.83
SHIP02871,SO02871,DB Schenker,TRK-DB -72652135,"Hamburg, Germany","Shenzhen, Japan",Delayed,2026-04-11,,1543.25
SHIP02872,SO02872,FedEx Freight,TRK-FED-35338254,Singapore,"Chicago, Taiwan",Preparing,2026-05-12,,108.93
SHIP02873,SO02873,Maersk Logistics,TRK-MAE-45938681,"Los Angeles, CA, USA","Tokyo, China",Delivered,2025-11-12,2025-11-16,981.52
SHIP02874,SO02874,Kuehne + Nagel,TRK-KUE-90580295,"Atlanta, GA, USA","Detroit, Mexico",Delivered,2026-07-25,2026-07-30,859.08
SHIP02875,SO02875,UPS Supply Chain,TRK-UPS-74019902,"Pune, India","Osaka, China",In Transit,2025-11-06,,1275.4
SHIP02876,SO02876,DHL Express,TRK-DHL-55163041,"Melbourne, Australia","Dallas, Canada",Delayed,2026-05-03,,778.62
SHIP02877,SO02877,UPS Supply Chain,TRK-UPS-10349122,"London, UK","Nagoya, Germany",Delivered,2025-10-21,2025-10-20,281.56
SHIP02878,SO02878,DB Schenker,TRK-DB -33613307,"Melbourne, Australia","Incheon, Mexico",Delayed,2026-05-10,,362.88
SHIP02879,SO02879,UPS Supply Chain,TRK-UPS-68726439,"Pune, India","Pune, China",Delivered,2025-11-27,2025-12-03,147.93
SHIP02880,SO02880,Maersk Logistics,TRK-MAE-86171111,"Taipei, Taiwan","Hsinchu, Japan",Delayed,2026-06-26,,1194.5
SHIP02881,SO02881,DB Schenker,TRK-DB -74990071,"Pune, India","Seoul, Germany",Delayed,2026-01-16,,888.73
SHIP02882,SO02882,UPS Supply Chain,TRK-UPS-86407713,"Shenzhen, China","Hamilton, Japan",Delayed,2026-01-05,,1556.15
SHIP02883,SO02883,FedEx Freight,TRK-FED-44375884,"Hamburg, Germany","Tokyo, Mexico",Preparing,2025-09-18,,946.39
SHIP02884,SO02884,DB Schenker,TRK-DB -32420797,"Munich, Germany","Querétaro, Vietnam",Preparing,2026-01-30,,556.9
SHIP02885,SO02885,FedEx Freight,TRK-FED-74146663,"Shenzhen, China","Hamilton, Japan",In Transit,2026-03-06,,1195.34
SHIP02886,SO02886,DHL Express,TRK-DHL-19271914,"Tokyo, Japan","Bengaluru, United States",Delivered,2026-06-04,2026-06-09,83.89
SHIP02887,SO02887,Maersk Logistics,TRK-MAE-94028702,"Bengaluru, India","Taipei, China",Delivered,2026-03-18,2026-03-17,1551.82
SHIP02888,SO02888,DHL Express,TRK-DHL-29049331,"Seattle, WA, USA","Nagoya, Germany",Delivered,2026-07-21,2026-07-21,1563.98
SHIP02889,SO02889,UPS Supply Chain,TRK-UPS-32432870,"Guadalajara, Mexico","Stuttgart, India",Preparing,2026-01-24,,45.15
SHIP02890,SO02890,DHL Express,TRK-DHL-39177270,"Melbourne, Australia","Dallas, Japan",Delivered,2026-05-15,2026-05-16,157.28
SHIP02891,SO02891,DB Schenker,TRK-DB -41143676,"Bengaluru, India","Bengaluru, India",Delayed,2025-12-28,,112.04
SHIP02892,SO02892,DHL Express,TRK-DHL-83691929,"Los Angeles, CA, USA","Munich, India",Delivered,2026-04-11,2026-04-10,851.76
SHIP02893,SO02893,Kuehne + Nagel,TRK-KUE-44614115,"Los Angeles, CA, USA","Birmingham, China",Delayed,2026-01-11,,1179.0
SHIP02894,SO02894,DB Schenker,TRK-DB -38196542,"Osaka, Japan","Hamilton, Japan",Delivered,2026-01-23,2026-01-24,1067.32
SHIP02895,SO02895,Maersk Logistics,TRK-MAE-80041478,"Tokyo, Japan","Hamilton, Germany",Delivered,2025-12-18,2025-12-18,221.31
SHIP02896,SO02896,Maersk Logistics,TRK-MAE-32823571,"Detroit, MI, USA","Hai Phong, Japan",In Transit,2026-05-04,,537.82
SHIP02897,SO02897,Kuehne + Nagel,TRK-KUE-71065873,"Munich, Germany","Chicago, Taiwan",Delivered,2025-10-22,2025-10-21,1042.1
SHIP02898,SO02898,DB Schenker,TRK-DB -61674936,"Frankfurt, Germany","Querétaro, China",In Transit,2026-04-14,,1408.59
SHIP02899,SO02899,FedEx Freight,TRK-FED-17482866,"Taipei, Taiwan","Hamilton, Mexico",Delivered,2025-09-26,2025-10-01,829.69
SHIP02900,SO02900,UPS Supply Chain,TRK-UPS-54893625,"Monterrey, Mexico","Taipei, Mexico",Delivered,2026-02-15,2026-02-16,804.29
SHIP02901,SO02901,DB Schenker,TRK-DB -48419214,"Yokohama, Japan","Stuttgart, Taiwan",In Transit,2025-12-23,,234.93
SHIP02902,SO02902,DHL Express,TRK-DHL-68476050,"Detroit, MI, USA","Birmingham, Mexico",Delivered,2025-12-01,2025-12-02,1466.28
SHIP02903,SO02903,UPS Supply Chain,TRK-UPS-86990902,"Los Angeles, CA, USA","Stuttgart, Mexico",Delivered,2026-03-26,2026-03-26,1710.78
SHIP02904,SO02904,Kuehne + Nagel,TRK-KUE-10470578,"Atlanta, GA, USA","Dallas, South Korea",In Transit,2026-03-12,,52.11
SHIP02905,SO02905,DHL Express,TRK-DHL-80672832,"Detroit, MI, USA","Taipei, South Korea",In Transit,2025-10-31,,300.39
SHIP02906,SO02906,UPS Supply Chain,TRK-UPS-55233772,"Detroit, MI, USA","Dallas, Mexico",Delivered,2026-06-05,2026-06-05,198.81
SHIP02907,SO02907,DHL Express,TRK-DHL-23829297,"Guadalajara, Mexico","Seoul, Taiwan",In Transit,2026-05-25,,1289.39
SHIP02908,SO02908,UPS Supply Chain,TRK-UPS-13980343,"Frankfurt, Germany","Shenzhen, South Korea",Preparing,2026-05-28,,926.69
SHIP02909,SO02909,FedEx Freight,TRK-FED-65503279,"Munich, Germany","Detroit, United States",Delayed,2026-01-02,,1555.17
SHIP02910,SO02910,FedEx Freight,TRK-FED-22175068,"Seattle, WA, USA","Osaka, South Korea",Delivered,2025-11-22,2025-11-27,1596.14
SHIP02911,SO02911,UPS Supply Chain,TRK-UPS-60040713,"Bengaluru, India","Dallas, China",In Transit,2026-07-13,,1492.83
SHIP02912,SO02912,UPS Supply Chain,TRK-UPS-46136430,"Los Angeles, CA, USA","Incheon, Japan",Delivered,2026-03-27,2026-03-26,1364.78
SHIP02913,SO02913,DB Schenker,TRK-DB -73370198,"Taipei, Taiwan","Querétaro, Taiwan",In Transit,2026-06-28,,899.71
SHIP02914,SO02914,DHL Express,TRK-DHL-42544076,"Tokyo, Japan","Shenzhen, Japan",Delayed,2026-05-13,,386.0
SHIP02915,SO02915,DHL Express,TRK-DHL-46380619,"Hamburg, Germany","Monterrey, Taiwan",In Transit,2026-03-26,,1155.83
SHIP02916,SO02916,FedEx Freight,TRK-FED-62690780,"Guadalajara, Mexico","Munich, China",Delivered,2025-11-17,2025-11-24,1753.1
SHIP02917,SO02917,DHL Express,TRK-DHL-84078895,"Toronto, Canada","Bengaluru, Japan",In Transit,2025-09-17,,285.32
SHIP02918,SO02918,DHL Express,TRK-DHL-30439819,"Frankfurt, Germany","Querétaro, Germany",Delayed,2025-10-31,,393.97
SHIP02919,SO02919,DHL Express,TRK-DHL-55412983,"Seattle, WA, USA","Stuttgart, China",In Transit,2026-03-26,,987.81
SHIP02920,SO02920,FedEx Freight,TRK-FED-86869017,"Yokohama, Japan","Munich, South Korea",In Transit,2025-10-23,,1073.18
SHIP02921,SO02921,DB Schenker,TRK-DB -27879640,"Shenzhen, China","Nagoya, China",Preparing,2026-06-01,,126.33
SHIP02922,SO02922,FedEx Freight,TRK-FED-77970930,"Guadalajara, Mexico","Pune, Vietnam",Delivered,2026-02-03,2026-02-09,200.19
SHIP02923,SO02923,DB Schenker,TRK-DB -14376047,"Taipei, Taiwan","Incheon, Japan",Delivered,2026-01-20,2026-01-19,1464.41
SHIP02924,SO02924,UPS Supply Chain,TRK-UPS-67035274,"Frankfurt, Germany","Munich, United States",Delayed,2026-07-27,,1422.44
SHIP02925,SO02925,Maersk Logistics,TRK-MAE-69928275,"Monterrey, Mexico","Dallas, China",Delivered,2026-04-25,2026-04-25,437.63
SHIP02926,SO02926,DHL Express,TRK-DHL-27428928,"Monterrey, Mexico","Osaka, China",In Transit,2026-03-20,,98.21
SHIP02927,SO02927,DB Schenker,TRK-DB -36431420,"London, UK","Osaka, Mexico",Returned,2025-10-21,2025-10-29,1102.88
SHIP02928,SO02928,UPS Supply Chain,TRK-UPS-77213931,"Shenzhen, China","Monterrey, Japan",Delivered,2026-02-04,2026-02-03,658.69
SHIP02929,SO02929,Maersk Logistics,TRK-MAE-78476549,"Pune, India","Monterrey, United Kingdom",Preparing,2025-11-04,,1226.15
SHIP02930,SO02930,Kuehne + Nagel,TRK-KUE-62510936,"Toronto, Canada","Ningbo, Germany",Delayed,2026-01-29,,207.8
SHIP02931,SO02931,DHL Express,TRK-DHL-53339199,"Stuttgart, Germany","Taipei, South Korea",Delivered,2025-11-16,2025-11-16,1624.26
SHIP02932,SO02932,DB Schenker,TRK-DB -44431627,"Chicago, IL, USA","Bengaluru, United States",Delivered,2025-12-16,2025-12-15,1012.76
SHIP02933,SO02933,UPS Supply Chain,TRK-UPS-36531434,"Shenzhen, China","Shenzhen, Canada",Delayed,2026-07-16,,469.94
SHIP02934,SO02934,FedEx Freight,TRK-FED-41618277,"Stuttgart, Germany","Dallas, China",Preparing,2026-01-23,,232.15
SHIP02935,SO02935,Maersk Logistics,TRK-MAE-83337593,"Chicago, IL, USA","Bengaluru, India",Delivered,2026-01-30,2026-02-07,1482.78
SHIP02936,SO02936,Maersk Logistics,TRK-MAE-30710362,"Taipei, Taiwan","Seoul, Mexico",In Transit,2025-10-26,,1719.8
SHIP02937,SO02937,DHL Express,TRK-DHL-81460372,Singapore,"Bengaluru, Taiwan",Delivered,2026-04-20,2026-04-28,1505.66
SHIP02938,SO02938,UPS Supply Chain,TRK-UPS-89036038,"Melbourne, Australia","Dallas, United States",In Transit,2026-02-02,,990.28
SHIP02939,SO02939,Maersk Logistics,TRK-MAE-16518752,"Bengaluru, India","Munich, Germany",Delivered,2025-09-30,2025-10-01,1063.36
SHIP02940,SO02940,DHL Express,TRK-DHL-43288899,"Bengaluru, India","Detroit, Japan",Delayed,2026-07-17,,252.2
SHIP02941,SO02941,DHL Express,TRK-DHL-56101474,"Tokyo, Japan","Pune, China",In Transit,2026-01-16,,524.93
SHIP02942,SO02942,Kuehne + Nagel,TRK-KUE-58110530,Singapore,"Seoul, Mexico",In Transit,2026-03-15,,1494.66
SHIP02943,SO02943,FedEx Freight,TRK-FED-90350284,"Taipei, Taiwan","Stuttgart, Japan",Delivered,2026-03-08,2026-03-08,304.93
SHIP02944,SO02944,FedEx Freight,TRK-FED-69116622,"Hamburg, Germany","Querétaro, United States",Delivered,2025-12-21,2025-12-20,1221.51
SHIP02945,SO02945,Maersk Logistics,TRK-MAE-65690600,"Los Angeles, CA, USA","Munich, United States",Delayed,2026-01-01,,197.38
SHIP02946,SO02946,Kuehne + Nagel,TRK-KUE-61578084,"Bengaluru, India","Incheon, Taiwan",In Transit,2025-09-24,,498.49
SHIP02947,SO02947,DB Schenker,TRK-DB -58485794,"Pune, India","Stuttgart, India",In Transit,2026-07-18,,196.55
SHIP02948,SO02948,DHL Express,TRK-DHL-40264104,"Pune, India","Hamilton, United States",In Transit,2026-02-21,,1315.43
SHIP02949,SO02949,Kuehne + Nagel,TRK-KUE-87031285,"Munich, Germany","Birmingham, United States",Delivered,2026-03-17,2026-03-16,1037.29
SHIP02950,SO02950,DHL Express,TRK-DHL-63581828,"Seattle, WA, USA","Stuttgart, Japan",Preparing,2025-11-23,,1701.47
SHIP02951,SO02951,Maersk Logistics,TRK-MAE-92819965,"London, UK","Tokyo, Mexico",Delivered,2025-12-30,2026-01-07,1583.18
SHIP02952,SO02952,FedEx Freight,TRK-FED-97909454,Singapore,"Shenzhen, Vietnam",Delivered,2026-02-04,2026-02-03,1830.37
SHIP02953,SO02953,UPS Supply Chain,TRK-UPS-48172143,"Hamburg, Germany","Ningbo, South Korea",Delivered,2026-01-28,2026-01-27,907.29
SHIP02954,SO02954,DB Schenker,TRK-DB -43812488,"Rotterdam, Netherlands","Hsinchu, South Korea",Delivered,2025-09-19,2025-09-18,1246.6
SHIP02955,SO02955,DHL Express,TRK-DHL-11301277,"Osaka, Japan","Seoul, India",Preparing,2026-04-27,,1503.25
SHIP02956,SO02956,FedEx Freight,TRK-FED-39425360,"Guadalajara, Mexico","Stuttgart, Germany",In Transit,2026-04-22,,1407.13
SHIP02957,SO02957,Kuehne + Nagel,TRK-KUE-75758926,"Rotterdam, Netherlands","Stuttgart, United States",Delivered,2025-11-24,2025-11-24,738.29
SHIP02958,SO02958,UPS Supply Chain,TRK-UPS-14298409,"Osaka, Japan","Dallas, South Korea",Preparing,2025-10-07,,836.94
SHIP02959,SO02959,Maersk Logistics,TRK-MAE-33046753,"Tokyo, Japan","Stuttgart, Germany",Delayed,2026-01-11,,541.48
SHIP02960,SO02960,FedEx Freight,TRK-FED-61775587,"Rotterdam, Netherlands","Bengaluru, China",Delivered,2025-10-25,2025-10-24,1181.91
SHIP02961,SO02961,FedEx Freight,TRK-FED-89236480,"Guadalajara, Mexico","Shenzhen, United Kingdom",In Transit,2026-01-19,,1518.79
SHIP02962,SO02962,DHL Express,TRK-DHL-20261964,"Chicago, IL, USA","Bengaluru, Germany",Delivered,2026-01-07,2026-01-08,588.68
SHIP02963,SO02963,FedEx Freight,TRK-FED-23646895,"Los Angeles, CA, USA","Querétaro, China",Delivered,2026-05-06,2026-05-06,1331.5
SHIP02964,SO02964,DHL Express,TRK-DHL-17633842,"Yokohama, Japan","Hsinchu, United Kingdom",Delayed,2026-03-04,,446.62
SHIP02965,SO02965,Maersk Logistics,TRK-MAE-67702303,"Rotterdam, Netherlands","Dortmund, Germany",Preparing,2026-02-09,,1427.05
SHIP02966,SO02966,FedEx Freight,TRK-FED-77951109,"Rotterdam, Netherlands","Tokyo, South Korea",In Transit,2025-11-06,,855.5
SHIP02967,SO02967,DHL Express,TRK-DHL-79079705,"Seattle, WA, USA","Monterrey, China",In Transit,2025-09-09,,582.41
SHIP02968,SO02968,UPS Supply Chain,TRK-UPS-58718930,"Frankfurt, Germany","Incheon, China",Delivered,2025-12-16,2025-12-21,1240.99
SHIP02969,SO02969,FedEx Freight,TRK-FED-67529780,"Melbourne, Australia","Stuttgart, Japan",Delivered,2026-01-03,2026-01-08,1742.96
SHIP02970,SO02970,DB Schenker,TRK-DB -48244762,"Seattle, WA, USA","Chicago, Germany",Delivered,2026-06-13,2026-06-14,1591.22
SHIP02971,SO02971,DHL Express,TRK-DHL-59262202,"Monterrey, Mexico","Stuttgart, United States",Delivered,2025-10-24,2025-10-29,1762.33
SHIP02972,SO02972,DHL Express,TRK-DHL-33241740,"Yokohama, Japan","Dortmund, Taiwan",Preparing,2025-09-21,,1843.23
SHIP02973,SO02973,FedEx Freight,TRK-FED-66533619,"Osaka, Japan","Dallas, Japan",Delivered,2026-03-21,2026-03-20,1739.99
SHIP02974,SO02974,DB Schenker,TRK-DB -19399651,"Melbourne, Australia","Dallas, Germany",Delivered,2026-07-16,2026-07-18,1836.5
SHIP02975,SO02975,DB Schenker,TRK-DB -17701295,"Pune, India","Detroit, India",Preparing,2025-12-08,,1161.29
SHIP02976,SO02976,Kuehne + Nagel,TRK-KUE-73900074,"Rotterdam, Netherlands","Dortmund, India",In Transit,2026-01-22,,586.22
SHIP02977,SO02977,Kuehne + Nagel,TRK-KUE-58186921,"Shenzhen, China","Querétaro, South Korea",Delivered,2026-04-10,2026-04-10,215.89
SHIP02978,SO02978,Maersk Logistics,TRK-MAE-61732255,"Stuttgart, Germany","Munich, China",In Transit,2026-01-25,,185.74
SHIP02979,SO02979,Kuehne + Nagel,TRK-KUE-48674434,"Incheon, South Korea","Detroit, Taiwan",In Transit,2025-11-04,,1394.08
SHIP02980,SO02980,Maersk Logistics,TRK-MAE-45027117,"Tokyo, Japan","Hai Phong, Germany",Delivered,2026-01-11,2026-01-12,478.52
SHIP02981,SO02981,FedEx Freight,TRK-FED-51245121,"Rotterdam, Netherlands","Dortmund, Mexico",Delivered,2025-11-01,2025-11-02,737.44
SHIP02982,SO02982,Maersk Logistics,TRK-MAE-66767467,"Guadalajara, Mexico","Birmingham, United States",Delivered,2026-06-02,2026-06-01,954.27
SHIP02983,SO02983,FedEx Freight,TRK-FED-63209302,"Los Angeles, CA, USA","Dallas, United States",Delayed,2025-12-16,,108.34
SHIP02984,SO02984,DHL Express,TRK-DHL-64387744,"Munich, Germany","Detroit, China",Delivered,2026-03-29,2026-04-01,1787.57
SHIP02985,SO02985,FedEx Freight,TRK-FED-68440733,"Hamburg, Germany","Hsinchu, South Korea",Delayed,2026-03-03,,1431.84
SHIP02986,SO02986,Maersk Logistics,TRK-MAE-99707380,"Monterrey, Mexico","Bengaluru, Mexico",Delayed,2026-01-26,,396.32
SHIP02987,SO02987,DHL Express,TRK-DHL-33300086,"Taipei, Taiwan","Ningbo, United Kingdom",Preparing,2026-04-16,,364.09
SHIP02988,SO02988,Maersk Logistics,TRK-MAE-92493284,"Chicago, IL, USA","Dallas, Germany",Delivered,2025-11-15,2025-11-14,768.84
SHIP02989,SO02989,Kuehne + Nagel,TRK-KUE-82036476,"Pune, India","Tokyo, Canada",Delayed,2025-12-16,,363.33
SHIP02990,SO02990,Kuehne + Nagel,TRK-KUE-78772218,"Munich, Germany","Detroit, United States",Delivered,2026-07-10,2026-07-11,1245.11
SHIP02991,SO02991,DB Schenker,TRK-DB -69978611,"Guadalajara, Mexico","Chicago, Germany",Preparing,2026-02-16,,650.01
SHIP02992,SO02992,UPS Supply Chain,TRK-UPS-60757162,"Taipei, Taiwan","Hamilton, India",Delivered,2025-11-25,2025-11-24,682.72
SHIP02993,SO02993,Kuehne + Nagel,TRK-KUE-61993844,"Hamburg, Germany","Hamilton, South Korea",Delivered,2025-10-17,2025-10-22,1202.9
SHIP02994,SO02994,UPS Supply Chain,TRK-UPS-36034156,"Stuttgart, Germany","Hamilton, Canada",Delivered,2026-06-04,2026-06-04,1334.6
SHIP02995,SO02995,DHL Express,TRK-DHL-17355234,Singapore,"Stuttgart, South Korea",In Transit,2026-03-01,,768.66
SHIP02996,SO02996,UPS Supply Chain,TRK-UPS-69302268,"Seattle, WA, USA","Hamilton, Mexico",In Transit,2026-07-04,,543.72
SHIP02997,SO02997,DHL Express,TRK-DHL-59048326,"Frankfurt, Germany","Hsinchu, Canada",Delivered,2026-06-27,2026-06-28,1790.04
SHIP02998,SO02998,Kuehne + Nagel,TRK-KUE-39745051,"Taipei, Taiwan","Pune, Japan",Delivered,2026-05-19,2026-05-18,106.28
SHIP02999,SO02999,UPS Supply Chain,TRK-UPS-40263549,"London, UK","Hai Phong, China",Returned,2025-09-12,2025-09-19,74.86
SHIP03000,SO03000,UPS Supply Chain,TRK-UPS-67671560,Singapore,"Chicago, United States",Delivered,2026-03-25,2026-03-26,798.33
